ident;mo;dong;huong;lot;gia_mo;gia_dong;sl0;tp0;ket_qua;rui_ro_du_kien;rui_ro_pct;R;ly_do;comment
100001;2026.01.07 10:15:57;2026.01.07 10:26:28;BUY;0.23;4466.209;4462.173;4462.209;4474.209;-92.83;92.00;0.920;-1.009;SL;DH5|2|1
100003;2026.01.07 11:24:36;2026.01.07 11:45:03;SELL;0.19;4459.728;4450.290;4464.431;4450.322;179.32;89.36;0.902;2.007;TP;DH5|2|2
100005;2026.01.07 11:54:08;2026.01.07 11:59:41;BUY;0.23;4450.895;4446.879;4446.895;4458.895;-92.37;92.00;0.912;-1.004;SL;DH5|3|5
100007;2026.01.07 12:00:30;2026.01.07 12:08:33;BUY;0.23;4449.547;4445.530;4445.547;4457.547;-92.39;92.00;0.921;-1.004;SL;DH5|3|6
100009;2026.01.07 12:19:10;2026.01.07 12:25:29;BUY;0.23;4441.865;4444.155;4437.865;4449.865;52.67;92.00;0.929;0.572;SL;DH5|3|8
100011;2026.01.07 13:07:34;2026.01.07 13:08:36;BUY;0.21;4439.592;4434.178;4435.251;4448.274;-113.69;91.16;0.916;-1.247;SL;DH5|3|10
100013;2026.01.07 15:15:06;2026.01.07 15:29:32;BUY;0.14;4428.464;4441.676;4422.004;4441.384;184.97;90.44;0.919;2.045;TP;DH5|3|11
100015;2026.01.07 16:46:36;2026.01.07 17:50:35;SELL;0.18;4464.764;4454.631;4469.817;4454.658;182.39;90.95;0.907;2.005;TP;DH5|3|14
100017;2026.01.07 19:09:44;2026.01.07 19:31:30;SELL;0.17;4449.450;4454.995;4454.969;4438.412;-94.27;93.82;0.919;-1.005;SL;DH5|2|16
100019;2026.01.08 01:01:25;2026.01.08 01:05:38;BUY;0.23;4447.623;4455.734;4443.623;4455.623;186.55;92.00;0.910;2.028;TP;DH5|3|17
100021;2026.01.08 01:46:57;2026.01.08 02:04:30;BUY;0.21;4444.861;4444.589;4440.282;4454.019;-5.71;96.16;0.934;-0.059;SL;DH5|3|18
100023;2026.01.08 02:06:33;2026.01.08 02:19:28;BUY;0.2;4443.505;4443.392;4438.731;4453.053;-2.26;95.48;0.927;-0.024;SL;DH5|3|19
100025;2026.01.08 02:31:09;2026.01.08 02:33:38;BUY;0.22;4440.514;4436.056;4436.244;4449.054;-98.08;93.94;0.913;-1.044;SL;DH5|3|20
100027;2026.01.08 04:56:40;2026.01.08 05:05:27;BUY;0.23;4432.541;4428.541;4428.541;4440.541;-92.00;92.00;0.902;-1.000;SL;DH5|3|21
100029;2026.01.08 05:20:35;2026.01.08 05:30:33;BUY;0.23;4427.384;4423.363;4423.384;4435.384;-92.48;92.00;0.911;-1.005;SL;DH5|3|23
100031;2026.01.08 05:46:32;2026.01.08 06:04:31;BUY;0.15;4421.061;4420.986;4414.846;4433.491;-1.12;93.23;0.931;-0.012;SL;DH5|3|26
100033;2026.01.08 08:02:39;2026.01.08 08:11:23;SELL;0.17;4428.062;4433.481;4433.350;4417.486;-92.12;89.90;0.898;-1.025;SL;DH5|2|29
100035;2026.01.08 10:17:33;2026.01.08 10:33:46;SELL;0.2;4427.164;4431.687;4431.668;4418.156;-90.46;90.08;0.908;-1.004;SL;DH5|2|30
100037;2026.01.08 12:00:28;2026.01.08 12:06:43;SELL;0.19;4421.566;4416.943;4426.283;4412.132;87.84;89.62;0.912;0.980;SL;DH5|2|32
100039;2026.01.08 12:07:40;2026.01.08 12:09:31;SELL;0.23;4414.708;4418.913;4418.708;4406.708;-96.71;92.00;0.928;-1.051;SL;DH5|1|34
100041;2026.01.08 12:19:01;2026.01.08 12:22:23;SELL;0.22;4411.538;4415.652;4415.538;4403.538;-90.51;88.00;0.896;-1.029;SL;DH5|1|35
100043;2026.01.08 14:48:35;2026.01.08 15:05:05;SELL;0.16;4435.759;4435.907;4441.258;4424.761;-2.37;87.98;0.905;-0.027;SL;DH5|3|37
100045;2026.01.08 15:08:23;2026.01.08 15:09:39;SELL;0.15;4439.027;4444.920;4444.864;4427.353;-88.40;87.55;0.900;-1.010;SL;DH5|3|38
100047;2026.01.08 18:05:26;2026.01.08 18:34:25;SELL;0.2;4457.069;4453.968;4461.371;4448.465;62.02;86.04;0.893;0.721;SL;DH5|2|42
100049;2026.01.08 19:15:55;2026.01.08 19:35:31;SELL;0.15;4445.431;4451.548;4451.432;4433.429;-91.75;90.01;0.928;-1.019;SL;DH5|2|43
100051;2026.01.09 02:53:56;2026.01.09 05:27:30;SELL;0.16;4467.227;4463.797;4472.586;4456.509;54.88;85.74;0.893;0.640;SL;DH5|2|44
100053;2026.01.09 07:00:03;2026.01.09 07:24:30;BUY;0.22;4474.599;4470.529;4470.599;4482.599;-89.54;88.00;0.911;-1.017;SL;DH5|1|47
100055;2026.01.09 08:06:32;2026.01.09 08:35:32;BUY;0.19;4474.283;4469.735;4469.747;4483.355;-86.41;86.18;0.900;-1.003;SL;DH5|2|49
100057;2026.01.09 11:00:39;2026.01.09 11:09:31;BUY;0.19;4474.806;4470.238;4470.250;4483.918;-86.79;86.56;0.913;-1.003;SL;DH5|2|51
100059;2026.01.09 11:46:34;2026.01.09 11:50:28;SELL;0.21;4468.925;4472.972;4472.925;4460.925;-84.99;84.00;0.894;-1.012;SL;DH5|2|52
100061;2026.01.09 12:01:29;2026.01.09 12:26:28;SELL;0.21;4477.536;4469.399;4481.536;4469.536;170.88;84.00;0.902;2.034;TP;DH5|3|53
100063;2026.01.09 12:33:56;2026.01.09 13:00:37;BUY;0.22;4464.424;4464.253;4460.424;4472.424;-3.76;88.00;0.928;-0.043;SL;DH5|3|55
100065;2026.01.09 13:37:27;2026.01.09 13:41:41;BUY;0.13;4484.581;4484.497;4477.902;4497.939;-1.09;86.83;0.916;-0.013;SL;DH5|1|57
100067;2026.01.09 13:42:33;2026.01.09 13:48:33;BUY;0.14;4488.444;4482.318;4482.385;4500.562;-85.76;84.83;0.895;-1.011;SL;DH5|1|58
100069;2026.01.09 14:15:06;2026.01.09 14:18:34;BUY;0.12;4491.004;4483.821;4484.027;4504.958;-86.20;83.72;0.891;-1.030;SL;DH5|1|59
100071;2026.01.09 14:36:55;2026.01.09 14:50:32;SELL;0.12;4495.427;4480.409;4502.811;4480.659;180.22;88.61;0.952;2.034;TP;DH5|3|60
100073;2026.01.09 15:04:24;2026.01.09 15:21:34;SELL;0.13;4496.177;4502.811;4502.654;4483.223;-86.24;84.20;0.887;-1.024;SL;DH5|3|61
100075;2026.01.09 15:49:40;2026.01.09 16:11:31;BUY;0.13;4511.044;4504.130;4504.411;4524.310;-89.88;86.23;0.917;-1.042;SL;DH5|1|62
100077;2026.01.09 17:17:33;2026.01.09 17:23:30;BUY;0.21;4506.721;4502.609;4502.629;4514.905;-86.35;85.93;0.923;-1.005;SL;DH5|1|63
100079;2026.01.09 19:00:33;2026.01.09 20:13:35;BUY;0.18;4497.250;4506.456;4492.688;4506.374;165.71;82.12;0.890;2.018;TP;DH5|1|64
100081;2026.01.12 01:00:07;2026.01.12 01:00:46;BUY;0.12;4591.862;4584.509;4584.511;4606.564;-88.24;88.21;0.939;-1.000;SL;DH5|1|65
100083;2026.01.12 03:05:21;2026.01.12 03:44:03;BUY;0.18;4577.430;4572.714;4572.715;4586.860;-84.89;84.87;0.912;-1.000;SL;DH5|1|66
100085;2026.01.12 05:13:24;2026.01.12 05:41:38;BUY;0.19;4571.025;4579.779;4566.660;4579.755;166.33;82.94;0.900;2.005;TP;DH5|2|67
100087;2026.01.12 05:47:23;2026.01.12 05:55:30;BUY;0.21;4583.695;4579.661;4579.695;4591.695;-84.71;84.00;0.895;-1.008;SL;DH5|1|69
100089;2026.01.12 06:53:52;2026.01.12 07:28:40;BUY;0.15;4579.579;4579.486;4573.790;4591.157;-1.39;86.83;0.934;-0.016;SL;DH5|2|71
100091;2026.01.12 08:01:27;2026.01.12 08:10:11;BUY;0.21;4587.520;4583.249;4583.520;4595.520;-89.69;84.00;0.903;-1.068;SL;DH5|1|73
100093;2026.01.12 08:56:35;2026.01.12 09:49:31;BUY;0.21;4595.927;4591.883;4591.927;4603.927;-84.92;84.00;0.912;-1.011;SL;DH5|1|74
100095;2026.01.12 09:50:36;2026.01.12 11:39:38;SELL;0.15;4590.228;4590.310;4595.932;4578.820;-1.23;85.56;0.938;-0.014;SL;DH5|2|76
100097;2026.01.12 13:10:29;2026.01.12 13:14:44;BUY;0.21;4602.175;4605.125;4598.175;4610.175;61.95;84.00;0.921;0.737;SL;DH5|1|79
100099;2026.01.12 13:22:29;2026.01.12 13:41:29;BUY;0.21;4608.052;4607.944;4604.052;4616.052;-2.27;84.00;0.915;-0.027;SL;DH5|1|80
100101;2026.01.12 13:43:25;2026.01.12 13:50:33;BUY;0.21;4608.101;4616.234;4604.101;4616.101;170.79;84.00;0.915;2.033;TP;DH5|1|82
100103;2026.01.12 14:01:37;2026.01.12 14:02:23;BUY;0.19;4614.613;4610.010;4610.051;4623.737;-87.46;86.68;0.927;-1.009;SL;DH5|1|83
100105;2026.01.12 15:26:58;2026.01.12 15:37:20;SELL;0.11;4619.559;4627.586;4627.430;4603.817;-88.30;86.58;0.934;-1.020;SL;DH5|3|84
100107;2026.01.12 15:49:30;2026.01.12 16:26:09;BUY;0.13;4621.738;4621.677;4615.159;4634.896;-0.79;85.53;0.932;-0.009;SL;DH5|1|85
100109;2026.01.12 17:36:25;2026.01.12 18:00:02;BUY;0.21;4612.844;4616.184;4608.844;4620.844;70.14;84.00;0.915;0.835;SL;DH5|1|86
100111;2026.01.12 19:35:41;2026.01.12 19:49:42;BUY;0.21;4617.188;4613.184;4613.188;4625.188;-84.08;84.00;0.908;-1.001;SL;DH5|1|87
100113;2026.01.13 01:32:39;2026.01.13 01:42:12;BUY;0.18;4578.631;4582.283;4574.078;4587.737;65.74;81.95;0.894;0.802;SL;DH5|3|89
100115;2026.01.13 04:19:31;2026.01.13 04:35:28;BUY;0.21;4599.267;4595.265;4595.267;4607.267;-84.04;84.00;0.910;-1.000;SL;DH5|2|90
100117;2026.01.13 05:05:35;2026.01.13 05:24:29;SELL;0.18;4592.889;4597.648;4597.602;4583.463;-85.66;84.83;0.928;-1.010;SL;DH5|2|91
100119;2026.01.13 05:30:22;2026.01.13 05:31:38;SELL;0.21;4599.514;4591.236;4603.514;4591.514;173.84;84.00;0.927;2.070;TP;DH5|3|92
100121;2026.01.13 06:34:35;2026.01.13 06:36:35;BUY;0.21;4582.377;4578.259;4578.377;4590.377;-86.48;84.00;0.910;-1.030;SL;DH5|3|93
100123;2026.01.13 07:30:36;2026.01.13 07:44:40;BUY;0.14;4585.874;4579.830;4579.869;4597.884;-84.62;84.07;0.919;-1.006;SL;DH5|2|95
100125;2026.01.13 12:24:11;2026.01.13 12:48:34;BUY;0.21;4580.750;4588.788;4576.750;4588.750;168.80;84.00;0.927;2.010;TP;DH5|3|98
100127;2026.01.13 13:03:29;2026.01.13 13:08:34;SELL;0.2;4593.134;4597.354;4597.305;4584.792;-84.40;83.42;0.904;-1.012;SL;DH5|3|99
100129;2026.01.13 13:14:36;2026.01.13 13:30:26;SELL;0.17;4601.975;4607.798;4606.957;4592.011;-98.99;84.69;0.926;-1.169;SL;DH5|3|100
100131;2026.01.13 13:49:27;2026.01.13 13:54:43;BUY;0.17;4617.545;4612.501;4612.573;4627.489;-85.75;84.52;0.934;-1.014;SL;DH5|1|101
100133;2026.01.13 14:31:35;2026.01.13 14:32:31;BUY;0.13;4619.901;4613.597;4613.665;4632.373;-81.95;81.07;0.905;-1.011;SL;DH5|1|102
100135;2026.01.13 17:31:01;2026.01.13 17:31:37;BUY;0.17;4610.284;4605.529;4605.529;4619.794;-80.83;80.83;0.910;-1.000;SL;DH5|1|104
100137;2026.01.14 01:00:39;2026.01.14 02:09:31;BUY;0.16;4611.421;4615.498;4606.462;4621.339;65.23;79.34;0.902;0.822;SL;DH5|2|107
100139;2026.01.14 02:33:29;2026.01.14 03:31:37;SELL;0.2;4620.550;4617.737;4624.550;4612.550;56.26;80.00;0.903;0.703;SL;DH5|3|110
100141;2026.01.14 03:40:26;2026.01.14 03:54:34;SELL;0.2;4623.278;4627.299;4627.278;4615.278;-80.42;80.00;0.897;-1.005;SL;DH5|3|115
100143;2026.01.14 04:52:39;2026.01.14 05:02:37;BUY;0.2;4630.486;4638.557;4626.486;4638.486;161.42;80.00;0.905;2.018;TP;DH5|2|118
100145;2026.01.14 05:07:34;2026.01.14 05:18:39;BUY;0.2;4636.866;4632.838;4632.866;4644.866;-80.56;80.00;0.889;-1.007;SL;DH5|1|120
100147;2026.01.14 05:36:32;2026.01.14 05:55:27;BUY;0.2;4636.971;4632.810;4632.971;4644.971;-83.22;80.00;0.897;-1.040;SL;DH5|1|121
100149;2026.01.14 07:01:37;2026.01.14 07:32:30;BUY;0.17;4634.464;4634.351;4629.729;4643.934;-1.92;80.49;0.911;-0.024;SL;DH5|1|122
100151;2026.01.14 08:00:37;2026.01.14 08:23:36;SELL;0.17;4631.599;4628.137;4636.282;4622.233;58.85;79.61;0.901;0.739;SL;DH5|2|124
100153;2026.01.14 09:24:36;2026.01.14 09:35:02;BUY;0.2;4637.527;4633.519;4633.527;4645.527;-80.16;80.00;0.900;-1.002;SL;DH5|1|125
100155;2026.01.14 10:49:03;2026.01.14 10:58:13;BUY;0.2;4635.360;4631.315;4631.360;4643.360;-80.90;80.00;0.908;-1.011;SL;DH5|1|127
100157;2026.01.14 11:29:30;2026.01.14 12:00:38;SELL;0.17;4629.588;4634.490;4634.360;4620.044;-83.33;81.12;0.929;-1.027;SL;DH5|2|128
100159;2026.01.14 12:37:02;2026.01.14 13:00:32;BUY;0.2;4636.127;4636.007;4632.127;4644.127;-2.40;80.00;0.925;-0.030;SL;DH5|1|129
100161;2026.01.14 13:01:31;2026.01.14 13:04:02;BUY;0.2;4637.401;4633.346;4633.401;4645.401;-81.10;80.00;0.925;-1.014;SL;DH5|1|131
100163;2026.01.14 13:05:28;2026.01.14 13:24:32;SELL;0.1;4635.081;4635.153;4642.762;4619.719;-0.72;76.81;0.897;-0.009;SL;DH5|3|132
100165;2026.01.14 14:39:02;2026.01.14 14:39:30;BUY;0.17;4624.871;4620.136;4620.243;4634.127;-80.49;78.68;0.919;-1.023;SL;DH5|3|135
100167;2026.01.14 15:06:28;2026.01.14 15:09:08;BUY;0.12;4607.918;4601.339;4601.497;4620.760;-78.95;77.05;0.908;-1.025;SL;DH5|3|136
100169;2026.01.15 01:01:37;2026.01.15 01:09:31;SELL;0.14;4609.351;4614.712;4614.683;4598.687;-75.05;74.65;0.888;-1.005;SL;DH5|2|139
100171;2026.01.15 05:15:59;2026.01.15 05:29:24;SELL;0.11;4585.330;4592.282;4592.218;4571.554;-76.47;75.77;0.910;-1.009;SL;DH5|2|143
100173;2026.01.15 06:57:40;2026.01.15 07:50:20;SELL;0.18;4609.810;4601.370;4613.992;4601.446;151.92;75.28;0.912;2.018;TP;DH5|3|144
100175;2026.01.15 09:38:33;2026.01.15 11:35:32;BUY;0.13;4610.094;4621.980;4604.157;4621.968;154.52;77.18;0.918;2.002;TP;DH5|2|146
100177;2026.01.15 11:36:07;2026.01.15 12:25:33;SELL;0.19;4621.344;4618.493;4625.344;4613.344;54.17;76.00;0.888;0.713;SL;DH5|3|154
100179;2026.01.15 12:54:37;2026.01.15 13:19:47;SELL;0.2;4612.851;4604.842;4616.851;4604.851;160.18;80.00;0.929;2.002;TP;DH5|2|155
100181;2026.01.15 13:50:33;2026.01.15 13:56:30;BUY;0.17;4591.268;4586.275;4586.489;4600.826;-84.88;81.24;0.926;-1.045;SL;DH5|3|157
100183;2026.01.15 13:57:45;2026.01.15 14:19:46;BUY;0.14;4588.974;4600.698;4583.120;4600.682;164.14;81.96;0.943;2.003;TP;DH5|3|158
100185;2026.01.15 16:22:29;2026.01.15 16:36:38;SELL;0.18;4618.372;4609.180;4622.958;4609.200;165.46;82.55;0.932;2.004;TP;DH5|3|159
100187;2026.01.15 19:55:40;2026.01.15 20:09:34;SELL;0.2;4614.863;4606.670;4618.863;4606.863;163.86;80.00;0.887;2.048;TP;DH5|2|160
100189;2026.01.16 01:06:29;2026.01.16 01:27:37;BUY;0.21;4598.986;4607.023;4594.986;4606.986;168.78;84.00;0.915;2.009;TP;DH5|3|161
100191;2026.01.16 02:36:10;2026.01.16 02:54:27;BUY;0.21;4594.341;4594.315;4590.341;4602.341;-0.55;84.00;0.898;-0.006;SL;DH5|3|162
100193;2026.01.16 12:53:27;2026.01.16 13:00:37;BUY;0.21;4599.241;4598.857;4595.241;4607.241;-8.06;84.00;0.898;-0.096;SL;DH5|3|165
100195;2026.01.16 15:10:38;2026.01.16 15:19:18;SELL;0.14;4615.676;4615.953;4621.666;4603.696;-3.88;83.86;0.898;-0.046;SL;DH5|3|167
100197;2026.01.16 15:26:57;2026.01.16 15:28:29;BUY;0.13;4584.648;4577.444;4578.085;4597.774;-93.65;85.32;0.914;-1.098;SL;DH5|3|169
100199;2026.01.19 04:57:45;2026.01.19 05:33:10;BUY;0.21;4664.533;4672.542;4660.533;4672.533;168.19;84.00;0.909;2.002;TP;DH5|1|172
100201;2026.01.19 05:35:31;2026.01.19 05:40:00;BUY;0.21;4671.290;4667.202;4667.290;4679.290;-85.85;84.00;0.892;-1.022;SL;DH5|1|177
100203;2026.01.19 06:32:02;2026.01.19 07:10:32;BUY;0.19;4673.176;4673.168;4668.795;4681.938;-0.15;83.24;0.892;-0.002;SL;DH5|2|178
100205;2026.01.19 08:06:58;2026.01.19 08:50:38;BUY;0.17;4670.564;4665.354;4665.407;4680.878;-88.57;87.67;0.940;-1.010;SL;DH5|2|183
100207;2026.01.19 10:15:02;2026.01.19 10:20:33;BUY;0.21;4671.035;4666.992;4667.035;4679.035;-84.90;84.00;0.909;-1.011;SL;DH5|2|186
100209;2026.01.19 10:44:55;2026.01.19 11:03:32;BUY;0.21;4662.226;4662.097;4658.226;4670.226;-2.71;84.00;0.918;-0.032;SL;DH5|3|187
100211;2026.01.19 11:41:26;2026.01.19 11:44:29;SELL;0.21;4661.324;4665.338;4665.324;4653.324;-84.29;84.00;0.918;-1.004;SL;DH5|2|188
100213;2026.01.19 11:56:29;2026.01.19 12:16:33;BUY;0.21;4661.587;4669.668;4657.587;4669.587;169.70;84.00;0.926;2.020;TP;DH5|3|190
100215;2026.01.19 12:34:36;2026.01.19 12:59:32;SELL;0.21;4672.680;4672.714;4676.680;4664.680;-0.71;84.00;0.909;-0.008;SL;DH5|3|192
100217;2026.01.19 13:42:41;2026.01.19 15:47:37;SELL;0.17;4666.530;4671.509;4671.419;4656.752;-84.64;83.11;0.900;-1.018;SL;DH5|2|195
100219;2026.01.19 16:04:31;2026.01.19 18:33:32;BUY;0.21;4673.105;4676.443;4669.105;4681.105;70.10;84.00;0.918;0.834;SL;DH5|1|200
100221;2026.01.19 19:00:38;2026.01.19 19:29:31;SELL;0.21;4674.960;4671.653;4678.960;4666.960;69.45;84.00;0.911;0.827;SL;DH5|2|203
100223;2026.01.20 01:05:32;2026.01.20 01:56:27;BUY;0.15;4669.382;4669.062;4663.808;4680.530;-4.80;83.61;0.900;-0.057;SL;DH5|2|204
100225;2026.01.20 03:50:30;2026.01.20 04:28:30;BUY;0.21;4678.373;4686.608;4674.373;4686.373;172.93;84.00;0.905;2.059;TP;DH5|1|206
100227;2026.01.20 04:31:36;2026.01.20 04:44:30;BUY;0.21;4686.277;4689.318;4682.277;4694.277;63.86;84.00;0.888;0.760;SL;DH5|1|210
100229;2026.01.20 04:46:24;2026.01.20 05:05:32;BUY;0.22;4689.777;4698.207;4685.777;4697.777;185.46;88.00;0.924;2.108;TP;DH5|1|212
100231;2026.01.20 05:05:32;2026.01.20 05:42:04;BUY;0.21;4698.367;4701.356;4694.168;4706.765;62.77;88.18;0.908;0.712;SL;DH5|1|214
100233;2026.01.20 05:43:25;2026.01.20 05:55:28;BUY;0.22;4703.974;4712.057;4699.974;4711.974;177.83;88.00;0.901;2.021;TP;DH5|1|218
100235;2026.01.20 06:02:24;2026.01.20 06:09:45;BUY;0.23;4709.788;4712.601;4705.788;4717.788;64.70;92.00;0.925;0.703;SL;DH5|1|219
100237;2026.01.20 06:12:00;2026.01.20 06:24:37;BUY;0.22;4714.000;4709.612;4709.804;4722.392;-96.54;92.31;0.922;-1.046;SL;DH5|1|220
100239;2026.01.20 07:13:27;2026.01.20 07:24:37;SELL;0.23;4716.478;4720.692;4720.478;4708.478;-96.92;92.00;0.928;-1.053;SL;DH5|3|221
100241;2026.01.20 07:27:31;2026.01.20 07:58:35;BUY;0.16;4721.543;4715.713;4715.738;4733.153;-93.28;92.88;0.946;-1.004;SL;DH5|1|222
100243;2026.01.20 08:08:51;2026.01.20 08:29:40;BUY;0.15;4724.214;4718.374;4718.386;4735.870;-87.60;87.42;0.899;-1.002;SL;DH5|2|225
100245;2026.01.20 09:04:10;2026.01.20 09:14:22;BUY;0.22;4729.294;4725.163;4725.294;4737.294;-90.88;88.00;0.913;-1.033;SL;DH5|1|226
100247;2026.01.20 10:23:30;2026.01.20 10:30:02;BUY;0.22;4731.695;4727.695;4727.695;4739.695;-88.00;88.00;0.922;-1.000;SL;DH5|1|228
100249;2026.01.20 12:01:35;2026.01.20 12:26:29;BUY;0.22;4731.828;4727.794;4727.828;4739.828;-88.75;88.00;0.930;-1.009;SL;DH5|1|230
100251;2026.01.20 13:59:58;2026.01.20 14:00:32;SELL;0.19;4737.101;4741.681;4741.604;4728.095;-87.02;85.56;0.913;-1.017;SL;DH5|3|231
100253;2026.01.20 16:30:35;2026.01.20 17:01:29;BUY;0.1;4742.314;4749.425;4734.171;4758.600;71.11;81.43;0.877;0.873;SL;DH5|1|234
100255;2026.01.20 17:46:30;2026.01.20 17:57:33;BUY;0.21;4754.123;4762.244;4750.123;4762.123;170.54;84.00;0.898;2.030;TP;DH5|1|236
100257;2026.01.20 18:06:24;2026.01.20 18:26:23;BUY;0.22;4761.530;4761.508;4757.530;4769.530;-0.48;88.00;0.924;-0.005;SL;DH5|1|237
100259;2026.01.21 01:01:36;2026.01.21 01:04:37;BUY;0.22;4786.771;4794.840;4782.771;4794.771;177.52;88.00;0.924;2.017;TP;DH5|1|239
100261;2026.01.21 01:10:34;2026.01.21 01:14:29;BUY;0.17;4798.907;4809.613;4793.557;4809.607;182.00;90.95;0.937;2.001;TP;DH5|1|241
100263;2026.01.21 01:18:34;2026.01.21 01:22:34;BUY;0.21;4808.141;4811.382;4803.748;4816.927;68.06;92.25;0.933;0.738;SL;DH5|1|242
100265;2026.01.21 01:23:34;2026.01.21 01:27:37;BUY;0.19;4812.825;4822.553;4808.144;4822.187;184.83;88.94;0.894;2.078;TP;DH5|1|243
100267;2026.01.21 01:41:32;2026.01.21 01:51:37;BUY;0.14;4817.629;4831.724;4810.730;4831.427;197.33;96.59;0.953;2.043;TP;DH5|1|244
100269;2026.01.21 02:00:03;2026.01.21 02:12:20;BUY;0.11;4836.329;4827.829;4828.006;4852.975;-93.50;91.55;0.886;-1.021;SL;DH5|1|245
100271;2026.01.21 03:05:07;2026.01.21 03:15:29;SELL;0.14;4843.626;4830.328;4850.237;4830.404;186.17;92.55;0.904;2.011;TP;DH5|3|246
100273;2026.01.21 04:18:50;2026.01.21 04:53:43;BUY;0.11;4849.244;4866.833;4840.534;4866.664;193.48;95.81;0.919;2.019;TP;DH5|2|247
100275;2026.01.21 04:57:28;2026.01.21 05:02:29;BUY;0.24;4866.289;4861.885;4862.210;4874.447;-105.70;97.90;0.922;-1.080;SL;DH5|1|249
100277;2026.01.21 05:27:43;2026.01.21 05:34:29;BUY;0.21;4865.226;4874.512;4860.706;4874.266;195.01;94.92;0.903;2.054;TP;DH5|1|250
100279;2026.01.21 05:42:40;2026.01.21 05:55:38;BUY;0.2;4871.468;4871.368;4866.413;4881.578;-2.00;101.10;0.944;-0.020;SL;DH5|1|251
100281;2026.01.21 06:23:09;2026.01.21 06:25:25;SELL;0.2;4877.483;4882.526;4882.454;4867.541;-100.86;99.42;0.928;-1.014;SL;DH5|3|252
100283;2026.01.21 06:31:30;2026.01.21 06:35:26;BUY;0.18;4885.567;4879.962;4880.165;4896.371;-100.89;97.24;0.917;-1.038;SL;DH5|1|253
100285;2026.01.21 06:35:26;2026.01.21 06:39:34;SELL;0.17;4879.931;4868.696;4885.489;4868.815;191.00;94.49;0.899;2.021;TP;DH5|3|254
100287;2026.01.21 08:11:40;2026.01.21 08:32:36;BUY;0.16;4858.630;4863.596;4852.527;4870.836;79.46;97.65;0.913;0.814;SL;DH5|1|255
100289;2026.01.21 08:35:04;2026.01.21 08:49:18;BUY;0.2;4863.500;4858.442;4858.447;4873.606;-101.16;101.06;0.938;-1.001;SL;DH5|1|256
100291;2026.01.21 13:39:14;2026.01.21 13:53:35;SELL;0.22;4876.804;4876.809;4881.268;4867.876;-0.11;98.21;0.920;-0.001;SL;DH5|3|262
100293;2026.01.21 14:03:39;2026.01.21 14:04:02;BUY;0.21;4873.155;4866.927;4868.429;4882.607;-130.79;99.25;0.930;-1.318;SL;DH5|1|264
100295;2026.01.21 14:16:29;2026.01.21 14:33:30;BUY;0.07;4853.825;4853.718;4840.592;4880.291;-0.75;92.63;0.878;-0.008;SL;DH5|3|265
100297;2026.01.22 04:06:28;2026.01.22 05:51:38;BUY;0.13;4799.335;4814.637;4791.743;4814.519;198.93;98.70;0.936;2.016;TP;DH5|2|268
100299;2026.01.22 07:02:41;2026.01.22 08:09:29;BUY;0.14;4829.926;4829.751;4822.790;4844.198;-2.45;99.90;0.930;-0.025;SL;DH5|2|273
100301;2026.01.22 08:09:55;2026.01.22 08:52:20;SELL;0.18;4829.530;4829.552;4835.151;4818.288;-0.40;101.18;0.942;-0.004;SL;DH5|2|276
100303;2026.01.22 09:18:27;2026.01.22 09:24:29;BUY;0.24;4833.203;4829.167;4829.203;4841.203;-96.86;96.00;0.894;-1.009;SL;DH5|1|277
100305;2026.01.22 10:18:51;2026.01.22 12:00:29;BUY;0.12;4827.441;4827.403;4819.471;4843.381;-0.46;95.64;0.898;-0.005;SL;DH5|2|278
100307;2026.01.22 16:10:30;2026.01.22 16:55:33;BUY;0.14;4874.010;4878.174;4866.953;4888.124;58.30;98.80;0.928;0.590;SL;DH5|1|282
100309;2026.01.22 16:58:29;2026.01.22 17:08:25;BUY;0.21;4876.497;4879.631;4871.714;4886.063;65.81;100.44;0.938;0.655;SL;DH5|1|286
100311;2026.01.22 17:23:32;2026.01.22 17:27:37;SELL;0.18;4887.895;4893.587;4893.429;4876.827;-102.46;99.61;0.925;-1.029;SL;DH5|3|287
100313;2026.01.22 18:16:11;2026.01.22 19:07:35;BUY;0.15;4910.542;4923.465;4904.106;4923.414;193.84;96.54;0.905;2.008;TP;DH5|1|288
100315;2026.01.23 01:00:33;2026.01.23 01:01:35;SELL;0.17;4962.948;4951.443;4968.690;4951.464;195.59;97.61;0.899;2.004;TP;DH5|3|290
100317;2026.01.23 03:16:53;2026.01.23 03:30:39;SELL;0.14;4951.171;4946.000;4958.403;4936.707;72.39;101.25;0.916;0.715;SL;DH5|2|292
100319;2026.01.23 04:22:05;2026.01.23 05:30:33;BUY;0.24;4951.944;4960.673;4947.672;4960.488;209.50;102.53;0.921;2.043;TP;DH5|1|293
100321;2026.01.23 05:36:24;2026.01.23 05:48:30;BUY;0.26;4958.453;4966.543;4954.453;4966.453;210.34;104.00;0.917;2.022;TP;DH5|1|299
100323;2026.01.23 05:55:26;2026.01.23 05:58:38;BUY;0.26;4964.406;4960.357;4960.406;4972.406;-105.27;104.00;0.901;-1.012;SL;DH5|1|300
100325;2026.01.23 07:50:34;2026.01.23 07:57:43;BUY;0.26;4946.014;4945.716;4942.014;4954.014;-7.75;104.00;0.909;-0.074;SL;DH5|3|302
100327;2026.01.23 08:15:36;2026.01.23 08:18:33;BUY;0.25;4942.138;4937.726;4937.903;4950.608;-110.30;105.87;0.926;-1.042;SL;DH5|3|304
100329;2026.01.23 08:36:30;2026.01.23 08:52:40;BUY;0.14;4920.948;4913.395;4913.560;4935.724;-105.74;103.43;0.913;-1.022;SL;DH5|3|305
100331;2026.01.23 10:35:35;2026.01.23 11:01:26;BUY;0.23;4927.870;4923.279;4923.313;4936.984;-105.59;104.81;0.934;-1.007;SL;DH5|1|307
100333;2026.01.23 12:51:59;2026.01.23 13:01:39;BUY;0.14;4941.905;4934.534;4934.645;4956.425;-103.19;101.64;0.915;-1.015;SL;DH5|2|309
100335;2026.01.23 13:02:24;2026.01.23 13:06:34;BUY;0.24;4937.066;4945.538;4932.898;4945.402;203.33;100.03;0.909;2.033;TP;DH5|1|311
100337;2026.01.23 13:13:34;2026.01.23 13:15:44;BUY;0.22;4940.674;4935.827;4935.909;4950.204;-106.63;104.83;0.935;-1.017;SL;DH5|1|312
100339;2026.01.23 14:25:32;2026.01.23 14:30:32;BUY;0.18;4942.457;4935.447;4936.736;4953.899;-126.18;102.98;0.927;-1.225;SL;DH5|1|313
100341;2026.01.23 14:38:55;2026.01.23 14:47:29;SELL;0.18;4947.158;4952.683;4952.646;4936.182;-99.45;98.78;0.900;-1.007;SL;DH5|3|314
100343;2026.01.23 14:56:38;2026.01.23 14:58:36;BUY;0.19;4952.386;4947.107;4947.146;4962.866;-100.30;99.56;0.915;-1.007;SL;DH5|1|316
100345;2026.01.23 15:50:31;2026.01.23 16:02:34;SELL;0.12;4956.079;4964.757;4964.706;4938.825;-104.14;103.52;0.960;-1.006;SL;DH5|3|317
100347;2026.01.23 16:15:30;2026.01.23 16:31:36;BUY;0.15;4974.786;4987.749;4968.312;4987.734;194.44;97.11;0.910;2.002;TP;DH5|1|318
100349;2026.01.23 16:34:38;2026.01.23 16:45:29;BUY;0.17;4982.497;4976.231;4976.499;4994.493;-106.52;101.97;0.938;-1.045;SL;DH5|1|319
100351;2026.01.23 19:46:56;2026.01.23 20:00:29;BUY;0.13;4981.340;4981.287;4973.422;4997.176;-0.69;102.93;0.956;-0.007;SL;DH5|2|321
100353;2026.01.26 01:26:33;2026.01.26 01:34:29;BUY;0.17;5069.207;5081.126;5063.249;5081.123;202.62;101.29;0.941;2.001;TP;DH5|1|323
100355;2026.01.26 01:41:31;2026.01.26 01:51:27;BUY;0.14;5077.698;5070.092;5070.207;5092.680;-106.48;104.87;0.956;-1.015;SL;DH5|1|324
100357;2026.01.26 02:28:31;2026.01.26 03:07:04;SELL;0.12;5084.998;5085.259;5093.702;5067.590;-3.13;104.45;0.962;-0.030;SL;DH5|3|325
100359;2026.01.26 06:50:43;2026.01.26 06:53:34;BUY;0.13;5109.243;5101.469;5101.584;5124.561;-101.06;99.57;0.917;-1.015;SL;DH5|1|330
100361;2026.01.26 08:00:34;2026.01.26 08:07:11;BUY;0.17;5090.445;5090.405;5084.694;5101.947;-0.68;97.77;0.909;-0.007;SL;DH5|1|331
100363;2026.01.26 08:07:36;2026.01.26 08:41:35;BUY;0.18;5092.182;5091.747;5086.578;5103.390;-7.83;100.87;0.938;-0.078;SL;DH5|1|332
100365;2026.01.26 10:56:30;2026.01.26 11:13:19;BUY;0.21;5092.129;5087.506;5087.522;5101.343;-97.08;96.75;0.900;-1.003;SL;DH5|1|333
100367;2026.01.26 11:18:52;2026.01.26 11:38:32;SELL;0.09;5080.513;5090.992;5090.931;5059.677;-94.31;93.76;0.880;-1.006;SL;DH5|2|334
100369;2026.01.26 12:20:31;2026.01.26 12:26:35;BUY;0.22;5089.847;5092.410;5085.513;5098.515;56.39;95.35;0.903;0.591;SL;DH5|1|335
100371;2026.01.26 12:29:40;2026.01.26 12:31:30;BUY;0.24;5090.275;5086.136;5086.220;5098.385;-99.34;97.32;0.917;-1.021;SL;DH5|1|337
100373;2026.01.26 14:44:31;2026.01.26 14:57:31;BUY;0.14;5081.975;5095.868;5075.037;5095.851;194.50;97.13;0.924;2.002;TP;DH5|1|338
100375;2026.01.26 15:02:31;2026.01.26 15:16:37;BUY;0.14;5090.285;5090.191;5083.429;5103.997;-1.32;95.98;0.896;-0.014;SL;DH5|1|339
100377;2026.01.26 15:17:28;2026.01.26 15:20:22;BUY;0.15;5092.525;5085.683;5085.836;5105.903;-102.63;100.34;0.937;-1.023;SL;DH5|1|340
100379;2026.01.26 16:11:37;2026.01.26 16:28:28;SELL;0.1;5096.524;5075.018;5106.527;5076.518;215.06;100.03;0.943;2.150;TP;DH5|3|341
100381;2026.01.26 17:36:27;2026.01.26 18:07:30;BUY;0.09;5090.646;5090.480;5079.140;5113.658;-1.49;103.55;0.957;-0.014;SL;DH5|1|342
100383;2026.01.26 19:23:22;2026.01.26 19:41:28;BUY;0.09;5030.360;5030.155;5019.053;5052.974;-1.84;101.76;0.941;-0.018;SL;DH5|3|345
100385;2026.01.26 19:48:20;2026.01.26 19:48:35;BUY;0.08;5021.754;5008.526;5008.830;5047.602;-105.82;103.39;0.956;-1.024;SL;DH5|3|347
100387;2026.01.27 05:48:14;2026.01.27 05:50:34;SELL;0.2;5079.444;5084.424;5084.387;5069.558;-99.60;98.86;0.923;-1.007;SL;DH5|3|349
100389;2026.01.27 06:27:38;2026.01.27 06:31:07;BUY;0.19;5084.160;5079.011;5079.078;5094.324;-97.83;96.56;0.910;-1.013;SL;DH5|1|352
100391;2026.01.27 07:31:59;2026.01.27 07:38:25;SELL;0.18;5093.395;5098.770;5098.633;5082.919;-96.75;94.28;0.897;-1.026;SL;DH5|3|355
100393;2026.01.27 07:40:41;2026.01.27 07:47:29;BUY;0.17;5097.311;5091.447;5091.799;5108.335;-99.69;93.70;0.900;-1.064;SL;DH5|1|358
100395;2026.01.27 09:56:40;2026.01.27 10:05:32;BUY;0.23;5093.981;5093.980;5089.981;5101.981;-0.02;92.00;0.892;-0.000;SL;DH5|1|359
100397;2026.01.27 11:47:24;2026.01.27 11:51:02;SELL;0.2;5082.906;5073.312;5087.678;5073.362;191.88;95.44;0.925;2.010;TP;DH5|2|361
100399;2026.01.27 11:51:06;2026.01.27 11:51:33;BUY;0.24;5074.878;5070.863;5070.878;5082.878;-96.36;96.00;0.914;-1.004;SL;DH5|3|362
100401;2026.01.27 12:55:44;2026.01.27 13:05:39;BUY;0.19;5084.893;5084.792;5079.774;5095.131;-1.92;97.26;0.934;-0.020;SL;DH5|1|363
100403;2026.01.27 13:07:30;2026.01.27 13:10:05;BUY;0.2;5086.669;5081.863;5081.937;5096.133;-96.12;94.64;0.909;-1.016;SL;DH5|1|364
100405;2026.01.27 14:07:32;2026.01.27 14:13:37;BUY;0.09;5067.721;5057.526;5057.575;5088.013;-91.76;91.31;0.885;-1.005;SL;DH5|3|365
100407;2026.01.27 14:20:36;2026.01.27 14:35:14;BUY;0.11;5059.621;5063.560;5051.327;5076.209;43.33;91.23;0.893;0.475;SL;DH5|3|366
100409;2026.01.27 16:22:38;2026.01.27 16:35:38;BUY;0.13;5097.266;5089.717;5089.800;5112.198;-98.14;97.06;0.946;-1.011;SL;DH5|1|367
100411;2026.01.28 01:55:39;2026.01.28 01:58:32;BUY;0.09;5220.312;5210.254;5210.356;5240.224;-90.52;89.60;0.881;-1.010;SL;DH5|1|369
100413;2026.01.28 02:55:29;2026.01.28 03:03:44;SELL;0.12;5229.009;5236.649;5236.577;5213.873;-91.68;90.82;0.901;-1.010;SL;DH5|3|371
100415;2026.01.28 03:19:30;2026.01.28 03:35:26;BUY;0.14;5241.642;5234.909;5235.008;5254.910;-94.26;92.88;0.930;-1.015;SL;DH5|1|372
100417;2026.01.28 04:59:21;2026.01.28 05:04:42;SELL;0.21;5247.467;5247.709;5251.819;5238.763;-5.08;91.39;0.924;-0.056;SL;DH5|3|373
100419;2026.01.28 05:14:31;2026.01.28 05:25:02;BUY;0.22;5253.362;5256.483;5249.223;5261.640;68.66;91.06;0.921;0.754;SL;DH5|1|375
100421;2026.01.28 05:27:30;2026.01.28 05:29:40;BUY;0.21;5253.978;5257.576;5249.708;5262.518;75.56;89.67;0.901;0.843;SL;DH5|1|376
100423;2026.01.28 05:34:30;2026.01.28 05:41:34;BUY;0.19;5255.133;5264.987;5250.300;5264.799;187.23;91.83;0.916;2.039;TP;DH5|1|377
100425;2026.01.28 05:47:27;2026.01.28 05:54:36;BUY;0.18;5263.305;5257.798;5258.028;5273.859;-99.13;94.99;0.930;-1.044;SL;DH5|1|378
100427;2026.01.28 06:52:24;2026.01.28 06:53:07;SELL;0.18;5265.717;5270.970;5270.892;5255.367;-94.55;93.15;0.921;-1.015;SL;DH5|3|380
100429;2026.01.28 07:05:03;2026.01.28 07:23:29;BUY;0.13;5269.266;5275.278;5261.963;5283.872;78.16;94.94;0.947;0.823;SL;DH5|1|381
100431;2026.01.28 07:24:24;2026.01.28 07:36:16;BUY;0.17;5277.550;5277.127;5271.950;5288.750;-7.19;95.20;0.943;-0.076;SL;DH5|1|382
100433;2026.01.28 07:37:27;2026.01.28 08:02:38;BUY;0.12;5278.999;5295.000;5271.010;5294.977;192.01;95.87;0.950;2.003;TP;DH5|1|383
100435;2026.01.28 08:09:32;2026.01.28 08:16:08;BUY;0.16;5295.269;5289.306;5289.343;5307.121;-95.41;94.82;0.922;-1.006;SL;DH5|1|385
100437;2026.01.28 08:36:33;2026.01.28 08:38:29;BUY;0.16;5305.280;5299.189;5299.320;5317.200;-97.46;95.36;0.936;-1.022;SL;DH5|1|386
100439;2026.01.28 13:06:36;2026.01.28 13:09:33;BUY;0.16;5287.022;5281.097;5281.161;5298.744;-94.80;93.78;0.929;-1.011;SL;DH5|1|387
100441;2026.01.28 14:46:44;2026.01.28 15:01:31;BUY;0.11;5278.479;5295.830;5270.001;5295.435;190.86;93.26;0.933;2.047;TP;DH5|1|388
100443;2026.01.28 16:24:30;2026.01.28 16:34:29;BUY;0.1;5287.468;5277.734;5277.831;5306.742;-97.34;96.37;0.946;-1.010;SL;DH5|1|391
100445;2026.01.28 16:52:42;2026.01.28 17:06:36;BUY;0.12;5292.255;5298.812;5284.700;5307.365;78.68;90.66;0.898;0.868;SL;DH5|1|392
100447;2026.01.28 17:09:32;2026.01.28 17:32:44;BUY;0.13;5295.946;5295.841;5288.628;5310.582;-1.36;95.13;0.935;-0.014;SL;DH5|1|393
100449;2026.01.29 04:42:33;2026.01.29 05:20:32;BUY;0.11;5558.611;5549.631;5550.055;5575.723;-98.78;94.12;0.926;-1.050;SL;DH5|1|395
100451;2026.01.29 06:24:38;2026.01.29 06:47:33;SELL;0.08;5587.415;5564.934;5598.482;5565.281;179.85;88.54;0.879;2.031;TP;DH5|3|396
100453;2026.01.29 08:42:29;2026.01.29 08:43:27;BUY;0.09;5517.160;5503.510;5506.524;5538.432;-122.85;95.72;0.934;-1.283;SL;DH5|3|398
100455;2026.01.29 08:51:41;2026.01.29 09:03:37;BUY;0.07;5512.579;5499.424;5499.527;5538.683;-92.08;91.36;0.902;-1.008;SL;DH5|3|399
100457;2026.01.29 09:49:26;2026.01.29 10:04:25;BUY;0.08;5519.978;5508.230;5508.303;5543.328;-93.98;93.40;0.931;-1.006;SL;DH5|1|400
100459;2026.01.29 12:01:28;2026.01.29 12:20:17;BUY;0.1;5522.039;5530.788;5513.197;5539.723;87.49;88.42;0.889;0.989;SL;DH5|1|402
100461;2026.01.29 12:21:30;2026.01.29 12:37:22;BUY;0.13;5530.967;5535.418;5523.992;5544.917;57.86;90.68;0.904;0.638;SL;DH5|1|403
100463;2026.01.29 12:40:32;2026.01.29 12:44:20;BUY;0.13;5533.637;5526.605;5526.613;5547.685;-91.42;91.31;0.905;-1.001;SL;DH5|1|404
100465;2026.01.29 14:30:25;2026.01.29 14:35:18;SELL;0.08;5541.751;5518.346;5553.422;5518.409;187.24;93.37;0.934;2.005;TP;DH5|3|405
100467;2026.01.29 15:04:27;2026.01.29 15:06:36;BUY;0.06;5449.989;5448.614;5433.875;5482.217;-8.25;96.68;0.950;-0.085;SL;DH5|3|406
100469;2026.01.30 06:58:35;2026.01.30 07:00:32;BUY;0.05;5152.513;5132.917;5133.567;5190.405;-97.98;94.73;0.931;-1.034;SL;DH5|3|408
100471;2026.01.30 08:33:15;2026.01.30 08:33:36;BUY;0.05;5127.575;5105.876;5109.164;5164.397;-108.49;92.06;0.914;-1.179;SL;DH5|3|411
100473;2026.01.30 16:27:28;2026.01.30 16:35:36;SELL;0.05;5002.564;4965.582;5020.925;4965.842;184.91;91.80;0.921;2.014;TP;DH5|1|421
100475;2026.01.30 16:39:31;2026.01.30 16:41:01;SELL;0.05;4978.091;4996.861;4996.713;4940.847;-93.85;93.11;0.917;-1.008;SL;DH5|1|422
100477;2026.02.02 11:25:36;2026.02.02 11:36:29;SELL;0.05;4748.591;4766.271;4765.972;4713.829;-88.40;86.90;0.864;-1.017;SL;DH5|3|453
100479;2026.02.02 12:23:15;2026.02.02 12:43:39;SELL;0.06;4778.010;4793.847;4793.061;4747.908;-95.02;90.31;0.906;-1.052;SL;DH5|3|456
100481;2026.02.02 18:12:28;2026.02.02 18:16:39;SELL;0.05;4665.124;4628.382;4683.189;4628.994;183.71;90.33;0.915;2.034;TP;DH5|1|460
100483;2026.02.02 18:23:34;2026.02.02 18:34:32;SELL;0.05;4640.220;4658.829;4657.822;4605.016;-93.04;88.01;0.875;-1.057;SL;DH5|1|461
100485;2026.02.03 01:32:28;2026.02.03 01:56:41;SELL;0.05;4847.008;4838.181;4864.623;4811.778;44.13;88.07;0.884;0.501;SL;DH5|3|463
100487;2026.02.03 06:47:36;2026.02.03 06:52:26;SELL;0.07;4884.129;4877.818;4896.647;4859.093;44.18;87.63;0.875;0.504;SL;DH5|3|464
100489;2026.02.03 06:54:06;2026.02.03 07:05:46;SELL;0.08;4877.978;4889.977;4889.801;4854.332;-95.99;94.58;0.941;-1.015;SL;DH5|3|466
100491;2026.02.03 07:49:23;2026.02.03 08:06:09;SELL;0.08;4922.230;4899.165;4933.725;4899.240;184.52;91.96;0.924;2.007;TP;DH5|3|467
100493;2026.02.03 08:17:32;2026.02.03 08:41:09;SELL;0.08;4932.845;4944.542;4944.493;4909.549;-93.58;93.18;0.919;-1.004;SL;DH5|3|468
100495;2026.02.03 08:41:34;2026.02.03 08:58:38;SELL;0.08;4941.058;4918.550;4952.239;4918.696;180.06;89.45;0.890;2.013;TP;DH5|3|469
100497;2026.02.03 13:43:09;2026.02.03 13:46:31;SELL;0.1;4938.547;4947.995;4947.652;4920.337;-94.48;91.05;0.890;-1.038;SL;DH5|3|471
100499;2026.02.03 18:33:43;2026.02.03 18:51:27;BUY;0.06;4894.879;4894.858;4879.323;4925.991;-0.13;93.34;0.921;-0.001;SL;DH5|3|474
100501;2026.02.03 19:10:28;2026.02.03 19:14:37;BUY;0.06;4886.442;4916.686;4871.434;4916.458;181.46;90.05;0.889;2.015;TP;DH5|3|475
100503;2026.02.04 01:14:00;2026.02.04 01:29:15;BUY;0.06;5048.272;5032.733;5032.803;5079.210;-93.23;92.81;0.900;-1.005;SL;DH5|1|476
100505;2026.02.04 03:45:00;2026.02.04 04:46:26;SELL;0.08;5062.728;5074.402;5074.372;5039.440;-93.39;93.15;0.911;-1.003;SL;DH5|3|478
100507;2026.02.04 04:47:36;2026.02.04 06:00:29;BUY;0.08;5076.671;5076.396;5064.653;5100.707;-2.20;96.14;0.949;-0.023;SL;DH5|2|481
100509;2026.02.04 08:01:36;2026.02.04 08:04:45;SELL;0.13;5089.778;5075.025;5097.098;5075.138;191.79;95.16;0.940;2.015;TP;DH5|3|487
100511;2026.02.04 08:32:42;2026.02.04 08:57:35;SELL;0.08;5072.947;5084.402;5084.293;5050.255;-91.64;90.77;0.880;-1.010;SL;DH5|2|489
100513;2026.02.04 09:15:18;2026.02.04 09:34:43;SELL;0.08;5066.389;5056.028;5078.492;5042.183;82.89;96.82;0.947;0.856;SL;DH5|2|490
100515;2026.02.04 10:25:34;2026.02.04 10:36:32;BUY;0.12;5045.240;5049.261;5037.328;5061.064;48.25;94.94;0.921;0.508;SL;DH5|1|492
100517;2026.02.04 12:59:41;2026.02.04 13:15:28;SELL;0.07;5038.359;5038.570;5052.572;5009.933;-1.48;99.49;0.961;-0.015;SL;DH5|2|494
100519;2026.02.04 19:53:34;2026.02.04 19:59:33;SELL;0.08;4949.481;4943.709;4960.764;4926.915;46.18;90.26;0.872;0.512;SL;DH5|3|497
100521;2026.02.05 01:01:30;2026.02.05 01:12:39;SELL;0.08;4999.978;4975.089;5012.281;4975.372;199.11;98.42;0.946;2.023;TP;DH5|2|498
100523;2026.02.05 02:48:04;2026.02.05 02:48:38;BUY;0.05;4855.259;4835.003;4837.353;4891.071;-101.28;89.53;0.844;-1.131;SL;DH5|3|501
100525;2026.02.05 05:24:32;2026.02.05 05:28:01;SELL;0.09;4853.314;4864.371;4864.358;4831.226;-99.51;99.40;0.947;-1.001;SL;DH5|1|503
100527;2026.02.05 07:27:42;2026.02.05 07:38:35;SELL;0.08;4933.383;4909.588;4945.130;4909.889;190.36;93.98;0.904;2.026;TP;DH5|3|505
100529;2026.02.05 08:15:39;2026.02.05 08:27:01;SELL;0.1;4940.249;4931.423;4950.400;4919.947;88.26;101.51;0.958;0.869;SL;DH5|3|506
100531;2026.02.05 09:57:25;2026.02.05 10:17:40;BUY;0.07;4854.725;4864.562;4841.288;4881.599;68.86;94.06;0.881;0.732;SL;DH5|3|507
100533;2026.02.05 16:46:23;2026.02.05 16:49:44;SELL;0.06;4869.587;4885.693;4885.666;4837.429;-96.64;96.47;0.898;-1.002;SL;DH5|3|509
100535;2026.02.06 04:30:49;2026.02.06 04:54:02;BUY;0.07;4829.618;4814.873;4815.276;4858.302;-103.21;100.39;0.942;-1.028;SL;DH5|2|512
100537;2026.02.06 07:59:51;2026.02.06 08:13:20;SELL;0.07;4840.141;4853.707;4853.501;4813.421;-94.96;93.52;0.887;-1.015;SL;DH5|2|516
100539;2026.02.06 10:23:38;2026.02.06 10:34:37;SELL;0.07;4854.863;4868.326;4868.093;4828.403;-94.24;92.61;0.886;-1.018;SL;DH5|2|517
100541;2026.02.06 11:04:24;2026.02.06 11:05:34;SELL;0.13;4881.985;4866.723;4889.599;4866.757;198.41;98.98;0.955;2.004;TP;DH5|3|518
100543;2026.02.06 11:57:02;2026.02.06 12:03:41;SELL;0.12;4892.895;4893.386;4901.159;4876.367;-5.89;99.17;0.939;-0.059;SL;DH5|3|520
100545;2026.02.06 12:07:31;2026.02.06 12:19:34;BUY;0.08;4899.832;4887.678;4887.699;4924.098;-97.23;97.06;0.920;-1.002;SL;DH5|2|521
100547;2026.02.06 13:48:38;2026.02.06 14:25:24;SELL;0.07;4927.667;4901.703;4940.634;4901.733;181.75;90.77;0.868;2.002;TP;DH5|3|523
100549;2026.02.06 14:39:37;2026.02.06 14:47:40;SELL;0.07;4936.889;4937.214;4950.259;4910.149;-2.27;93.59;0.880;-0.024;SL;DH5|3|524
100551;2026.02.06 14:58:05;2026.02.06 15:00:10;SELL;0.09;4946.936;4958.701;4958.451;4923.906;-105.89;103.64;0.975;-1.022;SL;DH5|3|525
100553;2026.02.06 17:41:02;2026.02.06 18:12:27;SELL;0.06;4953.091;4970.437;4970.245;4918.783;-104.08;102.92;0.978;-1.011;SL;DH5|3|529
100555;2026.02.06 18:13:31;2026.02.06 18:23:44;SELL;0.16;4967.504;4955.510;4973.490;4955.532;191.90;95.78;0.919;2.004;TP;DH5|3|530
100557;2026.02.06 19:38:34;2026.02.06 19:48:36;SELL;0.11;4951.860;4960.634;4960.627;4934.326;-96.51;96.44;0.908;-1.001;SL;DH5|2|532
100559;2026.02.09 03:38:31;2026.02.09 03:56:32;BUY;0.12;5022.348;5014.199;5014.447;5038.150;-97.79;94.81;0.901;-1.031;SL;DH5|1|536
100561;2026.02.09 04:15:01;2026.02.09 04:16:34;SELL;0.08;5011.647;5023.100;5022.930;4989.081;-91.62;90.26;0.866;-1.015;SL;DH5|2|537
100563;2026.02.09 05:30:32;2026.02.09 05:38:35;SELL;0.18;5030.313;5035.628;5035.588;5019.763;-95.67;94.95;0.919;-1.008;SL;DH5|3|538
100565;2026.02.09 06:03:31;2026.02.09 06:08:32;BUY;0.16;5038.074;5038.005;5032.338;5049.546;-1.10;91.78;0.897;-0.012;SL;DH5|1|540
100567;2026.02.09 06:11:30;2026.02.09 06:15:31;BUY;0.16;5037.038;5031.034;5031.141;5048.832;-96.06;94.35;0.922;-1.018;SL;DH5|1|541
100569;2026.02.09 07:24:40;2026.02.09 08:46:25;BUY;0.08;5008.045;5032.656;4995.774;5032.587;196.89;98.17;0.968;2.006;TP;DH5|3|542
100571;2026.02.09 08:50:32;2026.02.09 09:03:55;BUY;0.15;5029.920;5034.275;5023.594;5042.572;65.33;94.89;0.918;0.688;SL;DH5|1|545
100573;2026.02.09 09:05:41;2026.02.09 09:08:28;BUY;0.15;5035.203;5028.571;5028.790;5048.029;-99.48;96.20;0.925;-1.034;SL;DH5|1|547
100575;2026.02.09 09:26:23;2026.02.09 10:02:35;SELL;0.08;5020.893;4997.218;5032.429;4997.821;189.40;92.29;0.896;2.052;TP;DH5|2|548
100577;2026.02.09 11:55:32;2026.02.09 11:59:34;BUY;0.15;5014.748;5008.028;5008.207;5027.830;-100.80;98.12;0.935;-1.027;SL;DH5|1|549
100579;2026.02.09 12:34:45;2026.02.09 12:56:37;BUY;0.14;5015.439;5008.422;5008.689;5028.939;-98.24;94.50;0.910;-1.040;SL;DH5|1|550
100581;2026.02.09 14:37:08;2026.02.09 15:09:12;BUY;0.12;5032.573;5032.538;5024.413;5048.893;-0.42;97.92;0.952;-0.004;SL;DH5|1|553
100583;2026.02.09 15:42:32;2026.02.09 16:04:30;BUY;0.12;5050.784;5066.980;5042.708;5066.936;194.35;96.91;0.942;2.005;TP;DH5|1|556
100585;2026.02.09 16:30:21;2026.02.09 16:34:38;BUY;0.15;5074.618;5068.061;5068.103;5087.648;-98.36;97.73;0.932;-1.006;SL;DH5|1|557
100587;2026.02.09 19:42:36;2026.02.09 20:33:28;BUY;0.23;5074.719;5083.099;5070.609;5082.939;192.74;94.53;0.910;2.039;TP;DH5|1|560
100589;2026.02.10 02:48:20;2026.02.10 02:50:32;BUY;0.14;5048.084;5040.932;5040.950;5062.352;-100.13;99.88;0.944;-1.003;SL;DH5|1|561
100591;2026.02.10 02:51:29;2026.02.10 02:57:09;SELL;0.09;5037.373;5048.666;5048.534;5015.051;-101.64;100.45;0.959;-1.012;SL;DH5|2|562
100593;2026.02.10 04:48:47;2026.02.10 05:16:15;BUY;0.12;5031.030;5023.237;5023.272;5046.546;-93.52;93.10;0.897;-1.005;SL;DH5|2|563
100595;2026.02.10 05:32:34;2026.02.10 06:52:26;BUY;0.06;5025.012;5024.851;5010.307;5054.422;-0.97;88.23;0.858;-0.011;SL;DH5|3|564
100597;2026.02.10 09:10:12;2026.02.10 10:01:11;SELL;0.11;5055.852;5051.583;5064.428;5038.700;46.96;94.34;0.917;0.498;SL;DH5|3|565
100599;2026.02.10 10:32:34;2026.02.10 10:57:35;BUY;0.1;5053.644;5044.066;5044.212;5072.508;-95.78;94.32;0.913;-1.015;SL;DH5|2|568
100601;2026.02.10 11:39:35;2026.02.10 11:43:23;BUY;0.15;5054.306;5047.745;5048.084;5066.750;-98.42;93.33;0.912;-1.054;SL;DH5|2|569
100603;2026.02.10 12:07:32;2026.02.10 12:44:29;SELL;0.13;5044.461;5028.597;5051.955;5029.473;206.23;97.42;0.961;2.117;TP;DH5|2|570
100605;2026.02.10 13:46:23;2026.02.10 14:17:32;BUY;0.11;5053.827;5071.528;5045.037;5071.407;194.71;96.69;0.935;2.014;TP;DH5|1|573
100607;2026.02.10 14:25:34;2026.02.10 14:35:31;BUY;0.14;5070.577;5070.484;5063.576;5084.579;-1.30;98.01;0.930;-0.013;SL;DH5|1|575
100609;2026.02.10 14:39:24;2026.02.10 14:41:43;BUY;0.14;5062.495;5055.257;5055.324;5076.837;-101.33;100.39;0.953;-1.009;SL;DH5|1|577
100611;2026.02.10 18:00:35;2026.02.10 18:36:33;SELL;0.09;5022.830;5015.212;5033.047;5002.396;68.56;91.95;0.881;0.746;SL;DH5|2|580
100613;2026.02.11 05:36:06;2026.02.11 05:41:14;SELL;0.24;5059.912;5063.931;5063.912;5051.912;-96.46;96.00;0.914;-1.005;SL;DH5|3|586
100615;2026.02.11 06:52:33;2026.02.11 07:24:27;BUY;0.13;5062.572;5054.865;5054.898;5077.920;-100.19;99.76;0.959;-1.004;SL;DH5|2|587
100617;2026.02.11 09:32:35;2026.02.11 09:46:36;BUY;0.16;5057.437;5069.314;5051.509;5069.293;190.03;94.85;0.920;2.004;TP;DH5|2|591
100619;2026.02.11 10:28:31;2026.02.11 10:40:28;BUY;0.24;5071.309;5079.576;5067.309;5079.309;198.41;96.00;0.915;2.067;TP;DH5|1|594
100621;2026.02.11 10:51:37;2026.02.11 11:02:35;BUY;0.11;5098.995;5090.188;5090.202;5116.581;-96.88;96.72;0.904;-1.002;SL;DH5|1|595
100623;2026.02.11 11:28:34;2026.02.11 12:20:36;BUY;0.06;5106.629;5090.642;5090.981;5137.925;-95.92;93.89;0.886;-1.022;SL;DH5|2|596
100625;2026.02.11 17:17:33;2026.02.11 18:12:28;BUY;0.06;5090.824;5074.874;5074.894;5122.684;-95.70;95.58;0.910;-1.001;SL;DH5|2|600
100627;2026.02.12 01:04:07;2026.02.12 01:20:33;SELL;0.11;5052.314;5060.983;5060.930;5035.082;-95.36;94.78;0.911;-1.006;SL;DH5|2|602
100629;2026.02.12 02:00:38;2026.02.12 04:01:26;BUY;0.06;5070.702;5054.120;5054.409;5103.288;-99.49;97.76;0.948;-1.018;SL;DH5|2|604
100631;2026.02.12 04:51:25;2026.02.12 05:06:26;BUY;0.16;5061.125;5073.154;5055.116;5073.143;192.46;96.14;0.942;2.002;TP;DH5|2|605
100633;2026.02.12 06:33:05;2026.02.12 06:52:04;BUY;0.19;5051.543;5061.629;5046.505;5061.619;191.63;95.72;0.920;2.002;TP;DH5|3|607
100635;2026.02.12 08:00:36;2026.02.12 08:17:17;BUY;0.17;5066.673;5066.665;5060.840;5078.339;-0.14;99.16;0.936;-0.001;SL;DH5|2|608
100637;2026.02.12 12:08:09;2026.02.12 12:32:29;SELL;0.16;5058.434;5064.815;5064.609;5046.084;-102.10;98.80;0.933;-1.033;SL;DH5|2|611
100639;2026.02.12 13:01:20;2026.02.12 13:10:24;BUY;0.24;5053.774;5062.116;5049.708;5061.906;200.21;97.58;0.930;2.052;TP;DH5|3|612
100641;2026.02.12 15:59:35;2026.02.12 16:10:09;SELL;0.12;5061.485;5043.864;5069.616;5045.223;211.45;97.57;0.913;2.167;TP;DH5|2|616
100643;2026.02.12 18:12:31;2026.02.12 18:20:40;SELL;0.08;4930.895;4919.357;4943.603;4905.479;92.30;101.66;0.932;0.908;SL;DH5|1|618
100645;2026.02.12 18:22:25;2026.02.12 18:28:12;SELL;0.08;4920.573;4933.963;4933.846;4894.027;-107.12;106.18;0.966;-1.009;SL;DH5|1|619
100647;2026.02.13 01:05:35;2026.02.13 01:09:34;SELL;0.11;4954.626;4964.231;4964.218;4935.442;-105.65;105.51;0.969;-1.001;SL;DH5|3|621
100649;2026.02.13 01:25:40;2026.02.13 01:32:41;SELL;0.12;4966.957;4975.386;4975.317;4950.237;-101.15;100.32;0.930;-1.008;SL;DH5|3|622
100651;2026.02.13 01:46:28;2026.02.13 01:49:20;SELL;0.11;4978.514;4987.300;4987.141;4961.260;-96.65;94.90;0.888;-1.018;SL;DH5|3|624
100653;2026.02.13 02:55:36;2026.02.13 03:17:29;BUY;0.09;4990.610;4979.592;4979.821;5012.188;-99.16;97.10;0.917;-1.021;SL;DH5|2|626
100655;2026.02.13 08:06:42;2026.02.13 08:51:15;BUY;0.08;4983.891;4972.325;4972.446;5006.781;-92.53;91.56;0.873;-1.011;SL;DH5|2|633
100657;2026.02.13 08:51:16;2026.02.13 10:58:35;SELL;0.08;4972.188;4948.893;4983.835;4948.894;186.36;93.18;0.896;2.000;TP;DH5|2|634
100659;2026.02.13 11:04:29;2026.02.13 11:12:35;SELL;0.16;4946.002;4952.778;4952.125;4933.756;-108.42;97.97;0.926;-1.107;SL;DH5|1|638
100661;2026.02.13 13:21:39;2026.02.13 13:24:34;SELL;0.1;4959.601;4969.380;4969.149;4940.505;-97.79;95.48;0.912;-1.024;SL;DH5|2|642
100663;2026.02.13 13:35:49;2026.02.13 13:50:29;SELL;0.08;4991.693;4984.544;5003.475;4968.129;57.19;94.26;0.909;0.607;SL;DH5|3|643
100665;2026.02.13 14:34:41;2026.02.13 14:40:21;SELL;0.1;5005.257;4984.461;5014.999;4985.773;207.96;97.42;0.934;2.135;TP;DH5|3|645
100667;2026.02.13 15:38:26;2026.02.13 15:56:32;SELL;0.07;5009.558;4982.133;5023.158;4982.358;191.98;95.20;0.895;2.017;TP;DH5|3|647
100669;2026.02.13 17:35:36;2026.02.13 19:41:31;BUY;0.08;5026.836;5033.692;5014.860;5050.788;54.85;95.81;0.885;0.572;SL;DH5|2|649
100671;2026.02.16 01:01:37;2026.02.16 01:04:35;SELL;0.11;5007.791;5016.643;5016.601;4990.171;-97.37;96.91;0.890;-1.005;SL;DH5|2|652
100673;2026.02.16 02:07:34;2026.02.16 02:35:22;SELL;0.22;5024.587;5015.438;5029.098;5015.565;201.28;99.24;0.920;2.028;TP;DH5|2|654
100675;2026.02.16 02:45:58;2026.02.16 02:48:31;BUY;0.17;5001.302;4995.366;4995.436;5013.034;-100.91;99.72;0.907;-1.012;SL;DH5|3|655
100677;2026.02.16 03:10:22;2026.02.16 03:31:44;BUY;0.18;4992.771;4992.563;4987.041;5004.231;-3.74;103.14;0.947;-0.036;SL;DH5|3|657
100679;2026.02.16 03:49:03;2026.02.16 03:50:29;SELL;0.13;4986.918;4986.973;4994.877;4971.000;-0.72;103.47;0.950;-0.007;SL;DH5|2|658
100681;2026.02.16 04:10:51;2026.02.16 05:03:25;BUY;0.17;4975.750;4969.248;4969.806;4987.638;-110.53;101.05;0.928;-1.094;SL;DH5|3|660
100683;2026.02.16 07:44:27;2026.02.16 07:47:12;SELL;0.25;5003.084;5007.209;5007.084;4995.084;-103.12;100.00;0.928;-1.031;SL;DH5|3|663
100685;2026.02.16 07:55:27;2026.02.16 08:02:33;SELL;0.24;5005.756;5009.799;5009.756;4997.756;-97.03;96.00;0.900;-1.011;SL;DH5|3|664
100687;2026.02.16 09:04:23;2026.02.16 09:15:38;SELL;0.24;5013.032;5013.126;5017.032;5005.032;-2.26;96.00;0.908;-0.024;SL;DH5|3|667
100689;2026.02.16 09:51:36;2026.02.16 10:05:28;BUY;0.18;5017.129;5011.577;5011.619;5028.149;-99.94;99.18;0.938;-1.008;SL;DH5|2|669
100691;2026.02.16 12:07:36;2026.02.16 12:18:42;SELL;0.23;5001.366;4993.063;5005.495;4993.108;190.97;94.97;0.907;2.011;TP;DH5|2|672
100693;2026.02.16 12:19:00;2026.02.16 12:34:25;BUY;0.24;4996.225;5004.345;4992.225;5004.225;194.88;96.00;0.900;2.030;TP;DH5|3|673
100695;2026.02.16 13:48:25;2026.02.16 14:20:26;BUY;0.22;4993.367;4993.076;4988.932;5002.237;-6.40;97.57;0.899;-0.066;SL;DH5|3|675
100697;2026.02.16 14:37:31;2026.02.16 15:03:13;SELL;0.17;4989.411;4977.165;4995.464;4977.305;208.18;102.90;0.948;2.023;TP;DH5|2|676
100699;2026.02.16 15:55:30;2026.02.16 16:01:04;BUY;0.2;4983.039;4977.908;4977.935;4993.247;-102.62;102.08;0.923;-1.005;SL;DH5|2|680
100701;2026.02.16 16:25:35;2026.02.16 18:02:31;BUY;0.16;4983.767;4989.516;4977.594;4996.113;91.98;98.77;0.901;0.931;SL;DH5|2|681
100703;2026.02.17 03:15:30;2026.02.17 03:49:38;SELL;0.14;4958.212;4958.253;4965.294;4944.048;-0.57;99.15;0.897;-0.006;SL;DH5|2|683
100705;2026.02.17 05:06:14;2026.02.17 05:14:19;SELL;0.14;4947.777;4932.978;4955.133;4933.065;207.19;102.98;0.932;2.012;TP;DH5|2|688
100707;2026.02.17 05:25:09;2026.02.17 05:26:36;SELL;0.1;4892.842;4904.260;4903.558;4871.410;-114.18;107.16;0.952;-1.066;SL;DH5|1|689
100709;2026.02.17 05:30:37;2026.02.17 05:31:38;SELL;0.14;4898.419;4883.166;4906.036;4883.185;213.54;106.64;0.957;2.002;TP;DH5|1|690
100711;2026.02.17 05:40:37;2026.02.17 05:52:33;SELL;0.08;4879.703;4893.048;4892.593;4853.923;-106.76;103.12;0.908;-1.035;SL;DH5|1|691
100713;2026.02.17 07:21:45;2026.02.17 07:30:37;BUY;0.11;4915.308;4905.811;4906.076;4933.772;-104.47;101.55;0.903;-1.029;SL;DH5|2|692
100715;2026.02.17 09:47:25;2026.02.17 09:51:36;SELL;0.13;4915.661;4923.758;4923.613;4899.757;-105.26;103.38;0.928;-1.018;SL;DH5|2|693
100717;2026.02.17 11:56:34;2026.02.17 11:58:36;SELL;0.17;4921.317;4927.202;4927.182;4909.587;-100.05;99.70;0.903;-1.003;SL;DH5|2|697
100719;2026.02.17 12:58:35;2026.02.17 13:19:40;SELL;0.12;4929.807;4912.953;4938.211;4912.999;202.25;100.85;0.922;2.005;TP;DH5|2|699
100721;2026.02.17 13:23:41;2026.02.17 13:32:41;SELL;0.2;4918.795;4908.137;4923.933;4908.519;213.16;102.76;0.922;2.074;TP;DH5|1|700
100723;2026.02.17 13:36:42;2026.02.17 13:40:38;SELL;0.15;4912.103;4919.559;4919.346;4897.617;-111.84;108.64;0.957;-1.029;SL;DH5|1|701
100725;2026.02.17 15:11:27;2026.02.17 15:22:37;SELL;0.06;4858.717;4876.012;4875.870;4824.411;-103.77;102.92;0.915;-1.008;SL;DH5|1|702
100727;2026.02.17 17:10:28;2026.02.17 17:17:31;SELL;0.12;4864.175;4859.286;4872.898;4846.729;58.67;104.68;0.940;0.560;SL;DH5|1|703
100729;2026.02.17 17:20:32;2026.02.17 17:56:20;SELL;0.14;4861.746;4862.045;4869.285;4846.668;-4.19;105.55;0.943;-0.040;SL;DH5|1|704
100731;2026.02.18 01:03:58;2026.02.18 01:36:12;SELL;0.16;4886.529;4893.106;4892.907;4873.773;-105.23;102.05;0.912;-1.031;SL;DH5|3|708
100733;2026.02.18 02:00:28;2026.02.18 02:04:29;SELL;0.17;4888.221;4894.230;4894.096;4876.471;-102.15;99.87;0.901;-1.023;SL;DH5|1|711
100735;2026.02.18 02:06:20;2026.02.18 02:13:41;SELL;0.18;4895.893;4901.722;4901.678;4884.323;-104.92;104.13;0.948;-1.008;SL;DH5|1|713
100737;2026.02.18 02:18:38;2026.02.18 02:25:25;SELL;0.2;4896.547;4901.681;4901.641;4886.359;-102.68;101.88;0.936;-1.008;SL;DH5|3|714
100739;2026.02.18 04:07:34;2026.02.18 04:33:29;BUY;0.19;4924.872;4935.682;4919.530;4935.556;205.39;101.50;0.942;2.024;TP;DH5|2|720
100741;2026.02.18 04:51:28;2026.02.18 05:00:34;SELL;0.25;4936.687;4936.772;4940.687;4928.687;-2.13;100.00;0.910;-0.021;SL;DH5|3|721
100743;2026.02.18 05:01:32;2026.02.18 05:12:37;SELL;0.25;4937.387;4934.360;4941.387;4929.387;75.68;100.00;0.911;0.757;SL;DH5|3|722
100745;2026.02.18 06:01:34;2026.02.18 06:22:31;SELL;0.2;4931.101;4931.293;4936.261;4920.781;-3.84;103.20;0.933;-0.037;SL;DH5|2|723
100747;2026.02.18 07:06:33;2026.02.18 07:48:38;BUY;0.18;4936.716;4930.868;4930.960;4948.228;-105.26;103.61;0.937;-1.016;SL;DH5|2|724
100749;2026.02.18 08:35:36;2026.02.18 08:44:20;BUY;0.25;4925.200;4921.152;4921.200;4933.200;-101.20;100.00;0.913;-1.012;SL;DH5|3|729
100751;2026.02.18 08:45:20;2026.02.18 08:59:32;BUY;0.25;4921.659;4917.591;4917.659;4929.659;-101.70;100.00;0.922;-1.017;SL;DH5|3|730
100753;2026.02.18 09:01:37;2026.02.18 09:04:36;BUY;0.24;4919.968;4915.436;4915.918;4928.068;-108.77;97.20;0.905;-1.119;SL;DH5|3|731
100755;2026.02.18 10:30:39;2026.02.18 10:57:03;SELL;0.19;4915.665;4915.715;4920.949;4905.097;-0.95;100.40;0.944;-0.009;SL;DH5|2|735
100757;2026.02.18 11:45:27;2026.02.18 11:50:31;SELL;0.22;4910.328;4914.932;4914.665;4901.654;-101.29;95.41;0.897;-1.062;SL;DH5|2|737
100759;2026.02.18 12:43:33;2026.02.18 12:54:31;SELL;0.23;4929.112;4933.376;4933.371;4920.594;-98.07;97.96;0.930;-1.001;SL;DH5|3|739
100761;2026.02.18 13:40:30;2026.02.18 13:59:39;SELL;0.17;4958.667;4955.072;4964.379;4947.243;61.12;97.10;0.931;0.629;SL;DH5|3|740
100763;2026.02.18 14:31:33;2026.02.18 14:37:01;BUY;0.11;4964.581;4983.055;4955.538;4982.667;203.21;99.47;0.948;2.043;TP;DH5|2|741
100765;2026.02.18 15:08:30;2026.02.18 15:38:31;BUY;0.13;4998.651;4998.252;4991.279;5013.395;-5.19;95.84;0.896;-0.054;SL;DH5|1|743
100767;2026.02.18 16:48:33;2026.02.18 16:58:04;SELL;0.24;5008.671;5000.504;5012.751;5000.511;196.01;97.92;0.916;2.002;TP;DH5|3|745
100769;2026.02.18 19:34:30;2026.02.18 20:40:00;BUY;0.11;4980.971;4983.790;4971.834;4999.245;31.01;100.51;0.923;0.309;EA;DH5|3|746
100771;2026.02.19 03:30:38;2026.02.19 03:51:31;BUY;0.23;4973.947;4982.814;4969.518;4982.805;203.94;101.87;0.933;2.002;TP;DH5|2|747
100773;2026.02.19 04:47:31;2026.02.19 04:54:38;SELL;0.22;4977.515;4982.297;4982.261;4968.023;-105.20;104.41;0.938;-1.008;SL;DH5|2|751
100775;2026.02.19 05:00:57;2026.02.19 05:06:15;SELL;0.25;4985.251;4989.306;4989.251;4977.251;-101.38;100.00;0.907;-1.014;SL;DH5|3|752
100777;2026.02.19 05:16:28;2026.02.19 05:48:35;BUY;0.25;4990.151;4998.175;4986.151;4998.151;200.60;100.00;0.916;2.006;TP;DH5|1|753
100779;2026.02.19 06:19:19;2026.02.19 06:33:31;BUY;0.25;4999.516;5007.560;4995.516;5007.516;201.10;100.00;0.899;2.011;TP;DH5|1|756
100781;2026.02.19 06:47:26;2026.02.19 07:14:34;BUY;0.26;5014.059;5017.633;5010.059;5022.059;92.92;104.00;0.919;0.893;SL;DH5|1|758
100783;2026.02.19 07:15:26;2026.02.19 07:22:37;BUY;0.26;5019.265;5015.116;5015.265;5027.265;-107.87;104.00;0.911;-1.037;SL;DH5|1|762
100785;2026.02.19 08:46:39;2026.02.19 09:10:34;SELL;0.26;5019.622;5019.629;5023.622;5011.622;-0.18;104.00;0.920;-0.002;SL;DH5|3|764
100787;2026.02.19 10:05:28;2026.02.19 10:09:06;BUY;0.19;4993.442;4987.674;4987.978;5004.370;-109.59;103.82;0.918;-1.056;SL;DH5|3|767
100789;2026.02.19 11:10:44;2026.02.19 11:16:29;BUY;0.12;4996.312;4987.731;4987.806;5013.324;-102.97;102.07;0.912;-1.009;SL;DH5|2|770
100791;2026.02.19 11:23:11;2026.02.19 13:02:27;BUY;0.1;4987.587;4977.002;4977.084;5008.593;-105.85;105.03;0.947;-1.008;SL;DH5|3|771
100793;2026.02.19 13:07:28;2026.02.19 13:30:35;BUY;0.11;4982.811;4973.425;4973.528;5001.377;-103.25;102.11;0.929;-1.011;SL;DH5|3|773
100795;2026.02.19 13:36:02;2026.02.19 14:34:03;BUY;0.06;4988.657;4970.761;4970.993;5023.985;-107.38;105.98;0.974;-1.013;SL;DH5|3|774
100797;2026.02.19 14:34:35;2026.02.19 14:47:37;BUY;0.09;4973.329;4995.640;4962.235;4995.517;200.80;99.85;0.927;2.011;TP;DH5|3|776
100799;2026.02.19 14:50:18;2026.02.19 14:53:36;SELL;0.15;4997.961;5004.890;5004.739;4984.405;-103.94;101.67;0.926;-1.022;SL;DH5|3|777
100801;2026.02.19 15:07:07;2026.02.19 15:30:31;BUY;0.13;5002.248;5017.767;4994.568;5017.608;201.75;99.84;0.918;2.021;TP;DH5|1|778
100803;2026.02.19 16:58:16;2026.02.19 17:22:32;SELL;0.1;4990.371;5001.212;5001.077;4968.959;-108.41;107.06;0.967;-1.013;SL;DH5|2|780
100805;2026.02.19 19:11:15;2026.02.19 19:39:40;BUY;0.12;4989.834;4981.359;4981.446;5006.610;-101.70;100.66;0.918;-1.010;SL;DH5|2|783
100807;2026.02.19 19:40:38;2026.02.19 19:43:43;SELL;0.15;4978.758;4985.657;4985.565;4965.144;-103.49;102.10;0.940;-1.014;SL;DH5|2|784
100809;2026.02.20 01:02:42;2026.02.20 01:05:40;SELL;0.15;5006.909;5013.407;5013.393;4993.941;-97.47;97.26;0.904;-1.002;SL;DH5|3|785
100811;2026.02.20 03:05:30;2026.02.20 03:37:30;SELL;0.14;4991.950;4998.899;4998.895;4978.060;-97.29;97.23;0.912;-1.001;SL;DH5|2|787
100813;2026.02.20 03:41:40;2026.02.20 03:42:34;SELL;0.17;4989.087;4989.172;4994.976;4977.309;-1.45;100.11;0.947;-0.014;SL;DH5|2|788
100815;2026.02.20 03:47:26;2026.02.20 06:01:20;BUY;0.09;4992.399;5015.384;4980.965;5015.267;206.86;102.91;0.974;2.010;TP;DH5|3|789
100817;2026.02.20 09:12:31;2026.02.20 09:27:32;BUY;0.22;5038.349;5033.766;5033.816;5047.415;-100.83;99.73;0.926;-1.011;SL;DH5|1|795
100819;2026.02.20 09:28:38;2026.02.20 09:33:30;BUY;0.24;5035.104;5031.088;5031.097;5043.118;-96.38;96.17;0.901;-1.002;SL;DH5|1|797
100821;2026.02.20 11:47:32;2026.02.20 12:03:42;SELL;0.13;5021.674;5021.978;5029.365;5006.292;-3.95;99.98;0.945;-0.040;SL;DH5|2|798
100823;2026.02.20 12:32:10;2026.02.20 12:58:34;BUY;0.15;5012.592;5025.492;5006.157;5025.462;193.50;96.53;0.913;2.005;TP;DH5|3|799
100825;2026.02.20 13:26:12;2026.02.20 13:32:24;BUY;0.14;5032.139;5024.779;5024.830;5046.757;-103.04;102.33;0.951;-1.007;SL;DH5|2|800
100827;2026.02.20 13:54:22;2026.02.20 14:04:35;BUY;0.21;5044.668;5039.935;5040.105;5053.794;-99.39;95.82;0.899;-1.037;SL;DH5|1|802
100829;2026.02.20 14:31:40;2026.02.20 15:02:27;BUY;0.09;5049.982;5049.310;5039.187;5071.572;-6.05;97.16;0.920;-0.062;SL;DH5|2|804
100831;2026.02.20 16:39:32;2026.02.20 17:22:31;BUY;0.1;5065.260;5055.797;5055.811;5084.158;-94.63;94.49;0.895;-1.001;SL;DH5|1|810
100833;2026.02.20 18:25:00;2026.02.20 18:26:35;BUY;0.14;5069.987;5063.198;5063.223;5083.515;-95.05;94.70;0.905;-1.004;SL;DH5|1|814
100835;2026.02.20 19:54:46;2026.02.20 20:31:40;BUY;0.18;5076.795;5087.470;5071.512;5087.361;192.15;95.09;0.917;2.021;TP;DH5|2|816
100837;2026.02.23 01:40:35;2026.02.23 03:10:32;BUY;0.07;5162.825;5162.721;5149.831;5188.813;-0.73;90.96;0.861;-0.008;SL;DH5|2|817
100839;2026.02.23 05:04:32;2026.02.23 06:04:31;SELL;0.17;5155.288;5161.025;5160.961;5143.942;-97.53;96.44;0.913;-1.011;SL;DH5|2|823
100841;2026.02.23 06:21:37;2026.02.23 06:29:22;BUY;0.24;5160.415;5156.383;5156.415;5168.415;-96.77;96.00;0.918;-1.008;SL;DH5|1|824
100843;2026.02.23 06:29:26;2026.02.23 06:41:55;SELL;0.23;5155.259;5151.611;5159.372;5147.033;83.90;94.60;0.913;0.887;SL;DH5|2|825
100845;2026.02.23 06:41:56;2026.02.23 06:45:44;BUY;0.18;5151.971;5146.475;5146.552;5162.809;-98.93;97.54;0.934;-1.014;SL;DH5|3|826
100847;2026.02.23 06:56:39;2026.02.23 07:00:15;BUY;0.24;5148.121;5143.941;5144.121;5156.121;-100.32;96.00;0.928;-1.045;SL;DH5|3|827
100849;2026.02.23 07:26:57;2026.02.23 07:34:33;BUY;0.17;5130.097;5129.784;5124.571;5141.149;-5.32;93.94;0.917;-0.057;SL;DH5|3|830
100851;2026.02.23 08:27:38;2026.02.23 08:29:28;BUY;0.18;5129.802;5124.250;5124.470;5140.466;-99.94;95.98;0.937;-1.041;SL;DH5|1|831
100853;2026.02.23 09:35:01;2026.02.23 09:37:29;BUY;0.23;5148.063;5144.009;5144.063;5156.063;-93.24;92.00;0.907;-1.014;SL;DH5|1|833
100855;2026.02.23 10:01:30;2026.02.23 10:30:32;BUY;0.19;5151.304;5151.074;5146.371;5161.170;-4.37;93.73;0.933;-0.047;SL;DH5|2|834
100857;2026.02.23 11:08:29;2026.02.23 11:12:37;BUY;0.22;5159.393;5155.198;5155.236;5167.707;-92.29;91.45;0.910;-1.009;SL;DH5|1|837
100859;2026.02.23 12:13:26;2026.02.23 12:35:14;BUY;0.23;5149.640;5149.562;5145.640;5157.640;-1.79;92.00;0.924;-0.020;SL;DH5|1|838
100861;2026.02.23 12:48:35;2026.02.23 13:05:22;BUY;0.23;5163.131;5158.807;5159.131;5171.131;-99.45;92.00;0.924;-1.081;SL;DH5|1|839
100863;2026.02.23 14:47:32;2026.02.23 14:55:03;BUY;0.18;5194.337;5194.061;5189.262;5204.487;-4.97;91.35;0.927;-0.054;SL;DH5|1|844
100865;2026.02.23 14:56:21;2026.02.23 14:58:31;BUY;0.11;5198.479;5190.269;5190.416;5214.605;-90.31;88.69;0.901;-1.018;SL;DH5|1|847
100867;2026.02.23 15:25:37;2026.02.23 15:36:05;BUY;0.12;5196.050;5188.615;5188.667;5210.816;-89.22;88.60;0.908;-1.007;SL;DH5|1|848
100869;2026.02.23 17:06:39;2026.02.23 17:11:27;BUY;0.13;5211.203;5204.078;5204.101;5225.407;-92.62;92.33;0.955;-1.003;SL;DH5|1|849
100871;2026.02.24 02:34:30;2026.02.24 03:57:32;BUY;0.07;5184.132;5171.978;5172.095;5208.206;-85.08;84.26;0.880;-1.010;SL;DH5|2|852
100873;2026.02.24 06:29:39;2026.02.24 06:38:22;SELL;0.1;5171.096;5165.956;5179.605;5154.078;51.40;85.09;0.897;0.604;SL;DH5|2|856
100875;2026.02.24 06:40:56;2026.02.24 10:40:56;BUY;0.05;5171.064;5165.812;5155.046;5203.100;-26.26;80.09;0.839;-0.328;EA;DH5|3|857
100877;2026.02.24 11:40:41;2026.02.24 11:47:25;BUY;0.2;5177.925;5173.519;5173.606;5186.563;-88.12;86.38;0.908;-1.020;SL;DH5|2|860
100879;2026.02.24 12:17:17;2026.02.24 12:17:30;BUY;0.21;5163.679;5159.498;5159.679;5171.679;-87.80;84.00;0.891;-1.045;SL;DH5|3|861
100881;2026.02.24 13:39:28;2026.02.24 13:50:40;SELL;0.08;5143.567;5122.458;5153.797;5123.107;168.87;81.84;0.876;2.063;TP;DH5|2|863
100883;2026.02.24 14:06:31;2026.02.24 14:11:38;BUY;0.09;5122.891;5113.653;5113.679;5141.315;-83.14;82.91;0.872;-1.003;SL;DH5|3|865
100885;2026.02.24 14:13:17;2026.02.24 14:13:29;BUY;0.09;5111.941;5102.397;5102.526;5130.771;-85.90;84.73;0.899;-1.014;SL;DH5|3|867
100887;2026.02.24 14:20:35;2026.02.24 14:38:33;BUY;0.08;5109.311;5131.344;5098.479;5130.975;176.26;86.66;0.928;2.034;TP;DH5|3|868
100889;2026.02.24 16:33:31;2026.02.24 16:40:31;SELL;0.1;5137.969;5147.184;5147.107;5119.693;-92.15;91.38;0.960;-1.008;SL;DH5|2|869
100891;2026.02.24 17:20:37;2026.02.24 17:41:39;SELL;0.16;5160.748;5160.911;5166.241;5149.762;-2.61;87.89;0.933;-0.030;SL;DH5|3|870
100893;2026.02.24 19:09:41;2026.02.24 20:21:16;SELL;0.14;5152.487;5158.821;5158.817;5139.827;-88.68;88.62;0.941;-1.001;SL;DH5|2|871
100895;2026.02.25 02:15:39;2026.02.25 02:50:30;BUY;0.09;5191.181;5181.060;5181.481;5210.581;-91.09;87.30;0.936;-1.043;SL;DH5|2|874
100897;2026.02.25 02:50:31;2026.02.25 02:51:31;SELL;0.11;5180.995;5175.332;5188.776;5165.433;62.29;85.59;0.926;0.728;SL;DH5|2|876
100899;2026.02.25 04:08:55;2026.02.25 04:18:30;SELL;0.09;5174.722;5184.203;5184.136;5155.894;-85.33;84.73;0.911;-1.007;SL;DH5|2|877
100901;2026.02.25 05:03:06;2026.02.25 05:21:23;BUY;0.18;5187.439;5189.785;5182.700;5196.917;42.23;85.30;0.925;0.495;SL;DH5|2|878
100903;2026.02.25 05:56:44;2026.02.25 06:00:09;BUY;0.19;5205.369;5200.963;5201.010;5214.087;-83.71;82.82;0.894;-1.011;SL;DH5|1|882
100905;2026.02.25 08:42:24;2026.02.25 08:51:37;BUY;0.21;5192.786;5188.677;5188.786;5200.786;-86.29;84.00;0.915;-1.027;SL;DH5|1|885
100907;2026.02.25 09:05:00;2026.02.25 10:01:09;BUY;0.13;5181.911;5194.518;5175.613;5194.507;163.89;81.87;0.901;2.002;TP;DH5|3|886
100909;2026.02.25 10:06:25;2026.02.25 10:09:26;BUY;0.21;5188.950;5184.821;5184.950;5196.950;-86.71;84.00;0.908;-1.032;SL;DH5|1|887
100911;2026.02.25 10:26:30;2026.02.25 10:33:26;BUY;0.15;5176.886;5171.390;5171.431;5187.796;-82.44;81.83;0.893;-1.008;SL;DH5|3|888
100913;2026.02.25 14:25:35;2026.02.25 14:36:15;SELL;0.12;5179.202;5164.901;5186.256;5165.094;171.61;84.65;0.932;2.027;TP;DH5|2|890
100915;2026.02.25 14:57:37;2026.02.25 15:02:40;SELL;0.14;5190.599;5196.688;5196.576;5178.645;-85.25;83.68;0.904;-1.019;SL;DH5|3|891
100917;2026.02.25 15:10:43;2026.02.25 15:27:39;SELL;0.13;5192.734;5179.416;5199.316;5179.570;173.13;85.57;0.933;2.023;TP;DH5|3|892
100919;2026.02.25 16:22:46;2026.02.25 19:10:31;BUY;0.06;5205.161;5191.562;5191.583;5232.317;-81.59;81.47;0.872;-1.002;SL;DH5|2|893
100921;2026.02.26 02:32:39;2026.02.26 03:15:02;SELL;0.09;5178.967;5188.956;5188.791;5159.319;-89.90;88.42;0.955;-1.017;SL;DH5|2|901
100923;2026.02.26 03:15:30;2026.02.26 05:37:35;BUY;0.09;5189.410;5196.251;5180.316;5207.598;61.57;81.85;0.892;0.752;SL;DH5|2|902
100925;2026.02.26 07:50:46;2026.02.26 07:57:33;SELL;0.13;5180.326;5187.135;5187.032;5166.914;-88.52;87.18;0.944;-1.015;SL;DH5|2|906
100927;2026.02.26 08:27:22;2026.02.26 08:49:37;SELL;0.12;5178.580;5179.103;5185.772;5164.196;-6.28;86.30;0.944;-0.073;SL;DH5|2|908
100929;2026.02.26 09:56:36;2026.02.26 10:24:26;BUY;0.1;5189.262;5180.744;5180.900;5205.986;-85.18;83.62;0.915;-1.019;SL;DH5|2|912
100931;2026.02.26 10:29:32;2026.02.26 10:57:27;SELL;0.14;5179.847;5168.016;5185.699;5168.143;165.63;81.93;0.905;2.022;TP;DH5|2|913
100933;2026.02.26 11:51:32;2026.02.26 12:03:30;SELL;0.13;5168.403;5164.939;5175.103;5155.003;45.03;87.10;0.945;0.517;SL;DH5|2|915
100935;2026.02.26 13:08:39;2026.02.26 14:27:32;SELL;0.1;5172.516;5172.664;5181.454;5154.640;-1.48;89.38;0.965;-0.017;SL;DH5|2|917
100937;2026.02.26 17:28:42;2026.02.26 18:15:37;SELL;0.09;5173.886;5174.051;5183.514;5154.630;-1.48;86.65;0.935;-0.017;SL;DH5|2|922
100939;2026.02.26 19:48:23;2026.02.26 19:59:46;BUY;0.16;5191.932;5186.450;5186.487;5202.822;-87.71;87.12;0.941;-1.007;SL;DH5|2|923
100941;2026.02.27 05:59:12;2026.02.27 06:10:43;SELL;0.21;5199.357;5197.314;5203.357;5191.357;42.90;84.00;0.916;0.511;SL;DH5|3|926
100943;2026.02.27 06:54:41;2026.02.27 07:39:33;SELL;0.12;5187.691;5182.764;5194.513;5174.047;59.12;81.86;0.888;0.722;SL;DH5|2|927
100945;2026.02.27 08:24:38;2026.02.27 08:32:34;SELL;0.17;5175.087;5180.005;5180.001;5165.259;-83.61;83.54;0.901;-1.001;SL;DH5|2|930
100947;2026.02.27 09:50:47;2026.02.27 10:04:36;BUY;0.18;5176.652;5171.933;5171.967;5186.022;-84.94;84.33;0.917;-1.007;SL;DH5|3|932
100949;2026.02.27 10:05:24;2026.02.27 10:12:33;BUY;0.21;5172.939;5168.530;5168.939;5180.939;-92.59;84.00;0.922;-1.102;SL;DH5|3|933
100951;2026.02.27 11:32:54;2026.02.27 12:07:30;BUY;0.18;5180.120;5189.470;5175.479;5189.402;168.30;83.54;0.927;2.015;TP;DH5|2|934
100953;2026.02.27 12:47:37;2026.02.27 12:57:32;SELL;0.17;5182.884;5187.781;5187.735;5173.182;-83.25;82.47;0.898;-1.009;SL;DH5|2|937
100955;2026.02.27 15:52:57;2026.02.27 16:10:34;SELL;0.1;5239.683;5248.072;5247.821;5223.407;-83.89;81.38;0.894;-1.031;SL;DH5|3|938
100957;2026.02.27 17:22:22;2026.02.27 17:30:39;BUY;0.1;5230.916;5222.046;5222.291;5248.166;-88.70;86.25;0.957;-1.028;SL;DH5|1|941
100959;2026.02.27 18:24:42;2026.02.27 18:41:30;SELL;0.12;5227.260;5233.943;5233.913;5213.954;-80.20;79.84;0.894;-1.005;SL;DH5|2|943
100961;2026.02.27 19:12:32;2026.02.27 19:18:35;BUY;0.19;5242.603;5251.036;5238.459;5250.891;160.23;78.74;0.890;2.035;TP;DH5|1|944
100963;2026.03.02 03:14:28;2026.03.02 04:05:04;BUY;0.11;5355.424;5359.147;5348.003;5370.266;40.95;81.63;0.906;0.502;SL;DH5|1|948
100965;2026.03.02 04:36:27;2026.03.02 04:44:32;SELL;0.11;5354.862;5355.043;5362.231;5340.124;-1.99;81.06;0.896;-0.025;SL;DH5|2|950
100967;2026.03.02 06:11:33;2026.03.02 07:02:40;BUY;0.14;5378.317;5389.867;5372.583;5389.785;161.70;80.28;0.887;2.014;TP;DH5|1|952
100969;2026.03.02 07:32:37;2026.03.02 07:37:30;BUY;0.14;5409.677;5403.495;5403.520;5421.991;-86.55;86.20;0.936;-1.004;SL;DH5|1|956
100971;2026.03.02 08:43:32;2026.03.02 08:49:40;SELL;0.07;5397.807;5410.500;5410.471;5372.479;-88.85;88.65;0.972;-1.002;SL;DH5|2|957
100973;2026.03.02 09:51:31;2026.03.02 10:05:38;BUY;0.12;5389.762;5382.831;5383.102;5403.082;-83.17;79.92;0.885;-1.041;SL;DH5|1|958
100975;2026.03.02 10:54:31;2026.03.02 11:01:35;SELL;0.08;5383.067;5393.575;5393.379;5362.443;-84.06;82.50;0.922;-1.019;SL;DH5|2|961
100977;2026.03.02 11:35:15;2026.03.02 11:44:40;BUY;0.08;5398.618;5388.728;5388.803;5418.248;-79.12;78.52;0.886;-1.008;SL;DH5|2|962
100979;2026.03.02 11:51:30;2026.03.02 12:15:29;BUY;0.09;5382.396;5389.384;5373.830;5399.528;62.89;77.09;0.877;0.816;SL;DH5|3|963
100981;2026.03.02 13:03:34;2026.03.02 13:08:32;BUY;0.09;5399.815;5399.157;5391.027;5417.391;-5.92;79.09;0.894;-0.075;SL;DH5|2|965
100983;2026.03.02 13:33:26;2026.03.02 13:54:24;SELL;0.08;5408.698;5389.423;5418.233;5389.628;154.20;76.28;0.863;2.021;TP;DH5|3|967
100985;2026.03.03 01:07:21;2026.03.03 01:42:41;BUY;0.07;5367.079;5366.806;5354.716;5391.805;-1.91;86.54;0.962;-0.022;SL;DH5|2|971
100987;2026.03.03 03:15:32;2026.03.03 03:52:25;BUY;0.13;5368.807;5362.427;5362.578;5381.265;-82.94;80.98;0.900;-1.024;SL;DH5|1|974
100989;2026.03.03 03:52:42;2026.03.03 04:20:36;SELL;0.08;5359.634;5369.567;5369.531;5339.840;-79.46;79.18;0.888;-1.004;SL;DH5|2|976
100991;2026.03.03 13:50:34;2026.03.03 14:01:38;SELL;0.04;5146.514;5164.349;5163.967;5111.608;-71.34;69.81;0.790;-1.022;SL;DH5|1|981
100993;2026.03.03 14:47:25;2026.03.03 14:50:42;SELL;0.04;5066.593;5026.720;5086.233;5027.313;159.49;78.56;0.897;2.030;TP;DH5|1|982
100995;2026.03.03 17:41:29;2026.03.03 17:58:32;SELL;0.07;5080.578;5081.108;5092.769;5056.196;-3.71;85.34;0.957;-0.043;SL;DH5|1|985
100997;2026.03.03 19:41:42;2026.03.03 19:46:28;SELL;0.08;5113.233;5123.492;5123.490;5092.719;-82.07;82.06;0.920;-1.000;SL;DH5|1|988
100999;2026.03.04 04:36:09;2026.03.04 06:06:05;SELL;0.07;5161.930;5140.127;5172.765;5140.260;152.62;75.85;0.858;2.012;TP;DH5|2|992
101001;2026.03.04 08:03:36;2026.03.04 08:14:42;SELL;0.09;5162.115;5157.313;5170.867;5144.611;43.22;78.77;0.876;0.549;SL;DH5|2|993
101003;2026.03.04 08:46:20;2026.03.04 09:00:34;SELL;0.12;5175.586;5161.463;5182.536;5161.686;169.48;83.40;0.923;2.032;TP;DH5|3|994
101005;2026.03.04 09:40:37;2026.03.04 10:06:33;SELL;0.13;5181.143;5187.641;5187.641;5168.147;-84.47;84.47;0.918;-1.000;SL;DH5|3|995
101007;2026.03.04 10:08:30;2026.03.04 10:21:00;BUY;0.07;5189.514;5189.504;5177.703;5213.136;-0.07;82.68;0.907;-0.001;SL;DH5|2|996
101009;2026.03.04 12:03:23;2026.03.04 12:15:34;BUY;0.1;5201.717;5193.179;5193.540;5218.071;-85.38;81.77;0.897;-1.044;SL;DH5|2|998
101011;2026.03.04 14:53:24;2026.03.04 14:56:29;BUY;0.04;5158.051;5140.075;5140.271;5193.611;-71.90;71.12;0.788;-1.011;SL;DH5|3|1001
101013;2026.03.04 15:06:32;2026.03.04 15:14:36;BUY;0.06;5146.143;5133.594;5133.627;5171.175;-75.29;75.10;0.838;-1.003;SL;DH5|3|1002
101015;2026.03.04 17:22:37;2026.03.04 17:25:40;SELL;0.06;5138.051;5138.129;5151.616;5110.921;-0.47;81.39;0.916;-0.006;SL;DH5|2|1004
101017;2026.03.04 18:22:43;2026.03.04 18:24:40;SELL;0.11;5119.821;5127.849;5127.522;5104.419;-88.31;84.71;0.954;-1.042;SL;DH5|1|1008
101019;2026.03.05 01:08:38;2026.03.05 01:25:07;BUY;0.09;5181.296;5172.534;5172.592;5198.704;-78.86;78.34;0.891;-1.007;SL;DH5|2|1010
101021;2026.03.05 02:23:56;2026.03.05 02:27:25;SELL;0.14;5184.463;5184.555;5190.082;5173.225;-1.29;78.67;0.903;-0.016;SL;DH5|3|1012
101023;2026.03.05 02:54:30;2026.03.05 03:01:39;SELL;0.14;5187.726;5193.502;5193.477;5176.224;-80.86;80.51;0.924;-1.004;SL;DH5|3|1013
101025;2026.03.05 03:07:42;2026.03.05 03:35:09;SELL;0.11;5189.461;5189.692;5196.399;5175.585;-2.54;76.32;0.884;-0.033;SL;DH5|3|1014
101027;2026.03.05 04:00:40;2026.03.05 04:12:28;SELL;0.1;5177.729;5185.845;5185.627;5161.933;-81.16;78.98;0.915;-1.028;SL;DH5|2|1015
101029;2026.03.05 05:35:00;2026.03.05 05:37:31;BUY;0.18;5167.686;5163.264;5163.364;5176.330;-79.60;77.80;0.910;-1.023;SL;DH5|3|1016
101031;2026.03.05 05:37:31;2026.03.05 06:00:12;SELL;0.1;5163.264;5147.339;5171.159;5147.474;159.25;78.95;0.932;2.017;TP;DH5|2|1017
101033;2026.03.05 08:01:44;2026.03.05 08:12:37;SELL;0.13;5157.996;5145.451;5164.267;5145.454;163.09;81.52;0.945;2.000;TP;DH5|2|1019
101035;2026.03.05 09:09:38;2026.03.05 09:32:30;SELL;0.13;5176.798;5164.603;5182.781;5164.832;158.53;77.78;0.885;2.038;TP;DH5|3|1020
101037;2026.03.05 13:00:27;2026.03.05 13:10:20;SELL;0.13;5160.220;5147.992;5166.324;5148.012;158.96;79.35;0.886;2.003;TP;DH5|2|1022
101039;2026.03.05 13:32:40;2026.03.05 13:57:35;BUY;0.06;5127.217;5112.099;5112.760;5156.131;-90.71;86.74;0.952;-1.046;SL;DH5|3|1023
101041;2026.03.05 16:31:24;2026.03.05 17:02:29;BUY;0.08;5060.731;5081.367;5050.427;5081.339;165.09;82.43;0.914;2.003;TP;DH5|3|1026
101043;2026.03.05 18:08:31;2026.03.05 18:15:15;SELL;0.11;5066.232;5074.224;5074.221;5050.254;-87.91;87.88;0.957;-1.000;SL;DH5|1|1029
101045;2026.03.05 19:44:32;2026.03.05 20:11:24;SELL;0.13;5064.868;5071.573;5071.493;5051.618;-87.16;86.12;0.947;-1.012;SL;DH5|1|1030
101047;2026.03.06 05:49:36;2026.03.06 07:20:31;SELL;0.1;5116.505;5116.666;5124.761;5099.993;-1.61;82.56;0.916;-0.020;SL;DH5|2|1031
101049;2026.03.06 08:00:43;2026.03.06 08:12:35;BUY;0.1;5121.982;5113.623;5113.652;5138.642;-83.59;83.30;0.925;-1.003;SL;DH5|2|1037
101051;2026.03.06 09:13:32;2026.03.06 10:10:01;SELL;0.08;5095.334;5086.538;5105.798;5074.406;70.37;83.71;0.938;0.841;SL;DH5|2|1039
101053;2026.03.06 11:11:37;2026.03.06 11:15:37;SELL;0.11;5080.146;5088.148;5088.000;5064.438;-88.02;86.39;0.960;-1.019;SL;DH5|2|1045
101055;2026.03.06 12:57:34;2026.03.06 13:02:37;SELL;0.11;5084.233;5080.169;5091.981;5068.737;44.70;85.23;0.957;0.525;SL;DH5|2|1047
101057;2026.03.06 13:11:29;2026.03.06 13:13:44;SELL;0.13;5068.989;5075.254;5075.235;5056.497;-81.44;81.20;0.907;-1.003;SL;DH5|1|1048
101059;2026.03.09 05:01:10;2026.03.09 05:04:26;SELL;0.13;5084.395;5090.809;5090.745;5071.695;-83.38;82.55;0.931;-1.010;SL;DH5|2|1054
101061;2026.03.09 05:23:24;2026.03.09 05:28:41;SELL;0.15;5099.791;5099.866;5105.253;5088.867;-1.12;81.93;0.932;-0.014;SL;DH5|3|1055
101063;2026.03.09 05:56:45;2026.03.09 06:01:08;SELL;0.09;5120.563;5129.421;5129.414;5102.861;-79.72;79.66;0.907;-1.001;SL;DH5|3|1056
101065;2026.03.09 09:07:25;2026.03.09 09:30:40;BUY;0.07;5105.562;5127.228;5094.749;5127.188;151.66;75.69;0.869;2.004;TP;DH5|2|1058
101067;2026.03.09 10:30:34;2026.03.09 10:54:33;SELL;0.09;5095.278;5095.441;5104.741;5076.352;-1.47;85.17;0.962;-0.017;SL;DH5|2|1059
101069;2026.03.09 11:20:29;2026.03.09 11:37:11;SELL;0.08;5082.863;5092.892;5092.857;5062.875;-80.23;79.95;0.903;-1.004;SL;DH5|2|1061
101071;2026.03.09 12:01:33;2026.03.09 12:48:36;BUY;0.08;5095.679;5101.406;5086.125;5114.787;45.82;76.43;0.871;0.599;SL;DH5|2|1063
101073;2026.03.09 13:43:39;2026.03.09 13:45:36;BUY;0.11;5080.548;5072.788;5073.072;5095.500;-85.36;82.24;0.932;-1.038;SL;DH5|3|1064
101075;2026.03.09 13:55:20;2026.03.09 13:55:34;BUY;0.09;5076.247;5067.349;5067.499;5093.743;-80.08;78.73;0.901;-1.017;SL;DH5|3|1065
101077;2026.03.09 14:13:30;2026.03.09 14:32:05;BUY;0.08;5068.452;5089.523;5057.955;5089.446;168.57;83.98;0.970;2.007;TP;DH5|3|1066
101079;2026.03.09 17:20:41;2026.03.09 18:23:36;SELL;0.08;5095.184;5104.708;5104.702;5076.148;-76.19;76.14;0.863;-1.001;SL;DH5|2|1068
101081;2026.03.09 19:24:59;2026.03.09 19:33:30;SELL;0.14;5139.297;5136.400;5145.122;5127.647;40.56;81.55;0.932;0.497;SL;DH5|3|1071
101083;2026.03.10 01:01:04;2026.03.10 01:02:05;BUY;0.09;5140.169;5131.067;5131.081;5158.345;-81.92;81.79;0.931;-1.002;SL;DH5|2|1073
101085;2026.03.10 02:08:16;2026.03.10 02:32:02;SELL;0.09;5174.204;5182.789;5182.689;5157.234;-77.27;76.37;0.877;-1.012;SL;DH5|3|1078
101087;2026.03.10 02:56:50;2026.03.10 05:02:35;SELL;0.07;5168.197;5168.287;5179.531;5145.529;-0.63;79.34;0.919;-0.008;SL;DH5|2|1079
101089;2026.03.10 08:02:28;2026.03.10 08:30:34;SELL;0.14;5180.524;5186.866;5186.316;5168.940;-88.79;81.09;0.940;-1.095;SL;DH5|3|1080
101091;2026.03.10 08:30:58;2026.03.10 10:01:43;BUY;0.09;5188.460;5179.241;5179.331;5206.718;-82.97;82.16;0.962;-1.010;SL;DH5|2|1082
101093;2026.03.10 11:44:16;2026.03.10 11:45:35;BUY;0.12;5178.966;5172.723;5172.732;5191.434;-74.92;74.81;0.885;-1.001;SL;DH5|1|1089
101095;2026.03.10 13:06:25;2026.03.10 13:18:04;BUY;0.15;5195.940;5206.488;5190.693;5206.434;158.22;78.71;0.939;2.010;TP;DH5|1|1091
101097;2026.03.10 13:31:37;2026.03.10 13:33:29;BUY;0.11;5219.113;5211.035;5212.198;5232.943;-88.86;76.06;0.891;-1.168;SL;DH5|1|1092
101099;2026.03.10 15:38:32;2026.03.10 16:00:35;BUY;0.13;5232.642;5226.813;5226.847;5244.232;-75.78;75.34;0.891;-1.006;SL;DH5|1|1093
101101;2026.03.10 18:25:38;2026.03.10 18:33:26;BUY;0.08;5197.098;5196.813;5187.875;5215.544;-2.28;73.78;0.881;-0.031;SL;DH5|3|1096
101103;2026.03.10 19:33:34;2026.03.10 19:55:20;SELL;0.05;5182.480;5197.388;5197.334;5152.772;-74.54;74.27;0.887;-1.004;SL;DH5|2|1097
101105;2026.03.11 01:03:25;2026.03.11 01:09:26;BUY;0.14;5218.242;5212.770;5212.800;5229.126;-76.61;76.19;0.918;-1.006;SL;DH5|1|1098
101107;2026.03.11 08:28:33;2026.03.11 08:38:06;BUY;0.15;5185.120;5180.021;5180.183;5194.994;-76.49;74.05;0.901;-1.033;SL;DH5|3|1105
101109;2026.03.11 09:33:52;2026.03.11 10:30:33;BUY;0.09;5194.656;5185.897;5185.927;5212.114;-78.83;78.56;0.964;-1.003;SL;DH5|2|1107
101111;2026.03.11 11:58:34;2026.03.11 12:03:36;SELL;0.07;5175.928;5185.857;5185.836;5156.112;-69.50;69.36;0.860;-1.002;SL;DH5|2|1108
101113;2026.03.11 12:37:02;2026.03.11 12:42:13;BUY;0.14;5176.074;5175.783;5170.817;5186.588;-4.07;73.60;0.920;-0.055;SL;DH5|3|1109
101115;2026.03.11 12:58:04;2026.03.11 12:59:31;BUY;0.12;5174.014;5167.763;5167.971;5186.100;-75.01;72.52;0.907;-1.034;SL;DH5|3|1110
101117;2026.03.11 13:00:09;2026.03.11 13:01:13;BUY;0.11;5169.605;5163.196;5163.251;5182.313;-70.50;69.89;0.883;-1.009;SL;DH5|3|1111
101119;2026.03.11 17:31:39;2026.03.11 17:41:40;SELL;0.1;5169.091;5154.461;5176.118;5155.037;146.30;70.27;0.895;2.082;TP;DH5|2|1113
101121;2026.03.12 02:35:31;2026.03.12 02:47:37;SELL;0.1;5163.595;5149.231;5170.638;5149.509;143.64;70.43;0.881;2.039;TP;DH5|2|1114
101123;2026.03.12 05:35:25;2026.03.12 07:31:28;BUY;0.06;5148.295;5172.263;5136.345;5172.195;143.81;71.70;0.881;2.006;TP;DH5|3|1115
101125;2026.03.12 12:21:08;2026.03.12 12:21:45;BUY;0.19;5168.049;5163.951;5164.049;5176.049;-77.86;76.00;0.918;-1.024;SL;DH5|3|1118
101127;2026.03.12 13:23:32;2026.03.12 13:31:25;BUY;0.11;5165.253;5165.183;5158.297;5179.165;-0.77;76.52;0.933;-0.010;SL;DH5|3|1119
101129;2026.03.12 13:42:24;2026.03.12 13:45:41;BUY;0.12;5160.579;5154.008;5154.493;5172.751;-78.85;73.03;0.890;-1.080;SL;DH5|3|1120
101131;2026.03.12 13:50:44;2026.03.12 13:53:35;BUY;0.08;5159.792;5150.555;5150.719;5177.938;-73.90;72.58;0.893;-1.018;SL;DH5|3|1121
101133;2026.03.12 14:34:31;2026.03.12 14:38:08;BUY;0.1;5146.731;5139.489;5139.564;5161.065;-72.42;71.67;0.890;-1.010;SL;DH5|3|1123
101135;2026.03.12 15:02:18;2026.03.12 15:03:43;BUY;0.1;5139.349;5132.014;5132.154;5153.739;-73.35;71.95;0.902;-1.019;SL;DH5|3|1124
101137;2026.03.12 17:15:45;2026.03.12 18:41:44;SELL;0.07;5119.651;5098.760;5130.025;5098.903;146.24;72.62;0.919;2.014;TP;DH5|2|1127
101139;2026.03.12 19:07:27;2026.03.12 19:18:32;SELL;0.15;5089.949;5087.043;5094.931;5079.985;43.59;74.73;0.928;0.583;SL;DH5|1|1134
101141;2026.03.13 01:44:41;2026.03.13 01:56:30;SELL;0.12;5111.779;5117.716;5117.715;5099.907;-71.24;71.23;0.880;-1.000;SL;DH5|2|1136
101143;2026.03.13 02:11:01;2026.03.13 02:25:34;SELL;0.16;5123.908;5120.003;5128.507;5114.710;62.48;73.58;0.917;0.849;SL;DH5|3|1137
101145;2026.03.13 03:00:37;2026.03.13 04:03:30;SELL;0.1;5109.939;5117.715;5117.708;5094.401;-77.76;77.69;0.961;-1.001;SL;DH5|2|1138
101147;2026.03.13 06:31:34;2026.03.13 06:39:24;SELL;0.16;5096.588;5092.807;5101.141;5087.482;60.50;72.85;0.910;0.830;SL;DH5|1|1141
101149;2026.03.13 06:40:25;2026.03.13 07:03:30;SELL;0.15;5091.935;5089.144;5096.956;5081.893;41.87;75.31;0.933;0.556;SL;DH5|1|1142
101151;2026.03.13 07:10:42;2026.03.13 07:18:36;SELL;0.16;5090.024;5080.693;5094.643;5080.786;149.30;73.90;0.911;2.020;TP;DH5|1|1144
101153;2026.03.13 07:26:37;2026.03.13 07:29:36;SELL;0.14;5078.977;5084.380;5084.375;5068.181;-75.64;75.57;0.915;-1.001;SL;DH5|1|1146
101155;2026.03.13 08:04:15;2026.03.13 08:05:02;BUY;0.15;5072.671;5067.605;5067.611;5082.791;-75.99;75.90;0.927;-1.001;SL;DH5|3|1147
101157;2026.03.13 08:22:40;2026.03.13 08:38:33;BUY;0.1;5067.227;5081.671;5060.109;5081.463;144.44;71.18;0.878;2.029;TP;DH5|3|1149
101159;2026.03.13 10:32:32;2026.03.13 10:48:34;SELL;0.11;5084.817;5091.969;5091.895;5070.661;-78.67;77.86;0.943;-1.010;SL;DH5|2|1150
101161;2026.03.13 11:57:33;2026.03.13 12:01:38;BUY;0.09;5099.960;5116.783;5091.560;5116.760;151.41;75.60;0.925;2.003;TP;DH5|2|1153
101163;2026.03.13 12:11:42;2026.03.13 12:22:32;SELL;0.14;5107.236;5112.794;5112.748;5096.212;-77.81;77.17;0.927;-1.008;SL;DH5|3|1154
101165;2026.03.13 13:30:42;2026.03.13 13:45:37;SELL;0.08;5105.807;5115.838;5115.524;5086.373;-80.25;77.74;0.943;-1.032;SL;DH5|2|1156
101167;2026.03.13 14:43:33;2026.03.13 14:45:39;BUY;0.1;5080.699;5073.060;5073.292;5095.513;-76.39;74.07;0.907;-1.031;SL;DH5|3|1157
101169;2026.03.13 15:01:37;2026.03.13 15:05:28;SELL;0.09;5043.807;5053.020;5052.349;5026.723;-82.92;76.88;0.950;-1.079;SL;DH5|1|1158
101171;2026.03.13 16:13:28;2026.03.13 16:30:33;SELL;0.07;5034.057;5044.940;5044.558;5013.055;-76.18;73.51;0.918;-1.036;SL;DH5|1|1160
101173;2026.03.13 18:26:37;2026.03.13 18:30:39;SELL;0.14;5039.660;5044.768;5044.722;5029.536;-71.51;70.87;0.893;-1.009;SL;DH5|1|1162
101175;2026.03.13 18:33:26;2026.03.13 18:57:15;SELL;0.14;5046.547;5046.607;5051.598;5036.445;-0.84;70.71;0.900;-0.012;SL;DH5|1|1163
101177;2026.03.13 19:12:31;2026.03.13 19:47:31;SELL;0.09;5035.600;5018.844;5043.892;5019.016;150.80;74.63;0.950;2.021;TP;DH5|2|1164
101179;2026.03.13 19:57:33;2026.03.13 20:01:35;SELL;0.14;5020.750;5020.774;5025.984;5010.282;-0.34;73.28;0.915;-0.005;SL;DH5|1|1167
101181;2026.03.16 01:00:43;2026.03.16 01:01:34;SELL;0.07;5013.623;5024.784;5024.298;4992.273;-78.13;74.72;0.933;-1.046;SL;DH5|2|1169
101183;2026.03.16 01:19:38;2026.03.16 01:32:23;SELL;0.08;5001.572;4984.397;5010.138;4984.440;137.40;68.53;0.864;2.005;TP;DH5|1|1170
101185;2026.03.16 01:36:23;2026.03.16 01:42:02;SELL;0.07;4992.012;5002.109;5002.081;4971.874;-70.68;70.48;0.873;-1.003;SL;DH5|1|1171
101187;2026.03.16 02:48:51;2026.03.16 03:29:35;SELL;0.06;4998.839;5011.431;5011.403;4973.711;-75.55;75.38;0.942;-1.002;SL;DH5|2|1172
101189;2026.03.16 05:12:29;2026.03.16 05:31:33;SELL;0.18;5013.696;5005.366;5017.696;5005.696;149.94;72.00;0.909;2.082;TP;DH5|1|1175
101191;2026.03.16 05:33:38;2026.03.16 05:38:34;SELL;0.18;5005.454;5009.621;5009.454;4997.454;-75.01;72.00;0.892;-1.042;SL;DH5|1|1178
101193;2026.03.16 06:28:35;2026.03.16 06:47:33;SELL;0.15;5027.473;5017.839;5032.272;5017.875;144.51;71.98;0.900;2.008;TP;DH5|3|1180
101195;2026.03.16 07:21:41;2026.03.16 07:33:38;SELL;0.13;5006.453;5006.551;5012.002;4995.355;-1.27;72.14;0.886;-0.018;SL;DH5|1|1181
101197;2026.03.16 07:40:30;2026.03.16 08:22:23;SELL;0.13;4995.877;4996.227;5001.584;4984.463;-4.55;74.19;0.911;-0.061;SL;DH5|1|1183
101199;2026.03.16 08:39:57;2026.03.16 09:01:30;BUY;0.12;4989.008;4988.739;4982.775;5001.474;-3.23;74.80;0.919;-0.043;SL;DH5|3|1186
101201;2026.03.16 09:03:40;2026.03.16 09:05:37;BUY;0.12;4986.151;4980.108;4980.114;4998.225;-72.52;72.44;0.891;-1.001;SL;DH5|3|1188
101203;2026.03.16 09:06:33;2026.03.16 09:39:40;BUY;0.12;4983.190;4983.125;4977.049;4995.472;-0.78;73.69;0.914;-0.011;SL;DH5|3|1189
101205;2026.03.16 09:45:29;2026.03.16 10:09:29;SELL;0.09;4978.774;4978.852;4986.569;4963.184;-0.70;70.16;0.870;-0.010;SL;DH5|2|1191
101207;2026.03.16 12:29:35;2026.03.16 12:54:35;SELL;0.12;5022.284;5018.791;5028.483;5009.886;41.92;74.39;0.923;0.563;SL;DH5|3|1196
101209;2026.03.16 13:20:28;2026.03.16 13:35:36;SELL;0.11;5024.485;5031.635;5031.449;5010.557;-78.65;76.60;0.946;-1.027;SL;DH5|3|1197
101211;2026.03.16 13:37:34;2026.03.16 13:42:45;SELL;0.12;5029.780;5029.930;5036.018;5017.304;-1.80;74.86;0.933;-0.024;SL;DH5|3|1199
101213;2026.03.16 14:09:33;2026.03.16 14:23:29;SELL;0.12;5034.249;5021.797;5040.320;5022.107;149.42;72.85;0.908;2.051;TP;DH5|3|1201
101215;2026.03.16 15:01:22;2026.03.16 15:19:30;SELL;0.09;4995.322;5003.872;5003.809;4978.348;-76.95;76.38;0.935;-1.007;SL;DH5|1|1202
101217;2026.03.16 15:29:10;2026.03.16 15:35:32;SELL;0.06;4986.298;4997.863;4997.655;4963.584;-69.39;68.14;0.842;-1.018;SL;DH5|2|1203
101219;2026.03.16 16:26:26;2026.03.16 17:00:29;SELL;0.06;4983.112;4994.937;4994.563;4960.210;-70.95;68.71;0.856;-1.033;SL;DH5|2|1205
101221;2026.03.16 19:11:34;2026.03.16 19:36:30;SELL;0.16;5016.543;5013.833;5021.211;5007.207;43.36;74.69;0.939;0.581;SL;DH5|3|1209
101223;2026.03.17 01:00:28;2026.03.17 01:04:29;SELL;0.12;5001.244;5001.270;5007.251;4989.230;-0.31;72.08;0.901;-0.004;SL;DH5|1|1211
101225;2026.03.17 01:05:26;2026.03.17 01:54:32;BUY;0.07;5004.361;5025.786;4993.667;5025.749;149.98;74.86;0.936;2.003;TP;DH5|3|1214
101227;2026.03.17 03:25:14;2026.03.17 03:30:17;SELL;0.18;5029.424;5033.598;5033.424;5021.424;-75.13;72.00;0.884;-1.043;SL;DH5|3|1216
101229;2026.03.17 05:16:29;2026.03.17 05:22:30;BUY;0.13;5042.671;5036.794;5036.821;5054.371;-76.40;76.05;0.942;-1.005;SL;DH5|2|1219
101231;2026.03.17 09:08:44;2026.03.17 10:02:31;SELL;0.12;5015.685;5015.867;5021.980;5003.095;-2.18;75.54;0.945;-0.029;SL;DH5|2|1223
101233;2026.03.17 10:04:24;2026.03.17 10:42:35;SELL;0.11;5007.970;4993.159;5014.880;4994.150;162.92;76.01;0.951;2.143;TP;DH5|2|1224
101235;2026.03.17 12:00:25;2026.03.17 12:08:40;SELL;0.13;5001.635;5007.561;5007.521;4989.863;-77.04;76.52;0.938;-1.007;SL;DH5|2|1228
101237;2026.03.17 13:32:19;2026.03.17 13:35:30;BUY;0.12;5020.460;5020.145;5014.051;5033.278;-3.78;76.91;0.952;-0.049;SL;DH5|2|1229
101239;2026.03.17 13:37:30;2026.03.17 13:40:05;SELL;0.09;5019.590;5028.384;5028.097;5002.576;-79.15;76.56;0.948;-1.034;SL;DH5|3|1230
101241;2026.03.17 15:29:08;2026.03.17 15:29:27;BUY;0.13;5000.034;4994.365;4994.385;5011.332;-73.70;73.44;0.918;-1.004;SL;DH5|3|1232
101243;2026.03.18 01:11:33;2026.03.18 01:37:29;SELL;0.15;5012.026;5002.429;5016.728;5002.622;143.95;70.53;0.890;2.041;TP;DH5|3|1238
101245;2026.03.18 03:56:33;2026.03.18 04:47:17;SELL;0.16;4990.293;4986.672;4995.031;4980.817;57.94;75.81;0.940;0.764;SL;DH5|2|1242
101247;2026.03.18 08:45:03;2026.03.18 09:05:38;SELL;0.09;4982.887;4990.981;4990.857;4966.947;-72.85;71.73;0.883;-1.016;SL;DH5|2|1247
101249;2026.03.18 10:35:00;2026.03.18 10:35:08;SELL;0.18;4980.402;4980.638;4984.402;4972.402;-4.25;72.00;0.894;-0.059;SL;DH5|1|1251
101251;2026.03.18 11:00:41;2026.03.18 11:05:26;SELL;0.14;4967.469;4956.610;4972.686;4957.035;152.03;73.04;0.908;2.081;TP;DH5|1|1252
101253;2026.03.18 11:11:31;2026.03.18 11:14:13;SELL;0.12;4957.546;4963.783;4963.631;4945.376;-74.84;73.02;0.891;-1.025;SL;DH5|1|1253
101255;2026.03.18 11:34:08;2026.03.18 11:40:34;SELL;0.09;4959.205;4942.935;4967.171;4943.273;146.43;71.69;0.883;2.042;TP;DH5|1|1254
101257;2026.03.18 11:46:39;2026.03.18 12:05:01;SELL;0.08;4938.034;4931.181;4947.165;4919.772;54.82;73.05;0.883;0.751;SL;DH5|1|1255
101259;2026.03.18 12:06:00;2026.03.18 12:13:37;SELL;0.08;4927.417;4907.964;4936.934;4908.383;155.62;76.14;0.915;2.044;TP;DH5|1|1257
101261;2026.03.18 12:25:02;2026.03.18 12:43:29;SELL;0.07;4899.091;4876.402;4910.364;4876.545;158.82;78.91;0.930;2.013;TP;DH5|1|1259
101263;2026.03.18 12:54:29;2026.03.18 13:00:29;SELL;0.08;4885.918;4863.091;4895.963;4865.828;182.62;80.36;0.930;2.272;TP;DH5|1|1261
101265;2026.03.18 13:06:34;2026.03.18 13:18:07;SELL;0.07;4860.175;4837.137;4871.564;4837.397;161.27;79.72;0.904;2.023;TP;DH5|1|1262
101267;2026.03.18 13:24:34;2026.03.18 13:39:35;SELL;0.07;4857.469;4869.751;4869.607;4833.193;-85.97;84.97;0.946;-1.012;SL;DH5|1|1264
101269;2026.03.18 17:36:29;2026.03.18 18:00:25;SELL;0.16;4896.707;4893.028;4901.655;4886.811;58.86;79.17;0.890;0.744;SL;DH5|3|1266
101271;2026.03.18 18:15:42;2026.03.18 18:58:34;SELL;0.07;4879.838;4857.497;4890.948;4857.618;156.39;77.77;0.868;2.011;TP;DH5|2|1267
101273;2026.03.18 19:02:22;2026.03.18 19:06:35;SELL;0.11;4850.798;4858.784;4858.681;4835.032;-87.85;86.71;0.952;-1.013;SL;DH5|1|1270
101275;2026.03.19 01:01:33;2026.03.19 01:05:00;BUY;0.11;4849.993;4842.026;4842.220;4865.539;-87.64;85.50;0.947;-1.025;SL;DH5|2|1271
101277;2026.03.19 04:13:23;2026.03.19 04:27:09;SELL;0.2;4849.813;4853.831;4853.813;4841.813;-80.36;80.00;0.895;-1.005;SL;DH5|1|1274
101279;2026.03.19 05:30:09;2026.03.19 05:39:23;SELL;0.16;4845.210;4835.025;4850.282;4835.066;162.96;81.15;0.916;2.008;TP;DH5|2|1275
101281;2026.03.19 05:41:29;2026.03.19 05:46:16;SELL;0.2;4834.941;4834.991;4838.941;4826.941;-1.00;80.00;0.887;-0.013;SL;DH5|1|1276
101283;2026.03.19 05:49:34;2026.03.19 05:56:36;SELL;0.2;4837.261;4828.943;4841.261;4829.261;166.36;80.00;0.887;2.080;TP;DH5|1|1277
101285;2026.03.19 06:05:01;2026.03.19 06:17:21;BUY;0.07;4837.496;4825.991;4826.072;4860.344;-80.54;79.97;0.871;-1.007;SL;DH5|3|1279
101287;2026.03.19 06:22:37;2026.03.19 06:27:25;SELL;0.14;4822.230;4822.244;4828.026;4810.638;-0.20;81.14;0.891;-0.002;SL;DH5|1|1280
101289;2026.03.19 06:28:21;2026.03.19 06:34:29;SELL;0.14;4820.897;4808.520;4827.003;4808.685;173.28;85.48;0.939;2.027;TP;DH5|1|1281
101291;2026.03.19 06:37:06;2026.03.19 06:39:05;SELL;0.12;4802.287;4798.663;4809.239;4788.383;43.49;83.42;0.899;0.521;SL;DH5|1|1283
101293;2026.03.19 06:39:40;2026.03.19 06:43:41;SELL;0.1;4795.795;4788.574;4804.037;4779.311;72.21;82.42;0.884;0.876;SL;DH5|1|1284
101295;2026.03.19 06:50:23;2026.03.19 06:54:14;SELL;0.09;4761.876;4757.025;4771.199;4743.230;43.66;83.91;0.893;0.520;SL;DH5|1|1285
101297;2026.03.19 06:59:35;2026.03.19 07:06:38;SELL;0.08;4764.887;4775.227;4775.189;4744.283;-82.72;82.42;0.873;-1.004;SL;DH5|1|1286
101299;2026.03.19 07:50:02;2026.03.19 07:58:43;BUY;0.04;4751.903;4733.090;4733.262;4789.185;-75.25;74.56;0.797;-1.009;SL;DH5|3|1287
101301;2026.03.19 07:59:10;2026.03.19 08:05:33;BUY;0.07;4737.136;4723.334;4724.358;4762.692;-96.61;89.45;0.964;-1.080;SL;DH5|3|1289
101303;2026.03.19 08:21:36;2026.03.19 08:33:38;SELL;0.06;4731.469;4704.970;4744.450;4705.507;158.99;77.89;0.848;2.041;TP;DH5|1|1290
101305;2026.03.19 08:37:30;2026.03.19 08:46:36;SELL;0.06;4711.883;4701.907;4726.127;4683.395;59.86;85.46;0.915;0.700;SL;DH5|1|1291
101307;2026.03.19 08:49:27;2026.03.19 09:16:37;SELL;0.06;4713.407;4704.217;4728.465;4683.291;55.14;90.35;0.961;0.610;SL;DH5|1|1292
101309;2026.03.19 10:28:30;2026.03.19 10:33:29;SELL;0.07;4685.625;4698.421;4698.093;4660.689;-89.57;87.28;0.923;-1.026;SL;DH5|1|1294
101311;2026.03.19 11:49:25;2026.03.19 12:01:34;SELL;0.08;4661.585;4640.427;4672.024;4640.707;169.26;83.51;0.892;2.027;TP;DH5|1|1297
101313;2026.03.19 12:07:44;2026.03.19 12:13:12;SELL;0.08;4633.438;4625.703;4644.303;4611.708;61.88;86.92;0.911;0.712;SL;DH5|1|1298
101315;2026.03.19 12:13:34;2026.03.19 12:17:36;SELL;0.08;4619.645;4630.930;4630.661;4597.613;-90.28;88.13;0.918;-1.024;SL;DH5|1|1299
101317;2026.03.19 12:33:23;2026.03.19 12:43:04;SELL;0.07;4610.248;4586.663;4621.856;4587.032;165.10;81.26;0.855;2.032;TP;DH5|1|1301
101319;2026.03.19 12:47:27;2026.03.19 12:49:32;SELL;0.06;4547.985;4548.168;4563.519;4516.917;-1.10;93.20;0.964;-0.012;SL;DH5|1|1303
101321;2026.03.19 12:52:35;2026.03.19 12:57:23;SELL;0.06;4563.717;4579.496;4579.317;4532.517;-94.67;93.60;0.968;-1.011;SL;DH5|1|1304
101323;2026.03.19 14:54:36;2026.03.19 15:05:37;SELL;0.04;4621.776;4622.045;4641.120;4583.088;-1.08;77.38;0.808;-0.014;SL;DH5|1|1306
101325;2026.03.19 17:06:37;2026.03.19 17:18:36;SELL;0.07;4591.153;4591.168;4603.420;4566.619;-0.10;85.87;0.897;-0.001;SL;DH5|1|1307
101327;2026.03.19 19:03:29;2026.03.19 19:06:34;SELL;0.06;4636.566;4651.039;4650.457;4608.784;-86.84;83.35;0.870;-1.042;SL;DH5|3|1310
101329;2026.03.19 19:16:28;2026.03.19 19:17:38;SELL;0.07;4647.722;4660.933;4660.248;4622.670;-92.48;87.68;0.924;-1.055;SL;DH5|3|1311
101331;2026.03.20 01:08:30;2026.03.20 01:11:21;SELL;0.12;4676.142;4660.857;4683.612;4661.202;183.42;89.64;0.954;2.046;TP;DH5|3|1312
101333;2026.03.20 02:51:32;2026.03.20 03:04:38;SELL;0.11;4698.390;4706.611;4706.498;4682.174;-90.43;89.19;0.931;-1.014;SL;DH5|3|1314
101335;2026.03.20 05:02:30;2026.03.20 05:16:07;SELL;0.12;4714.952;4722.573;4722.035;4700.786;-91.45;85.00;0.896;-1.076;SL;DH5|2|1315
101337;2026.03.20 06:37:14;2026.03.20 06:38:24;BUY;0.1;4680.304;4671.214;4671.316;4698.280;-90.90;89.88;0.956;-1.011;SL;DH5|3|1316
101339;2026.03.20 08:22:29;2026.03.20 08:26:32;SELL;0.12;4726.691;4733.708;4733.642;4712.789;-84.20;83.41;0.896;-1.009;SL;DH5|3|1317
101341;2026.03.20 09:40:57;2026.03.20 10:15:30;SELL;0.05;4674.432;4666.678;4690.006;4643.284;38.77;77.87;0.844;0.498;SL;DH5|2|1318
101343;2026.03.20 10:21:25;2026.03.20 10:30:34;BUY;0.1;4652.762;4652.537;4644.060;4670.166;-2.25;87.02;0.940;-0.026;SL;DH5|3|1321
101345;2026.03.20 11:02:03;2026.03.20 11:06:10;BUY;0.08;4640.336;4660.458;4630.281;4660.446;160.98;80.44;0.869;2.001;TP;DH5|3|1323
101347;2026.03.20 14:01:40;2026.03.20 14:10:33;SELL;0.07;4614.894;4615.034;4626.758;4591.166;-0.98;83.05;0.882;-0.012;SL;DH5|1|1326
101349;2026.03.20 14:11:27;2026.03.20 14:15:30;SELL;0.07;4608.103;4581.773;4621.228;4581.853;184.31;91.88;0.975;2.006;TP;DH5|1|1327
101351;2026.03.20 14:23:00;2026.03.20 14:30:34;SELL;0.06;4567.930;4569.329;4582.883;4538.024;-8.39;89.72;0.934;-0.094;SL;DH5|1|1328
101353;2026.03.20 14:31:35;2026.03.20 14:35:05;SELL;0.05;4567.430;4583.397;4583.238;4535.814;-79.83;79.04;0.824;-1.010;SL;DH5|1|1329
101355;2026.03.20 14:59:26;2026.03.20 15:02:06;SELL;0.05;4561.744;4577.664;4577.635;4529.962;-79.60;79.46;0.835;-1.002;SL;DH5|1|1330
101357;2026.03.20 15:26:13;2026.03.20 15:40:29;BUY;0.06;4549.496;4559.925;4534.977;4578.534;62.57;87.11;0.923;0.718;SL;DH5|3|1331
101359;2026.03.20 17:40:02;2026.03.20 17:51:39;SELL;0.08;4561.749;4572.114;4572.056;4541.135;-82.92;82.46;0.868;-1.006;SL;DH5|1|1332
101361;2026.03.20 18:52:30;2026.03.20 18:55:30;SELL;0.08;4513.575;4491.916;4523.864;4492.997;173.27;82.31;0.874;2.105;TP;DH5|1|1334
101363;2026.03.20 19:16:34;2026.03.20 19:30:32;SELL;0.05;4502.833;4504.197;4519.123;4470.253;-6.82;81.45;0.849;-0.084;SL;DH5|1|1335
101365;2026.03.23 03:07:09;2026.03.23 03:41:34;SELL;0.05;4370.085;4337.354;4386.409;4337.437;163.65;81.62;0.852;2.005;TP;DH5|1|1337
101367;2026.03.23 05:36:04;2026.03.23 05:52:23;SELL;0.09;4331.824;4311.651;4341.906;4311.660;181.56;90.74;0.931;2.001;TP;DH5|1|1340
101369;2026.03.23 05:58:08;2026.03.23 06:02:30;SELL;0.08;4317.289;4294.622;4328.438;4294.991;181.34;89.19;0.898;2.033;TP;DH5|1|1341
101371;2026.03.23 06:08:31;2026.03.23 06:14:25;SELL;0.08;4277.530;4290.040;4289.607;4253.376;-100.08;96.62;0.956;-1.036;SL;DH5|1|1342
101373;2026.03.23 06:32:21;2026.03.23 06:39:30;SELL;0.05;4237.585;4237.615;4254.100;4204.555;-0.15;82.58;0.825;-0.002;SL;DH5|1|1343
101375;2026.03.23 06:41:01;2026.03.23 06:43:36;SELL;0.05;4233.662;4195.112;4252.083;4196.820;192.75;92.10;0.920;2.093;TP;DH5|1|1345
101377;2026.03.24 04:02:30;2026.03.24 04:19:37;SELL;0.1;4349.955;4330.857;4359.189;4331.487;190.98;92.34;0.905;2.068;TP;DH5|1|1356
101379;2026.03.24 04:22:32;2026.03.24 04:28:34;SELL;0.11;4332.231;4341.164;4340.912;4314.869;-98.26;95.49;0.919;-1.029;SL;DH5|1|1357
101381;2026.03.24 07:54:19;2026.03.24 08:00:41;SELL;0.09;4424.773;4402.624;4435.443;4403.433;199.34;96.03;0.933;2.076;TP;DH5|3|1359
101383;2026.03.24 11:01:06;2026.03.24 11:01:28;SELL;0.07;4429.343;4398.575;4443.964;4400.101;215.38;102.35;0.975;2.104;TP;DH5|3|1360
101385;2026.03.24 13:30:35;2026.03.24 14:03:29;BUY;0.07;4364.287;4394.593;4349.373;4394.115;212.14;104.40;0.975;2.032;TP;DH5|3|1362
101387;2026.03.25 01:16:20;2026.03.25 01:38:28;BUY;0.12;4571.875;4588.869;4563.386;4588.853;203.93;101.87;0.933;2.002;TP;DH5|1|1365
101389;2026.03.25 02:01:32;2026.03.25 02:09:42;BUY;0.14;4589.355;4581.832;4581.939;4604.187;-105.32;103.82;0.933;-1.014;SL;DH5|1|1367
101391;2026.03.25 04:03:32;2026.03.25 05:17:36;BUY;0.19;4569.452;4563.927;4564.076;4580.204;-104.98;102.14;0.927;-1.028;SL;DH5|1|1369
101393;2026.03.25 06:03:33;2026.03.25 06:06:42;BUY;0.19;4550.109;4544.622;4544.668;4560.991;-104.25;103.38;0.947;-1.008;SL;DH5|3|1370
101395;2026.03.25 11:52:37;2026.03.25 12:05:29;BUY;0.19;4575.617;4575.427;4570.313;4586.225;-3.61;100.78;0.932;-0.036;SL;DH5|1|1379
101397;2026.03.25 13:37:00;2026.03.25 13:46:10;BUY;0.09;4565.912;4554.640;4554.841;4588.054;-101.45;99.64;0.922;-1.018;SL;DH5|1|1381
101399;2026.03.25 14:55:33;2026.03.25 15:05:21;BUY;0.11;4569.262;4560.406;4560.426;4586.934;-97.42;97.20;0.908;-1.002;SL;DH5|1|1382
101401;2026.03.26 05:06:20;2026.03.26 05:20:33;SELL;0.19;4515.814;4511.495;4520.933;4505.576;82.06;97.26;0.917;0.844;SL;DH5|2|1385
101403;2026.03.26 06:17:31;2026.03.26 07:03:30;BUY;0.06;4428.951;4459.951;4413.549;4459.755;186.00;92.41;0.865;2.013;TP;DH5|3|1388
101405;2026.03.26 08:48:24;2026.03.26 08:54:32;SELL;0.1;4427.053;4437.480;4437.154;4406.851;-104.27;101.01;0.929;-1.032;SL;DH5|1|1391
101407;2026.03.26 13:46:06;2026.03.26 13:59:16;SELL;0.11;4456.562;4437.233;4465.857;4437.972;212.62;102.25;0.949;2.080;TP;DH5|3|1394
101409;2026.03.26 14:24:34;2026.03.26 14:34:27;SELL;0.08;4459.154;4472.278;4472.032;4433.398;-104.99;103.02;0.938;-1.019;SL;DH5|3|1395
101411;2026.03.26 14:37:34;2026.03.26 14:56:32;SELL;0.08;4468.996;4459.329;4481.385;4444.218;77.34;99.11;0.911;0.780;SL;DH5|3|1396
101413;2026.03.26 16:41:45;2026.03.26 18:20:31;BUY;0.06;4387.774;4371.051;4371.437;4420.448;-100.34;98.02;0.895;-1.024;SL;DH5|3|1399
101415;2026.03.26 19:49:34;2026.03.26 19:54:44;SELL;0.17;4375.849;4363.796;4381.850;4363.847;204.90;102.02;0.940;2.008;TP;DH5|1|1402
101417;2026.03.27 01:01:31;2026.03.27 01:04:30;SELL;0.17;4383.525;4389.513;4389.499;4371.577;-101.80;101.56;0.918;-1.002;SL;DH5|1|1403
101419;2026.03.27 03:40:44;2026.03.27 04:56:07;SELL;0.13;4439.616;4447.654;4447.598;4423.652;-104.49;103.77;0.947;-1.007;SL;DH5|3|1405
101421;2026.03.27 04:56:27;2026.03.27 05:30:33;SELL;0.25;4445.800;4446.081;4449.800;4437.800;-7.02;100.00;0.921;-0.070;SL;DH5|3|1407
101423;2026.03.27 05:30:53;2026.03.27 05:35:25;BUY;0.15;4451.056;4464.234;4444.477;4464.214;197.67;98.69;0.910;2.003;TP;DH5|2|1408
101425;2026.03.27 08:35:41;2026.03.27 08:48:05;BUY;0.2;4433.672;4433.664;4428.458;4444.100;-0.16;104.28;0.944;-0.002;SL;DH5|3|1410
101427;2026.03.27 12:54:30;2026.03.27 13:10:35;SELL;0.14;4439.631;4424.865;4446.816;4425.261;206.72;100.59;0.911;2.055;TP;DH5|3|1417
101429;2026.03.27 14:21:22;2026.03.27 14:47:31;SELL;0.1;4462.169;4473.066;4473.055;4440.397;-108.97;108.86;0.967;-1.001;SL;DH5|3|1420
101431;2026.03.27 18:41:25;2026.03.27 18:47:21;BUY;0.14;4519.678;4519.593;4512.353;4534.328;-1.19;102.55;0.920;-0.012;SL;DH5|1|1422
101433;2026.03.30 03:24:28;2026.03.30 03:59:32;SELL;0.12;4512.993;4495.728;4521.583;4495.813;207.18;103.08;0.925;2.010;TP;DH5|3|1423
101435;2026.03.30 04:57:43;2026.03.30 05:21:23;BUY;0.14;4498.395;4513.735;4490.782;4513.621;214.76;106.58;0.939;2.015;TP;DH5|2|1425
101437;2026.03.30 08:36:02;2026.03.30 09:08:30;BUY;0.2;4533.297;4532.890;4527.817;4544.257;-8.14;109.60;0.948;-0.074;SL;DH5|1|1430
101439;2026.03.30 09:15:34;2026.03.30 09:21:27;SELL;0.12;4526.361;4535.415;4535.212;4508.659;-108.65;106.21;0.919;-1.023;SL;DH5|2|1432
101441;2026.03.30 10:20:18;2026.03.30 10:21:38;BUY;0.13;4540.053;4531.875;4531.917;4556.325;-106.31;105.77;0.924;-1.005;SL;DH5|2|1433
101443;2026.03.30 11:20:27;2026.03.30 11:26:29;SELL;0.15;4540.018;4547.060;4546.881;4526.292;-105.63;102.95;0.908;-1.026;SL;DH5|3|1435
101445;2026.03.30 11:54:15;2026.03.30 11:55:21;BUY;0.15;4574.182;4566.244;4567.178;4588.190;-119.07;105.06;0.935;-1.133;SL;DH5|1|1437
101447;2026.03.30 13:07:32;2026.03.30 13:22:37;BUY;0.15;4567.317;4560.552;4560.553;4580.845;-101.48;101.46;0.913;-1.000;SL;DH5|1|1438
101449;2026.03.30 13:59:40;2026.03.30 14:21:31;BUY;0.09;4526.220;4514.705;4515.069;4548.522;-103.64;100.36;0.911;-1.033;SL;DH5|3|1439
101451;2026.03.30 14:22:24;2026.03.30 14:41:33;BUY;0.1;4517.595;4523.121;4507.763;4537.259;55.26;98.32;0.901;0.562;SL;DH5|3|1440
101453;2026.03.30 15:53:32;2026.03.30 15:58:34;BUY;0.14;4547.897;4547.784;4540.531;4562.629;-1.58;103.12;0.940;-0.015;SL;DH5|1|1442
101455;2026.03.30 18:54:39;2026.03.30 19:07:04;SELL;0.12;4508.715;4504.322;4517.352;4491.441;52.72;103.64;0.945;0.509;SL;DH5|2|1446
101457;2026.03.30 19:13:31;2026.03.30 19:35:38;BUY;0.15;4499.043;4512.606;4492.398;4512.333;203.45;99.67;0.905;2.041;TP;DH5|3|1447
101459;2026.03.31 01:03:36;2026.03.31 01:15:26;SELL;0.1;4545.844;4546.123;4556.218;4525.096;-2.79;103.74;0.925;-0.027;SL;DH5|3|1449
101461;2026.03.31 02:04:28;2026.03.31 02:25:42;BUY;0.09;4592.902;4580.758;4580.773;4617.160;-109.30;109.16;0.973;-1.001;SL;DH5|1|1452
101463;2026.03.31 04:20:30;2026.03.31 05:10:32;BUY;0.1;4567.482;4557.346;4557.460;4587.526;-101.36;100.22;0.902;-1.011;SL;DH5|2|1453
101465;2026.03.31 07:04:32;2026.03.31 07:12:32;BUY;0.15;4560.093;4553.284;4553.293;4573.693;-102.14;102.00;0.927;-1.001;SL;DH5|1|1457
101467;2026.03.31 07:20:24;2026.03.31 07:36:35;BUY;0.16;4548.433;4561.064;4542.205;4560.889;202.10;99.65;0.914;2.028;TP;DH5|3|1458
101469;2026.03.31 08:40:38;2026.03.31 09:00:25;BUY;0.21;4571.767;4566.604;4566.957;4581.387;-108.42;101.01;0.909;-1.073;SL;DH5|1|1460
101471;2026.03.31 10:36:27;2026.03.31 10:38:37;SELL;0.15;4550.975;4537.073;4557.897;4537.131;208.53;103.83;0.944;2.008;TP;DH5|2|1461
101473;2026.03.31 11:30:27;2026.03.31 11:39:20;SELL;0.08;4572.587;4585.034;4584.960;4547.841;-99.58;98.98;0.883;-1.006;SL;DH5|3|1462
101475;2026.03.31 13:57:41;2026.03.31 14:00:29;BUY;0.13;4597.955;4614.021;4589.981;4613.903;208.86;103.66;0.933;2.015;TP;DH5|1|1465
101477;2026.03.31 14:08:34;2026.03.31 14:34:04;BUY;0.12;4610.134;4628.422;4601.116;4628.170;219.46;108.22;0.956;2.028;TP;DH5|1|1466
101479;2026.03.31 14:38:03;2026.03.31 14:48:26;BUY;0.1;4613.634;4602.871;4603.293;4634.316;-107.63;103.41;0.896;-1.041;SL;DH5|1|1467
101481;2026.03.31 16:49:02;2026.03.31 16:51:30;BUY;0.14;4635.915;4642.104;4628.562;4650.621;86.65;102.94;0.901;0.842;SL;DH5|1|1469
101483;2026.03.31 17:07:44;2026.03.31 17:09:42;BUY;0.12;4646.259;4636.916;4637.181;4664.415;-112.12;108.94;0.946;-1.029;SL;DH5|1|1470
101485;2026.03.31 17:29:26;2026.03.31 17:36:30;BUY;0.11;4646.112;4650.467;4636.881;4664.574;47.90;101.54;0.890;0.472;SL;DH5|1|1471
101487;2026.03.31 17:39:29;2026.03.31 17:55:31;BUY;0.11;4651.089;4657.807;4641.624;4670.019;73.90;104.12;0.909;0.710;SL;DH5|1|1472
101489;2026.03.31 17:57:24;2026.03.31 19:02:35;BUY;0.11;4656.932;4675.804;4647.515;4675.766;207.59;103.59;0.899;2.004;TP;DH5|1|1474
101491;2026.03.31 19:07:28;2026.03.31 19:08:33;BUY;0.19;4670.360;4663.918;4664.487;4682.106;-122.40;111.59;0.951;-1.097;SL;DH5|1|1479
101493;2026.03.31 19:11:03;2026.03.31 19:20:33;SELL;0.16;4670.562;4677.356;4677.209;4657.268;-108.70;106.35;0.916;-1.022;SL;DH5|3|1480
101495;2026.03.31 19:24:42;2026.03.31 19:39:31;SELL;0.14;4675.152;4682.786;4682.569;4660.318;-106.88;103.84;0.903;-1.029;SL;DH5|3|1481
101497;2026.03.31 19:53:28;2026.03.31 20:09:36;BUY;0.19;4682.549;4677.032;4677.047;4693.553;-104.82;104.54;0.917;-1.003;SL;DH5|1|1485
101499;2026.04.01 02:31:05;2026.04.01 02:39:35;BUY;0.12;4688.426;4679.554;4679.779;4705.720;-106.46;103.76;0.919;-1.026;SL;DH5|1|1487
101501;2026.04.01 03:43:37;2026.04.01 03:56:32;BUY;0.22;4685.884;4681.200;4681.225;4695.202;-103.05;102.50;0.917;-1.005;SL;DH5|1|1489
101503;2026.04.01 03:56:33;2026.04.01 04:39:38;SELL;0.13;4680.677;4675.747;4688.571;4664.889;64.09;102.62;0.926;0.625;SL;DH5|2|1490
101505;2026.04.01 05:22:33;2026.04.01 05:27:36;BUY;0.25;4682.536;4685.029;4678.536;4690.536;62.33;100.00;0.897;0.623;SL;DH5|1|1493
101507;2026.04.01 05:47:36;2026.04.01 05:55:29;BUY;0.24;4698.576;4693.888;4694.220;4707.288;-112.51;104.54;0.933;-1.076;SL;DH5|1|1494
101509;2026.04.01 06:51:41;2026.04.01 07:03:31;BUY;0.16;4723.478;4723.470;4716.924;4736.586;-0.13;104.86;0.945;-0.001;SL;DH5|1|1495
101511;2026.04.01 07:09:29;2026.04.01 07:33:36;BUY;0.14;4719.660;4733.930;4712.530;4733.920;199.78;99.82;0.900;2.001;TP;DH5|1|1496
101513;2026.04.01 07:33:57;2026.04.01 07:49:32;BUY;0.07;4736.216;4721.840;4722.189;4764.270;-100.63;98.19;0.869;-1.025;SL;DH5|2|1497
101515;2026.04.01 08:56:31;2026.04.01 09:06:43;BUY;0.15;4729.201;4722.152;4722.275;4743.053;-105.73;103.89;0.928;-1.018;SL;DH5|1|1501
101517;2026.04.01 10:35:27;2026.04.01 10:50:27;BUY;0.2;4728.574;4733.125;4723.411;4738.900;91.02;103.26;0.931;0.881;SL;DH5|1|1502
101519;2026.04.01 11:12:36;2026.04.01 11:23:25;BUY;0.21;4737.885;4737.792;4732.960;4747.735;-1.95;103.43;0.925;-0.019;SL;DH5|1|1503
101521;2026.04.01 11:24:40;2026.04.01 11:38:29;BUY;0.2;4740.434;4750.953;4735.325;4750.652;210.38;102.18;0.914;2.059;TP;DH5|1|1506
101523;2026.04.01 11:48:35;2026.04.01 12:01:41;BUY;0.19;4756.773;4751.148;4751.164;4767.991;-106.88;106.57;0.936;-1.003;SL;DH5|1|1507
101525;2026.04.01 15:01:33;2026.04.01 15:14:37;BUY;0.11;4762.753;4762.547;4753.218;4781.823;-2.27;104.88;0.930;-0.022;SL;DH5|1|1508
101527;2026.04.01 16:04:36;2026.04.01 16:11:34;BUY;0.16;4786.599;4779.866;4780.080;4799.637;-107.73;104.30;0.925;-1.033;SL;DH5|1|1510
101529;2026.04.01 17:03:35;2026.04.01 17:20:38;SELL;0.23;4790.342;4787.621;4794.860;4781.306;62.58;103.91;0.930;0.602;SL;DH5|3|1511
101531;2026.04.01 19:47:33;2026.04.01 19:50:34;BUY;0.17;4768.447;4762.014;4762.357;4780.627;-109.36;103.53;0.922;-1.056;SL;DH5|1|1514
101533;2026.04.02 06:06:37;2026.04.02 06:07:34;BUY;0.08;4587.540;4574.975;4575.231;4612.158;-100.52;98.47;0.885;-1.021;SL;DH5|3|1517
101535;2026.04.02 10:05:34;2026.04.02 10:16:40;BUY;0.1;4633.253;4621.759;4622.709;4654.341;-114.94;105.44;0.957;-1.090;SL;DH5|2|1519
101537;2026.04.02 13:50:28;2026.04.02 13:57:31;SELL;0.08;4633.572;4647.160;4646.843;4607.030;-108.70;106.17;0.973;-1.024;SL;DH5|3|1522
101539;2026.04.02 14:00:36;2026.04.02 14:11:40;SELL;0.06;4636.107;4653.792;4653.411;4601.499;-106.11;103.82;0.961;-1.022;SL;DH5|3|1523
101541;2026.04.02 14:12:39;2026.04.02 14:22:32;SELL;0.07;4650.402;4664.905;4664.774;4621.658;-101.52;100.60;0.941;-1.009;SL;DH5|3|1524
101543;2026.04.02 18:41:43;2026.04.02 19:18:28;BUY;0.09;4663.541;4670.163;4652.727;4685.169;59.60;97.33;0.919;0.612;SL;DH5|2|1527
101545;2026.04.06 02:18:04;2026.04.06 02:19:32;SELL;0.13;4652.607;4660.500;4660.472;4636.877;-102.61;102.24;0.960;-1.004;SL;DH5|3|1529
101547;2026.04.06 04:01:32;2026.04.06 05:01:05;BUY;0.09;4643.234;4663.801;4632.982;4663.738;185.10;92.27;0.875;2.006;TP;DH5|2|1531
101549;2026.04.06 05:12:34;2026.04.06 05:18:14;SELL;0.15;4671.435;4678.151;4677.936;4658.433;-100.74;97.51;0.909;-1.033;SL;DH5|3|1533
101551;2026.04.06 06:50:30;2026.04.06 07:09:31;BUY;0.14;4663.448;4656.284;4656.298;4677.748;-100.30;100.10;0.941;-1.002;SL;DH5|2|1534
101553;2026.04.06 07:52:01;2026.04.06 07:54:01;SELL;0.17;4678.418;4684.168;4684.054;4667.146;-97.75;95.81;0.910;-1.020;SL;DH5|3|1535
101555;2026.04.06 09:00:35;2026.04.06 10:14:35;BUY;0.11;4699.420;4690.362;4690.489;4717.282;-99.64;98.24;0.942;-1.014;SL;DH5|2|1539
101557;2026.04.06 15:16:31;2026.04.06 15:37:24;BUY;0.12;4660.420;4660.005;4652.199;4676.862;-4.98;98.65;0.955;-0.050;SL;DH5|3|1546
101559;2026.04.06 16:55:34;2026.04.06 17:14:15;SELL;0.13;4660.718;4646.507;4667.823;4646.508;184.74;92.37;0.894;2.000;TP;DH5|2|1548
101561;2026.04.06 18:11:23;2026.04.06 18:37:41;BUY;0.15;4661.253;4654.770;4654.960;4673.839;-97.24;94.39;0.898;-1.030;SL;DH5|2|1550
101563;2026.04.06 19:17:38;2026.04.06 19:55:28;SELL;0.1;4646.774;4656.791;4656.648;4627.026;-100.17;98.74;0.948;-1.014;SL;DH5|2|1551
101565;2026.04.06 19:55:29;2026.04.06 20:40:00;BUY;0.14;4657.110;4652.457;4650.391;4670.548;-65.14;94.07;0.912;-0.693;EA;DH5|2|1552
101567;2026.04.07 01:00:00;2026.04.07 01:00:25;SELL;0.16;4652.711;4640.366;4658.544;4641.045;197.52;93.33;0.910;2.116;TP;DH5|2|1553
101569;2026.04.07 01:53:44;2026.04.07 01:56:43;BUY;0.09;4628.498;4617.441;4617.596;4650.302;-99.51;98.12;0.939;-1.014;SL;DH5|3|1554
101571;2026.04.07 04:30:35;2026.04.07 04:42:34;BUY;0.19;4653.117;4663.399;4648.154;4663.043;195.36;94.30;0.911;2.072;TP;DH5|2|1555
101573;2026.04.07 08:14:57;2026.04.07 08:20:03;SELL;0.18;4663.662;4664.486;4669.208;4652.570;-14.83;99.83;0.947;-0.149;SL;DH5|3|1556
101575;2026.04.07 11:15:38;2026.04.07 11:44:29;BUY;0.08;4638.780;4662.493;4626.964;4662.412;189.70;94.53;0.898;2.007;TP;DH5|3|1559
101577;2026.04.07 12:48:59;2026.04.07 12:55:32;SELL;0.07;4647.819;4662.241;4662.101;4619.255;-100.95;99.97;0.933;-1.010;SL;DH5|2|1560
101579;2026.04.07 14:04:17;2026.04.07 14:06:20;BUY;0.13;4629.500;4621.123;4621.707;4645.086;-108.90;101.31;0.954;-1.075;SL;DH5|3|1561
101581;2026.04.07 14:16:26;2026.04.07 14:18:26;BUY;0.1;4623.514;4613.789;4613.838;4642.866;-97.25;96.76;0.921;-1.005;SL;DH5|3|1563
101583;2026.04.07 17:09:34;2026.04.07 17:21:03;SELL;0.14;4667.931;4654.330;4674.632;4654.529;190.41;93.81;0.901;2.030;TP;DH5|3|1564
101585;2026.04.07 18:49:48;2026.04.07 19:08:40;SELL;0.1;4672.282;4668.520;4681.762;4653.322;37.62;94.80;0.894;0.397;SL;DH5|2|1565
101587;2026.04.08 05:39:31;2026.04.08 05:49:26;BUY;0.21;4818.920;4828.817;4814.243;4828.274;207.84;98.22;0.923;2.116;TP;DH5|1|1571
101589;2026.04.08 08:25:26;2026.04.08 09:25:38;SELL;0.11;4804.439;4804.575;4813.794;4785.729;-1.50;102.90;0.949;-0.015;SL;DH5|2|1572
101591;2026.04.08 09:26:10;2026.04.08 09:29:30;BUY;0.11;4805.998;4796.521;4796.677;4824.640;-104.25;102.53;0.945;-1.017;SL;DH5|2|1574
101593;2026.04.08 11:27:16;2026.04.08 11:30:33;BUY;0.1;4797.248;4786.747;4787.251;4817.242;-105.01;99.97;0.931;-1.050;SL;DH5|2|1576
101595;2026.04.08 12:17:33;2026.04.08 12:19:29;BUY;0.16;4803.369;4797.258;4797.286;4815.535;-97.78;97.33;0.915;-1.005;SL;DH5|1|1577
101597;2026.04.08 12:27:36;2026.04.08 12:55:26;BUY;0.08;4778.841;4802.546;4767.041;4802.441;189.64;94.40;0.896;2.009;TP;DH5|3|1578
101599;2026.04.08 13:25:06;2026.04.08 13:30:33;BUY;0.09;4798.578;4787.941;4788.088;4819.558;-95.73;94.41;0.880;-1.014;SL;DH5|1|1579
101601;2026.04.08 14:26:33;2026.04.08 14:31:32;BUY;0.1;4769.456;4759.477;4759.485;4789.398;-99.79;99.71;0.938;-1.001;SL;DH5|3|1580
101603;2026.04.08 14:54:29;2026.04.08 14:56:25;BUY;0.09;4752.293;4741.641;4741.729;4773.421;-95.87;95.08;0.903;-1.008;SL;DH5|3|1581
101605;2026.04.09 02:56:31;2026.04.09 03:19:36;SELL;0.14;4720.696;4706.352;4727.846;4706.396;200.82;100.10;0.959;2.006;TP;DH5|2|1590
101607;2026.04.09 05:10:41;2026.04.09 05:20:26;SELL;0.14;4713.548;4720.633;4720.627;4699.390;-99.19;99.11;0.931;-1.001;SL;DH5|2|1591
101609;2026.04.09 06:53:26;2026.04.09 07:05:34;SELL;0.1;4707.668;4717.553;4717.530;4687.944;-98.85;98.62;0.936;-1.002;SL;DH5|2|1592
101611;2026.04.09 07:08:59;2026.04.09 07:20:37;SELL;0.17;4726.215;4715.057;4731.783;4715.079;189.69;94.66;0.907;2.004;TP;DH5|3|1594
101613;2026.04.09 08:44:30;2026.04.09 09:09:27;SELL;0.18;4730.043;4730.056;4735.602;4718.925;-0.23;100.06;0.941;-0.002;SL;DH5|3|1595
101615;2026.04.09 10:39:08;2026.04.09 10:47:35;SELL;0.24;4738.542;4742.635;4742.542;4730.542;-98.23;96.00;0.903;-1.023;SL;DH5|3|1596
101617;2026.04.09 15:39:31;2026.04.09 15:49:23;BUY;0.13;4792.603;4784.639;4785.377;4807.055;-103.53;93.94;0.892;-1.102;SL;DH5|1|1603
101619;2026.04.09 16:07:22;2026.04.09 16:13:31;BUY;0.14;4796.298;4789.185;4789.358;4810.178;-99.58;97.16;0.932;-1.025;SL;DH5|1|1604
101621;2026.04.09 18:03:34;2026.04.09 18:41:36;SELL;0.11;4786.802;4769.558;4795.146;4770.114;189.68;91.78;0.889;2.067;TP;DH5|2|1606
101623;2026.04.09 19:46:38;2026.04.09 20:40:00;SELL;0.12;4768.819;4764.806;4776.922;4752.613;48.16;97.24;0.924;0.495;EA;DH5|2|1607
101625;2026.04.10 01:00:18;2026.04.10 01:46:40;BUY;0.13;4764.010;4768.766;4756.384;4779.262;61.83;99.14;0.938;0.624;SL;DH5|2|1608
101627;2026.04.10 02:14:01;2026.04.10 02:20:39;BUY;0.18;4751.520;4745.891;4746.051;4762.458;-101.32;98.44;0.926;-1.029;SL;DH5|3|1609
101629;2026.04.10 02:26:34;2026.04.10 02:30:35;BUY;0.16;4748.867;4742.723;4742.850;4760.901;-98.30;96.27;0.914;-1.021;SL;DH5|3|1610
101631;2026.04.10 04:41:37;2026.04.10 05:36:36;SELL;0.18;4762.028;4767.323;4767.259;4751.566;-95.31;94.16;0.903;-1.012;SL;DH5|2|1611
101633;2026.04.10 06:50:35;2026.04.10 07:02:33;BUY;0.22;4746.861;4742.524;4742.644;4755.295;-95.41;92.77;0.898;-1.028;SL;DH5|3|1612
101635;2026.04.10 08:44:37;2026.04.10 08:55:35;SELL;0.14;4741.660;4738.032;4748.454;4728.072;50.79;95.12;0.929;0.534;SL;DH5|2|1615
101637;2026.04.10 11:24:27;2026.04.10 12:02:33;BUY;0.18;4762.045;4764.679;4756.866;4772.403;47.41;93.22;0.906;0.509;SL;DH5|2|1618
101639;2026.04.10 14:16:35;2026.04.10 14:18:33;SELL;0.15;4781.790;4788.377;4788.368;4768.634;-98.81;98.67;0.955;-1.001;SL;DH5|3|1624
101641;2026.04.10 14:34:34;2026.04.10 14:43:37;SELL;0.11;4788.041;4783.578;4796.676;4770.771;49.09;94.99;0.928;0.517;SL;DH5|3|1625
101643;2026.04.10 15:41:37;2026.04.10 16:04:39;BUY;0.07;4766.527;4753.451;4753.579;4792.423;-91.53;90.64;0.881;-1.010;SL;DH5|3|1626
101645;2026.04.10 16:05:12;2026.04.10 16:06:21;BUY;0.14;4755.619;4749.098;4749.100;4768.657;-91.29;91.27;0.895;-1.000;SL;DH5|3|1627
101647;2026.04.10 18:03:32;2026.04.10 18:12:25;SELL;0.13;4756.540;4763.684;4763.661;4742.298;-92.87;92.57;0.916;-1.003;SL;DH5|2|1628
101649;2026.04.10 19:30:35;2026.04.10 20:05:04;SELL;0.18;4762.371;4752.161;4767.462;4752.189;183.78;91.64;0.915;2.005;TP;DH5|2|1629
101651;2026.04.13 02:39:55;2026.04.13 04:57:29;SELL;0.12;4716.547;4724.581;4724.470;4700.701;-96.41;95.08;0.933;-1.014;SL;DH5|2|1631
101653;2026.04.13 06:00:18;2026.04.13 06:00:49;SELL;0.23;4727.788;4727.877;4731.788;4719.788;-2.05;92.00;0.911;-0.022;SL;DH5|3|1634
101655;2026.04.13 06:31:35;2026.04.13 06:48:32;SELL;0.23;4731.461;4723.258;4735.542;4723.299;188.67;93.86;0.930;2.010;TP;DH5|3|1636
101657;2026.04.13 06:48:58;2026.04.13 07:00:33;SELL;0.15;4722.512;4729.007;4728.994;4709.548;-97.43;97.23;0.945;-1.002;SL;DH5|2|1637
101659;2026.04.13 08:41:35;2026.04.13 09:38:41;SELL;0.13;4725.890;4711.054;4733.260;4711.150;192.87;95.81;0.940;2.013;TP;DH5|2|1641
101661;2026.04.13 09:44:27;2026.04.13 10:25:29;BUY;0.19;4714.664;4709.562;4709.590;4724.812;-96.94;96.41;0.929;-1.006;SL;DH5|3|1643
101663;2026.04.13 10:25:31;2026.04.13 10:34:32;SELL;0.14;4708.707;4715.558;4715.457;4695.207;-95.91;94.50;0.919;-1.015;SL;DH5|2|1644
101665;2026.04.13 11:41:34;2026.04.13 11:43:30;BUY;0.23;4709.406;4705.079;4705.406;4717.406;-99.52;92.00;0.903;-1.082;SL;DH5|3|1647
101667;2026.04.13 16:06:37;2026.04.13 16:40:31;BUY;0.1;4719.116;4738.561;4709.444;4738.460;194.45;96.72;0.959;2.010;TP;DH5|2|1652
101669;2026.04.13 18:51:33;2026.04.13 20:40:00;BUY;0.12;4737.461;4738.573;4729.260;4753.863;13.34;98.41;0.957;0.136;EA;DH5|2|1656
101671;2026.04.14 01:12:35;2026.04.14 01:20:15;BUY;0.21;4774.264;4769.697;4769.706;4783.380;-95.91;95.72;0.930;-1.002;SL;DH5|1|1657
101673;2026.04.14 06:45:27;2026.04.14 07:00:27;BUY;0.15;4771.306;4784.286;4764.825;4784.268;194.70;97.22;0.953;2.003;TP;DH5|2|1662
101675;2026.04.14 07:05:25;2026.04.14 07:10:32;BUY;0.21;4788.288;4791.478;4783.690;4797.484;66.99;96.56;0.929;0.694;SL;DH5|1|1665
101677;2026.04.14 07:12:30;2026.04.14 07:20:30;BUY;0.22;4788.281;4783.889;4783.978;4796.887;-96.62;94.67;0.905;-1.021;SL;DH5|1|1666
101679;2026.04.14 08:42:17;2026.04.14 08:50:34;BUY;0.24;4786.529;4782.404;4782.529;4794.529;-99.00;96.00;0.926;-1.031;SL;DH5|1|1667
101681;2026.04.14 11:40:28;2026.04.14 11:50:31;BUY;0.14;4778.853;4771.749;4772.040;4792.479;-99.46;95.38;0.929;-1.043;SL;DH5|1|1668
101683;2026.04.14 14:06:40;2026.04.14 14:12:28;BUY;0.15;4795.224;4795.200;4789.064;4807.544;-0.36;92.40;0.909;-0.004;SL;DH5|1|1670
101685;2026.04.14 14:20:24;2026.04.14 14:27:34;SELL;0.14;4802.868;4809.680;4809.646;4789.312;-95.37;94.89;0.933;-1.005;SL;DH5|3|1671
101687;2026.04.14 16:19:35;2026.04.14 16:59:26;BUY;0.13;4817.024;4809.642;4809.895;4831.282;-95.97;92.68;0.920;-1.035;SL;DH5|2|1673
101689;2026.04.14 17:05:26;2026.04.14 17:17:41;BUY;0.13;4821.444;4826.013;4814.220;4835.892;59.40;93.91;0.941;0.632;SL;DH5|2|1676
101691;2026.04.14 18:08:44;2026.04.14 18:50:33;BUY;0.09;4842.355;4832.400;4832.452;4862.161;-89.59;89.13;0.888;-1.005;SL;DH5|2|1682
101693;2026.04.15 01:07:31;2026.04.15 01:16:01;BUY;0.13;4838.998;4854.487;4832.054;4852.886;201.36;90.27;0.908;2.231;TP;DH5|2|1684
101695;2026.04.15 01:28:23;2026.04.15 01:51:29;SELL;0.14;4852.195;4847.325;4859.064;4838.457;68.18;96.17;0.948;0.709;SL;DH5|3|1685
101697;2026.04.15 02:20:17;2026.04.15 02:22:43;BUY;0.13;4843.605;4836.192;4836.259;4858.297;-96.37;95.50;0.935;-1.009;SL;DH5|1|1686
101699;2026.04.15 05:36:34;2026.04.15 05:38:41;SELL;0.18;4821.835;4819.340;4827.024;4811.457;44.91;93.40;0.923;0.481;SL;DH5|2|1692
101701;2026.04.15 05:39:03;2026.04.15 05:43:37;BUY;0.17;4818.400;4812.555;4812.789;4829.622;-99.37;95.39;0.939;-1.042;SL;DH5|3|1693
101703;2026.04.15 06:33:01;2026.04.15 06:51:06;BUY;0.2;4813.185;4817.126;4808.669;4822.217;78.82;90.32;0.897;0.873;SL;DH5|3|1694
101705;2026.04.15 07:01:06;2026.04.15 08:57:30;SELL;0.14;4810.365;4817.340;4817.199;4796.697;-97.65;95.68;0.943;-1.021;SL;DH5|2|1696
101707;2026.04.15 09:11:14;2026.04.15 09:11:26;BUY;0.18;4804.883;4799.496;4799.605;4815.439;-96.97;95.00;0.946;-1.021;SL;DH5|3|1699
101709;2026.04.15 11:30:28;2026.04.15 12:05:30;BUY;0.13;4807.551;4807.440;4800.714;4821.225;-1.44;88.88;0.893;-0.016;SL;DH5|2|1701
101711;2026.04.15 13:21:37;2026.04.15 14:32:33;BUY;0.12;4819.693;4819.676;4812.123;4834.833;-0.20;90.84;0.913;-0.002;SL;DH5|2|1702
101713;2026.04.15 15:30:05;2026.04.15 15:30:41;BUY;0.18;4800.226;4795.047;4795.062;4810.554;-93.22;92.95;0.935;-1.003;SL;DH5|3|1707
101715;2026.04.16 01:01:31;2026.04.16 01:15:36;BUY;0.2;4833.166;4828.583;4828.640;4842.218;-91.66;90.52;0.919;-1.013;SL;DH5|1|1709
101717;2026.04.16 08:04:56;2026.04.16 08:05:29;BUY;0.21;4814.668;4810.369;4810.483;4823.038;-90.28;87.88;0.900;-1.027;SL;DH5|3|1711
101719;2026.04.16 08:15:42;2026.04.16 08:31:37;BUY;0.2;4813.859;4809.198;4809.381;4822.815;-93.22;89.56;0.926;-1.041;SL;DH5|3|1713
101721;2026.04.16 09:31:37;2026.04.16 09:44:04;SELL;0.14;4807.501;4813.670;4813.623;4795.257;-86.37;85.71;0.895;-1.008;SL;DH5|2|1715
101723;2026.04.16 10:15:18;2026.04.16 10:41:26;SELL;0.13;4805.215;4811.755;4811.711;4792.223;-85.02;84.45;0.890;-1.007;SL;DH5|2|1716
101725;2026.04.16 13:01:33;2026.04.16 13:08:30;BUY;0.16;4821.383;4815.724;4815.809;4832.531;-90.54;89.18;0.948;-1.015;SL;DH5|2|1718
101727;2026.04.16 13:30:40;2026.04.16 13:34:28;SELL;0.14;4813.166;4819.262;4819.213;4801.072;-85.34;84.66;0.909;-1.008;SL;DH5|2|1719
101729;2026.04.16 13:52:12;2026.04.16 13:52:26;BUY;0.17;4807.694;4802.072;4802.693;4817.696;-95.57;85.02;0.921;-1.124;SL;DH5|3|1720
101731;2026.04.16 14:06:05;2026.04.16 14:16:35;BUY;0.12;4791.077;4797.298;4783.984;4805.263;74.65;85.12;0.932;0.877;SL;DH5|3|1722
101733;2026.04.16 19:01:30;2026.04.16 19:49:36;BUY;0.19;4793.912;4793.818;4789.435;4802.866;-1.79;85.06;0.924;-0.021;SL;DH5|2|1724
101735;2026.04.17 01:29:26;2026.04.17 01:41:33;BUY;0.18;4769.746;4772.612;4764.962;4779.314;51.59;86.11;0.935;0.599;SL;DH5|3|1726
101737;2026.04.17 02:59:36;2026.04.17 03:03:30;SELL;0.13;4784.416;4790.987;4790.762;4771.724;-85.42;82.50;0.891;-1.035;SL;DH5|2|1728
101739;2026.04.17 05:41:37;2026.04.17 06:18:28;SELL;0.16;4797.433;4786.553;4802.800;4786.699;174.08;85.87;0.936;2.027;TP;DH5|2|1729
101741;2026.04.17 07:42:32;2026.04.17 08:04:30;SELL;0.13;4783.453;4790.312;4790.198;4769.963;-89.17;87.68;0.938;-1.017;SL;DH5|2|1731
101743;2026.04.17 08:41:28;2026.04.17 09:46:29;BUY;0.14;4791.652;4791.603;4785.344;4804.268;-0.69;88.31;0.954;-0.008;SL;DH5|2|1732
101745;2026.04.17 10:00:51;2026.04.17 11:00:15;SELL;0.14;4789.015;4789.169;4795.107;4776.831;-2.16;85.29;0.921;-0.025;SL;DH5|2|1733
101747;2026.04.17 13:00:28;2026.04.17 13:06:37;SELL;0.12;4841.968;4849.070;4848.913;4828.078;-85.22;83.34;0.900;-1.023;SL;DH5|3|1735
101749;2026.04.17 16:48:34;2026.04.17 17:08:23;BUY;0.18;4867.527;4862.624;4862.930;4876.721;-88.25;82.75;0.902;-1.067;SL;DH5|1|1738
101751;2026.04.17 18:06:47;2026.04.17 18:50:35;BUY;0.1;4866.697;4858.514;4858.604;4882.883;-81.83;80.93;0.891;-1.011;SL;DH5|2|1739
101753;2026.04.20 03:10:42;2026.04.20 05:54:40;SELL;0.11;4791.239;4791.475;4798.949;4775.819;-2.60;84.81;0.942;-0.031;SL;DH5|2|1741
101755;2026.04.20 06:58:37;2026.04.20 07:06:44;BUY;0.13;4794.585;4794.572;4788.118;4807.519;-0.17;84.07;0.934;-0.002;SL;DH5|2|1744
101757;2026.04.20 11:00:37;2026.04.20 11:32:44;SELL;0.19;4794.065;4791.354;4798.319;4785.557;51.51;80.83;0.898;0.637;SL;DH5|2|1748
101759;2026.04.20 12:05:32;2026.04.20 12:17:39;SELL;0.15;4807.686;4813.430;4813.388;4796.282;-86.16;85.53;0.945;-1.007;SL;DH5|3|1749
101761;2026.04.20 13:13:34;2026.04.20 14:12:38;BUY;0.08;4817.228;4806.860;4806.910;4837.864;-82.94;82.54;0.921;-1.005;SL;DH5|2|1753
101763;2026.04.20 14:30:58;2026.04.20 14:35:42;SELL;0.14;4825.446;4813.446;4831.274;4813.790;168.00;81.59;0.919;2.059;TP;DH5|3|1755
101765;2026.04.20 16:18:34;2026.04.20 16:27:30;SELL;0.1;4793.339;4801.887;4801.533;4776.951;-85.48;81.94;0.906;-1.043;SL;DH5|2|1756
101767;2026.04.20 16:42:37;2026.04.20 19:01:36;BUY;0.12;4804.880;4818.757;4797.949;4818.742;166.52;83.17;0.928;2.002;TP;DH5|2|1757
101769;2026.04.21 01:44:39;2026.04.21 01:55:28;BUY;0.17;4813.326;4808.283;4808.350;4823.278;-85.73;84.59;0.927;-1.013;SL;DH5|3|1759
101771;2026.04.21 01:55:51;2026.04.21 04:24:22;SELL;0.11;4807.078;4792.082;4814.558;4792.118;164.96;82.28;0.910;2.005;TP;DH5|2|1760
101773;2026.04.21 05:35:33;2026.04.21 05:50:27;BUY;0.18;4793.777;4788.895;4789.027;4803.277;-87.88;85.50;0.928;-1.028;SL;DH5|2|1770
101775;2026.04.21 05:52:52;2026.04.21 06:00:26;BUY;0.2;4786.533;4782.294;4782.390;4794.819;-84.78;82.86;0.908;-1.023;SL;DH5|3|1771
101777;2026.04.21 06:05:32;2026.04.21 06:08:26;SELL;0.19;4779.616;4784.080;4783.955;4770.938;-84.82;82.44;0.912;-1.029;SL;DH5|1|1772
101779;2026.04.21 06:10:00;2026.04.21 06:20:22;BUY;0.09;4787.557;4778.713;4778.824;4805.023;-79.60;78.60;0.878;-1.013;SL;DH5|3|1773
101781;2026.04.21 07:02:33;2026.04.21 07:09:38;SELL;0.12;4773.741;4780.712;4780.563;4760.097;-83.65;81.86;0.923;-1.022;SL;DH5|2|1776
101783;2026.04.21 08:06:43;2026.04.21 08:21:29;SELL;0.11;4779.767;4787.350;4787.169;4764.963;-83.41;81.42;0.926;-1.024;SL;DH5|2|1778
101785;2026.04.21 09:19:31;2026.04.21 09:43:19;SELL;0.2;4786.211;4786.274;4790.211;4778.211;-1.26;80.00;0.919;-0.016;SL;DH5|1|1779
101787;2026.04.21 09:55:30;2026.04.21 09:58:40;BUY;0.17;4789.033;4784.312;4784.331;4798.437;-80.26;79.93;0.918;-1.004;SL;DH5|2|1780
101789;2026.04.21 11:43:44;2026.04.21 11:48:25;SELL;0.2;4792.523;4796.550;4796.523;4784.523;-80.54;80.00;0.928;-1.007;SL;DH5|3|1781
101791;2026.04.21 11:57:31;2026.04.21 12:19:18;SELL;0.19;4794.406;4786.393;4798.406;4786.406;152.25;76.00;0.890;2.003;TP;DH5|3|1782
101793;2026.04.21 12:19:24;2026.04.21 12:30:35;SELL;0.1;4785.145;4768.681;4793.278;4768.879;164.64;81.33;0.935;2.024;TP;DH5|2|1783
101795;2026.04.21 15:00:26;2026.04.21 15:07:26;SELL;0.1;4736.209;4736.210;4744.190;4720.247;-0.01;79.81;0.901;-0.000;SL;DH5|1|1785
101797;2026.04.21 16:33:29;2026.04.21 16:53:33;SELL;0.14;4723.919;4712.392;4729.582;4712.593;161.38;79.28;0.895;2.035;TP;DH5|1|1787
101799;2026.04.21 17:02:35;2026.04.21 17:11:37;SELL;0.15;4715.562;4704.594;4721.028;4704.630;164.52;81.99;0.909;2.007;TP;DH5|1|1788
101801;2026.04.21 17:17:27;2026.04.21 17:32:25;SELL;0.14;4706.276;4703.188;4712.159;4694.510;43.23;82.36;0.897;0.525;SL;DH5|1|1789
101803;2026.04.21 17:34:17;2026.04.21 17:38:31;SELL;0.14;4703.145;4709.680;4709.110;4691.215;-91.49;83.51;0.905;-1.096;SL;DH5|1|1791
101805;2026.04.21 18:16:57;2026.04.21 18:22:30;BUY;0.13;4700.005;4693.574;4693.586;4712.843;-83.60;83.45;0.913;-1.002;SL;DH5|3|1792
101807;2026.04.21 18:45:39;2026.04.21 18:54:38;SELL;0.16;4701.772;4707.381;4706.872;4691.572;-89.74;81.60;0.901;-1.100;SL;DH5|1|1793
101809;2026.04.21 19:56:28;2026.04.21 20:09:30;SELL;0.11;4681.176;4677.105;4688.749;4666.030;44.78;83.30;0.929;0.538;SL;DH5|1|1794
101811;2026.04.22 01:00:08;2026.04.22 01:01:10;SELL;0.15;4738.078;4743.557;4743.526;4727.182;-82.18;81.72;0.907;-1.006;SL;DH5|2|1795
101813;2026.04.22 01:24:29;2026.04.22 01:36:26;SELL;0.2;4747.038;4751.087;4751.038;4739.038;-80.98;80.00;0.896;-1.012;SL;DH5|3|1796
101815;2026.04.22 02:32:56;2026.04.22 02:39:30;BUY;0.16;4758.705;4753.591;4753.594;4768.927;-81.82;81.78;0.924;-1.001;SL;DH5|2|1799
101817;2026.04.22 07:00:30;2026.04.22 07:15:32;BUY;0.16;4768.719;4763.527;4763.788;4778.581;-83.07;78.90;0.900;-1.053;SL;DH5|2|1803
101819;2026.04.22 12:28:33;2026.04.22 12:30:22;BUY;0.12;4758.293;4751.657;4751.796;4771.287;-79.63;77.96;0.898;-1.021;SL;DH5|2|1804
101821;2026.04.22 12:53:41;2026.04.22 13:01:11;BUY;0.18;4746.260;4741.922;4741.964;4754.852;-78.08;77.33;0.899;-1.010;SL;DH5|3|1805
101823;2026.04.22 13:01:17;2026.04.22 13:09:12;BUY;0.19;4743.361;4739.247;4739.361;4751.361;-78.17;76.00;0.892;-1.028;SL;DH5|3|1806
101825;2026.04.22 14:32:56;2026.04.22 14:35:29;BUY;0.12;4738.668;4732.140;4732.141;4751.722;-78.34;78.32;0.927;-1.000;SL;DH5|3|1807
101827;2026.04.22 14:41:26;2026.04.22 15:52:33;SELL;0.13;4737.033;4725.310;4742.890;4725.319;152.40;76.14;0.910;2.002;TP;DH5|1|1809
101829;2026.04.22 15:57:34;2026.04.22 16:09:14;SELL;0.19;4729.962;4733.971;4733.962;4721.962;-76.17;76.00;0.892;-1.002;SL;DH5|1|1812
101831;2026.04.22 17:01:27;2026.04.22 17:29:18;BUY;0.14;4732.970;4732.781;4727.469;4743.972;-2.65;77.01;0.912;-0.034;SL;DH5|2|1815
101833;2026.04.22 18:02:33;2026.04.22 18:32:35;SELL;0.19;4736.349;4734.398;4740.349;4728.349;37.07;76.00;0.900;0.488;SL;DH5|1|1816
101835;2026.04.22 18:56:33;2026.04.22 19:25:32;SELL;0.19;4739.953;4743.991;4743.953;4731.953;-76.72;76.00;0.897;-1.009;SL;DH5|3|1817
101837;2026.04.23 01:32:12;2026.04.23 01:42:13;SELL;0.13;4729.585;4735.608;4735.608;4717.539;-78.30;78.30;0.932;-1.000;SL;DH5|1|1819
101839;2026.04.23 07:28:24;2026.04.23 07:32:42;SELL;0.18;4708.206;4708.343;4712.448;4699.722;-2.47;76.36;0.918;-0.032;SL;DH5|1|1821
101841;2026.04.23 08:02:21;2026.04.23 08:32:33;SELL;0.15;4720.853;4710.397;4725.993;4710.573;156.84;77.10;0.927;2.034;TP;DH5|3|1822
101843;2026.04.23 09:06:39;2026.04.23 09:18:31;SELL;0.19;4698.460;4702.634;4702.612;4690.156;-79.31;78.89;0.931;-1.005;SL;DH5|1|1824
101845;2026.04.23 10:08:55;2026.04.23 10:09:43;BUY;0.19;4695.395;4691.376;4691.395;4703.395;-76.36;76.00;0.905;-1.005;SL;DH5|3|1826
101847;2026.04.23 10:11:27;2026.04.23 10:12:27;BUY;0.18;4693.201;4688.964;4689.067;4701.469;-76.27;74.41;0.894;-1.025;SL;DH5|3|1828
101849;2026.04.23 10:21:22;2026.04.23 10:33:36;SELL;0.15;4688.441;4693.623;4693.451;4678.421;-77.73;75.15;0.912;-1.034;SL;DH5|1|1829
101851;2026.04.23 15:45:25;2026.04.23 16:31:24;SELL;0.08;4725.685;4725.719;4734.655;4707.745;-0.27;71.76;0.879;-0.004;SL;DH5|2|1833
101853;2026.04.23 17:20:36;2026.04.23 17:22:37;BUY;0.14;4710.635;4705.014;4705.115;4721.675;-78.69;77.28;0.946;-1.018;SL;DH5|3|1834
101855;2026.04.24 01:05:15;2026.04.24 01:07:31;SELL;0.1;4695.709;4703.148;4703.129;4680.869;-74.39;74.20;0.917;-1.003;SL;DH5|2|1836
101857;2026.04.24 01:12:33;2026.04.24 01:31:32;SELL;0.15;4707.423;4697.946;4712.145;4697.979;142.15;70.83;0.884;2.007;TP;DH5|3|1837
101859;2026.04.24 02:18:19;2026.04.24 02:26:37;SELL;0.15;4693.771;4683.779;4698.759;4683.795;149.88;74.82;0.917;2.003;TP;DH5|1|1838
101861;2026.04.24 02:32:27;2026.04.24 02:48:42;SELL;0.16;4687.668;4677.874;4692.483;4678.038;156.70;77.04;0.928;2.034;TP;DH5|1|1840
101863;2026.04.24 04:00:27;2026.04.24 04:10:13;SELL;0.15;4669.675;4674.810;4674.765;4659.495;-77.03;76.35;0.902;-1.009;SL;DH5|2|1845
101865;2026.04.24 04:26:33;2026.04.24 04:37:31;SELL;0.19;4661.682;4665.760;4665.682;4653.682;-77.48;76.00;0.906;-1.020;SL;DH5|1|1847
101867;2026.04.24 06:38:08;2026.04.24 06:52:39;SELL;0.19;4673.087;4670.992;4677.087;4665.087;39.81;76.00;0.915;0.524;SL;DH5|1|1849
101869;2026.04.24 08:00:32;2026.04.24 08:16:06;SELL;0.19;4691.334;4691.452;4695.334;4683.334;-2.24;76.00;0.910;-0.030;SL;DH5|3|1852
101871;2026.04.24 09:24:39;2026.04.24 09:42:28;SELL;0.13;4686.766;4687.029;4692.653;4674.992;-3.42;76.53;0.917;-0.045;SL;DH5|2|1854
101873;2026.04.24 09:56:39;2026.04.24 10:38:09;SELL;0.19;4682.776;4678.945;4686.776;4674.776;72.79;76.00;0.911;0.958;SL;DH5|1|1855
101875;2026.04.24 11:13:36;2026.04.24 11:22:36;SELL;0.1;4696.719;4705.146;4704.255;4681.647;-84.27;75.36;0.896;-1.118;SL;DH5|3|1858
101877;2026.04.24 12:19:36;2026.04.24 12:24:29;SELL;0.09;4701.620;4710.212;4710.182;4684.496;-77.33;77.06;0.925;-1.004;SL;DH5|2|1861
101879;2026.04.24 14:21:19;2026.04.24 14:34:08;SELL;0.1;4730.343;4730.379;4737.765;4715.499;-0.36;74.22;0.899;-0.005;SL;DH5|3|1862
101881;2026.04.24 17:31:42;2026.04.24 17:54:26;SELL;0.13;4719.942;4725.920;4725.845;4708.136;-77.71;76.74;0.930;-1.013;SL;DH5|2|1864
101883;2026.04.24 18:27:30;2026.04.24 19:02:27;SELL;0.14;4719.040;4724.399;4724.387;4708.346;-75.03;74.86;0.916;-1.002;SL;DH5|2|1865
101885;2026.04.27 02:37:39;2026.04.27 03:44:07;BUY;0.08;4710.887;4728.937;4701.891;4728.879;144.40;71.97;0.888;2.006;TP;DH5|2|1867
101887;2026.04.27 13:04:14;2026.04.27 13:27:33;BUY;0.14;4697.738;4697.645;4692.333;4708.548;-1.30;75.67;0.918;-0.017;SL;DH5|3|1873
101889;2026.04.27 13:35:37;2026.04.27 14:36:28;SELL;0.11;4692.452;4692.604;4699.492;4678.372;-1.67;77.44;0.939;-0.022;SL;DH5|2|1874
101891;2026.04.27 15:07:26;2026.04.27 15:10:35;SELL;0.14;4670.505;4675.904;4675.882;4659.751;-75.59;75.28;0.913;-1.004;SL;DH5|1|1879
101893;2026.04.27 15:55:33;2026.04.27 16:00:37;BUY;0.15;4672.656;4667.601;4667.682;4682.604;-75.83;74.61;0.914;-1.016;SL;DH5|3|1881
101895;2026.04.27 16:00:40;2026.04.27 16:15:38;SELL;0.08;4667.223;4676.147;4676.144;4649.381;-71.39;71.37;0.882;-1.000;SL;DH5|2|1882
101897;2026.04.28 01:50:31;2026.04.28 01:58:22;SELL;0.15;4683.125;4672.802;4688.167;4673.041;154.85;75.63;0.943;2.047;TP;DH5|2|1884
101899;2026.04.28 06:32:21;2026.04.28 06:50:42;SELL;0.12;4631.491;4631.733;4637.664;4619.145;-2.90;74.08;0.906;-0.039;SL;DH5|1|1888
101901;2026.04.28 07:55:39;2026.04.28 07:57:41;SELL;0.07;4620.609;4630.802;4630.800;4600.227;-71.35;71.34;0.873;-1.000;SL;DH5|2|1889
101903;2026.04.28 08:07:32;2026.04.28 08:29:31;SELL;0.13;4620.452;4626.324;4626.186;4608.984;-76.34;74.54;0.920;-1.024;SL;DH5|1|1892
101905;2026.04.28 09:23:58;2026.04.28 09:33:22;BUY;0.17;4615.472;4611.101;4611.216;4623.984;-74.31;72.35;0.902;-1.027;SL;DH5|3|1894
101907;2026.04.28 10:03:19;2026.04.28 10:19:36;SELL;0.16;4610.569;4615.368;4615.166;4601.375;-76.78;73.55;0.925;-1.044;SL;DH5|1|1896
101909;2026.04.28 10:57:31;2026.04.28 11:18:40;SELL;0.13;4607.337;4596.067;4612.942;4596.127;146.51;72.86;0.926;2.011;TP;DH5|2|1897
101911;2026.04.28 11:24:34;2026.04.28 11:31:39;SELL;0.18;4601.482;4593.339;4605.482;4593.482;146.57;72.00;0.898;2.036;TP;DH5|1|1900
101913;2026.04.28 11:43:29;2026.04.28 11:50:28;SELL;0.11;4569.453;4555.944;4575.964;4556.431;148.60;71.62;0.877;2.075;TP;DH5|1|1901
101915;2026.04.28 11:57:36;2026.04.28 12:03:32;SELL;0.11;4560.038;4566.956;4566.849;4546.416;-76.10;74.92;0.901;-1.016;SL;DH5|1|1902
101917;2026.04.28 12:06:39;2026.04.28 12:12:34;SELL;0.1;4571.004;4578.583;4578.440;4556.132;-75.79;74.36;0.903;-1.019;SL;DH5|1|1903
101919;2026.04.28 14:08:26;2026.04.28 14:47:35;SELL;0.09;4572.011;4566.830;4580.519;4554.995;46.63;76.57;0.938;0.609;SL;DH5|1|1904
101921;2026.04.28 16:50:38;2026.04.28 18:03:32;BUY;0.11;4589.614;4593.852;4582.730;4603.382;46.62;75.72;0.923;0.616;SL;DH5|2|1907
101923;2026.04.29 01:12:31;2026.04.29 01:38:04;SELL;0.15;4583.605;4589.004;4588.638;4573.539;-80.98;75.49;0.915;-1.073;SL;DH5|1|1911
101925;2026.04.29 02:53:59;2026.04.29 03:07:21;SELL;0.1;4593.281;4600.430;4600.414;4579.015;-71.49;71.33;0.873;-1.002;SL;DH5|2|1912
101927;2026.04.29 06:26:27;2026.04.29 06:40:17;SELL;0.18;4585.645;4585.681;4589.645;4577.645;-0.65;72.00;0.889;-0.009;SL;DH5|1|1914
101929;2026.04.29 07:04:37;2026.04.29 07:06:41;BUY;0.15;4588.667;4583.757;4583.769;4598.463;-73.65;73.47;0.907;-1.002;SL;DH5|2|1916
101931;2026.04.29 07:30:19;2026.04.29 07:33:18;SELL;0.18;4574.430;4578.697;4578.430;4566.430;-76.81;72.00;0.897;-1.067;SL;DH5|1|1919
101933;2026.04.29 08:02:26;2026.04.29 08:19:40;SELL;0.17;4570.445;4570.500;4574.632;4562.071;-0.94;71.18;0.895;-0.013;SL;DH5|1|1923
101935;2026.04.29 08:22:29;2026.04.29 08:35:23;SELL;0.17;4569.536;4560.998;4573.789;4561.030;145.15;72.30;0.909;2.008;TP;DH5|1|1926
101937;2026.04.29 08:36:36;2026.04.29 08:44:35;SELL;0.09;4559.205;4567.533;4567.415;4542.785;-74.95;73.89;0.913;-1.014;SL;DH5|2|1927
101939;2026.04.29 09:50:55;2026.04.29 10:15:28;BUY;0.12;4556.630;4568.850;4550.586;4568.718;146.64;72.53;0.904;2.022;TP;DH5|3|1929
101941;2026.04.29 12:00:00;2026.04.29 12:05:37;SELL;0.18;4561.452;4565.452;4565.452;4553.452;-72.00;72.00;0.882;-1.000;SL;DH5|1|1931
101943;2026.04.29 12:36:30;2026.04.29 12:39:30;SELL;0.18;4556.031;4556.148;4560.087;4547.919;-2.11;73.01;0.902;-0.029;SL;DH5|1|1932
101945;2026.04.29 12:59:30;2026.04.29 13:01:36;SELL;0.16;4546.934;4551.583;4551.564;4537.674;-74.38;74.08;0.915;-1.004;SL;DH5|1|1933
101947;2026.04.29 13:22:01;2026.04.29 13:31:42;SELL;0.14;4539.186;4535.427;4544.374;4528.810;52.63;72.63;0.906;0.725;SL;DH5|1|1934
101949;2026.04.29 13:33:00;2026.04.29 13:40:28;SELL;0.14;4532.385;4521.425;4537.802;4521.551;153.44;75.84;0.940;2.023;TP;DH5|1|1935
101951;2026.04.29 13:47:38;2026.04.29 13:50:32;SELL;0.12;4514.380;4520.620;4520.562;4502.016;-74.88;74.18;0.902;-1.009;SL;DH5|1|1936
101953;2026.04.29 17:12:36;2026.04.29 17:51:31;SELL;0.15;4550.470;4546.984;4555.481;4540.448;52.29;75.16;0.922;0.696;SL;DH5|1|1937
101955;2026.04.29 18:18:28;2026.04.29 18:31:40;SELL;0.15;4535.883;4525.353;4540.877;4525.895;157.95;74.91;0.913;2.109;TP;DH5|1|1939
101957;2026.04.29 18:33:39;2026.04.29 18:36:24;SELL;0.13;4524.118;4530.513;4530.239;4511.876;-83.13;79.57;0.952;-1.045;SL;DH5|1|1940
101959;2026.04.30 01:28:51;2026.04.30 02:30:34;BUY;0.07;4579.987;4568.932;4569.109;4601.743;-77.39;76.15;0.920;-1.016;SL;DH5|2|1944
101961;2026.04.30 03:33:54;2026.04.30 04:11:04;SELL;0.14;4560.197;4556.641;4565.493;4549.605;49.78;74.14;0.904;0.671;SL;DH5|2|1947
101963;2026.04.30 05:08:45;2026.04.30 05:51:29;BUY;0.1;4553.343;4568.780;4545.644;4568.741;154.37;76.99;0.933;2.005;TP;DH5|2|1950
101965;2026.04.30 07:13:35;2026.04.30 07:29:31;SELL;0.13;4591.218;4591.278;4597.013;4579.628;-0.78;75.34;0.896;-0.010;SL;DH5|3|1955
101967;2026.04.30 07:45:05;2026.04.30 07:48:30;SELL;0.18;4595.529;4599.885;4599.884;4586.819;-78.41;78.39;0.933;-1.000;SL;DH5|3|1956
101969;2026.04.30 07:58:42;2026.04.30 08:03:35;SELL;0.08;4597.518;4606.736;4606.644;4579.266;-73.74;73.01;0.877;-1.010;SL;DH5|3|1957
101971;2026.04.30 09:28:34;2026.04.30 09:32:28;BUY;0.11;4624.317;4624.259;4617.237;4638.477;-0.64;77.88;0.944;-0.008;SL;DH5|2|1959
101973;2026.04.30 10:32:36;2026.04.30 10:34:36;BUY;0.15;4640.950;4635.820;4635.928;4650.994;-76.95;75.33;0.913;-1.022;SL;DH5|1|1961
101975;2026.04.30 10:37:39;2026.04.30 10:42:34;SELL;0.14;4635.182;4640.633;4640.565;4624.416;-76.31;75.36;0.922;-1.013;SL;DH5|3|1962
101977;2026.04.30 13:47:31;2026.04.30 13:52:43;BUY;0.13;4618.220;4612.504;4612.513;4629.634;-74.31;74.19;0.916;-1.002;SL;DH5|3|1963
101979;2026.04.30 14:00:28;2026.04.30 14:08:27;BUY;0.12;4614.193;4618.672;4608.028;4626.523;53.75;73.98;0.922;0.727;SL;DH5|3|1964
101981;2026.04.30 16:50:39;2026.04.30 16:56:00;BUY;0.1;4618.027;4610.906;4610.984;4632.113;-71.21;70.43;0.872;-1.011;SL;DH5|2|1966
101983;2026.04.30 18:02:28;2026.04.30 19:27:44;BUY;0.1;4624.255;4616.833;4617.076;4638.613;-74.22;71.79;0.897;-1.034;SL;DH5|2|1967
101985;2026.05.01 01:19:52;2026.05.01 01:34:22;SELL;0.11;4614.494;4620.880;4620.875;4601.732;-70.25;70.19;0.885;-1.001;SL;DH5|2|1971
101987;2026.05.01 02:15:40;2026.05.01 02:21:20;BUY;0.18;4631.674;4631.675;4627.674;4639.674;0.02;72.00;0.916;0.000;SL;DH5|1|1973
101989;2026.05.01 02:24:28;2026.05.01 02:42:31;BUY;0.18;4630.545;4626.534;4626.545;4638.545;-72.20;72.00;0.916;-1.003;SL;DH5|1|1974
101991;2026.05.01 03:29:40;2026.05.01 04:08:34;BUY;0.11;4627.049;4620.654;4620.728;4639.691;-70.34;69.53;0.893;-1.012;SL;DH5|2|1975
101993;2026.05.01 04:33:37;2026.05.01 04:50:28;BUY;0.17;4614.229;4610.125;4610.229;4622.229;-69.77;68.00;0.881;-1.026;SL;DH5|3|1976
101995;2026.05.01 06:01:22;2026.05.01 06:06:27;BUY;0.12;4608.112;4602.032;4602.267;4619.802;-72.96;70.14;0.917;-1.040;SL;DH5|3|1978
101997;2026.05.01 07:22:20;2026.05.01 07:57:19;SELL;0.13;4589.066;4578.304;4594.381;4578.436;139.91;69.10;0.912;2.025;TP;DH5|2|1983
101999;2026.05.01 08:11:36;2026.05.01 08:17:31;BUY;0.16;4576.527;4572.225;4572.284;4585.013;-68.83;67.89;0.880;-1.014;SL;DH5|3|1987
102001;2026.05.01 08:37:35;2026.05.01 09:02:13;BUY;0.17;4568.950;4564.801;4564.859;4577.132;-70.53;69.55;0.910;-1.014;SL;DH5|3|1989
102003;2026.05.01 09:19:17;2026.05.01 09:23:03;SELL;0.17;4566.504;4570.531;4570.504;4558.504;-68.46;68.00;0.898;-1.007;SL;DH5|1|1992
102005;2026.05.01 11:01:31;2026.05.01 11:18:28;SELL;0.11;4565.297;4571.518;4571.505;4552.881;-68.43;68.29;0.910;-1.002;SL;DH5|2|1993
102007;2026.05.01 13:29:25;2026.05.01 13:31:23;SELL;0.1;4586.495;4593.212;4593.168;4573.149;-67.17;66.73;0.897;-1.007;SL;DH5|2|1995
102009;2026.05.01 13:41:27;2026.05.01 13:50:40;SELL;0.13;4606.978;4604.273;4612.188;4596.558;35.16;67.73;0.919;0.519;SL;DH5|3|1996
102011;2026.05.01 17:30:33;2026.05.01 18:16:32;SELL;0.09;4630.290;4615.549;4637.644;4615.582;132.67;66.19;0.894;2.004;TP;DH5|2|2001
102013;2026.05.01 19:32:31;2026.05.01 19:52:32;SELL;0.14;4620.054;4610.479;4624.783;4610.596;134.05;66.21;0.878;2.025;TP;DH5|2|2003
102015;2026.05.04 01:04:34;2026.05.04 01:40:23;SELL;0.09;4601.040;4601.051;4608.782;4585.556;-0.10;69.68;0.908;-0.001;SL;DH5|2|2006
102017;2026.05.04 02:29:27;2026.05.04 02:43:13;BUY;0.16;4593.147;4601.688;4588.909;4601.623;136.66;67.81;0.884;2.015;TP;DH5|3|2009
102019;2026.05.04 03:41:33;2026.05.04 03:45:29;SELL;0.09;4598.916;4606.798;4606.525;4583.698;-70.94;68.48;0.877;-1.036;SL;DH5|2|2010
102021;2026.05.04 05:00:28;2026.05.04 05:19:26;SELL;0.14;4604.851;4609.947;4609.920;4594.713;-71.34;70.97;0.917;-1.005;SL;DH5|2|2011
102023;2026.05.04 06:07:40;2026.05.04 06:16:22;BUY;0.14;4591.648;4591.634;4586.709;4601.526;-0.20;69.15;0.902;-0.003;SL;DH5|3|2012
102025;2026.05.04 06:41:30;2026.05.04 07:31:38;BUY;0.14;4588.231;4583.090;4583.121;4598.451;-71.97;71.54;0.933;-1.006;SL;DH5|3|2013
102027;2026.05.04 07:37:25;2026.05.04 07:50:28;BUY;0.16;4584.193;4586.435;4580.014;4592.551;35.87;66.86;0.880;0.536;SL;DH5|3|2014
102029;2026.05.04 10:11:33;2026.05.04 10:19:38;SELL;0.13;4544.786;4534.290;4550.020;4534.318;136.45;68.04;0.892;2.005;TP;DH5|1|2018
102031;2026.05.04 10:30:24;2026.05.04 10:32:28;SELL;0.11;4542.880;4549.535;4549.355;4529.930;-73.20;71.22;0.917;-1.028;SL;DH5|1|2022
102033;2026.05.04 11:51:30;2026.05.04 11:58:33;SELL;0.15;4558.146;4562.876;4562.820;4548.798;-70.95;70.11;0.911;-1.012;SL;DH5|1|2023
102035;2026.05.04 14:23:34;2026.05.04 14:31:39;SELL;0.11;4578.879;4578.908;4585.419;4565.799;-0.32;71.94;0.944;-0.004;SL;DH5|3|2025
102037;2026.05.04 15:15:37;2026.05.04 15:18:29;BUY;0.09;4552.260;4544.208;4544.614;4567.552;-72.47;68.81;0.903;-1.053;SL;DH5|3|2026
102039;2026.05.04 15:29:34;2026.05.04 15:51:30;SELL;0.08;4536.276;4517.858;4545.198;4518.432;147.34;71.38;0.945;2.064;TP;DH5|1|2027
102041;2026.05.04 15:56:40;2026.05.04 16:09:19;SELL;0.07;4525.986;4504.741;4536.513;4504.932;148.71;73.69;0.957;2.018;TP;DH5|1|2028
102043;2026.05.04 16:13:34;2026.05.04 16:19:38;SELL;0.06;4512.295;4523.805;4523.531;4489.823;-69.06;67.42;0.859;-1.024;SL;DH5|1|2029
102045;2026.05.04 18:29:33;2026.05.04 18:50:09;SELL;0.18;4511.577;4515.601;4515.577;4503.577;-72.43;72.00;0.926;-1.006;SL;DH5|1|2030
102047;2026.05.04 19:55:59;2026.05.04 20:40:00;SELL;0.11;4516.183;4517.089;4522.693;4503.163;-9.97;71.61;0.929;-0.139;EA;DH5|2|2031
102049;2026.05.05 01:00:21;2026.05.05 01:02:37;SELL;0.17;4528.227;4532.830;4532.227;4520.227;-78.25;68.00;0.884;-1.151;SL;DH5|3|2032
102051;2026.05.05 02:33:02;2026.05.05 02:48:23;SELL;0.17;4542.188;4546.235;4546.188;4534.188;-68.80;68.00;0.893;-1.012;SL;DH5|3|2036
102053;2026.05.05 07:05:43;2026.05.05 07:13:41;SELL;0.17;4551.180;4555.426;4555.257;4543.026;-72.18;69.31;0.918;-1.041;SL;DH5|3|2041
102055;2026.05.05 07:16:21;2026.05.05 07:35:30;SELL;0.17;4553.900;4553.927;4557.900;4545.900;-0.46;68.00;0.910;-0.007;SL;DH5|3|2043
102057;2026.05.05 07:36:24;2026.05.05 07:45:15;BUY;0.12;4556.626;4550.806;4550.847;4568.184;-69.84;69.35;0.928;-1.007;SL;DH5|2|2045
102059;2026.05.05 10:52:22;2026.05.05 11:01:38;BUY;0.17;4543.823;4539.817;4539.823;4551.823;-68.10;68.00;0.918;-1.002;SL;DH5|3|2049
102061;2026.05.05 12:16:34;2026.05.05 12:21:31;SELL;0.14;4563.747;4568.508;4568.451;4554.339;-66.65;65.86;0.897;-1.012;SL;DH5|3|2051
102063;2026.05.05 13:04:31;2026.05.05 13:35:33;BUY;0.08;4575.614;4575.310;4567.284;4592.274;-2.43;66.64;0.916;-0.036;SL;DH5|2|2054
102065;2026.05.05 14:14:31;2026.05.05 14:24:32;SELL;0.08;4570.826;4579.036;4578.960;4554.558;-65.68;65.07;0.895;-1.009;SL;DH5|2|2057
102067;2026.05.05 14:29:34;2026.05.05 14:43:35;SELL;0.11;4584.493;4584.564;4590.250;4572.979;-0.78;63.33;0.879;-0.012;SL;DH5|3|2058
102069;2026.05.06 01:08:35;2026.05.06 01:24:29;BUY;0.15;4612.898;4621.669;4608.555;4621.584;131.56;65.14;0.904;2.020;TP;DH5|1|2060
102071;2026.05.06 01:31:24;2026.05.06 01:54:40;BUY;0.15;4623.752;4623.697;4619.393;4632.470;-0.83;65.39;0.892;-0.013;SL;DH5|1|2061
102073;2026.05.06 02:46:34;2026.05.06 03:14:40;BUY;0.11;4637.184;4649.597;4631.037;4649.478;136.54;67.62;0.922;2.019;TP;DH5|2|2065
102075;2026.05.06 03:17:41;2026.05.06 03:31:03;BUY;0.17;4648.104;4644.050;4644.104;4656.104;-68.92;68.00;0.910;-1.014;SL;DH5|1|2067
102077;2026.05.06 03:43:33;2026.05.06 04:34:35;BUY;0.17;4646.666;4649.357;4642.666;4654.666;45.75;68.00;0.919;0.673;SL;DH5|1|2069
102079;2026.05.06 05:09:27;2026.05.06 05:30:35;BUY;0.13;4654.532;4649.166;4649.377;4664.842;-69.76;67.01;0.900;-1.041;SL;DH5|2|2072
102081;2026.05.06 05:56:24;2026.05.06 06:42:27;BUY;0.09;4656.998;4661.185;4649.783;4671.428;37.68;64.94;0.880;0.580;SL;DH5|2|2075
102083;2026.05.06 06:44:06;2026.05.06 07:01:12;BUY;0.14;4662.516;4665.475;4657.853;4671.842;41.43;65.28;0.880;0.635;SL;DH5|1|2079
102085;2026.05.06 07:45:24;2026.05.06 08:36:04;BUY;0.08;4671.588;4671.590;4663.482;4687.800;0.02;64.85;0.870;0.000;SL;DH5|2|2083
102087;2026.05.06 08:58:40;2026.05.06 09:00:22;BUY;0.14;4695.813;4706.024;4690.919;4705.601;142.95;68.52;0.919;2.086;TP;DH5|1|2086
102089;2026.05.06 10:37:05;2026.05.06 10:41:11;SELL;0.14;4708.141;4713.411;4713.185;4698.053;-73.78;70.62;0.929;-1.045;SL;DH5|3|2088
102091;2026.05.06 10:49:07;2026.05.06 10:49:33;BUY;0.13;4713.783;4708.008;4708.512;4724.325;-75.08;68.52;0.911;-1.096;SL;DH5|1|2089
102093;2026.05.06 10:57:30;2026.05.06 11:02:28;BUY;0.14;4718.978;4714.167;4714.208;4728.518;-67.35;66.78;0.896;-1.009;SL;DH5|1|2090
102095;2026.05.06 11:41:36;2026.05.06 12:03:43;SELL;0.06;4703.211;4682.156;4713.728;4682.177;126.33;63.10;0.855;2.002;TP;DH5|2|2091
102097;2026.05.06 12:15:36;2026.05.06 12:19:00;BUY;0.08;4672.190;4663.665;4663.813;4688.944;-68.20;67.02;0.892;-1.018;SL;DH5|3|2092
102099;2026.05.06 13:51:43;2026.05.06 14:07:10;BUY;0.09;4699.760;4699.710;4692.193;4714.894;-0.45;68.10;0.915;-0.007;SL;DH5|1|2093
102101;2026.05.06 14:07:42;2026.05.06 14:29:44;BUY;0.07;4705.305;4705.116;4696.037;4723.841;-1.32;64.88;0.872;-0.020;SL;DH5|1|2094
102103;2026.05.07 01:10:37;2026.05.07 02:13:19;BUY;0.05;4705.653;4705.612;4691.445;4734.069;-0.21;71.04;0.955;-0.003;SL;DH5|2|2098
102105;2026.05.07 05:36:36;2026.05.07 05:57:30;BUY;0.17;4705.699;4701.669;4701.699;4713.699;-68.51;68.00;0.914;-1.007;SL;DH5|1|2102
102107;2026.05.07 06:20:29;2026.05.07 06:31:37;BUY;0.1;4712.198;4725.978;4705.505;4725.584;137.80;66.93;0.908;2.059;TP;DH5|2|2104
102109;2026.05.07 06:38:23;2026.05.07 06:41:29;BUY;0.14;4738.020;4741.723;4733.078;4747.904;51.84;69.19;0.921;0.749;SL;DH5|1|2105
102111;2026.05.07 06:42:37;2026.05.07 06:45:28;BUY;0.14;4743.838;4743.480;4738.983;4753.548;-5.01;67.97;0.899;-0.074;SL;DH5|1|2106
102113;2026.05.07 06:50:25;2026.05.07 07:03:34;BUY;0.13;4740.094;4734.883;4734.981;4750.320;-67.74;66.47;0.880;-1.019;SL;DH5|1|2107
102115;2026.05.07 07:18:19;2026.05.07 07:19:31;BUY;0.11;4748.419;4742.250;4742.251;4760.755;-67.86;67.85;0.906;-1.000;SL;DH5|1|2108
102117;2026.05.07 08:01:36;2026.05.07 08:14:38;BUY;0.08;4750.705;4742.237;4742.742;4766.631;-67.74;63.70;0.859;-1.063;SL;DH5|2|2109
102119;2026.05.07 09:56:53;2026.05.07 10:15:42;SELL;0.13;4730.848;4736.119;4736.112;4720.320;-68.52;68.43;0.931;-1.001;SL;DH5|2|2113
102121;2026.05.07 12:20:40;2026.05.07 12:22:18;BUY;0.16;4743.956;4739.853;4739.938;4751.992;-65.65;64.29;0.883;-1.021;SL;DH5|1|2115
102123;2026.05.07 12:31:50;2026.05.07 12:41:30;SELL;0.15;4746.552;4750.974;4750.907;4737.842;-66.33;65.33;0.905;-1.015;SL;DH5|3|2116
102125;2026.05.07 12:48:25;2026.05.07 12:55:32;BUY;0.13;4751.160;4746.165;4746.333;4760.814;-64.93;62.75;0.877;-1.035;SL;DH5|1|2118
102127;2026.05.07 13:33:03;2026.05.07 13:34:03;SELL;0.11;4752.013;4757.962;4757.856;4740.327;-65.44;64.27;0.907;-1.018;SL;DH5|3|2120
102129;2026.05.07 15:04:35;2026.05.07 15:15:32;BUY;0.11;4759.800;4754.131;4754.183;4771.034;-62.36;61.79;0.880;-1.009;SL;DH5|1|2122
102131;2026.05.07 15:24:32;2026.05.07 15:52:30;SELL;0.07;4749.020;4730.562;4758.238;4730.584;129.21;64.53;0.927;2.002;TP;DH5|2|2123
102133;2026.05.08 03:33:22;2026.05.08 04:13:27;BUY;0.08;4723.575;4715.174;4715.223;4740.279;-67.21;66.82;0.943;-1.006;SL;DH5|2|2127
102135;2026.05.08 06:35:02;2026.05.08 07:22:30;SELL;0.07;4726.384;4707.060;4735.909;4707.334;135.27;66.67;0.950;2.029;TP;DH5|3|2130
102137;2026.05.08 07:23:31;2026.05.08 07:25:25;BUY;0.1;4709.314;4702.433;4702.551;4722.840;-68.81;67.63;0.945;-1.017;SL;DH5|3|2131
102139;2026.05.08 09:32:35;2026.05.08 10:14:31;SELL;0.11;4712.742;4718.893;4718.867;4700.492;-67.66;67.38;0.951;-1.004;SL;DH5|2|2132
102141;2026.05.08 12:44:31;2026.05.08 12:46:32;SELL;0.13;4727.526;4724.433;4732.553;4717.472;40.21;65.35;0.931;0.615;SL;DH5|3|2135
102143;2026.05.08 14:03:26;2026.05.08 14:06:31;BUY;0.1;4742.846;4736.219;4736.256;4756.026;-66.27;65.90;0.933;-1.006;SL;DH5|1|2139
102145;2026.05.11 01:01:13;2026.05.11 01:04:30;BUY;0.08;4676.461;4692.025;4668.736;4691.911;124.51;61.80;0.884;2.015;TP;DH5|3|2140
102147;2026.05.11 02:53:30;2026.05.11 05:35:08;SELL;0.06;4680.310;4680.323;4691.653;4657.624;-0.08;68.06;0.956;-0.001;SL;DH5|2|2144
102149;2026.05.11 05:54:29;2026.05.11 05:57:28;SELL;0.16;4656.076;4652.857;4660.076;4648.076;51.50;64.00;0.899;0.805;SL;DH5|1|2149
102151;2026.05.11 07:47:53;2026.05.11 08:21:44;SELL;0.08;4668.348;4676.820;4676.747;4651.550;-67.78;67.19;0.937;-1.009;SL;DH5|2|2151
102153;2026.05.11 09:24:22;2026.05.11 09:35:30;SELL;0.1;4662.238;4657.203;4668.694;4649.326;50.35;64.56;0.909;0.780;SL;DH5|2|2153
102155;2026.05.11 10:31:34;2026.05.11 10:39:08;BUY;0.1;4666.686;4660.420;4660.455;4679.148;-62.66;62.31;0.871;-1.006;SL;DH5|2|2155
102157;2026.05.11 12:21:45;2026.05.11 12:22:13;SELL;0.1;4676.077;4682.741;4682.581;4663.069;-66.64;65.04;0.917;-1.025;SL;DH5|3|2158
102159;2026.05.12 03:47:24;2026.05.12 04:16:31;BUY;0.16;4720.624;4728.685;4716.624;4728.624;128.98;64.00;0.911;2.015;TP;DH5|3|2166
102161;2026.05.12 05:13:39;2026.05.12 05:30:33;BUY;0.16;4711.844;4720.213;4707.746;4720.040;133.90;65.57;0.917;2.042;TP;DH5|3|2167
102163;2026.05.12 06:05:43;2026.05.12 06:07:15;BUY;0.11;4709.444;4703.169;4703.303;4721.726;-69.03;67.55;0.927;-1.022;SL;DH5|3|2168
102165;2026.05.12 06:17:36;2026.05.12 06:23:25;BUY;0.12;4704.819;4699.240;4699.250;4715.957;-66.95;66.83;0.926;-1.002;SL;DH5|3|2169
102167;2026.05.12 06:55:50;2026.05.12 07:09:25;SELL;0.09;4694.360;4694.405;4701.919;4679.242;-0.41;68.03;0.952;-0.006;SL;DH5|2|2171
102169;2026.05.12 07:11:18;2026.05.12 08:02:18;BUY;0.12;4694.844;4705.819;4689.438;4705.656;131.70;64.87;0.907;2.030;TP;DH5|3|2174
102171;2026.05.12 09:44:29;2026.05.12 09:51:04;SELL;0.13;4696.763;4701.946;4701.928;4686.433;-67.38;67.14;0.922;-1.003;SL;DH5|2|2176
102173;2026.05.12 10:07:40;2026.05.12 10:17:23;BUY;0.07;4708.136;4699.115;4699.262;4725.884;-63.15;62.12;0.861;-1.017;SL;DH5|2|2177
102175;2026.05.12 10:32:35;2026.05.12 10:59:41;SELL;0.08;4694.615;4694.620;4702.613;4678.619;-0.04;63.98;0.895;-0.001;SL;DH5|2|2178
102177;2026.05.12 12:24:38;2026.05.12 12:34:18;SELL;0.09;4697.599;4697.686;4704.736;4683.325;-0.78;64.23;0.898;-0.012;SL;DH5|2|2181
102179;2026.05.12 12:46:58;2026.05.12 13:00:30;SELL;0.13;4707.961;4708.079;4713.130;4697.623;-1.53;67.20;0.940;-0.023;SL;DH5|3|2182
102181;2026.05.12 14:33:30;2026.05.12 14:50:36;BUY;0.09;4677.325;4677.276;4670.086;4691.803;-0.44;65.15;0.911;-0.007;SL;DH5|3|2185
102183;2026.05.12 14:58:41;2026.05.12 15:12:39;BUY;0.09;4672.320;4665.019;4665.215;4686.530;-65.71;63.94;0.895;-1.028;SL;DH5|3|2186
102185;2026.05.12 15:25:40;2026.05.12 16:16:37;BUY;0.05;4649.226;4674.444;4636.620;4674.438;126.09;63.03;0.890;2.000;TP;DH5|3|2187
102187;2026.05.12 18:02:25;2026.05.12 18:10:21;SELL;0.16;4680.744;4680.758;4684.744;4672.744;-0.22;64.00;0.888;-0.004;SL;DH5|1|2189
102189;2026.05.13 01:02:19;2026.05.13 01:03:34;BUY;0.16;4710.412;4710.347;4706.412;4718.412;-1.04;64.00;0.888;-0.016;SL;DH5|3|2193
102191;2026.05.13 01:08:31;2026.05.13 01:17:31;BUY;0.12;4712.218;4706.385;4706.531;4723.592;-70.00;68.24;0.947;-1.026;SL;DH5|3|2194
102193;2026.05.13 01:32:39;2026.05.13 01:55:12;BUY;0.15;4705.392;4705.369;4701.095;4713.986;-0.35;64.45;0.903;-0.005;SL;DH5|3|2196
102195;2026.05.13 02:07:44;2026.05.13 03:14:08;SELL;0.1;4700.411;4694.258;4706.710;4687.813;61.53;62.99;0.883;0.977;SL;DH5|2|2197
102197;2026.05.13 05:03:39;2026.05.13 05:24:26;BUY;0.16;4704.119;4699.864;4699.929;4712.499;-68.08;67.04;0.931;-1.016;SL;DH5|2|2204
102199;2026.05.13 06:50:56;2026.05.13 07:13:24;SELL;0.12;4706.147;4702.654;4711.701;4695.039;41.92;66.65;0.935;0.629;SL;DH5|2|2206
102201;2026.05.13 09:32:35;2026.05.13 10:03:06;BUY;0.13;4690.662;4701.212;4685.463;4701.060;137.15;67.59;0.942;2.029;TP;DH5|3|2208
102203;2026.05.13 12:01:29;2026.05.13 12:07:34;SELL;0.11;4695.307;4701.324;4701.300;4683.321;-66.19;65.92;0.902;-1.004;SL;DH5|2|2210
102205;2026.05.13 12:22:59;2026.05.13 12:28:30;BUY;0.15;4688.433;4684.023;4684.053;4697.193;-66.15;65.70;0.907;-1.007;SL;DH5|3|2211
102207;2026.05.13 12:35:27;2026.05.13 12:37:21;BUY;0.14;4685.348;4680.706;4680.848;4694.348;-64.99;63.00;0.878;-1.032;SL;DH5|3|2212
102209;2026.05.13 13:36:30;2026.05.13 14:31:34;SELL;0.07;4677.923;4687.716;4687.680;4658.409;-68.55;68.30;0.960;-1.004;SL;DH5|2|2213
102211;2026.05.13 16:11:06;2026.05.13 16:24:21;SELL;0.16;4701.211;4705.341;4705.211;4693.211;-66.08;64.00;0.909;-1.033;SL;DH5|3|2216
102213;2026.05.13 16:31:40;2026.05.13 17:13:39;SELL;0.12;4703.419;4700.598;4708.779;4692.699;33.85;64.32;0.922;0.526;SL;DH5|3|2218
102215;2026.05.13 17:34:27;2026.05.13 18:06:17;SELL;0.12;4693.392;4690.098;4698.639;4682.898;39.53;62.96;0.898;0.628;SL;DH5|2|2219
102217;2026.05.13 18:46:25;2026.05.13 18:53:30;SELL;0.12;4684.992;4685.080;4690.385;4674.206;-1.06;64.72;0.918;-0.016;SL;DH5|2|2220
102219;2026.05.13 19:53:18;2026.05.13 19:58:39;SELL;0.15;4684.052;4688.283;4688.248;4675.660;-63.47;62.94;0.893;-1.008;SL;DH5|2|2221
102221;2026.05.14 01:00:00;2026.05.14 01:03:41;SELL;0.15;4705.053;4696.263;4709.184;4696.791;131.85;61.97;0.887;2.128;TP;DH5|3|2222
102223;2026.05.14 01:06:27;2026.05.14 03:26:33;SELL;0.07;4691.378;4691.472;4700.448;4673.238;-0.66;63.49;0.892;-0.010;SL;DH5|2|2223
102225;2026.05.14 03:39:50;2026.05.14 04:08:24;SELL;0.08;4679.186;4679.213;4687.720;4662.118;-0.22;68.27;0.959;-0.003;SL;DH5|2|2227
102227;2026.05.14 05:59:48;2026.05.14 06:44:34;SELL;0.07;4689.067;4699.080;4698.916;4669.369;-70.09;68.94;0.969;-1.017;SL;DH5|2|2232
102229;2026.05.14 06:44:45;2026.05.14 07:45:32;BUY;0.07;4699.936;4708.647;4690.208;4719.392;60.98;68.10;0.966;0.895;SL;DH5|2|2233
102231;2026.05.14 09:01:38;2026.05.14 09:49:30;SELL;0.06;4690.225;4700.210;4700.186;4670.303;-59.91;59.77;0.841;-1.002;SL;DH5|2|2237
102233;2026.05.14 12:20:45;2026.05.14 12:44:41;BUY;0.07;4707.423;4697.754;4698.031;4726.207;-67.68;65.74;0.933;-1.029;SL;DH5|2|2240
102235;2026.05.14 13:18:37;2026.05.14 13:40:26;SELL;0.07;4695.093;4677.527;4703.787;4677.705;122.96;60.86;0.872;2.020;TP;DH5|2|2243
102237;2026.05.14 16:03:41;2026.05.14 16:48:37;SELL;0.11;4679.816;4676.671;4685.972;4667.504;34.59;67.72;0.953;0.511;SL;DH5|2|2247
102239;2026.05.15 01:01:31;2026.05.15 01:20:32;SELL;0.06;4621.834;4621.852;4632.308;4600.886;-0.11;62.84;0.880;-0.002;SL;DH5|1|2249
102241;2026.05.15 03:34:35;2026.05.15 03:42:41;SELL;0.06;4607.293;4617.332;4617.280;4587.319;-60.23;59.92;0.840;-1.005;SL;DH5|2|2253
102243;2026.05.15 04:22:25;2026.05.15 05:08:35;SELL;0.09;4608.961;4593.582;4616.468;4593.947;138.41;67.56;0.955;2.049;TP;DH5|2|2254
102245;2026.05.15 05:16:37;2026.05.15 05:19:24;SELL;0.14;4592.898;4583.495;4597.515;4583.664;131.64;64.64;0.896;2.037;TP;DH5|1|2256
102247;2026.05.15 05:23:25;2026.05.15 05:32:27;SELL;0.13;4586.347;4576.379;4591.304;4576.433;129.58;64.44;0.877;2.011;TP;DH5|1|2257
102249;2026.05.15 05:37:35;2026.05.15 05:41:38;SELL;0.1;4566.736;4573.944;4573.630;4552.948;-72.08;68.94;0.922;-1.046;SL;DH5|1|2258
102251;2026.05.15 05:42:30;2026.05.15 05:50:40;SELL;0.1;4570.925;4571.057;4577.385;4558.005;-1.32;64.60;0.872;-0.020;SL;DH5|1|2259
102253;2026.05.15 05:54:05;2026.05.15 06:01:36;SELL;0.1;4570.165;4563.567;4577.160;4556.175;65.98;69.95;0.945;0.943;SL;DH5|1|2260
102255;2026.05.15 06:02:29;2026.05.15 06:06:36;SELL;0.09;4560.483;4568.297;4568.029;4545.391;-70.33;67.91;0.909;-1.036;SL;DH5|1|2261
102257;2026.05.15 08:15:29;2026.05.15 08:17:31;SELL;0.13;4564.589;4553.811;4569.888;4553.991;140.11;68.89;0.931;2.034;TP;DH5|1|2262
102259;2026.05.15 08:19:39;2026.05.15 08:25:08;SELL;0.13;4556.210;4561.559;4561.509;4545.612;-69.54;68.89;0.914;-1.009;SL;DH5|1|2263
102261;2026.05.15 08:36:21;2026.05.15 08:39:43;SELL;0.12;4553.874;4559.521;4559.381;4542.860;-67.76;66.08;0.885;-1.025;SL;DH5|1|2264
102263;2026.05.15 08:56:47;2026.05.15 09:00:37;BUY;0.12;4557.529;4551.870;4551.928;4568.731;-67.91;67.21;0.908;-1.010;SL;DH5|3|2265
102265;2026.05.15 09:53:29;2026.05.15 09:56:34;SELL;0.12;4540.724;4546.397;4546.379;4529.414;-68.08;67.86;0.925;-1.003;SL;DH5|1|2267
102267;2026.05.15 11:55:26;2026.05.15 12:20:28;SELL;0.09;4553.009;4554.372;4560.095;4538.837;-12.27;63.77;0.878;-0.192;SL;DH5|1|2268
102269;2026.05.15 16:01:35;2026.05.15 16:22:25;SELL;0.11;4538.383;4538.450;4544.568;4526.013;-0.74;68.04;0.938;-0.011;SL;DH5|1|2271
102271;2026.05.15 18:18:43;2026.05.15 18:50:31;SELL;0.13;4555.355;4560.561;4560.528;4545.009;-67.68;67.25;0.927;-1.006;SL;DH5|2|2273
102273;2026.05.15 19:25:00;2026.05.15 19:38:34;SELL;0.16;4550.026;4554.374;4554.026;4542.026;-69.57;64.00;0.891;-1.087;SL;DH5|1|2274
102275;2026.05.15 19:55:31;2026.05.15 20:05:30;SELL;0.14;4547.663;4538.013;4552.398;4538.193;135.10;66.29;0.932;2.038;TP;DH5|2|2276
102277;2026.05.18 02:47:41;2026.05.18 03:23:23;SELL;0.09;4539.778;4534.507;4547.245;4524.844;47.44;67.20;0.927;0.706;SL;DH5|1|2278
102279;2026.05.18 03:45:38;2026.05.18 04:30:26;SELL;0.1;4543.825;4537.503;4550.578;4530.319;63.22;67.53;0.925;0.936;SL;DH5|3|2279
102281;2026.05.18 07:26:27;2026.05.18 07:41:39;BUY;0.08;4550.423;4550.346;4541.610;4568.049;-0.62;70.50;0.958;-0.009;SL;DH5|2|2284
102283;2026.05.18 08:34:29;2026.05.18 09:03:08;BUY;0.09;4553.103;4544.984;4545.485;4568.339;-73.07;68.56;0.931;-1.066;SL;DH5|2|2288
102285;2026.05.18 09:03:36;2026.05.18 10:43:39;SELL;0.08;4543.139;4543.161;4551.140;4527.137;-0.18;64.01;0.878;-0.003;SL;DH5|2|2289
102287;2026.05.18 11:10:30;2026.05.18 11:22:27;BUY;0.16;4533.121;4535.506;4528.921;4541.521;38.16;67.20;0.922;0.568;SL;DH5|3|2292
102289;2026.05.18 11:35:33;2026.05.18 11:41:41;BUY;0.07;4546.492;4566.211;4536.988;4565.500;138.03;66.53;0.908;2.075;TP;DH5|2|2293
102291;2026.05.18 11:48:34;2026.05.18 12:32:33;SELL;0.07;4556.322;4556.448;4566.013;4536.940;-0.88;67.84;0.909;-0.013;SL;DH5|3|2294
102293;2026.05.18 13:01:07;2026.05.18 13:10:39;SELL;0.11;4574.043;4561.931;4580.073;4561.983;133.23;66.33;0.889;2.009;TP;DH5|3|2296
102295;2026.05.18 13:35:32;2026.05.18 13:43:28;SELL;0.1;4576.392;4572.311;4583.237;4562.702;40.81;68.45;0.901;0.596;SL;DH5|3|2297
102297;2026.05.18 13:58:30;2026.05.18 14:05:38;SELL;0.09;4578.494;4563.475;4585.999;4563.484;135.17;67.55;0.884;2.001;TP;DH5|3|2298
102299;2026.05.18 16:28:40;2026.05.18 16:38:08;SELL;0.09;4537.357;4545.055;4545.030;4522.011;-69.28;69.06;0.889;-1.003;SL;DH5|2|2299
102301;2026.05.18 18:02:25;2026.05.18 19:01:24;SELL;0.11;4544.653;4541.497;4551.068;4531.823;34.72;70.56;0.916;0.492;SL;DH5|2|2300
102303;2026.05.19 03:56:41;2026.05.19 05:27:02;SELL;0.11;4543.836;4537.573;4550.452;4530.604;68.89;72.78;0.941;0.947;SL;DH5|2|2305
102305;2026.05.19 07:09:35;2026.05.19 07:11:33;BUY;0.1;4554.642;4547.729;4547.759;4568.408;-69.13;68.83;0.882;-1.004;SL;DH5|2|2312
102307;2026.05.19 07:38:45;2026.05.19 07:46:34;SELL;0.09;4542.481;4550.386;4550.026;4527.391;-71.15;67.91;0.878;-1.048;SL;DH5|2|2313
102309;2026.05.19 08:00:40;2026.05.19 08:12:39;SELL;0.12;4554.577;4542.860;4560.356;4543.019;140.60;69.35;0.905;2.028;TP;DH5|3|2314
102311;2026.05.19 10:38:44;2026.05.19 10:39:42;SELL;0.13;4535.249;4540.986;4540.942;4523.863;-74.58;74.01;0.948;-1.008;SL;DH5|2|2315
102313;2026.05.19 10:45:37;2026.05.19 11:00:29;BUY;0.1;4531.497;4545.645;4524.592;4545.307;141.48;69.05;0.893;2.049;TP;DH5|3|2317
102315;2026.05.19 11:55:35;2026.05.19 12:02:31;SELL;0.12;4533.562;4533.936;4539.437;4521.812;-4.49;70.50;0.895;-0.064;SL;DH5|2|2319
102317;2026.05.19 12:04:09;2026.05.19 12:07:34;SELL;0.18;4533.754;4537.842;4537.797;4525.668;-73.58;72.77;0.925;-1.011;SL;DH5|1|2320
102319;2026.05.19 13:00:35;2026.05.19 13:06:32;SELL;0.1;4534.994;4520.450;4542.198;4520.586;145.44;72.04;0.924;2.019;TP;DH5|2|2321
102321;2026.05.19 13:13:33;2026.05.19 13:22:29;SELL;0.13;4522.226;4510.823;4527.858;4510.962;148.24;73.22;0.922;2.025;TP;DH5|1|2322
102323;2026.05.19 17:24:26;2026.05.19 17:29:38;SELL;0.16;4504.015;4508.575;4508.527;4494.991;-72.96;72.19;0.892;-1.011;SL;DH5|2|2326
102325;2026.05.19 18:20:48;2026.05.19 19:23:31;SELL;0.14;4498.199;4487.328;4503.581;4487.435;152.19;75.35;0.940;2.020;TP;DH5|2|2328
102327;2026.05.19 19:29:33;2026.05.19 20:08:33;SELL;0.18;4487.495;4485.301;4491.495;4479.495;39.49;72.00;0.881;0.548;SL;DH5|1|2331
102329;2026.05.20 01:29:16;2026.05.20 01:30:32;BUY;0.11;4478.119;4471.232;4471.454;4491.449;-75.76;73.31;0.893;-1.033;SL;DH5|3|2332
102331;2026.05.20 01:34:27;2026.05.20 01:36:33;SELL;0.11;4472.966;4457.571;4479.918;4459.062;169.35;76.47;0.940;2.214;TP;DH5|1|2333
102333;2026.05.20 01:45:29;2026.05.20 01:49:35;SELL;0.11;4465.154;4472.392;4472.380;4450.702;-79.62;79.49;0.957;-1.002;SL;DH5|1|2334
102335;2026.05.20 02:44:18;2026.05.20 03:06:07;BUY;0.1;4465.315;4457.624;4457.886;4480.173;-76.91;74.29;0.904;-1.035;SL;DH5|3|2335
102337;2026.05.20 03:12:29;2026.05.20 03:36:38;SELL;0.12;4458.480;4464.849;4464.820;4445.800;-76.43;76.08;0.934;-1.005;SL;DH5|1|2337
102339;2026.05.20 04:00:51;2026.05.20 04:36:08;BUY;0.12;4467.011;4461.052;4461.059;4478.915;-71.51;71.42;0.885;-1.001;SL;DH5|2|2338
102341;2026.05.20 08:31:13;2026.05.20 08:45:43;SELL;0.14;4485.571;4482.277;4490.684;4475.345;46.12;71.58;0.895;0.644;SL;DH5|3|2341
102343;2026.05.20 09:55:30;2026.05.20 10:05:40;SELL;0.18;4488.950;4488.975;4492.969;4480.912;-0.45;72.34;0.899;-0.006;SL;DH5|3|2344
102345;2026.05.20 12:31:39;2026.05.20 12:48:38;SELL;0.17;4500.955;4505.359;4505.294;4492.277;-74.87;73.76;0.917;-1.015;SL;DH5|3|2350
102347;2026.05.20 14:02:17;2026.05.20 14:05:40;BUY;0.15;4483.106;4478.036;4478.185;4492.948;-76.05;73.81;0.926;-1.030;SL;DH5|3|2353
102349;2026.05.20 14:23:08;2026.05.20 14:24:40;SELL;0.11;4508.045;4502.858;4514.699;4494.737;57.06;73.19;0.927;0.780;SL;DH5|3|2354
102351;2026.05.20 16:21:31;2026.05.20 16:45:05;SELL;0.09;4526.127;4534.409;4534.331;4509.719;-74.54;73.84;0.929;-1.010;SL;DH5|2|2358
102353;2026.05.21 01:09:29;2026.05.21 01:23:34;BUY;0.09;4550.162;4566.001;4542.571;4565.344;142.55;68.32;0.868;2.087;TP;DH5|2|2360
102355;2026.05.21 03:50:40;2026.05.21 04:14:34;SELL;0.12;4530.422;4536.499;4536.492;4518.282;-72.92;72.84;0.909;-1.001;SL;DH5|2|2365
102357;2026.05.21 09:20:07;2026.05.21 09:44:29;SELL;0.18;4539.437;4531.089;4543.532;4531.247;150.26;73.71;0.928;2.039;TP;DH5|3|2370
102359;2026.05.21 10:25:32;2026.05.21 10:26:32;SELL;0.13;4526.598;4514.840;4532.410;4514.974;152.85;75.56;0.933;2.023;TP;DH5|2|2372
102361;2026.05.21 10:42:42;2026.05.21 11:33:31;BUY;0.1;4511.301;4511.244;4503.716;4526.471;-0.57;75.85;0.920;-0.008;SL;DH5|3|2374
102363;2026.05.21 12:21:38;2026.05.21 12:33:30;SELL;0.11;4507.428;4514.708;4514.204;4493.876;-80.08;74.54;0.904;-1.074;SL;DH5|2|2375
102365;2026.05.21 12:58:52;2026.05.21 13:00:19;BUY;0.17;4504.539;4499.736;4500.038;4513.541;-81.65;76.52;0.937;-1.067;SL;DH5|3|2377
102367;2026.05.21 13:14:39;2026.05.21 13:19:42;BUY;0.13;4502.584;4496.794;4496.927;4513.898;-75.27;73.54;0.910;-1.024;SL;DH5|3|2378
102369;2026.05.21 13:31:05;2026.05.21 13:34:03;BUY;0.12;4497.893;4491.748;4491.872;4509.935;-73.74;72.25;0.902;-1.021;SL;DH5|3|2380
102371;2026.05.21 13:40:36;2026.05.21 13:52:29;BUY;0.11;4496.164;4509.451;4489.709;4509.074;146.16;71.00;0.895;2.058;TP;DH5|3|2381
102373;2026.05.21 16:00:39;2026.05.21 17:16:39;BUY;0.07;4517.203;4537.943;4506.917;4537.775;145.18;72.00;0.891;2.016;TP;DH5|2|2382
102375;2026.05.22 01:00:27;2026.05.22 01:02:33;BUY;0.13;4530.585;4530.322;4524.891;4541.973;-3.42;74.02;0.900;-0.046;SL;DH5|3|2388
102377;2026.05.22 01:06:22;2026.05.22 01:24:44;BUY;0.14;4527.973;4527.962;4522.762;4538.395;-0.15;72.95;0.887;-0.002;SL;DH5|3|2389
102379;2026.05.22 02:33:35;2026.05.22 02:51:41;SELL;0.11;4520.134;4527.219;4527.161;4506.080;-77.94;77.30;0.940;-1.008;SL;DH5|2|2392
102381;2026.05.22 07:36:55;2026.05.22 08:03:29;SELL;0.15;4520.427;4525.285;4525.274;4510.733;-72.87;72.71;0.893;-1.002;SL;DH5|2|2394
102383;2026.05.22 09:15:05;2026.05.22 09:38:26;SELL;0.11;4516.472;4523.101;4522.992;4503.432;-72.92;71.72;0.888;-1.017;SL;DH5|2|2395
102385;2026.05.22 09:54:35;2026.05.22 10:29:26;SELL;0.18;4533.560;4525.368;4537.560;4525.560;147.46;72.00;0.900;2.048;TP;DH5|3|2396
102387;2026.05.22 11:43:38;2026.05.22 12:12:56;BUY;0.14;4520.893;4524.267;4515.378;4531.923;47.24;77.21;0.948;0.612;SL;DH5|2|2398
102389;2026.05.22 13:09:48;2026.05.22 13:25:36;BUY;0.07;4532.449;4522.012;4522.017;4553.313;-73.06;73.02;0.891;-1.000;SL;DH5|2|2399
102391;2026.05.22 14:09:43;2026.05.22 14:13:23;BUY;0.08;4510.934;4501.533;4501.692;4529.418;-75.21;73.94;0.910;-1.017;SL;DH5|3|2401
102393;2026.05.22 16:25:42;2026.05.22 16:41:09;BUY;0.12;4524.084;4517.927;4517.963;4536.326;-73.88;73.45;0.913;-1.006;SL;DH5|2|2402
102395;2026.05.22 17:28:27;2026.05.22 17:33:31;BUY;0.13;4521.987;4521.978;4516.225;4533.511;-0.12;74.91;0.940;-0.002;SL;DH5|2|2403
102397;2026.05.22 19:02:31;2026.05.22 20:40:00;SELL;0.14;4511.847;4506.668;4516.945;4501.651;72.51;71.37;0.895;1.016;EA;DH5|2|2404
102399;2026.05.25 01:07:34;2026.05.25 01:28:32;SELL;0.09;4565.547;4573.889;4573.842;4548.957;-75.08;74.65;0.928;-1.006;SL;DH5|2|2405
102401;2026.05.25 14:05:26;2026.05.25 15:37:27;BUY;0.14;4568.514;4568.449;4563.339;4578.864;-0.91;72.45;0.909;-0.013;SL;DH5|2|2410
102403;2026.05.26 01:00:00;2026.05.26 01:33:32;BUY;0.06;4550.057;4538.353;4538.434;4573.303;-70.22;69.74;0.875;-1.007;SL;DH5|3|2411
102405;2026.05.26 02:46:43;2026.05.26 03:01:38;SELL;0.13;4531.016;4536.629;4536.602;4519.844;-72.97;72.62;0.919;-1.005;SL;DH5|2|2412
102407;2026.05.26 05:30:24;2026.05.26 05:47:35;BUY;0.13;4532.208;4526.782;4526.790;4543.044;-70.54;70.43;0.900;-1.001;SL;DH5|2|2414
102409;2026.05.26 07:17:36;2026.05.26 07:24:45;SELL;0.1;4522.752;4530.294;4530.044;4508.168;-75.42;72.92;0.940;-1.034;SL;DH5|2|2415
102411;2026.05.26 08:30:02;2026.05.26 08:49:25;BUY;0.17;4522.729;4522.686;4518.645;4530.897;-0.73;69.43;0.904;-0.011;SL;DH5|3|2419
102413;2026.05.26 09:14:33;2026.05.26 09:17:38;SELL;0.14;4519.435;4524.350;4524.319;4509.667;-68.81;68.38;0.890;-1.006;SL;DH5|2|2420
102415;2026.05.26 09:33:04;2026.05.26 09:42:25;BUY;0.17;4518.775;4514.543;4514.775;4526.775;-71.94;68.00;0.894;-1.058;SL;DH5|3|2422
102417;2026.05.26 09:42:26;2026.05.26 09:58:32;SELL;0.1;4514.267;4521.409;4521.369;4500.063;-71.42;71.02;0.942;-1.006;SL;DH5|2|2423
102419;2026.05.26 11:21:52;2026.05.26 11:35:32;SELL;0.09;4528.068;4512.989;4535.600;4513.004;135.71;67.79;0.908;2.002;TP;DH5|2|2426
102421;2026.05.26 15:40:35;2026.05.26 15:53:20;SELL;0.17;4506.724;4510.763;4510.724;4498.724;-68.66;68.00;0.894;-1.010;SL;DH5|1|2430
102423;2026.05.26 16:20:00;2026.05.26 17:30:38;BUY;0.11;4505.392;4498.860;4498.885;4518.406;-71.85;71.58;0.950;-1.004;SL;DH5|3|2431
102425;2026.05.27 01:05:40;2026.05.27 01:10:33;SELL;0.13;4513.342;4518.685;4518.634;4502.758;-69.46;68.80;0.922;-1.010;SL;DH5|2|2433
102427;2026.05.27 05:33:59;2026.05.27 05:42:41;BUY;0.16;4496.902;4492.777;4492.830;4505.046;-66.00;65.15;0.881;-1.013;SL;DH5|3|2434
102429;2026.05.27 05:52:35;2026.05.27 06:18:21;SELL;0.14;4500.222;4490.731;4504.858;4490.950;132.87;64.90;0.886;2.047;TP;DH5|1|2435
102431;2026.05.27 06:26:35;2026.05.27 06:44:29;SELL;0.14;4487.120;4487.198;4492.109;4477.142;-1.09;69.85;0.936;-0.016;SL;DH5|1|2436
102433;2026.05.27 07:49:23;2026.05.27 08:01:34;SELL;0.12;4479.327;4485.504;4485.200;4467.581;-74.12;70.48;0.945;-1.052;SL;DH5|2|2439
102435;2026.05.27 09:31:33;2026.05.27 10:30:39;SELL;0.1;4487.480;4474.398;4493.954;4474.532;130.82;64.74;0.877;2.021;TP;DH5|2|2442
102437;2026.05.27 10:35:02;2026.05.27 10:39:34;SELL;0.17;4473.647;4465.298;4477.647;4465.647;141.93;68.00;0.905;2.087;TP;DH5|1|2446
102439;2026.05.27 10:53:22;2026.05.27 10:59:09;SELL;0.13;4444.197;4449.620;4449.458;4433.675;-70.50;68.39;0.893;-1.031;SL;DH5|1|2447
102441;2026.05.27 10:59:40;2026.05.27 11:03:27;SELL;0.13;4446.471;4451.857;4451.719;4435.975;-70.02;68.22;0.899;-1.026;SL;DH5|1|2449
102443;2026.05.27 12:06:20;2026.05.27 12:18:31;SELL;0.12;4433.957;4434.163;4439.900;4422.071;-2.47;71.32;0.949;-0.035;SL;DH5|1|2452
102445;2026.05.27 13:22:36;2026.05.27 13:31:09;SELL;0.07;4412.434;4412.622;4421.968;4393.366;-1.32;66.74;0.888;-0.020;SL;DH5|1|2453
102447;2026.05.27 13:33:40;2026.05.27 13:51:40;SELL;0.07;4419.396;4428.870;4428.833;4400.522;-66.32;66.06;0.879;-1.004;SL;DH5|1|2454
102449;2026.05.27 17:11:37;2026.05.27 17:24:42;SELL;0.1;4441.933;4448.694;4448.579;4428.641;-67.61;66.46;0.893;-1.017;SL;DH5|2|2455
102451;2026.05.28 01:00:24;2026.05.28 01:00:33;BUY;0.08;4458.810;4449.929;4450.030;4476.370;-71.05;70.24;0.952;-1.012;SL;DH5|2|2457
102453;2026.05.28 01:09:34;2026.05.28 01:13:30;BUY;0.14;4444.233;4439.217;4439.347;4454.005;-70.22;68.40;0.936;-1.027;SL;DH5|3|2458
102455;2026.05.28 01:32:11;2026.05.28 01:53:29;SELL;0.12;4421.404;4409.560;4427.098;4410.016;142.13;68.33;0.944;2.080;TP;DH5|1|2460
102457;2026.05.28 02:04:32;2026.05.28 02:16:39;SELL;0.11;4405.666;4405.668;4412.061;4392.876;-0.02;70.34;0.953;-0.000;SL;DH5|1|2462
102459;2026.05.28 02:19:21;2026.05.28 02:30:39;SELL;0.1;4403.760;4410.485;4410.391;4390.498;-67.25;66.31;0.899;-1.014;SL;DH5|1|2463
102461;2026.05.28 02:45:39;2026.05.28 03:37:38;SELL;0.07;4395.538;4375.831;4405.373;4375.868;137.95;68.84;0.942;2.004;TP;DH5|2|2464
102463;2026.05.28 03:41:36;2026.05.28 03:45:31;SELL;0.12;4373.741;4379.224;4379.189;4362.845;-65.80;65.38;0.878;-1.006;SL;DH5|1|2470
102465;2026.05.28 03:59:41;2026.05.28 04:07:31;SELL;0.12;4374.947;4380.364;4380.355;4364.131;-65.00;64.90;0.879;-1.002;SL;DH5|1|2471
102467;2026.05.28 04:23:04;2026.05.28 05:12:02;SELL;0.11;4370.401;4376.602;4376.326;4358.551;-68.21;65.18;0.890;-1.047;SL;DH5|1|2472
102469;2026.05.28 07:00:28;2026.05.28 07:41:27;BUY;0.09;4386.311;4386.255;4379.250;4400.433;-0.50;63.55;0.876;-0.008;SL;DH5|2|2474
102471;2026.05.28 07:52:44;2026.05.28 08:00:34;SELL;0.07;4382.620;4391.722;4391.710;4364.440;-63.71;63.63;0.878;-1.001;SL;DH5|2|2475
102473;2026.05.28 09:21:41;2026.05.28 09:44:32;BUY;0.11;4395.772;4389.936;4389.963;4407.390;-64.20;63.90;0.889;-1.005;SL;DH5|2|2476
102475;2026.05.28 10:08:39;2026.05.28 10:19:30;BUY;0.13;4398.219;4398.093;4393.244;4408.169;-1.64;64.68;0.908;-0.025;SL;DH5|2|2478
102477;2026.05.28 14:09:57;2026.05.28 14:12:39;SELL;0.09;4437.808;4445.364;4444.889;4423.646;-68.00;63.73;0.895;-1.067;SL;DH5|3|2482
102479;2026.05.28 16:06:16;2026.05.28 16:16:31;SELL;0.14;4484.296;4488.954;4488.920;4475.048;-65.21;64.74;0.918;-1.007;SL;DH5|3|2486
102481;2026.05.28 17:29:42;2026.05.28 17:46:41;SELL;0.08;4500.670;4509.018;4508.877;4484.256;-66.78;65.66;0.940;-1.017;SL;DH5|2|2491
102483;2026.05.28 18:00:51;2026.05.28 18:30:25;BUY;0.11;4510.798;4504.663;4504.827;4522.740;-67.48;65.68;0.949;-1.027;SL;DH5|2|2492
102485;2026.05.29 01:00:30;2026.05.29 01:02:36;BUY;0.12;4501.544;4496.450;4496.509;4511.614;-61.13;60.42;0.882;-1.012;SL;DH5|2|2494
102487;2026.05.29 01:30:00;2026.05.29 05:30:00;SELL;0.03;4505.176;4510.100;4521.987;4471.554;-14.77;50.43;0.742;-0.293;EA;DH5|3|2496
102489;2026.05.29 06:05:31;2026.05.29 06:09:27;BUY;0.15;4519.877;4515.779;4515.877;4527.877;-61.47;60.00;0.885;-1.024;SL;DH5|1|2499
102491;2026.05.29 07:00:31;2026.05.29 07:24:35;SELL;0.13;4522.079;4512.310;4526.892;4512.453;127.00;62.57;0.932;2.030;TP;DH5|3|2500
102493;2026.05.29 07:36:01;2026.05.29 08:14:34;SELL;0.15;4523.304;4515.193;4527.304;4515.304;121.66;60.00;0.877;2.028;TP;DH5|3|2501
102495;2026.05.29 09:03:39;2026.05.29 09:13:31;BUY;0.11;4519.128;4530.292;4513.621;4530.142;122.80;60.58;0.870;2.027;TP;DH5|2|2503
102497;2026.05.29 09:19:35;2026.05.29 09:21:40;BUY;0.16;4529.325;4525.223;4525.325;4537.325;-65.63;64.00;0.903;-1.025;SL;DH5|1|2504
102499;2026.05.29 09:29:52;2026.05.29 09:45:29;SELL;0.15;4528.939;4533.497;4533.256;4520.305;-68.37;64.76;0.922;-1.056;SL;DH5|3|2505
102501;2026.05.29 09:57:37;2026.05.29 10:01:35;BUY;0.14;4531.505;4526.692;4526.874;4540.767;-67.38;64.83;0.932;-1.039;SL;DH5|1|2507
102503;2026.05.29 10:36:27;2026.05.29 11:10:10;BUY;0.08;4540.063;4531.830;4531.835;4556.519;-65.86;65.82;0.956;-1.001;SL;DH5|2|2508
102505;2026.05.29 13:36:39;2026.05.29 13:40:35;BUY;0.13;4524.520;4534.473;4519.593;4534.374;129.39;64.05;0.939;2.020;TP;DH5|1|2511
102507;2026.05.29 14:00:39;2026.05.29 14:03:35;BUY;0.12;4539.356;4542.981;4533.940;4550.188;43.50;64.99;0.935;0.669;SL;DH5|1|2513
102509;2026.05.29 14:04:37;2026.05.29 14:13:32;BUY;0.12;4545.739;4545.422;4540.323;4556.571;-3.80;64.99;0.929;-0.059;SL;DH5|1|2514
102511;2026.05.29 14:17:33;2026.05.29 14:21:34;BUY;0.11;4542.843;4536.989;4536.994;4554.541;-64.39;64.34;0.921;-1.001;SL;DH5|1|2515
102513;2026.05.29 15:17:30;2026.05.29 15:27:30;BUY;0.07;4589.055;4579.948;4580.139;4606.887;-63.75;62.41;0.901;-1.021;SL;DH5|1|2516
102515;2026.05.29 16:37:27;2026.05.29 16:46:33;BUY;0.07;4573.576;4565.295;4565.298;4590.132;-57.97;57.95;0.845;-1.000;SL;DH5|2|2517
102517;2026.05.29 17:32:56;2026.05.29 19:57:34;SELL;0.09;4557.908;4543.437;4565.048;4543.628;130.24;64.26;0.945;2.027;TP;DH5|2|2518
102519;2026.06.01 01:00:36;2026.06.01 01:15:15;SELL;0.1;4534.528;4534.577;4540.900;4521.784;-0.49;63.72;0.919;-0.008;SL;DH5|2|2519
102521;2026.06.01 01:56:51;2026.06.01 02:13:26;SELL;0.08;4524.913;4532.729;4532.616;4509.507;-62.53;61.62;0.889;-1.015;SL;DH5|2|2521
102523;2026.06.01 02:44:04;2026.06.01 03:06:06;BUY;0.15;4524.475;4520.460;4520.475;4532.475;-60.23;60.00;0.873;-1.004;SL;DH5|3|2523
102525;2026.06.01 03:06:56;2026.06.01 03:11:05;BUY;0.15;4519.438;4515.398;4515.438;4527.438;-60.60;60.00;0.881;-1.010;SL;DH5|3|2525
102527;2026.06.01 03:42:31;2026.06.01 05:18:18;SELL;0.09;4513.104;4520.347;4520.184;4498.944;-65.19;63.72;0.944;-1.023;SL;DH5|2|2526
102529;2026.06.01 05:49:49;2026.06.01 05:59:37;BUY;0.09;4524.538;4517.432;4517.663;4538.288;-63.95;61.88;0.926;-1.034;SL;DH5|2|2530
102531;2026.06.01 06:25:29;2026.06.01 06:35:31;BUY;0.12;4508.847;4508.674;4504.007;4518.527;-2.08;58.08;0.877;-0.036;SL;DH5|3|2531
102533;2026.06.01 07:41:36;2026.06.01 07:57:33;SELL;0.1;4500.220;4500.302;4506.098;4488.464;-0.82;58.78;0.888;-0.014;SL;DH5|2|2534
102535;2026.06.01 09:17:32;2026.06.01 09:29:26;BUY;0.08;4504.177;4497.054;4497.087;4518.357;-56.98;56.72;0.857;-1.005;SL;DH5|2|2538
102537;2026.06.01 09:33:30;2026.06.01 09:49:27;BUY;0.15;4491.968;4494.869;4487.968;4499.968;43.51;60.00;0.915;0.725;SL;DH5|3|2539
102539;2026.06.01 10:47:29;2026.06.01 11:03:31;BUY;0.08;4508.433;4501.251;4501.353;4522.593;-57.46;56.64;0.858;-1.014;SL;DH5|2|2540
102541;2026.06.01 12:02:37;2026.06.01 12:06:35;SELL;0.1;4503.441;4509.256;4509.227;4491.869;-58.15;57.86;0.884;-1.005;SL;DH5|2|2543
102543;2026.06.01 13:52:10;2026.06.01 13:55:36;BUY;0.07;4459.717;4451.089;4451.217;4476.717;-60.40;59.50;0.917;-1.015;SL;DH5|3|2546
102545;2026.06.01 14:10:39;2026.06.01 15:23:32;SELL;0.06;4458.308;4467.707;4467.592;4439.740;-56.39;55.70;0.867;-1.012;SL;DH5|1|2547
102547;2026.06.01 16:11:08;2026.06.01 16:50:33;SELL;0.07;4464.937;4473.762;4473.567;4447.677;-61.77;60.41;0.948;-1.023;SL;DH5|2|2548
102549;2026.06.02 01:01:58;2026.06.02 01:03:32;BUY;0.12;4477.454;4486.770;4472.828;4486.706;111.79;55.51;0.880;2.014;TP;DH5|3|2553
102551;2026.06.02 01:49:31;2026.06.02 01:51:29;BUY;0.11;4474.237;4468.582;4468.707;4485.297;-62.20;60.83;0.947;-1.023;SL;DH5|3|2554
102553;2026.06.02 03:00:41;2026.06.02 04:47:34;BUY;0.05;4491.219;4514.752;4479.525;4514.607;117.67;58.47;0.919;2.012;TP;DH5|2|2555
102555;2026.06.02 06:21:40;2026.06.02 07:28:36;BUY;0.08;4529.053;4533.572;4521.678;4543.803;36.15;59.00;0.911;0.613;SL;DH5|2|2560
102557;2026.06.02 08:06:56;2026.06.02 08:24:00;SELL;0.15;4536.887;4534.087;4540.887;4528.887;42.00;60.00;0.921;0.700;SL;DH5|3|2564
102559;2026.06.02 09:15:26;2026.06.02 09:22:35;BUY;0.11;4534.874;4529.329;4529.387;4545.848;-61.00;60.36;0.921;-1.011;SL;DH5|2|2566
102561;2026.06.02 13:35:33;2026.06.02 13:54:40;BUY;0.11;4510.928;4505.501;4505.613;4521.558;-59.70;58.46;0.900;-1.021;SL;DH5|3|2569
102563;2026.06.02 16:31:05;2026.06.02 16:38:33;BUY;0.14;4490.593;4486.352;4486.593;4498.593;-59.37;56.00;0.870;-1.060;SL;DH5|3|2571
102565;2026.06.02 17:36:28;2026.06.02 18:26:39;SELL;0.13;4485.934;4490.550;4490.524;4476.754;-60.01;59.67;0.936;-1.006;SL;DH5|2|2572
102567;2026.06.02 18:46:27;2026.06.02 19:21:35;BUY;0.12;4482.691;4485.552;4477.982;4492.109;34.33;56.51;0.895;0.608;SL;DH5|3|2573
102569;2026.06.03 01:31:36;2026.06.03 01:46:43;SELL;0.11;4468.911;4474.354;4474.126;4458.481;-59.87;57.37;0.903;-1.044;SL;DH5|1|2574
102571;2026.06.03 05:16:27;2026.06.03 05:30:28;SELL;0.14;4472.953;4464.605;4476.953;4464.953;116.87;56.00;0.890;2.087;TP;DH5|1|2575
102573;2026.06.03 05:38:27;2026.06.03 05:46:23;SELL;0.14;4466.802;4464.415;4470.802;4458.802;33.42;56.00;0.874;0.597;SL;DH5|1|2577
102575;2026.06.03 06:01:30;2026.06.03 06:02:33;SELL;0.14;4459.275;4464.201;4463.275;4451.275;-68.96;56.00;0.870;-1.232;SL;DH5|1|2579
102577;2026.06.03 06:47:31;2026.06.03 07:09:27;BUY;0.11;4457.270;4467.744;4452.050;4467.710;115.21;57.42;0.901;2.007;TP;DH5|3|2581
102579;2026.06.03 08:01:30;2026.06.03 08:51:27;BUY;0.12;4454.885;4449.909;4450.017;4464.621;-59.71;58.42;0.901;-1.022;SL;DH5|3|2583
102581;2026.06.03 09:34:41;2026.06.03 09:40:02;SELL;0.11;4442.277;4447.491;4447.359;4432.113;-57.35;55.90;0.870;-1.026;SL;DH5|1|2586
102583;2026.06.03 10:05:45;2026.06.03 10:09:15;BUY;0.07;4453.028;4458.803;4444.834;4469.416;40.42;57.36;0.901;0.705;SL;DH5|2|2587
102585;2026.06.03 11:46:04;2026.06.03 11:51:25;SELL;0.1;4458.488;4464.320;4464.215;4447.034;-58.32;57.27;0.893;-1.018;SL;DH5|2|2588
102587;2026.06.03 12:08:34;2026.06.03 12:40:33;SELL;0.1;4457.598;4454.609;4463.574;4445.646;29.89;59.76;0.941;0.500;SL;DH5|2|2589
102589;2026.06.03 12:42:30;2026.06.03 12:44:33;SELL;0.14;4455.889;4459.907;4459.889;4447.889;-56.25;56.00;0.878;-1.005;SL;DH5|1|2591
102591;2026.06.03 13:53:06;2026.06.03 13:55:37;SELL;0.09;4442.702;4449.598;4449.385;4429.336;-62.06;60.15;0.951;-1.032;SL;DH5|1|2592
102593;2026.06.03 14:52:32;2026.06.03 15:23:20;SELL;0.08;4454.496;4440.087;4461.643;4440.202;115.27;57.18;0.913;2.016;TP;DH5|1|2594
102595;2026.06.04 01:05:42;2026.06.04 01:41:34;BUY;0.07;4457.791;4464.292;4449.245;4474.883;45.51;59.82;0.938;0.761;SL;DH5|2|2603
102597;2026.06.04 02:49:31;2026.06.04 03:42:38;BUY;0.07;4470.365;4461.814;4461.861;4487.373;-59.86;59.53;0.927;-1.006;SL;DH5|2|2606
102599;2026.06.04 05:11:30;2026.06.04 05:13:46;SELL;0.08;4472.468;4479.524;4479.332;4458.740;-56.45;54.91;0.863;-1.028;SL;DH5|2|2609
102601;2026.06.04 07:44:34;2026.06.04 08:06:34;SELL;0.09;4460.784;4467.038;4467.001;4448.350;-56.29;55.95;0.887;-1.006;SL;DH5|2|2610
102603;2026.06.04 08:30:39;2026.06.04 08:31:35;BUY;0.1;4468.468;4462.552;4462.714;4479.976;-59.16;57.54;0.920;-1.028;SL;DH5|2|2611
102605;2026.06.04 11:00:32;2026.06.04 11:26:34;BUY;0.09;4474.706;4487.530;4468.653;4486.812;115.42;54.48;0.880;2.119;TP;DH5|2|2612
102607;2026.06.04 12:50:36;2026.06.04 13:59:33;BUY;0.06;4506.638;4497.028;4497.215;4525.484;-57.66;56.54;0.896;-1.020;SL;DH5|2|2616
102609;2026.06.04 16:08:37;2026.06.04 18:34:34;BUY;0.07;4481.493;4473.411;4473.515;4497.449;-56.57;55.85;0.894;-1.013;SL;DH5|2|2620
102611;2026.06.05 01:27:28;2026.06.05 01:34:42;BUY;0.11;4451.257;4453.691;4445.977;4461.817;26.77;58.08;0.938;0.461;SL;DH5|3|2621
102613;2026.06.05 01:41:07;2026.06.05 01:45:22;BUY;0.1;4449.855;4443.998;4444.086;4461.393;-58.57;57.69;0.927;-1.015;SL;DH5|3|2622
102615;2026.06.05 02:35:39;2026.06.05 02:50:38;SELL;0.07;4441.481;4449.823;4449.544;4425.355;-58.39;56.44;0.916;-1.035;SL;DH5|2|2625
102617;2026.06.05 03:01:31;2026.06.05 04:13:37;BUY;0.11;4438.971;4438.963;4434.121;4448.671;-0.09;53.35;0.874;-0.002;SL;DH5|3|2628
102619;2026.06.05 06:02:33;2026.06.05 06:19:31;SELL;0.09;4437.984;4434.886;4444.015;4425.922;27.88;54.28;0.889;0.514;SL;DH5|2|2632
102621;2026.06.05 06:25:25;2026.06.05 10:25:25;BUY;0.03;4445.326;4466.962;4427.598;4480.782;64.91;53.18;0.867;1.220;EA;DH5|3|2634
102623;2026.06.05 12:20:17;2026.06.05 12:22:23;BUY;0.07;4476.191;4468.655;4468.680;4491.213;-52.75;52.58;0.849;-1.003;SL;DH5|2|2640
102625;2026.06.05 14:03:39;2026.06.05 14:09:30;SELL;0.05;4375.419;4375.483;4385.681;4354.895;-0.32;51.31;0.835;-0.006;SL;DH5|1|2645
102627;2026.06.05 14:31:17;2026.06.05 14:47:31;SELL;0.06;4360.152;4355.604;4369.869;4340.718;27.29;58.30;0.949;0.468;SL;DH5|1|2646
102629;2026.06.05 14:48:37;2026.06.05 14:51:29;SELL;0.06;4354.374;4363.988;4363.746;4335.630;-57.68;56.23;0.911;-1.026;SL;DH5|1|2647
102631;2026.06.05 16:04:16;2026.06.05 16:38:21;SELL;0.08;4334.864;4330.296;4341.660;4321.272;36.54;54.37;0.889;0.672;SL;DH5|1|2648
102633;2026.06.05 18:04:34;2026.06.05 18:20:30;SELL;0.07;4333.984;4329.946;4341.814;4318.324;28.27;54.81;0.891;0.516;SL;DH5|2|2652
102635;2026.06.05 18:35:33;2026.06.05 18:49:31;SELL;0.12;4323.692;4320.149;4328.431;4314.214;42.52;56.87;0.921;0.748;SL;DH5|1|2655
102637;2026.06.05 18:50:31;2026.06.05 18:56:35;SELL;0.12;4319.266;4324.301;4324.118;4309.562;-60.42;58.22;0.936;-1.038;SL;DH5|1|2656
102639;2026.06.05 19:18:29;2026.06.05 19:23:40;BUY;0.11;4315.658;4315.627;4310.701;4325.572;-0.34;54.53;0.885;-0.006;SL;DH5|3|2657
102641;2026.06.08 01:24:29;2026.06.08 01:30:33;SELL;0.1;4321.947;4310.112;4327.623;4310.595;118.35;56.76;0.922;2.085;TP;DH5|1|2659
102643;2026.06.08 01:39:27;2026.06.08 01:41:30;SELL;0.08;4315.383;4322.723;4322.641;4300.867;-58.72;58.06;0.925;-1.011;SL;DH5|1|2660
102645;2026.06.08 02:32:32;2026.06.08 02:51:33;BUY;0.08;4312.270;4312.177;4305.244;4326.322;-0.74;56.21;0.904;-0.013;SL;DH5|3|2661
102647;2026.06.08 05:19:35;2026.06.08 05:21:45;SELL;0.14;4308.465;4312.497;4312.465;4300.465;-56.45;56.00;0.901;-1.008;SL;DH5|1|2662
102649;2026.06.08 08:15:43;2026.06.08 09:20:42;SELL;0.08;4291.006;4291.020;4297.614;4277.790;-0.11;52.86;0.858;-0.002;SL;DH5|1|2663
102651;2026.06.08 09:28:33;2026.06.08 09:36:27;SELL;0.09;4283.564;4279.985;4289.766;4271.160;32.21;55.82;0.906;0.577;SL;DH5|2|2665
102653;2026.06.08 10:34:42;2026.06.08 11:15:03;BUY;0.06;4302.776;4322.267;4293.035;4322.258;116.95;58.45;0.944;2.001;TP;DH5|2|2666
102655;2026.06.08 12:43:36;2026.06.08 12:59:38;SELL;0.09;4334.279;4334.297;4340.678;4321.481;-0.16;57.59;0.913;-0.003;SL;DH5|3|2670
102657;2026.06.08 13:37:04;2026.06.08 13:38:04;SELL;0.1;4339.062;4344.826;4344.537;4328.112;-57.64;54.75;0.868;-1.053;SL;DH5|3|2671
102659;2026.06.08 17:26:21;2026.06.08 18:01:30;SELL;0.08;4333.960;4341.481;4341.396;4319.088;-60.17;59.49;0.951;-1.011;SL;DH5|2|2672
102661;2026.06.08 18:01:55;2026.06.08 18:45:24;BUY;0.09;4341.817;4335.798;4335.861;4353.729;-54.17;53.60;0.866;-1.011;SL;DH5|2|2673
102663;2026.06.08 19:56:35;2026.06.08 20:02:43;SELL;0.11;4323.876;4328.960;4328.943;4313.742;-55.92;55.74;0.908;-1.003;SL;DH5|2|2677
102665;2026.06.09 02:31:43;2026.06.09 02:36:09;BUY;0.08;4339.379;4332.645;4332.759;4352.619;-53.87;52.96;0.871;-1.017;SL;DH5|2|2680
102667;2026.06.09 02:46:01;2026.06.09 03:06:22;SELL;0.14;4339.237;4335.768;4343.237;4331.237;48.57;56.00;0.929;0.867;SL;DH5|3|2681
102669;2026.06.09 04:16:58;2026.06.09 04:50:26;SELL;0.08;4331.053;4331.158;4337.724;4317.711;-0.84;53.37;0.878;-0.016;SL;DH5|2|2683
102671;2026.06.09 05:00:26;2026.06.09 05:40:19;BUY;0.1;4333.780;4345.182;4328.080;4345.180;114.02;57.00;0.938;2.000;TP;DH5|2|2684
102673;2026.06.09 05:45:32;2026.06.09 06:35:36;SELL;0.08;4343.496;4338.607;4350.142;4330.204;39.11;53.17;0.859;0.736;SL;DH5|3|2686
102675;2026.06.09 07:14:53;2026.06.09 08:12:29;SELL;0.07;4326.781;4335.149;4334.994;4310.355;-58.58;57.49;0.923;-1.019;SL;DH5|2|2688
102677;2026.06.09 09:29:36;2026.06.09 09:51:32;SELL;0.08;4324.535;4331.569;4331.512;4310.581;-56.27;55.82;0.905;-1.008;SL;DH5|2|2693
102679;2026.06.09 10:14:29;2026.06.09 12:29:36;BUY;0.08;4335.477;4335.266;4328.357;4349.717;-1.69;56.96;0.932;-0.030;SL;DH5|2|2694
102681;2026.06.09 13:00:40;2026.06.09 13:03:05;BUY;0.09;4345.226;4339.004;4339.082;4357.514;-56.00;55.30;0.905;-1.013;SL;DH5|2|2698
102683;2026.06.09 14:25:32;2026.06.09 14:33:39;BUY;0.06;4320.416;4311.613;4311.690;4337.868;-52.82;52.36;0.864;-1.009;SL;DH5|3|2701
102685;2026.06.09 14:40:37;2026.06.09 14:43:32;BUY;0.06;4307.965;4298.281;4298.464;4326.967;-58.10;57.01;0.949;-1.019;SL;DH5|3|2702
102687;2026.06.09 15:00:39;2026.06.09 15:29:21;SELL;0.05;4298.375;4278.427;4308.349;4278.427;99.74;49.87;0.839;2.000;TP;DH5|1|2703
102689;2026.06.09 15:35:28;2026.06.09 15:45:04;SELL;0.06;4271.987;4281.594;4281.424;4253.113;-57.64;56.62;0.937;-1.018;SL;DH5|1|2704
102691;2026.06.09 16:23:30;2026.06.09 16:25:39;SELL;0.06;4256.662;4265.328;4265.223;4239.540;-52.00;51.37;0.858;-1.012;SL;DH5|1|2707
102693;2026.06.09 16:44:33;2026.06.09 16:47:29;SELL;0.06;4242.169;4251.759;4251.554;4223.399;-57.54;56.31;0.949;-1.022;SL;DH5|1|2708
102695;2026.06.09 19:33:29;2026.06.09 19:50:27;SELL;0.13;4257.709;4254.274;4261.755;4249.617;44.65;52.60;0.895;0.849;SL;DH5|1|2710
102697;2026.06.10 01:07:39;2026.06.10 01:11:34;SELL;0.07;4193.416;4201.441;4201.359;4177.530;-56.17;55.60;0.939;-1.010;SL;DH5|1|2712
102699;2026.06.10 01:44:41;2026.06.10 02:26:38;BUY;0.06;4188.031;4178.593;4178.656;4206.781;-56.63;56.25;0.959;-1.007;SL;DH5|3|2713
102701;2026.06.10 02:30:37;2026.06.10 02:38:25;SELL;0.06;4186.019;4186.222;4194.037;4169.983;-1.22;48.11;0.828;-0.025;SL;DH5|1|2716
102703;2026.06.10 03:55:29;2026.06.10 04:28:36;SELL;0.11;4183.553;4174.066;4188.243;4174.173;104.36;51.59;0.888;2.023;TP;DH5|1|2718
102705;2026.06.10 04:28:54;2026.06.10 05:23:29;SELL;0.08;4175.705;4182.539;4182.521;4162.073;-54.67;54.53;0.922;-1.003;SL;DH5|2|2721
102707;2026.06.10 07:16:31;2026.06.10 07:39:43;SELL;0.1;4200.853;4190.441;4206.028;4190.503;104.12;51.75;0.883;2.012;TP;DH5|1|2726
102709;2026.06.10 07:47:21;2026.06.10 07:59:26;SELL;0.12;4190.733;4186.668;4195.246;4181.707;48.78;54.16;0.908;0.901;SL;DH5|1|2727
102711;2026.06.10 08:00:18;2026.06.10 08:02:26;SELL;0.12;4185.160;4175.796;4189.837;4175.806;112.37;56.12;0.934;2.002;TP;DH5|1|2728
102713;2026.06.10 08:08:32;2026.06.10 08:15:25;SELL;0.09;4168.130;4168.388;4174.040;4156.310;-2.32;53.19;0.869;-0.044;SL;DH5|1|2729
102715;2026.06.10 10:07:12;2026.06.10 10:07:31;BUY;0.1;4163.063;4157.292;4157.556;4174.077;-57.71;55.07;0.900;-1.048;SL;DH5|3|2730
102717;2026.06.10 11:08:34;2026.06.10 11:56:08;BUY;0.05;4163.966;4152.186;4152.186;4187.526;-58.90;58.90;0.971;-1.000;SL;DH5|3|2732
102719;2026.06.10 12:04:32;2026.06.10 12:15:37;SELL;0.08;4148.271;4142.064;4155.103;4134.607;49.66;54.66;0.910;0.909;SL;DH5|1|2734
102721;2026.06.10 12:18:33;2026.06.10 12:29:25;SELL;0.08;4140.293;4136.194;4146.739;4127.401;32.79;51.57;0.852;0.636;SL;DH5|1|2736
102723;2026.06.10 13:46:29;2026.06.10 14:31:33;SELL;0.05;4178.389;4156.763;4188.994;4157.179;108.13;53.02;0.871;2.039;TP;DH5|3|2740
102725;2026.06.10 15:00:41;2026.06.10 15:01:37;SELL;0.07;4124.142;4132.998;4132.477;4107.472;-61.99;58.35;0.942;-1.063;SL;DH5|1|2741
102727;2026.06.10 15:26:32;2026.06.10 15:48:31;SELL;0.06;4131.696;4113.111;4140.795;4113.498;111.51;54.59;0.890;2.043;TP;DH5|1|2742
102729;2026.06.10 17:35:34;2026.06.10 17:46:25;SELL;0.09;4110.400;4107.336;4116.471;4098.258;27.58;54.64;0.875;0.505;SL;DH5|1|2744
102731;2026.06.10 17:47:30;2026.06.10 18:00:28;SELL;0.1;4108.225;4114.400;4114.095;4096.485;-61.75;58.70;0.936;-1.052;SL;DH5|1|2745
102733;2026.06.10 18:51:23;2026.06.10 19:04:36;BUY;0.1;4101.560;4095.743;4095.877;4112.926;-58.17;56.83;0.915;-1.024;SL;DH5|3|2746
102735;2026.06.10 19:17:12;2026.06.10 19:29:05;SELL;0.13;4089.358;4086.040;4093.583;4080.908;43.13;54.92;0.893;0.785;SL;DH5|1|2748
102737;2026.06.10 19:29:40;2026.06.10 19:31:40;SELL;0.13;4084.601;4089.229;4088.999;4075.805;-60.16;57.17;0.923;-1.052;SL;DH5|1|2749
102739;2026.06.11 02:33:40;2026.06.11 02:40:30;SELL;0.09;4075.241;4062.259;4081.637;4062.449;116.84;57.56;0.938;2.030;TP;DH5|1|2753
102741;2026.06.11 02:45:17;2026.06.11 02:54:38;SELL;0.08;4056.923;4064.297;4064.296;4042.177;-58.99;58.98;0.943;-1.000;SL;DH5|1|2754
102743;2026.06.11 08:37:31;2026.06.11 08:53:37;SELL;0.12;4097.634;4087.922;4102.277;4088.348;116.54;55.72;0.900;2.092;TP;DH5|1|2759
102745;2026.06.11 09:14:36;2026.06.11 09:33:31;SELL;0.13;4085.914;4082.129;4090.407;4076.928;49.21;58.41;0.926;0.842;SL;DH5|1|2760
102747;2026.06.11 09:34:24;2026.06.11 09:37:41;SELL;0.14;4081.146;4085.357;4085.146;4073.146;-58.95;56.00;0.881;-1.053;SL;DH5|1|2762
102749;2026.06.11 11:16:33;2026.06.11 11:29:28;SELL;0.1;4084.463;4090.299;4090.104;4073.181;-58.36;56.41;0.895;-1.035;SL;DH5|2|2763
102751;2026.06.11 12:14:28;2026.06.11 12:16:32;SELL;0.11;4075.955;4081.037;4080.972;4065.921;-55.90;55.19;0.884;-1.013;SL;DH5|1|2766
102753;2026.06.11 12:20:34;2026.06.11 12:27:26;SELL;0.06;4071.707;4071.745;4081.601;4051.919;-0.23;59.36;0.960;-0.004;SL;DH5|2|2768
102755;2026.06.11 12:28:35;2026.06.11 12:34:40;SELL;0.1;4068.735;4064.023;4074.431;4057.343;47.12;56.96;0.921;0.827;SL;DH5|1|2769
102757;2026.06.11 12:37:46;2026.06.11 12:39:35;SELL;0.09;4059.942;4066.673;4066.530;4046.766;-60.58;59.29;0.951;-1.022;SL;DH5|1|2770
102759;2026.06.11 15:21:28;2026.06.11 15:27:33;SELL;0.07;4083.991;4084.050;4091.548;4068.877;-0.41;52.90;0.857;-0.008;SL;DH5|1|2773
102761;2026.06.11 15:52:27;2026.06.11 16:00:33;SELL;0.09;4092.216;4092.302;4098.536;4079.576;-0.77;56.88;0.922;-0.014;SL;DH5|3|2775
102763;2026.06.12 01:30:38;2026.06.12 01:36:21;BUY;0.07;4184.337;4176.164;4176.241;4200.529;-57.21;56.67;0.918;-1.010;SL;DH5|3|2779
102765;2026.06.12 05:02:29;2026.06.12 05:14:32;SELL;0.1;4188.924;4188.984;4194.533;4177.706;-0.60;56.09;0.917;-0.011;SL;DH5|2|2781
102767;2026.06.12 05:32:36;2026.06.12 06:00:32;SELL;0.08;4181.493;4178.353;4188.208;4168.063;25.12;53.72;0.879;0.468;SL;DH5|2|2782
102769;2026.06.12 08:04:16;2026.06.12 08:16:31;SELL;0.1;4200.705;4206.290;4206.210;4189.695;-55.85;55.05;0.897;-1.015;SL;DH5|3|2784
102771;2026.06.12 09:43:11;2026.06.12 10:17:31;SELL;0.11;4226.532;4216.503;4231.528;4216.540;110.32;54.96;0.903;2.007;TP;DH5|3|2788
102773;2026.06.12 13:46:13;2026.06.12 14:05:32;BUY;0.08;4188.236;4188.210;4181.226;4202.256;-0.21;56.08;0.906;-0.004;SL;DH5|3|2793
102775;2026.06.12 14:48:26;2026.06.12 14:52:44;BUY;0.06;4181.889;4200.093;4173.230;4199.207;109.22;51.95;0.839;2.102;TP;DH5|3|2795
102777;2026.06.12 15:19:32;2026.06.12 15:24:26;SELL;0.07;4215.663;4224.604;4223.852;4199.285;-62.59;57.32;0.910;-1.092;SL;DH5|3|2796
102779;2026.06.12 18:12:30;2026.06.12 18:26:12;BUY;0.08;4226.149;4226.133;4219.213;4240.021;-0.13;55.49;0.889;-0.002;SL;DH5|2|2799
102781;2026.06.15 01:33:06;2026.06.15 01:34:35;SELL;0.09;4308.562;4314.764;4314.748;4296.190;-55.82;55.67;0.892;-1.003;SL;DH5|3|2803
102783;2026.06.15 01:49:27;2026.06.15 02:16:35;BUY;0.09;4315.797;4328.602;4309.419;4328.553;115.24;57.40;0.928;2.008;TP;DH5|1|2805
102785;2026.06.15 02:43:18;2026.06.15 02:53:31;BUY;0.12;4330.205;4329.913;4325.435;4339.745;-3.50;57.24;0.909;-0.061;SL;DH5|1|2806
102787;2026.06.15 02:54:31;2026.06.15 03:03:33;BUY;0.14;4331.203;4327.012;4327.133;4339.343;-58.67;56.98;0.905;-1.030;SL;DH5|1|2807
102789;2026.06.15 05:29:28;2026.06.15 05:33:34;BUY;0.14;4329.990;4325.904;4325.990;4337.990;-57.20;56.00;0.898;-1.021;SL;DH5|1|2808
102791;2026.06.15 05:36:25;2026.06.15 05:45:31;SELL;0.1;4323.216;4311.654;4328.982;4311.684;115.62;57.66;0.933;2.005;TP;DH5|2|2809
102793;2026.06.15 06:42:37;2026.06.15 07:13:32;BUY;0.11;4303.493;4313.581;4298.488;4313.503;110.97;55.06;0.875;2.016;TP;DH5|3|2811
102795;2026.06.15 07:31:29;2026.06.15 07:34:29;BUY;0.14;4316.929;4312.716;4312.929;4324.929;-58.98;56.00;0.874;-1.053;SL;DH5|1|2812
102797;2026.06.15 08:02:25;2026.06.15 08:28:05;BUY;0.14;4323.969;4332.035;4319.969;4331.969;112.92;56.00;0.882;2.016;TP;DH5|1|2814
102799;2026.06.15 08:30:30;2026.06.15 08:32:36;BUY;0.15;4329.314;4337.385;4325.309;4337.324;121.06;60.08;0.930;2.015;TP;DH5|1|2817
102801;2026.06.15 08:45:42;2026.06.15 08:49:27;BUY;0.13;4343.052;4338.282;4338.359;4352.438;-62.01;61.01;0.927;-1.016;SL;DH5|1|2818
102803;2026.06.15 11:41:28;2026.06.15 11:43:40;BUY;0.13;4345.528;4340.835;4340.891;4354.802;-61.01;60.28;0.925;-1.012;SL;DH5|1|2819
102805;2026.06.15 13:03:32;2026.06.15 13:15:39;BUY;0.13;4343.770;4353.158;4339.205;4352.900;122.04;59.35;0.919;2.057;TP;DH5|1|2821
102807;2026.06.15 13:30:26;2026.06.15 13:52:33;BUY;0.07;4356.726;4356.626;4347.998;4374.182;-0.70;61.10;0.929;-0.011;SL;DH5|2|2823
102809;2026.06.15 14:13:37;2026.06.15 14:34:30;BUY;0.11;4357.963;4357.838;4352.472;4368.945;-1.38;60.40;0.918;-0.023;SL;DH5|1|2827
102811;2026.06.15 18:03:41;2026.06.15 19:05:10;BUY;0.13;4321.673;4321.636;4317.146;4330.727;-0.48;58.85;0.895;-0.008;SL;DH5|3|2834
102813;2026.06.16 01:02:39;2026.06.16 01:08:34;SELL;0.12;4321.688;4321.687;4326.742;4311.580;0.01;60.65;0.922;0.000;SL;DH5|3|2836
102815;2026.06.16 02:57:40;2026.06.16 04:18:35;BUY;0.07;4320.970;4325.057;4312.809;4337.292;28.61;57.13;0.869;0.501;SL;DH5|2|2838
102817;2026.06.16 07:38:30;2026.06.16 08:06:38;BUY;0.15;4327.743;4335.873;4323.743;4335.743;121.95;60.00;0.908;2.033;TP;DH5|1|2840
102819;2026.06.16 08:12:43;2026.06.16 08:51:07;BUY;0.15;4338.092;4341.167;4334.092;4346.092;46.13;60.00;0.892;0.769;SL;DH5|1|2841
102821;2026.06.16 09:06:26;2026.06.16 09:20:35;BUY;0.15;4345.358;4341.251;4341.358;4353.358;-61.60;60.00;0.886;-1.027;SL;DH5|1|2845
102823;2026.06.16 12:54:05;2026.06.16 13:04:29;BUY;0.15;4352.483;4348.430;4348.483;4360.483;-60.79;60.00;0.894;-1.013;SL;DH5|1|2846
102825;2026.06.16 13:23:15;2026.06.16 13:40:19;BUY;0.15;4335.581;4335.297;4331.581;4343.581;-4.26;60.00;0.902;-0.071;SL;DH5|3|2848
102827;2026.06.16 15:39:36;2026.06.16 15:53:29;BUY;0.14;4324.452;4332.957;4320.280;4332.796;119.07;58.41;0.879;2.039;TP;DH5|1|2851
102829;2026.06.16 15:53:35;2026.06.16 17:14:29;BUY;0.07;4334.910;4334.874;4325.657;4353.416;-0.25;64.77;0.957;-0.004;SL;DH5|2|2852
102831;2026.06.17 01:02:31;2026.06.17 01:19:32;BUY;0.1;4342.406;4342.317;4336.469;4354.280;-0.89;59.37;0.877;-0.015;SL;DH5|2|2857
102833;2026.06.17 02:38:32;2026.06.17 03:15:14;SELL;0.14;4337.890;4329.361;4342.120;4329.430;119.41;59.22;0.875;2.016;TP;DH5|2|2860
102835;2026.06.17 05:30:25;2026.06.17 05:55:28;BUY;0.14;4328.618;4328.593;4324.033;4337.788;-0.35;64.19;0.932;-0.005;SL;DH5|2|2862
102837;2026.06.17 08:00:32;2026.06.17 08:54:34;SELL;0.12;4324.031;4324.056;4329.353;4313.387;-0.30;63.86;0.928;-0.005;SL;DH5|2|2863
102839;2026.06.17 09:15:52;2026.06.17 09:48:09;BUY;0.1;4327.054;4327.046;4321.092;4338.978;-0.08;59.62;0.866;-0.001;SL;DH5|2|2867
102841;2026.06.17 13:22:41;2026.06.17 14:24:33;BUY;0.07;4338.359;4356.981;4329.267;4356.543;130.35;63.64;0.925;2.048;TP;DH5|2|2869
102843;2026.06.17 16:05:33;2026.06.17 16:38:22;BUY;0.16;4364.241;4360.240;4360.241;4372.241;-64.02;64.00;0.912;-1.000;SL;DH5|1|2876
102845;2026.06.17 17:56:26;2026.06.17 18:00:03;BUY;0.14;4379.085;4374.394;4374.460;4388.335;-65.67;64.75;0.932;-1.014;SL;DH5|1|2878
102847;2026.06.17 18:06:07;2026.06.17 18:08:01;BUY;0.08;4307.545;4299.309;4299.321;4323.993;-65.89;65.79;0.956;-1.001;SL;DH5|3|2879
102849;2026.06.17 19:40:35;2026.06.17 20:18:40;BUY;0.03;4228.460;4264.886;4210.254;4264.872;109.28;54.62;0.801;2.001;TP;DH5|3|2882
102851;2026.06.18 02:14:31;2026.06.18 02:44:38;SELL;0.11;4327.709;4316.329;4333.387;4316.353;125.18;62.46;0.902;2.004;TP;DH5|3|2883
102853;2026.06.18 04:20:32;2026.06.18 05:18:38;SELL;0.08;4312.328;4320.020;4319.915;4297.154;-61.54;60.70;0.861;-1.014;SL;DH5|2|2884
102855;2026.06.18 05:43:36;2026.06.18 06:07:32;SELL;0.09;4311.962;4297.141;4319.355;4297.176;133.39;66.54;0.952;2.005;TP;DH5|2|2886
102857;2026.06.18 06:18:40;2026.06.18 07:31:40;BUY;0.1;4301.921;4301.891;4295.172;4315.419;-0.30;67.49;0.947;-0.004;SL;DH5|3|2888
102859;2026.06.18 07:36:32;2026.06.18 07:53:36;BUY;0.16;4296.953;4292.779;4292.921;4305.017;-66.78;64.51;0.905;-1.035;SL;DH5|3|2890
102861;2026.06.18 08:14:36;2026.06.18 08:35:32;BUY;0.14;4287.901;4283.187;4283.188;4297.327;-66.00;65.98;0.935;-1.000;SL;DH5|3|2893
102863;2026.06.18 08:35:49;2026.06.18 09:00:35;SELL;0.07;4281.653;4263.490;4290.667;4263.625;127.14;63.10;0.902;2.015;TP;DH5|2|2894
102865;2026.06.18 10:52:31;2026.06.18 11:10:31;SELL;0.08;4259.862;4244.344;4267.569;4244.448;124.14;61.66;0.866;2.013;TP;DH5|2|2898
102867;2026.06.18 11:17:19;2026.06.18 11:53:30;SELL;0.14;4247.742;4244.820;4252.405;4238.416;40.91;65.28;0.901;0.627;SL;DH5|1|2899
102869;2026.06.18 11:54:29;2026.06.18 12:10:34;SELL;0.15;4242.790;4247.065;4247.051;4234.268;-64.13;63.92;0.877;-1.003;SL;DH5|1|2900
102871;2026.06.18 13:31:57;2026.06.18 13:45:35;SELL;0.11;4272.809;4260.837;4278.794;4260.839;131.69;65.83;0.912;2.000;TP;DH5|3|2901
102873;2026.06.18 14:17:30;2026.06.18 14:19:34;SELL;0.1;4242.753;4249.764;4249.745;4228.769;-70.11;69.92;0.951;-1.003;SL;DH5|1|2904
102875;2026.06.18 15:36:28;2026.06.18 15:40:31;SELL;0.11;4230.993;4231.094;4237.281;4218.417;-1.11;69.17;0.950;-0.016;SL;DH5|1|2906
102877;2026.06.18 15:42:31;2026.06.18 15:56:41;SELL;0.11;4232.974;4230.007;4239.221;4220.480;32.64;68.72;0.944;0.475;SL;DH5|1|2907
102879;2026.06.18 16:37:41;2026.06.18 16:46:35;BUY;0.11;4219.570;4219.511;4213.677;4231.356;-0.65;64.82;0.886;-0.010;SL;DH5|3|2909
102881;2026.06.18 18:28:34;2026.06.18 19:01:38;SELL;0.14;4225.758;4216.450;4230.347;4216.580;130.31;64.25;0.879;2.028;TP;DH5|2|2911
102883;2026.06.18 19:15:30;2026.06.18 19:20:32;SELL;0.17;4207.126;4207.526;4211.126;4199.126;-6.80;68.00;0.914;-0.100;SL;DH5|1|2912
102885;2026.06.18 19:21:30;2026.06.18 19:35:37;SELL;0.17;4205.728;4205.877;4209.728;4197.728;-2.53;68.00;0.914;-0.037;SL;DH5|1|2913
102887;2026.06.18 19:38:34;2026.06.18 19:40:06;SELL;0.17;4206.867;4211.258;4210.867;4198.867;-74.65;68.00;0.915;-1.098;SL;DH5|1|2914
102889;2026.06.19 01:01:31;2026.06.19 01:05:28;BUY;0.12;4193.324;4187.761;4187.827;4204.318;-66.76;65.96;0.896;-1.012;SL;DH5|2|2915
102891;2026.06.19 01:08:15;2026.06.19 01:30:29;BUY;0.16;4187.273;4187.194;4183.163;4195.493;-1.26;65.76;0.902;-0.019;SL;DH5|3|2916
102893;2026.06.19 02:07:30;2026.06.19 02:35:28;SELL;0.11;4181.597;4181.613;4187.611;4169.569;-0.18;66.15;0.907;-0.003;SL;DH5|2|2918
102895;2026.06.19 02:56:26;2026.06.19 03:05:29;SELL;0.16;4176.135;4168.026;4180.135;4168.135;129.74;64.00;0.878;2.027;TP;DH5|1|2920
102897;2026.06.19 03:22:32;2026.06.19 03:41:36;SELL;0.17;4169.423;4161.391;4173.423;4161.423;136.54;68.00;0.916;2.008;TP;DH5|1|2921
102899;2026.06.19 03:45:30;2026.06.19 03:58:22;SELL;0.17;4161.071;4152.834;4165.071;4153.071;140.03;68.00;0.900;2.059;TP;DH5|1|2923
102901;2026.06.19 04:04:24;2026.06.19 04:21:35;SELL;0.14;4144.865;4149.951;4149.949;4134.697;-71.20;71.18;0.925;-1.000;SL;DH5|1|2924
102903;2026.06.19 04:23:01;2026.06.19 04:36:36;SELL;0.15;4148.009;4138.846;4152.554;4138.919;137.44;68.18;0.894;2.016;TP;DH5|1|2926
102905;2026.06.19 05:12:32;2026.06.19 05:26:00;SELL;0.15;4127.416;4132.461;4132.031;4118.186;-75.68;69.22;0.892;-1.093;SL;DH5|1|2927
102907;2026.06.19 07:57:28;2026.06.19 08:25:37;BUY;0.09;4162.502;4177.446;4155.042;4177.422;134.50;67.14;0.873;2.003;TP;DH5|2|2928
102909;2026.06.19 09:32:17;2026.06.19 10:06:39;SELL;0.18;4164.043;4155.905;4168.043;4156.043;146.48;72.00;0.920;2.034;TP;DH5|1|2932
102911;2026.06.19 10:36:32;2026.06.19 11:09:33;SELL;0.16;4151.676;4147.646;4156.229;4142.570;64.48;72.85;0.914;0.885;SL;DH5|1|2935
102913;2026.06.19 11:12:37;2026.06.19 11:35:37;SELL;0.18;4147.183;4147.233;4151.183;4139.183;-0.90;72.00;0.896;-0.013;SL;DH5|1|2939
102915;2026.06.19 11:36:29;2026.06.19 11:40:33;SELL;0.18;4145.231;4149.282;4149.231;4137.231;-72.92;72.00;0.896;-1.013;SL;DH5|1|2940
102917;2026.06.19 13:10:27;2026.06.19 13:17:28;SELL;0.11;4179.512;4165.948;4186.140;4166.256;149.20;72.91;0.916;2.046;TP;DH5|3|2943
102919;2026.06.19 14:10:24;2026.06.19 14:54:32;SELL;0.12;4149.498;4149.560;4155.923;4136.648;-0.74;77.10;0.951;-0.010;SL;DH5|1|2944
102921;2026.06.19 16:12:48;2026.06.19 16:34:31;SELL;0.14;4144.802;4150.002;4149.983;4134.440;-72.80;72.53;0.895;-1.004;SL;DH5|2|2947
102923;2026.06.22 04:46:39;2026.06.22 05:29:16;BUY;0.14;4179.681;4190.345;4174.418;4190.207;149.30;73.68;0.917;2.026;TP;DH5|2|2949
102925;2026.06.22 06:45:52;2026.06.22 07:30:18;BUY;0.09;4204.557;4196.278;4196.313;4221.045;-74.51;74.20;0.907;-1.004;SL;DH5|2|2950
102927;2026.06.22 07:30:47;2026.06.22 09:04:34;SELL;0.09;4194.281;4202.984;4202.805;4177.233;-78.33;76.72;0.946;-1.021;SL;DH5|2|2952
102929;2026.06.22 09:07:44;2026.06.22 09:33:21;SELL;0.18;4207.154;4207.328;4211.154;4199.154;-3.13;72.00;0.896;-0.043;SL;DH5|3|2953
102931;2026.06.22 10:09:31;2026.06.22 10:47:33;BUY;0.13;4211.015;4205.233;4205.325;4222.395;-75.17;73.97;0.921;-1.016;SL;DH5|2|2954
102933;2026.06.22 11:07:03;2026.06.22 11:25:27;SELL;0.18;4213.954;4205.902;4217.954;4205.954;144.94;72.00;0.905;2.013;TP;DH5|3|2956
102935;2026.06.22 12:03:39;2026.06.22 12:30:39;BUY;0.14;4210.440;4205.010;4205.114;4221.092;-76.02;74.56;0.921;-1.020;SL;DH5|2|2957
102937;2026.06.22 15:40:30;2026.06.22 15:45:35;BUY;0.16;4183.580;4178.781;4178.885;4192.970;-76.78;75.12;0.936;-1.022;SL;DH5|3|2961
102939;2026.06.22 16:58:26;2026.06.22 17:32:29;BUY;0.07;4191.213;4181.095;4181.103;4211.433;-70.83;70.77;0.891;-1.001;SL;DH5|2|2962
102941;2026.06.23 01:00:33;2026.06.23 01:08:29;SELL;0.14;4194.511;4190.767;4199.661;4184.211;52.42;72.10;0.916;0.727;SL;DH5|3|2963
102943;2026.06.23 01:22:34;2026.06.23 01:33:36;BUY;0.08;4178.931;4169.682;4169.901;4196.991;-73.99;72.24;0.911;-1.024;SL;DH5|3|2964
102945;2026.06.23 03:31:31;2026.06.23 03:44:33;SELL;0.15;4139.051;4139.053;4143.751;4129.651;-0.03;70.50;0.898;-0.000;SL;DH5|1|2967
102947;2026.06.23 06:47:20;2026.06.23 07:05:25;SELL;0.11;4114.278;4120.756;4120.603;4101.628;-71.26;69.57;0.886;-1.024;SL;DH5|1|2969
102949;2026.06.23 07:40:35;2026.06.23 08:07:34;SELL;0.08;4109.290;4091.419;4118.161;4091.548;142.97;70.97;0.912;2.015;TP;DH5|2|2970
102951;2026.06.23 08:11:35;2026.06.23 08:19:37;SELL;0.14;4094.142;4099.522;4099.333;4083.760;-75.32;72.67;0.917;-1.036;SL;DH5|1|2974
102953;2026.06.23 11:08:29;2026.06.23 11:12:38;SELL;0.18;4124.561;4128.580;4128.561;4116.561;-72.34;72.00;0.917;-1.005;SL;DH5|1|2975
102955;2026.06.23 12:17:32;2026.06.23 12:24:23;SELL;0.15;4115.335;4120.213;4120.132;4105.741;-73.17;71.95;0.925;-1.017;SL;DH5|1|2976
102957;2026.06.23 13:17:12;2026.06.23 13:26:35;BUY;0.14;4108.807;4119.089;4103.694;4119.033;143.95;71.58;0.929;2.011;TP;DH5|3|2977
102959;2026.06.23 13:49:26;2026.06.23 13:53:24;SELL;0.12;4132.863;4138.973;4138.912;4120.765;-73.32;72.59;0.925;-1.010;SL;DH5|3|2978
102961;2026.06.23 14:10:30;2026.06.23 14:19:30;SELL;0.1;4139.983;4140.329;4146.786;4126.377;-3.46;68.03;0.875;-0.051;SL;DH5|3|2980
102963;2026.06.23 17:47:33;2026.06.23 18:20:42;SELL;0.18;4131.651;4123.525;4135.651;4123.651;146.27;72.00;0.927;2.032;TP;DH5|1|2982
102965;2026.06.23 19:52:27;2026.06.23 20:40:00;SELL;0.16;4116.770;4110.890;4121.367;4107.576;94.08;73.55;0.929;1.279;EA;DH5|2|2983
102967;2026.06.24 01:09:00;2026.06.24 01:12:23;SELL;0.11;4078.764;4086.108;4085.182;4065.928;-80.78;70.60;0.881;-1.144;SL;DH5|1|2984
102969;2026.06.24 02:32:32;2026.06.24 02:42:33;SELL;0.13;4066.892;4055.431;4072.616;4055.444;148.99;74.41;0.938;2.002;TP;DH5|1|2985
102971;2026.06.24 02:46:37;2026.06.24 02:52:28;SELL;0.12;4057.159;4063.492;4063.235;4045.007;-76.00;72.91;0.902;-1.042;SL;DH5|1|2986
102973;2026.06.24 03:23:28;2026.06.24 03:30:37;SELL;0.12;4053.746;4060.029;4060.012;4041.214;-75.40;75.19;0.940;-1.003;SL;DH5|1|2987
102975;2026.06.24 07:35:32;2026.06.24 08:31:42;SELL;0.1;4079.775;4087.111;4086.751;4065.823;-73.36;69.76;0.880;-1.052;SL;DH5|2|2991
102977;2026.06.24 09:35:38;2026.06.24 09:49:27;SELL;0.17;4069.913;4069.984;4074.047;4061.645;-1.21;70.28;0.895;-0.017;SL;DH5|1|2995
102979;2026.06.24 09:58:01;2026.06.24 10:00:34;BUY;0.18;4066.023;4061.806;4062.023;4074.023;-75.91;72.00;0.917;-1.054;SL;DH5|3|2997
102981;2026.06.24 10:19:29;2026.06.24 10:30:32;SELL;0.18;4058.404;4062.467;4062.404;4050.404;-73.13;72.00;0.926;-1.016;SL;DH5|1|2998
102983;2026.06.24 11:04:28;2026.06.24 11:24:31;SELL;0.09;4053.430;4046.093;4061.352;4037.586;66.03;71.30;0.925;0.926;SL;DH5|2|2999
102985;2026.06.24 12:08:26;2026.06.24 12:14:35;BUY;0.12;4038.130;4037.965;4032.107;4050.176;-1.98;72.28;0.930;-0.027;SL;DH5|3|3003
102987;2026.06.24 12:34:11;2026.06.24 12:45:33;SELL;0.1;4015.512;4015.638;4022.941;4000.654;-1.26;74.29;0.956;-0.017;SL;DH5|1|3004
102989;2026.06.24 12:54:34;2026.06.24 12:59:34;SELL;0.08;4005.096;3987.500;4013.573;3988.142;140.77;67.82;0.873;2.076;TP;DH5|1|3005
102991;2026.06.24 13:04:29;2026.06.24 13:31:29;SELL;0.05;3984.016;3984.614;3997.494;3957.060;-2.99;67.39;0.852;-0.044;SL;DH5|1|3006
102993;2026.06.24 17:29:40;2026.06.24 17:50:32;SELL;0.11;3990.861;3977.162;3997.636;3977.311;150.69;74.53;0.943;2.022;TP;DH5|1|3010
102995;2026.06.24 17:56:30;2026.06.24 18:00:39;SELL;0.16;3979.784;3970.658;3984.329;3970.694;146.02;72.72;0.903;2.008;TP;DH5|1|3012
102997;2026.06.24 19:21:39;2026.06.24 19:26:33;SELL;0.15;3976.499;3981.647;3981.575;3966.347;-77.22;76.14;0.928;-1.014;SL;DH5|1|3013
102999;2026.06.25 01:59:25;2026.06.25 02:08:27;BUY;0.08;3977.794;3968.875;3968.896;3995.590;-71.35;71.18;0.876;-1.002;SL;DH5|3|3014
103001;2026.06.25 02:16:39;2026.06.25 02:19:25;SELL;0.09;3968.529;3976.506;3976.477;3952.633;-71.79;71.53;0.888;-1.004;SL;DH5|1|3016
103003;2026.06.25 04:41:51;2026.06.25 04:45:34;SELL;0.07;3983.765;3994.571;3994.567;3962.161;-75.64;75.61;0.947;-1.000;SL;DH5|2|3017
103005;2026.06.25 05:52:38;2026.06.25 05:56:14;SELL;0.14;3986.513;3991.664;3991.630;3976.279;-72.11;71.64;0.906;-1.007;SL;DH5|1|3019
103007;2026.06.25 06:21:38;2026.06.25 06:27:36;SELL;0.13;3978.781;3984.621;3984.264;3967.815;-75.92;71.28;0.910;-1.065;SL;DH5|1|3020
103009;2026.06.25 11:16:33;2026.06.25 11:42:41;SELL;0.11;3979.298;3985.666;3985.489;3966.916;-70.05;68.10;0.878;-1.029;SL;DH5|2|3024
103011;2026.06.25 15:27:34;2026.06.25 15:57:33;SELL;0.06;4029.777;4042.409;4042.264;4004.803;-75.79;74.92;0.975;-1.012;SL;DH5|3|3028
103013;2026.06.25 15:58:02;2026.06.25 16:45:40;SELL;0.09;4040.012;4024.486;4047.774;4024.488;139.73;69.86;0.918;2.000;TP;DH5|3|3029
103015;2026.06.25 17:57:37;2026.06.25 18:02:28;BUY;0.13;4036.864;4031.229;4031.547;4047.498;-73.25;69.12;0.892;-1.060;SL;DH5|2|3030
103017;2026.06.25 19:16:31;2026.06.25 19:31:24;BUY;0.1;4042.277;4035.111;4035.123;4056.585;-71.66;71.54;0.932;-1.002;SL;DH5|2|3031
103019;2026.06.25 19:51:36;2026.06.25 20:01:28;BUY;0.17;4024.416;4032.422;4020.416;4032.416;136.10;68.00;0.894;2.001;TP;DH5|3|3032
103021;2026.06.26 03:55:41;2026.06.26 05:47:08;BUY;0.07;4006.926;4006.791;3996.955;4026.868;-0.94;69.80;0.901;-0.014;SL;DH5|2|3035
103023;2026.06.26 06:22:58;2026.06.26 06:32:34;SELL;0.12;4020.230;4026.114;4025.899;4008.892;-70.61;68.03;0.879;-1.038;SL;DH5|3|3036
103025;2026.06.26 09:08:39;2026.06.26 09:19:41;BUY;0.13;4038.724;4041.457;4033.231;4049.710;35.53;71.41;0.931;0.498;SL;DH5|2|3040
103027;2026.06.26 09:41:32;2026.06.26 09:52:31;SELL;0.17;4050.554;4050.560;4054.702;4042.258;-0.10;70.52;0.915;-0.001;SL;DH5|3|3043
103029;2026.06.26 11:00:06;2026.06.26 11:19:14;SELL;0.17;4053.928;4050.535;4057.928;4045.928;57.68;68.00;0.882;0.848;SL;DH5|3|3044
103031;2026.06.26 12:21:38;2026.06.26 12:30:40;SELL;0.11;4041.983;4048.801;4048.615;4028.719;-75.00;72.95;0.940;-1.028;SL;DH5|2|3047
103033;2026.06.26 13:52:27;2026.06.26 13:57:20;SELL;0.09;4065.388;4072.905;4072.854;4050.456;-67.65;67.19;0.874;-1.007;SL;DH5|3|3048
103035;2026.06.26 14:27:15;2026.06.26 14:30:42;BUY;0.09;4089.167;4081.594;4081.737;4104.027;-68.16;66.87;0.877;-1.019;SL;DH5|1|3049
103037;2026.06.26 15:50:36;2026.06.26 15:55:34;SELL;0.13;4093.568;4089.058;4098.791;4083.122;58.63;67.90;0.899;0.863;SL;DH5|3|3050
103039;2026.06.26 19:50:32;2026.06.26 20:09:04;BUY;0.16;4071.513;4067.302;4067.303;4079.933;-67.38;67.36;0.885;-1.000;SL;DH5|2|3057
103041;2026.06.29 03:23:07;2026.06.29 03:42:27;SELL;0.15;4074.151;4070.516;4078.729;4064.995;54.53;68.67;0.910;0.794;SL;DH5|3|3058
103043;2026.06.29 04:59:30;2026.06.29 05:01:07;BUY;0.17;4052.194;4048.118;4048.194;4060.194;-69.29;68.00;0.895;-1.019;SL;DH5|3|3060
103045;2026.06.29 05:30:27;2026.06.29 05:42:28;SELL;0.1;4046.460;4046.646;4053.203;4032.974;-1.86;67.43;0.895;-0.028;SL;DH5|2|3061
103047;2026.06.29 08:41:33;2026.06.29 08:54:37;SELL;0.16;4060.021;4051.660;4064.200;4051.663;133.78;66.86;0.888;2.001;TP;DH5|2|3063
103049;2026.06.29 09:48:53;2026.06.29 10:12:33;SELL;0.07;4038.112;4038.185;4048.725;4016.886;-0.51;74.29;0.970;-0.007;SL;DH5|2|3064
103051;2026.06.29 11:23:36;2026.06.29 11:31:29;SELL;0.14;4031.087;4036.232;4035.896;4021.469;-72.03;67.33;0.879;-1.070;SL;DH5|2|3067
103053;2026.06.29 13:00:33;2026.06.29 13:25:17;BUY;0.09;4050.419;4042.926;4043.072;4065.113;-67.44;66.12;0.871;-1.020;SL;DH5|2|3068
103055;2026.06.29 16:32:44;2026.06.29 16:50:16;SELL;0.08;4018.751;4026.852;4026.837;4002.579;-64.81;64.69;0.860;-1.002;SL;DH5|2|3069
103057;2026.06.29 19:24:27;2026.06.29 19:26:32;SELL;0.17;4011.581;4015.654;4015.581;4003.581;-69.24;68.00;0.912;-1.018;SL;DH5|1|3070
103059;2026.06.30 01:00:20;2026.06.30 01:03:32;SELL;0.14;3984.677;3981.059;3989.454;3975.123;50.65;66.88;0.905;0.757;SL;DH5|1|3071
103061;2026.06.30 05:30:36;2026.06.30 06:03:08;SELL;0.09;3978.900;3986.515;3986.284;3964.132;-68.53;66.46;0.893;-1.031;SL;DH5|2|3074
103063;2026.06.30 08:00:38;2026.06.30 08:08:32;BUY;0.09;4036.685;4029.484;4029.554;4050.947;-64.81;64.18;0.871;-1.010;SL;DH5|2|3076
103065;2026.06.30 13:00:21;2026.06.30 13:09:42;BUY;0.13;4013.051;4023.403;4007.908;4023.337;134.58;66.86;0.915;2.013;TP;DH5|3|3082
103067;2026.06.30 14:12:38;2026.06.30 14:20:35;SELL;0.05;4037.036;4050.495;4050.360;4010.388;-67.29;66.62;0.895;-1.010;SL;DH5|3|3083
103069;2026.06.30 17:01:11;2026.06.30 17:45:34;SELL;0.13;4024.886;4030.202;4030.178;4014.302;-69.11;68.80;0.933;-1.005;SL;DH5|2|3084
103071;2026.07.01 01:01:58;2026.07.01 01:02:35;BUY;0.16;3996.003;3991.952;3992.003;4004.003;-64.82;64.00;0.876;-1.013;SL;DH5|3|3085
103073;2026.07.01 03:34:32;2026.07.01 04:55:32;SELL;0.11;3976.728;3982.861;3982.716;3964.752;-67.46;65.87;0.910;-1.024;SL;DH5|2|3093
103075;2026.07.01 06:41:15;2026.07.01 06:43:07;SELL;0.16;3967.266;3971.359;3971.313;3959.172;-65.49;64.75;0.903;-1.011;SL;DH5|1|3095
103077;2026.07.01 07:07:37;2026.07.01 07:19:31;SELL;0.1;3962.632;3969.832;3969.261;3949.374;-72.00;66.29;0.933;-1.086;SL;DH5|2|3096
103079;2026.07.01 07:50:39;2026.07.01 10:37:34;BUY;0.07;3975.181;3993.790;3965.946;3993.651;130.26;64.65;0.919;2.015;TP;DH5|2|3099
103081;2026.07.01 11:31:39;2026.07.01 11:43:35;SELL;0.14;4024.586;4029.478;4029.369;4015.020;-68.49;66.96;0.935;-1.023;SL;DH5|3|3105
103083;2026.07.01 14:00:22;2026.07.01 14:03:32;BUY;0.06;4093.817;4082.760;4082.864;4115.723;-66.34;65.72;0.926;-1.009;SL;DH5|1|3107
103085;2026.07.01 15:42:34;2026.07.01 16:14:34;BUY;0.1;4081.742;4081.708;4075.161;4094.904;-0.34;65.81;0.936;-0.005;SL;DH5|1|3108
103087;2026.07.01 16:32:39;2026.07.01 18:21:39;SELL;0.09;4077.779;4064.096;4084.546;4064.245;123.15;60.90;0.867;2.022;TP;DH5|2|3110
103089;2026.07.01 19:25:34;2026.07.01 19:40:31;BUY;0.16;4058.414;4054.376;4054.414;4066.414;-64.61;64.00;0.895;-1.010;SL;DH5|3|3117
103091;2026.07.02 01:00:22;2026.07.02 01:20:24;BUY;0.07;4053.976;4058.610;4044.785;4072.358;32.44;64.34;0.908;0.504;SL;DH5|2|3119
103093;2026.07.02 03:27:39;2026.07.02 05:10:23;BUY;0.07;4067.083;4057.218;4057.439;4086.371;-69.05;67.51;0.948;-1.023;SL;DH5|2|3120
103095;2026.07.02 06:03:31;2026.07.02 06:16:37;SELL;0.16;4073.900;4071.458;4077.900;4065.900;39.07;64.00;0.908;0.611;SL;DH5|3|3123
103097;2026.07.02 06:30:25;2026.07.02 06:41:24;BUY;0.13;4076.534;4071.547;4071.635;4086.332;-64.83;63.69;0.898;-1.018;SL;DH5|1|3125
103099;2026.07.02 07:23:50;2026.07.02 07:39:32;SELL;0.06;4061.553;4071.391;4071.303;4042.053;-59.03;58.50;0.833;-1.009;SL;DH5|2|3126
103101;2026.07.02 08:28:23;2026.07.02 08:51:32;BUY;0.15;4075.100;4075.100;4070.876;4083.548;0.00;63.36;0.910;0.000;SL;DH5|1|3127
103103;2026.07.02 09:01:33;2026.07.02 09:06:30;BUY;0.16;4076.656;4072.530;4072.656;4084.656;-66.02;64.00;0.919;-1.031;SL;DH5|1|3129
103105;2026.07.02 11:10:33;2026.07.02 11:43:33;BUY;0.14;4061.175;4070.224;4056.674;4070.177;126.69;63.01;0.913;2.010;TP;DH5|3|3133
103107;2026.07.02 12:06:36;2026.07.02 12:12:40;BUY;0.1;4073.362;4066.974;4067.046;4085.994;-63.88;63.16;0.899;-1.011;SL;DH5|2|3136
103109;2026.07.02 12:37:31;2026.07.02 12:41:34;BUY;0.08;4131.162;4131.015;4123.690;4146.106;-1.18;59.78;0.859;-0.020;SL;DH5|1|3138
103111;2026.07.02 12:42:30;2026.07.02 12:47:27;BUY;0.08;4133.901;4125.735;4125.754;4150.195;-65.33;65.18;0.936;-1.002;SL;DH5|1|3139
103113;2026.07.02 13:50:02;2026.07.02 14:16:26;SELL;0.07;4139.764;4134.114;4148.836;4121.620;39.55;63.50;0.921;0.623;SL;DH5|3|3140
103115;2026.07.02 18:06:34;2026.07.02 19:05:35;BUY;0.09;4117.691;4117.651;4110.781;4131.511;-0.36;62.19;0.897;-0.006;SL;DH5|2|3142
103117;2026.07.03 01:02:16;2026.07.03 01:04:28;BUY;0.12;4149.964;4160.701;4144.645;4160.602;128.84;63.83;0.920;2.019;TP;DH5|1|3144
103119;2026.07.03 01:11:26;2026.07.03 01:16:24;BUY;0.1;4170.948;4174.925;4164.545;4183.754;39.77;64.03;0.906;0.621;SL;DH5|1|3145
103121;2026.07.03 01:17:30;2026.07.03 01:24:28;BUY;0.1;4176.225;4189.324;4169.711;4189.253;130.99;65.14;0.917;2.011;TP;DH5|1|3146
103123;2026.07.03 01:26:32;2026.07.03 01:37:20;BUY;0.1;4188.252;4188.247;4181.423;4201.910;-0.05;68.29;0.944;-0.001;SL;DH5|1|3147
103125;2026.07.03 01:46:39;2026.07.03 05:46:39;BUY;0.09;4179.173;4173.436;4171.472;4194.575;-51.63;69.31;0.958;-0.745;EA;DH5|1|3148
103127;2026.07.03 06:18:27;2026.07.03 07:07:32;BUY;0.1;4165.843;4178.511;4159.520;4178.489;126.68;63.23;0.880;2.003;TP;DH5|3|3156
103129;2026.07.03 07:14:27;2026.07.03 07:22:29;BUY;0.16;4174.142;4170.083;4170.089;4182.248;-64.94;64.85;0.887;-1.001;SL;DH5|1|3157
103131;2026.07.03 08:03:33;2026.07.03 08:34:02;SELL;0.16;4182.471;4186.590;4186.471;4174.471;-65.90;64.00;0.883;-1.030;SL;DH5|3|3158
103133;2026.07.03 08:40:00;2026.07.03 09:27:18;SELL;0.12;4182.138;4171.412;4187.501;4171.412;128.71;64.36;0.896;2.000;TP;DH5|3|3160
103135;2026.07.03 10:31:39;2026.07.03 10:48:32;BUY;0.16;4178.741;4174.564;4174.741;4186.741;-66.83;64.00;0.876;-1.044;SL;DH5|1|3162
103137;2026.07.03 11:14:29;2026.07.03 12:04:29;BUY;0.14;4182.763;4177.994;4178.002;4192.285;-66.77;66.65;0.921;-1.002;SL;DH5|2|3163
103139;2026.07.03 13:00:15;2026.07.03 13:00:36;BUY;0.15;4179.182;4174.829;4174.853;4187.840;-65.30;64.93;0.905;-1.006;SL;DH5|2|3164
103141;2026.07.03 13:10:35;2026.07.03 13:13:11;BUY;0.16;4168.934;4164.838;4164.934;4176.934;-65.54;64.00;0.900;-1.024;SL;DH5|3|3165
103143;2026.07.03 14:07:36;2026.07.03 14:47:34;SELL;0.09;4161.139;4168.249;4168.193;4147.031;-63.99;63.49;0.901;-1.008;SL;DH5|2|3168
103145;2026.07.03 15:03:32;2026.07.03 15:52:43;BUY;0.1;4171.826;4165.657;4165.693;4184.092;-61.69;61.33;0.879;-1.006;SL;DH5|2|3170
103147;2026.07.06 01:08:32;2026.07.06 01:17:38;BUY;0.1;4179.936;4185.924;4173.433;4192.942;59.88;65.03;0.940;0.921;SL;DH5|1|3172
103149;2026.07.06 03:44:34;2026.07.06 04:32:35;BUY;0.15;4163.498;4159.368;4159.429;4171.636;-61.95;61.04;0.875;-1.015;SL;DH5|3|3179
103151;2026.07.06 05:03:28;2026.07.06 05:33:32;SELL;0.13;4156.631;4156.677;4161.316;4147.261;-0.60;60.90;0.881;-0.010;SL;DH5|2|3186
103153;2026.07.06 05:59:08;2026.07.06 05:59:35;BUY;0.16;4149.917;4145.890;4145.917;4157.917;-64.43;64.00;0.926;-1.007;SL;DH5|3|3189
103155;2026.07.06 09:26:24;2026.07.06 09:37:17;SELL;0.13;4145.579;4141.602;4150.326;4136.085;51.70;61.71;0.901;0.838;SL;DH5|2|3190
103157;2026.07.06 11:00:41;2026.07.06 12:21:27;BUY;0.12;4156.666;4151.233;4151.288;4167.422;-65.20;64.54;0.935;-1.010;SL;DH5|2|3191
103159;2026.07.06 12:45:28;2026.07.06 13:14:24;BUY;0.1;4136.778;4142.280;4130.813;4148.708;55.02;59.65;0.872;0.922;SL;DH5|3|3193
103161;2026.07.06 14:45:31;2026.07.06 15:04:30;BUY;0.1;4132.117;4144.528;4125.981;4144.389;124.11;61.36;0.890;2.023;TP;DH5|3|3194
103163;2026.07.06 17:23:32;2026.07.06 18:36:39;BUY;0.12;4157.051;4167.579;4151.844;4167.465;126.34;62.48;0.891;2.022;TP;DH5|2|3196
103165;2026.07.06 18:42:32;2026.07.06 19:28:41;SELL;0.16;4162.996;4163.114;4166.996;4154.996;-1.89;64.00;0.896;-0.030;SL;DH5|3|3201
103167;2026.07.07 01:30:26;2026.07.07 01:47:31;BUY;0.13;4135.233;4145.057;4130.330;4145.039;127.71;63.74;0.893;2.004;TP;DH5|3|3205
103169;2026.07.07 02:30:31;2026.07.07 02:36:26;SELL;0.11;4136.782;4143.051;4142.625;4125.096;-68.96;64.27;0.884;-1.073;SL;DH5|2|3206
103171;2026.07.07 03:25:11;2026.07.07 04:09:03;SELL;0.09;4130.923;4138.124;4138.099;4116.571;-64.81;64.58;0.897;-1.003;SL;DH5|2|3207
103173;2026.07.07 05:02:33;2026.07.07 05:07:38;BUY;0.16;4124.786;4126.701;4120.786;4132.786;30.64;64.00;0.897;0.479;SL;DH5|3|3209
103175;2026.07.07 05:14:38;2026.07.07 05:29:42;SELL;0.1;4122.127;4128.683;4128.633;4109.115;-65.56;65.06;0.908;-1.008;SL;DH5|2|3210
103177;2026.07.07 05:39:35;2026.07.07 05:55:31;SELL;0.1;4119.590;4126.477;4126.316;4106.138;-68.87;67.26;0.947;-1.024;SL;DH5|2|3212
103179;2026.07.07 08:11:43;2026.07.07 08:47:34;BUY;0.08;4136.194;4128.482;4128.489;4151.604;-61.70;61.64;0.877;-1.001;SL;DH5|2|3214
103181;2026.07.07 09:29:03;2026.07.07 09:34:19;SELL;0.11;4121.287;4127.193;4127.149;4109.563;-64.97;64.48;0.925;-1.008;SL;DH5|2|3215
103183;2026.07.07 11:30:33;2026.07.07 11:35:32;SELL;0.16;4142.499;4146.694;4146.499;4134.499;-67.12;64.00;0.927;-1.049;SL;DH5|3|3216
103185;2026.07.07 13:00:15;2026.07.07 13:02:36;BUY;0.07;4176.597;4167.554;4167.607;4194.577;-63.30;62.93;0.920;-1.006;SL;DH5|2|3220
103187;2026.07.07 13:37:27;2026.07.07 13:40:28;SELL;0.12;4177.782;4173.613;4183.046;4167.254;50.03;63.17;0.933;0.792;SL;DH5|3|3222
103189;2026.07.07 17:30:40;2026.07.07 17:53:40;BUY;0.14;4147.650;4143.364;4143.372;4156.206;-60.00;59.89;0.878;-1.002;SL;DH5|2|3224
103191;2026.07.07 18:50:05;2026.07.07 18:51:20;BUY;0.12;4136.254;4131.278;4131.278;4146.206;-59.71;59.71;0.883;-1.000;SL;DH5|3|3225
103193;2026.07.08 01:43:39;2026.07.08 01:45:40;SELL;0.1;4103.507;4110.442;4109.636;4091.249;-69.35;61.29;0.914;-1.132;SL;DH5|1|3228
103195;2026.07.08 03:01:34;2026.07.08 07:01:34;BUY;0.07;4126.268;4124.470;4118.160;4142.484;-12.59;56.76;0.855;-0.222;EA;DH5|2|3229
103197;2026.07.08 08:52:33;2026.07.08 08:56:27;BUY;0.07;4067.688;4059.132;4059.163;4084.738;-59.89;59.68;0.901;-1.004;SL;DH5|3|3236
103199;2026.07.08 09:20:23;2026.07.08 10:20:04;SELL;0.06;4057.630;4051.297;4067.288;4038.314;38.00;57.95;0.883;0.656;SL;DH5|1|3237
103201;2026.07.08 12:44:20;2026.07.08 12:46:45;SELL;0.09;4076.054;4082.647;4082.527;4063.108;-59.34;58.26;0.883;-1.019;SL;DH5|1|3242
103203;2026.07.08 14:19:28;2026.07.08 14:26:04;SELL;0.09;4058.258;4064.847;4064.783;4045.208;-59.30;58.72;0.898;-1.010;SL;DH5|1|3244
103205;2026.07.08 14:42:31;2026.07.08 14:51:28;SELL;0.08;4045.510;4041.231;4052.618;4031.294;34.23;56.86;0.877;0.602;SL;DH5|1|3245
103207;2026.07.08 14:53:26;2026.07.08 15:05:41;SELL;0.08;4044.081;4044.113;4051.149;4029.945;-0.26;56.54;0.868;-0.005;SL;DH5|1|3246
103209;2026.07.08 15:21:30;2026.07.08 15:35:30;SELL;0.08;4030.482;4030.659;4037.756;4015.934;-1.42;58.19;0.893;-0.024;SL;DH5|1|3247
103211;2026.07.08 15:39:32;2026.07.08 15:50:38;SELL;0.08;4028.638;4035.770;4035.748;4014.418;-57.06;56.88;0.873;-1.003;SL;DH5|1|3248
103213;2026.07.08 18:41:28;2026.07.08 18:45:22;SELL;0.14;4076.141;4080.518;4080.293;4067.837;-61.28;58.13;0.900;-1.054;SL;DH5|3|3251
103215;2026.07.08 19:45:34;2026.07.08 20:40:00;SELL;0.07;4080.096;4074.412;4088.179;4063.930;39.79;56.58;0.885;0.703;EA;DH5|2|3252
103217;2026.07.09 01:00:00;2026.07.09 01:01:41;BUY;0.12;4074.040;4074.024;4069.203;4083.714;-0.19;58.04;0.902;-0.003;SL;DH5|3|3253
103219;2026.07.09 01:03:27;2026.07.09 02:10:32;SELL;0.06;4069.109;4078.719;4078.673;4049.981;-57.66;57.38;0.892;-1.005;SL;DH5|2|3254
103221;2026.07.09 02:10:54;2026.07.09 02:48:32;BUY;0.06;4078.821;4068.793;4068.808;4098.847;-60.17;60.08;0.942;-1.001;SL;DH5|2|3257
103223;2026.07.09 03:15:17;2026.07.09 03:26:32;SELL;0.14;4057.197;4061.305;4061.197;4049.197;-57.51;56.00;0.886;-1.027;SL;DH5|1|3258
103225;2026.07.09 03:27:32;2026.07.09 03:59:36;SELL;0.14;4060.052;4064.084;4064.052;4052.052;-56.45;56.00;0.895;-1.008;SL;DH5|1|3259
103227;2026.07.09 04:44:05;2026.07.09 04:49:22;SELL;0.12;4056.333;4061.175;4061.171;4046.657;-58.10;58.06;0.936;-1.001;SL;DH5|2|3260
103229;2026.07.09 06:38:30;2026.07.09 06:59:30;SELL;0.08;4100.307;4107.521;4107.514;4085.893;-57.71;57.66;0.938;-1.001;SL;DH5|3|3263
103231;2026.07.09 08:17:30;2026.07.09 08:33:36;BUY;0.11;4112.134;4112.092;4107.299;4121.804;-0.46;53.19;0.874;-0.009;SL;DH5|2|3267
103233;2026.07.09 09:00:56;2026.07.09 10:56:21;SELL;0.09;4107.064;4094.219;4113.361;4094.470;115.61;56.67;0.931;2.040;TP;DH5|2|3270
103235;2026.07.09 11:01:26;2026.07.09 11:22:32;BUY;0.14;4100.013;4102.888;4096.013;4108.013;40.25;56.00;0.903;0.719;SL;DH5|3|3273
103237;2026.07.09 12:09:05;2026.07.09 12:18:16;SELL;0.14;4117.586;4109.572;4121.586;4109.586;112.20;56.00;0.897;2.004;TP;DH5|3|3274
103239;2026.07.09 13:16:02;2026.07.09 13:17:39;SELL;0.11;4122.028;4127.286;4127.279;4111.526;-57.84;57.76;0.909;-1.001;SL;DH5|3|3276
103241;2026.07.09 15:21:11;2026.07.09 15:53:40;BUY;0.13;4127.813;4127.688;4123.573;4136.293;-1.62;55.12;0.875;-0.029;SL;DH5|1|3280
103243;2026.07.09 16:16:25;2026.07.09 16:26:17;BUY;0.12;4133.441;4128.748;4128.778;4142.767;-56.32;55.96;0.889;-1.006;SL;DH5|2|3282
103245;2026.07.09 17:00:54;2026.07.09 17:30:32;SELL;0.07;4126.100;4133.704;4133.636;4111.028;-53.23;52.75;0.845;-1.009;SL;DH5|2|3285
103247;2026.07.10 01:00:22;2026.07.10 01:00:34;SELL;0.14;4126.043;4130.239;4130.043;4118.043;-58.74;56.00;0.905;-1.049;SL;DH5|3|3286
103249;2026.07.10 01:38:57;2026.07.10 02:08:35;SELL;0.06;4116.154;4125.456;4125.395;4097.672;-55.81;55.45;0.905;-1.007;SL;DH5|2|3287
103251;2026.07.10 02:08:50;2026.07.10 04:22:07;BUY;0.05;4126.645;4115.358;4115.406;4149.123;-56.44;56.20;0.926;-1.004;SL;DH5|2|3289
103253;2026.07.10 05:30:28;2026.07.10 05:58:33;SELL;0.13;4112.262;4116.565;4116.564;4103.658;-55.94;55.93;0.930;-1.000;SL;DH5|2|3292
103255;2026.07.10 06:40:45;2026.07.10 08:35:10;SELL;0.1;4111.794;4101.517;4116.915;4101.552;102.77;51.21;0.859;2.007;TP;DH5|2|3294
103257;2026.07.10 09:02:22;2026.07.10 09:26:45;BUY;0.14;4095.514;4103.552;4091.514;4103.514;112.53;56.00;0.924;2.009;TP;DH5|3|3299
103259;2026.07.10 11:27:29;2026.07.10 11:41:29;SELL;0.14;4103.796;4100.236;4107.796;4095.796;49.84;56.00;0.907;0.890;SL;DH5|2|3300
103261;2026.07.10 13:27:37;2026.07.10 13:43:33;SELL;0.04;4088.464;4101.977;4101.954;4061.484;-54.05;53.96;0.867;-1.002;SL;DH5|2|3302
103263;2026.07.13 01:00:58;2026.07.13 01:04:32;BUY;0.1;4069.872;4069.817;4064.410;4080.796;-0.55;54.62;0.885;-0.010;SL;DH5|3|3303
103265;2026.07.13 03:07:39;2026.07.13 03:11:30;BUY;0.14;4061.556;4057.468;4057.534;4069.600;-57.23;56.31;0.913;-1.016;SL;DH5|3|3305
103267;2026.07.13 03:17:35;2026.07.13 04:15:37;SELL;0.13;4058.770;4050.467;4062.909;4050.492;107.94;53.81;0.880;2.006;TP;DH5|1|3306
103269;2026.07.13 04:58:31;2026.07.13 05:08:35;BUY;0.11;4058.959;4069.047;4053.915;4069.047;110.97;55.48;0.892;2.000;TP;DH5|2|3310
103271;2026.07.13 06:11:01;2026.07.13 06:21:36;SELL;0.1;4051.059;4056.712;4056.650;4039.877;-56.53;55.91;0.883;-1.011;SL;DH5|1|3312
103273;2026.07.13 07:01:28;2026.07.13 07:08:35;SELL;0.07;4050.082;4058.296;4057.937;4034.372;-57.50;54.99;0.876;-1.046;SL;DH5|2|3313
103275;2026.07.13 07:35:30;2026.07.13 08:15:35;BUY;0.07;4062.308;4077.748;4054.607;4077.710;108.08;53.91;0.867;2.005;TP;DH5|2|3314
103277;2026.07.13 09:18:44;2026.07.13 09:25:30;SELL;0.13;4071.409;4075.963;4075.882;4062.463;-59.20;58.15;0.919;-1.018;SL;DH5|2|3317
103279;2026.07.13 10:19:05;2026.07.13 10:41:34;SELL;0.14;4068.000;4059.488;4072.000;4060.000;119.17;56.00;0.894;2.128;TP;DH5|1|3319
103281;2026.07.13 10:50:20;2026.07.13 10:51:25;SELL;0.11;4051.459;4056.540;4056.490;4041.397;-55.89;55.34;0.867;-1.010;SL;DH5|1|3322
103283;2026.07.13 11:53:51;2026.07.13 12:25:22;SELL;0.07;4056.128;4063.759;4063.741;4040.902;-53.42;53.29;0.842;-1.002;SL;DH5|2|3323
103285;2026.07.13 13:45:35;2026.07.13 13:46:32;SELL;0.14;4054.108;4058.374;4058.108;4046.108;-59.72;56.00;0.892;-1.067;SL;DH5|1|3324
103287;2026.07.13 13:57:31;2026.07.13 13:59:38;SELL;0.12;4051.397;4042.271;4055.941;4042.309;109.51;54.53;0.877;2.008;TP;DH5|1|3325
103289;2026.07.13 14:10:30;2026.07.13 14:16:34;SELL;0.1;4035.130;4023.380;4040.880;4023.630;117.50;57.50;0.909;2.043;TP;DH5|1|3326
103291;2026.07.13 14:49:40;2026.07.13 14:59:37;SELL;0.06;4006.088;4015.359;4015.358;3987.548;-55.63;55.62;0.863;-1.000;SL;DH5|1|3327
103293;2026.07.13 16:26:38;2026.07.13 16:33:29;SELL;0.11;4008.859;3997.798;4014.358;3997.861;121.67;60.49;0.947;2.011;TP;DH5|2|3328
103295;2026.07.13 16:40:16;2026.07.13 16:41:28;SELL;0.14;3994.982;3999.121;3999.088;3986.770;-57.95;57.48;0.883;-1.008;SL;DH5|1|3329
103297;2026.07.13 16:58:33;2026.07.13 17:01:03;SELL;0.13;3991.381;3996.186;3995.923;3982.297;-62.47;59.05;0.915;-1.058;SL;DH5|1|3330
103299;2026.07.13 19:38:34;2026.07.13 19:53:26;SELL;0.09;3994.072;4000.520;4000.514;3981.188;-58.03;57.98;0.907;-1.001;SL;DH5|2|3331
103301;2026.07.14 01:58:14;2026.07.14 01:58:36;SELL;0.11;4006.602;4011.951;4011.860;3996.086;-58.84;57.84;0.914;-1.017;SL;DH5|3|3332
103303;2026.07.14 04:11:41;2026.07.14 04:26:34;SELL;0.14;4013.427;4017.438;4017.427;4005.427;-56.15;56.00;0.893;-1.003;SL;DH5|2|3335
103305;2026.07.14 04:32:04;2026.07.14 04:32:40;SELL;0.14;4018.984;4023.061;4022.984;4010.984;-57.08;56.00;0.901;-1.019;SL;DH5|3|3336
103307;2026.07.14 05:46:33;2026.07.14 06:40:43;SELL;0.14;4029.964;4021.825;4033.964;4021.964;113.95;56.00;0.909;2.035;TP;DH5|3|3339
103309;2026.07.14 08:00:30;2026.07.14 11:20:36;SELL;0.09;4019.709;4025.995;4025.741;4007.645;-56.57;54.29;0.865;-1.042;SL;DH5|2|3340
103311;2026.07.14 11:49:08;2026.07.14 12:02:34;SELL;0.14;4029.720;4033.748;4033.720;4021.720;-56.39;56.00;0.901;-1.007;SL;DH5|3|3344
103313;2026.07.14 12:04:21;2026.07.14 12:08:41;SELL;0.14;4033.942;4025.783;4037.942;4025.942;114.23;56.00;0.909;2.040;TP;DH5|3|3346
103315;2026.07.14 12:20:44;2026.07.14 12:28:40;SELL;0.07;4023.108;4031.087;4031.021;4007.282;-55.85;55.39;0.883;-1.008;SL;DH5|2|3347
103317;2026.07.14 15:13:10;2026.07.14 15:18:34;BUY;0.08;4093.823;4086.444;4086.497;4108.475;-59.03;58.61;0.942;-1.007;SL;DH5|1|3348
103319;2026.07.14 17:14:52;2026.07.14 17:24:33;SELL;0.1;4055.670;4061.479;4061.476;4044.058;-58.09;58.06;0.943;-1.001;SL;DH5|2|3354
103321;2026.07.14 18:24:50;2026.07.14 18:41:32;SELL;0.14;4057.641;4049.345;4061.665;4049.593;116.14;56.34;0.923;2.062;TP;DH5|2|3356
103323;2026.07.15 01:00:33;2026.07.15 01:03:36;BUY;0.1;4061.356;4055.527;4055.580;4072.908;-58.29;57.76;0.929;-1.009;SL;DH5|2|3358
103325;2026.07.15 03:31:30;2026.07.15 03:40:29;BUY;0.14;4029.865;4029.693;4025.865;4037.865;-2.41;56.00;0.909;-0.043;SL;DH5|3|3363
103327;2026.07.15 06:22:34;2026.07.15 06:31:17;BUY;0.14;4023.275;4023.236;4019.275;4031.275;-0.55;56.00;0.910;-0.010;SL;DH5|3|3367
103329;2026.07.15 07:23:32;2026.07.15 07:32:13;SELL;0.12;4026.541;4026.726;4031.358;4016.907;-2.22;57.80;0.939;-0.038;SL;DH5|2|3368
103331;2026.07.15 07:45:34;2026.07.15 07:48:29;SELL;0.14;4021.455;4025.508;4025.455;4013.455;-56.74;56.00;0.910;-1.013;SL;DH5|1|3371
103333;2026.07.15 08:33:57;2026.07.15 12:30:32;BUY;0.08;4029.326;4043.924;4022.163;4043.652;116.78;57.30;0.940;2.038;TP;DH5|2|3373
103335;2026.07.15 16:10:41;2026.07.15 17:02:31;SELL;0.06;4038.494;4038.508;4047.089;4021.304;-0.08;51.57;0.830;-0.002;SL;DH5|2|3383
103337;2026.07.15 17:28:36;2026.07.15 17:35:40;BUY;0.07;4040.354;4056.016;4032.532;4055.998;109.63;54.75;0.881;2.002;TP;DH5|2|3387
103339;2026.07.16 01:18:35;2026.07.16 01:24:09;BUY;0.14;4041.425;4037.359;4037.425;4049.425;-56.92;56.00;0.886;-1.017;SL;DH5|3|3392
103341;2026.07.16 01:30:34;2026.07.16 01:50:35;BUY;0.12;4039.456;4039.367;4034.738;4048.892;-1.07;56.62;0.903;-0.019;SL;DH5|3|3393
103343;2026.07.16 02:20:58;2026.07.16 02:38:24;BUY;0.14;4033.074;4028.961;4029.074;4041.074;-57.58;56.00;0.894;-1.028;SL;DH5|3|3395
103345;2026.07.16 06:35:30;2026.07.16 06:58:08;SELL;0.08;4024.937;4031.815;4031.802;4011.207;-55.02;54.92;0.885;-1.002;SL;DH5|2|3398
103347;2026.07.16 11:47:37;2026.07.16 11:48:33;SELL;0.14;4037.447;4041.572;4041.447;4029.447;-57.75;56.00;0.910;-1.031;SL;DH5|3|3403
103349;2026.07.16 12:21:58;2026.07.16 12:40:31;BUY;0.04;4024.353;4011.334;4011.472;4050.115;-52.08;51.52;0.845;-1.011;SL;DH5|3|3405
103351;2026.07.16 13:10:06;2026.07.16 13:13:25;SELL;0.06;3982.949;3992.181;3991.797;3965.253;-55.39;53.09;0.878;-1.043;SL;DH5|1|3407
103353;2026.07.16 16:26:30;2026.07.16 16:37:29;SELL;0.1;3985.920;3991.261;3991.245;3975.270;-53.41;53.25;0.889;-1.003;SL;DH5|1|3408
103355;2026.07.16 17:49:33;2026.07.16 18:10:32;SELL;0.13;3985.000;3989.200;3989.000;3977.000;-54.60;52.00;0.876;-1.050;SL;DH5|1|3410
103357;2026.07.16 18:34:40;2026.07.16 19:06:13;SELL;0.07;3978.770;3986.332;3986.309;3963.692;-52.93;52.77;0.898;-1.003;SL;DH5|2|3411
103359;2026.07.16 19:30:52;2026.07.16 19:39:31;SELL;0.1;3977.941;3974.593;3982.946;3967.931;33.48;50.05;0.859;0.669;SL;DH5|2|3413
103361;2026.07.17 01:13:29;2026.07.17 01:17:30;SELL;0.13;3991.781;3995.793;3995.781;3983.781;-52.16;52.00;0.887;-1.003;SL;DH5|3|3418
103363;2026.07.17 02:32:42;2026.07.17 02:47:35;SELL;0.08;3978.573;3978.595;3984.861;3965.997;-0.18;50.30;0.866;-0.003;SL;DH5|2|3420
103365;2026.07.17 04:49:20;2026.07.17 05:17:40;SELL;0.13;3983.201;3980.325;3987.201;3975.201;37.39;52.00;0.895;0.719;SL;DH5|1|3422
103367;2026.07.17 05:18:30;2026.07.17 05:30:24;SELL;0.13;3978.352;3982.411;3982.352;3970.352;-52.77;52.00;0.890;-1.015;SL;DH5|1|3425
103369;2026.07.17 08:12:03;2026.07.17 08:48:28;SELL;0.1;3991.591;3996.777;3996.673;3981.427;-51.86;50.82;0.877;-1.020;SL;DH5|2|3427
103371;2026.07.17 10:50:48;2026.07.17 11:54:31;SELL;0.12;3992.789;3997.327;3997.087;3984.193;-54.46;51.58;0.898;-1.056;SL;DH5|2|3428
103373;2026.07.17 11:54:38;2026.07.17 12:03:37;BUY;0.08;3999.092;3992.694;3992.857;4011.562;-51.18;49.88;0.877;-1.026;SL;DH5|2|3429
103375;2026.07.17 12:20:43;2026.07.17 12:42:34;SELL;0.08;3987.653;3974.116;3994.226;3974.507;108.30;52.58;0.933;2.059;TP;DH5|2|3430
103377;2026.07.17 12:48:27;2026.07.17 13:02:37;SELL;0.09;3968.182;3968.547;3974.227;3956.092;-3.28;54.40;0.947;-0.060;SL;DH5|1|3432
103379;2026.07.17 13:05:40;2026.07.17 13:31:39;SELL;0.09;3971.177;3971.221;3977.088;3959.355;-0.40;53.20;0.927;-0.007;SL;DH5|1|3434
103381;2026.07.17 14:48:40;2026.07.17 15:04:30;SELL;0.06;3998.378;4006.916;4006.307;3982.520;-51.23;47.57;0.829;-1.077;SL;DH5|1|3438
103383;2026.07.17 15:13:27;2026.07.17 15:30:27;SELL;0.04;4004.143;4015.458;4015.454;3981.521;-45.26;45.24;0.795;-1.000;SL;DH5|3|3441
103385;2026.07.17 16:25:28;2026.07.17 16:44:23;SELL;0.11;4020.813;4017.390;4025.240;4011.959;37.65;48.70;0.863;0.773;SL;DH5|3|3444
103387;2026.07.17 18:00:50;2026.07.17 18:07:43;SELL;0.1;4007.670;4012.685;4012.654;3997.702;-50.15;49.84;0.877;-1.006;SL;DH5|2|3445
103389;2026.07.17 18:29:44;2026.07.17 18:40:28;BUY;0.1;4015.416;4010.154;4010.189;4025.870;-52.62;52.27;0.928;-1.007;SL;DH5|2|3446
103391;2026.07.17 19:25:31;2026.07.17 19:51:43;BUY;0.12;4004.639;4012.694;4000.639;4012.639;96.66;48.00;0.861;2.014;TP;DH5|3|3447
103393;2026.07.20 02:32:33;2026.07.20 02:48:29;BUY;0.07;4011.090;4027.304;4003.450;4026.370;113.50;53.48;0.942;2.122;TP;DH5|2|3449
103395;2026.07.20 06:32:33;2026.07.20 07:24:35;SELL;0.1;4003.342;4008.468;4008.439;3993.148;-51.26;50.97;0.881;-1.006;SL;DH5|2|3450
103397;2026.07.20 08:24:33;2026.07.20 08:30:07;BUY;0.06;4030.306;4021.318;4021.584;4047.750;-53.93;52.33;0.912;-1.030;SL;DH5|2|3455
103399;2026.07.20 09:31:21;2026.07.20 09:35:36;SELL;0.1;4014.747;4019.793;4019.688;4004.865;-50.46;49.41;0.869;-1.021;SL;DH5|2|3458
103401;2026.07.20 10:33:45;2026.07.20 11:12:36;BUY;0.13;4024.179;4020.105;4020.179;4032.179;-52.96;52.00;0.923;-1.019;SL;DH5|2|3459
103403;2026.07.20 12:02:59;2026.07.20 12:14:34;BUY;0.12;4015.473;4011.325;4011.338;4023.743;-49.78;49.62;0.889;-1.003;SL;DH5|3|3460
103405;2026.07.20 12:16:36;2026.07.20 12:23:31;BUY;0.1;4012.649;4007.782;4007.877;4022.193;-48.67;47.72;0.863;-1.020;SL;DH5|3|3461
103407;2026.07.20 13:59:06;2026.07.20 14:00:32;BUY;0.12;4007.279;4003.234;4003.279;4015.279;-48.54;48.00;0.876;-1.011;SL;DH5|3|3463
103409;2026.07.20 14:15:32;2026.07.20 14:39:34;BUY;0.11;4001.729;4010.344;3997.468;4010.251;94.76;46.87;0.863;2.022;TP;DH5|3|3464
103411;2026.07.20 19:29:31;2026.07.20 19:36:27;BUY;0.11;4011.469;4011.453;4006.919;4020.569;-0.18;50.05;0.905;-0.004;SL;DH5|2|3466
103413;2026.07.21 01:00:11;2026.07.21 01:01:30;SELL;0.12;4024.502;4024.590;4028.502;4016.502;-1.06;48.00;0.868;-0.022;SL;DH5|3|3467
103415;2026.07.21 01:27:28;2026.07.21 01:52:31;SELL;0.11;4029.706;4027.536;4034.152;4020.814;23.87;48.91;0.885;0.488;SL;DH5|3|3469
103417;2026.07.21 02:30:30;2026.07.21 02:36:33;BUY;0.09;4030.878;4042.239;4025.227;4042.180;102.25;50.86;0.916;2.010;TP;DH5|2|3470
103419;2026.07.21 03:26:24;2026.07.21 04:19:32;BUY;0.06;4044.189;4044.183;4036.348;4059.871;-0.04;47.05;0.832;-0.001;SL;DH5|2|3472
103421;2026.07.21 05:30:26;2026.07.21 05:40:34;BUY;0.13;4056.070;4064.169;4052.070;4064.070;105.29;52.00;0.920;2.025;TP;DH5|1|3475
103423;2026.07.21 05:43:36;2026.07.21 06:18:39;BUY;0.13;4065.139;4068.473;4061.139;4073.139;43.34;52.00;0.903;0.833;SL;DH5|1|3479
103425;2026.07.21 06:19:27;2026.07.21 06:41:33;BUY;0.13;4070.985;4079.103;4066.985;4078.985;105.53;52.00;0.896;2.029;TP;DH5|1|3481
103427;2026.07.21 06:52:38;2026.07.21 07:05:29;BUY;0.13;4080.915;4076.712;4076.915;4088.915;-54.64;52.00;0.880;-1.051;SL;DH5|1|3483
103429;2026.07.21 09:53:29;2026.07.21 10:04:32;BUY;0.11;4069.118;4064.277;4064.353;4078.648;-53.25;52.41;0.896;-1.016;SL;DH5|2|3484
103431;2026.07.21 12:37:57;2026.07.21 12:43:38;BUY;0.13;4055.398;4051.199;4051.398;4063.398;-54.59;52.00;0.897;-1.050;SL;DH5|3|3489
103433;2026.07.21 13:30:36;2026.07.21 13:37:37;BUY;0.12;4051.570;4051.445;4047.198;4060.314;-1.50;52.46;0.913;-0.029;SL;DH5|3|3491
103435;2026.07.21 13:48:33;2026.07.21 14:06:35;BUY;0.11;4048.434;4058.306;4043.517;4058.268;108.59;54.09;0.942;2.008;TP;DH5|3|3492
103437;2026.07.21 15:34:33;2026.07.21 15:44:31;BUY;0.12;4081.069;4076.653;4076.673;4089.861;-52.99;52.75;0.902;-1.005;SL;DH5|1|3496
103439;2026.07.21 16:36:34;2026.07.21 18:08:30;SELL;0.13;4073.225;4071.202;4077.225;4065.225;26.30;52.00;0.897;0.506;SL;DH5|2|3498
103441;2026.07.21 18:32:35;2026.07.21 18:51:39;BUY;0.13;4083.260;4079.259;4079.260;4091.260;-52.01;52.00;0.893;-1.000;SL;DH5|1|3499
103443;2026.07.21 19:28:03;2026.07.21 20:40:00;SELL;0.13;4083.968;4082.248;4087.968;4075.968;22.36;52.00;0.901;0.430;EA;DH5|3|3500
103445;2026.07.22 01:19:31;2026.07.22 01:55:34;BUY;0.09;4114.316;4117.834;4108.533;4125.882;31.66;52.05;0.898;0.608;SL;DH5|1|3501
103447;2026.07.22 02:17:25;2026.07.22 02:32:26;SELL;0.12;4123.007;4127.205;4127.193;4114.635;-50.38;50.23;0.862;-1.003;SL;DH5|3|3503
103449;2026.07.22 02:43:27;2026.07.22 02:46:33;SELL;0.12;4125.820;4130.300;4130.157;4117.146;-53.76;52.04;0.901;-1.033;SL;DH5|3|3507
103451;2026.07.22 03:10:38;2026.07.22 03:35:30;BUY;0.13;4138.310;4134.143;4134.310;4146.310;-54.17;52.00;0.909;-1.042;SL;DH5|1|3509
103453;2026.07.22 06:23:30;2026.07.22 06:26:41;SELL;0.11;4127.583;4117.954;4132.280;4118.189;105.92;51.67;0.912;2.050;TP;DH5|2|3511
103455;2026.07.22 07:05:29;2026.07.22 07:24:32;BUY;0.13;4114.432;4118.224;4110.432;4122.432;49.30;52.00;0.901;0.948;SL;DH5|3|3512
103457;2026.07.22 07:30:43;2026.07.22 07:37:15;BUY;0.08;4123.259;4116.615;4116.620;4136.537;-53.15;53.11;0.912;-1.001;SL;DH5|2|3514
103459;2026.07.22 07:42:06;2026.07.22 08:44:33;BUY;0.13;4112.208;4114.818;4108.208;4120.208;33.93;52.00;0.901;0.652;SL;DH5|3|3515
103461;2026.07.22 09:07:50;2026.07.22 09:34:46;BUY;0.09;4122.254;4116.462;4116.615;4133.532;-52.13;50.75;0.874;-1.027;SL;DH5|2|3516
103463;2026.07.22 10:20:28;2026.07.22 10:40:08;BUY;0.12;4120.686;4116.237;4116.311;4129.436;-53.39;52.50;0.913;-1.017;SL;DH5|2|3518
103465;2026.07.22 13:32:10;2026.07.22 13:33:32;SELL;0.09;4139.861;4145.812;4145.792;4127.999;-53.56;53.38;0.937;-1.003;SL;DH5|3|3521
103467;2026.07.22 13:36:39;2026.07.22 13:58:30;BUY;0.1;4142.243;4152.840;4136.982;4152.765;105.97;52.61;0.932;2.014;TP;DH5|1|3522
103469;2026.07.22 14:07:07;2026.07.22 14:19:32;BUY;0.08;4155.593;4149.390;4149.441;4167.897;-49.62;49.22;0.856;-1.008;SL;DH5|1|3524
103471;2026.07.22 15:30:34;2026.07.22 15:52:37;BUY;0.13;4157.680;4165.825;4153.612;4165.816;105.88;52.88;0.928;2.002;TP;DH5|1|3525
103473;2026.07.22 15:58:03;2026.07.22 16:02:47;BUY;0.13;4160.298;4156.203;4156.298;4168.298;-53.23;52.00;0.895;-1.024;SL;DH5|1|3527
103475;2026.07.22 17:25:29;2026.07.22 17:38:37;BUY;0.13;4144.531;4140.514;4140.531;4152.531;-52.22;52.00;0.904;-1.004;SL;DH5|1|3528
103477;2026.07.22 17:39:46;2026.07.22 18:51:25;SELL;0.08;4138.928;4138.949;4145.172;4126.440;-0.17;49.95;0.876;-0.003;SL;DH5|2|3529
103479;2026.07.23 01:00:31;2026.07.23 01:30:37;BUY;0.08;4135.599;4129.037;4129.468;4147.861;-52.50;49.05;0.860;-1.070;SL;DH5|2|3534
103481;2026.07.23 01:57:34;2026.07.23 02:53:21;BUY;0.1;4116.953;4126.841;4112.052;4126.755;98.88;49.01;0.868;2.018;TP;DH5|3|3537
103483;2026.07.23 05:30:26;2026.07.23 05:49:38;BUY;0.13;4126.242;4126.231;4122.215;4134.296;-0.14;52.35;0.911;-0.003;SL;DH5|2|3538
103485;2026.07.23 06:40:44;2026.07.23 07:12:25;SELL;0.07;4118.060;4104.021;4125.011;4104.158;98.27;48.66;0.847;2.020;TP;DH5|2|3539
103487;2026.07.23 07:21:12;2026.07.23 07:24:42;BUY;0.13;4109.966;4105.940;4105.966;4117.966;-52.34;52.00;0.889;-1.006;SL;DH5|3|3542
103489;2026.07.23 08:48:29;2026.07.23 08:56:30;SELL;0.09;4087.790;4093.939;4093.864;4075.642;-55.34;54.67;0.944;-1.012;SL;DH5|2|3546
103491;2026.07.23 11:16:33;2026.07.23 11:23:32;BUY;0.13;4086.505;4082.502;4082.505;4094.505;-52.04;52.00;0.906;-1.001;SL;DH5|3|3550
103493;2026.07.23 11:36:31;2026.07.23 11:40:28;BUY;0.13;4081.370;4077.347;4077.370;4089.370;-52.30;52.00;0.914;-1.006;SL;DH5|3|3551
103495;2026.07.23 11:45:36;2026.07.23 11:52:29;BUY;0.13;4080.016;4088.452;4076.016;4088.016;109.67;52.00;0.923;2.109;TP;DH5|3|3553
103497;2026.07.23 12:25:34;2026.07.23 12:31:33;BUY;0.12;4073.312;4068.704;4068.889;4082.158;-55.30;53.08;0.924;-1.042;SL;DH5|3|3554
103499;2026.07.23 12:39:27;2026.07.23 12:48:42;BUY;0.07;4070.777;4062.929;4063.041;4086.249;-54.94;54.15;0.952;-1.014;SL;DH5|3|3555
103501;2026.07.23 13:03:25;2026.07.23 13:08:33;SELL;0.1;4056.658;4045.753;4061.970;4046.034;109.05;53.12;0.943;2.053;TP;DH5|1|3557
103503;2026.07.23 13:24:41;2026.07.23 13:29:31;SELL;0.08;4052.186;4058.771;4058.586;4039.386;-52.68;51.20;0.892;-1.029;SL;DH5|1|3558
103505;2026.07.23 17:44:16;2026.07.23 18:31:08;SELL;0.13;4044.223;4048.340;4048.223;4036.223;-53.52;52.00;0.914;-1.029;SL;DH5|1|3562
103507;2026.07.24 01:02:24;2026.07.24 01:42:32;SELL;0.1;4042.173;4047.248;4047.239;4032.041;-50.75;50.66;0.899;-1.002;SL;DH5|2|3564
103509;2026.07.24 02:45:48;2026.07.24 02:48:29;SELL;0.1;4040.207;4029.743;4045.302;4030.017;104.64;50.95;0.912;2.054;TP;DH5|2|3566
103511;2026.07.24 02:54:24;2026.07.24 03:05:39;SELL;0.13;4027.840;4027.854;4031.840;4019.840;-0.18;52.00;0.914;-0.004;SL;DH5|1|3567
103513;2026.07.24 03:09:25;2026.07.24 03:13:22;SELL;0.13;4027.264;4031.290;4031.264;4019.264;-52.34;52.00;0.914;-1.006;SL;DH5|1|3568
103515;2026.07.24 06:19:57;2026.07.24 07:27:35;BUY;0.06;4034.353;4050.499;4026.294;4050.471;96.88;48.35;0.858;2.003;TP;DH5|2|3569
103517;2026.07.24 08:29:23;2026.07.24 08:59:33;BUY;0.13;4050.248;4058.473;4046.248;4058.248;106.92;52.00;0.907;2.056;TP;DH5|2|3573
103519;2026.07.24 09:30:36;2026.07.24 09:52:37;SELL;0.1;4051.583;4057.321;4057.104;4040.541;-57.38;55.21;0.945;-1.039;SL;DH5|2|3575
103521;2026.07.24 16:30:39;2026.07.24 18:18:44;SELL;0.11;4070.261;4060.486;4075.140;4060.503;107.53;53.67;0.928;2.003;TP;DH5|2|3578
103523;2026.07.24 19:16:20;2026.07.24 19:33:26;SELL;0.12;4049.620;4054.259;4054.186;4040.488;-55.67;54.79;0.930;-1.016;SL;DH5|2|3580
103525;2026.07.24 19:40:25;2026.07.24 20:14:35;BUY;0.11;4057.072;4052.403;4052.452;4066.312;-51.36;50.82;0.871;-1.011;SL;DH5|2|3582
103527;2026.07.27 02:30:37;2026.07.27 05:08:23;SELL;0.07;4099.387;4093.951;4107.048;4084.065;38.05;53.63;0.927;0.710;SL;DH5|2|3583
103529;2026.07.27 07:00:19;2026.07.27 07:21:39;BUY;0.13;4097.320;4105.331;4093.320;4105.320;104.14;52.00;0.893;2.003;TP;DH5|1|3586
103531;2026.07.27 07:31:33;2026.07.27 07:38:33;BUY;0.13;4103.316;4099.134;4099.316;4111.316;-54.37;52.00;0.877;-1.045;SL;DH5|1|3589
103533;2026.07.27 10:12:23;2026.07.27 10:32:12;BUY;0.13;4087.383;4095.464;4083.383;4095.383;105.05;52.00;0.885;2.020;TP;DH5|3|3591
103535;2026.07.27 11:20:34;2026.07.27 11:29:37;BUY;0.13;4101.106;4097.028;4097.106;4109.106;-53.01;52.00;0.870;-1.019;SL;DH5|1|3592
103537;2026.07.27 11:30:01;2026.07.27 12:13:38;SELL;0.12;4096.639;4087.430;4101.184;4087.549;110.51;54.54;0.921;2.026;TP;DH5|2|3593
103539;2026.07.27 13:57:06;2026.07.27 13:58:27;BUY;0.12;4076.605;4071.447;4071.901;4086.013;-61.90;56.45;0.935;-1.097;SL;DH5|3|3599
103541;2026.07.27 16:33:04;2026.07.27 16:37:41;SELL;0.12;4089.383;4093.931;4093.919;4080.311;-54.58;54.43;0.911;-1.003;SL;DH5|3|3602
103543;2026.07.28 01:00:37;2026.07.28 01:34:05;SELL;0.08;4056.814;4044.249;4063.092;4044.258;100.52;50.22;0.849;2.001;TP;DH5|2|3603
103545;2026.07.28 02:42:30;2026.07.28 03:09:31;SELL;0.13;4041.964;4046.368;4046.262;4033.368;-57.25;55.87;0.928;-1.025;SL;DH5|2|3609
103547;2026.07.28 05:35:24;2026.07.28 05:42:35;SELL;0.13;4037.137;4041.155;4041.137;4029.137;-52.23;52.00;0.872;-1.005;SL;DH5|1|3613
103549;2026.07.28 08:05:29;2026.07.28 08:06:31;SELL;0.13;4050.774;4054.792;4054.774;4042.774;-52.23;52.00;0.880;-1.005;SL;DH5|3|3617
103551;2026.07.28 09:30:30;2026.07.28 09:36:38;SELL;0.12;4038.497;4034.594;4042.998;4029.495;46.84;54.01;0.922;0.867;SL;DH5|2|3620
103553;2026.07.28 09:37:24;2026.07.28 09:57:29;SELL;0.13;4032.324;4023.680;4036.324;4024.324;112.37;52.00;0.881;2.161;TP;DH5|1|3622
103555;2026.07.28 10:03:31;2026.07.28 10:32:29;SELL;0.13;4023.752;4021.349;4027.752;4015.752;31.24;52.00;0.864;0.601;SL;DH5|1|3623
103557;2026.07.28 10:33:37;2026.07.28 10:46:38;SELL;0.14;4022.316;4026.317;4026.316;4014.316;-56.01;56.00;0.926;-1.000;SL;DH5|1|3624
103559;2026.07.28 12:11:11;2026.07.28 12:19:25;SELL;0.11;4023.327;4028.383;4028.362;4013.257;-55.62;55.38;0.924;-1.004;SL;DH5|2|3625
103561;2026.07.28 14:23:35;2026.07.28 15:07:02;BUY;0.08;4017.524;4022.551;4010.467;4031.638;40.22;56.46;0.951;0.712;SL;DH5|3|3626
103563;2026.07.28 16:45:37;2026.07.28 17:20:31;SELL;0.13;4039.655;4039.730;4043.943;4031.079;-0.97;55.74;0.933;-0.017;SL;DH5|2|3631
103565;2026.07.28 17:50:23;2026.07.28 19:06:40;SELL;0.13;4028.532;4026.093;4032.532;4020.532;31.71;52.00;0.870;0.610;SL;DH5|1|3633
103567;2026.07.29 01:00:31;2026.07.29 01:10:27;SELL;0.09;4019.704;4016.458;4025.914;4007.284;29.21;55.89;0.930;0.523;SL;DH5|2|3634
103569;2026.07.29 02:42:40;2026.07.29 03:08:28;SELL;0.13;4035.158;4032.634;4039.359;4026.756;32.81;54.61;0.905;0.601;SL;DH5|3|3637
103571;2026.07.29 03:37:24;2026.07.29 04:25:26;SELL;0.14;4028.372;4025.110;4032.372;4020.372;45.67;56.00;0.923;0.816;SL;DH5|1|3638
103573;2026.07.29 05:45:30;2026.07.29 06:00:34;SELL;0.14;4037.776;4035.833;4041.776;4029.776;27.20;56.00;0.916;0.486;SL;DH5|3|3639
103575;2026.07.29 06:24:29;2026.07.29 09:21:37;BUY;0.08;4042.522;4035.044;4035.169;4057.228;-59.82;58.82;0.958;-1.017;SL;DH5|2|3640
103577;2026.07.29 13:53:39;2026.07.29 13:56:32;BUY;0.13;4009.847;4004.935;4005.648;4018.245;-63.86;54.59;0.897;-1.170;SL;DH5|3|3645
103579;2026.07.29 13:59:35;2026.07.29 14:13:07;SELL;0.12;4005.752;3996.882;4010.183;3996.890;106.44;53.17;0.883;2.002;TP;DH5|1|3646
103581;2026.07.29 16:08:34;2026.07.29 16:14:27;BUY;0.1;4015.604;4009.992;4009.997;4026.818;-56.12;56.07;0.915;-1.001;SL;DH5|2|3650
103583;2026.07.29 18:46:33;2026.07.29 18:49:32;SELL;0.05;4085.373;4096.079;4095.591;4064.937;-53.53;51.09;0.842;-1.048;SL;DH5|3|3651
103585;2026.07.30 02:31:23;2026.07.30 02:59:14;SELL;0.08;4079.261;4065.358;4086.198;4065.387;111.22;55.50;0.923;2.004;TP;DH5|2|3652
103587;2026.07.30 03:00:28;2026.07.30 03:08:28;BUY;0.14;4065.408;4065.374;4061.408;4073.408;-0.48;56.00;0.914;-0.008;SL;DH5|3|3653
103589;2026.07.30 03:14:31;2026.07.30 03:19:26;BUY;0.13;4063.761;4059.450;4059.583;4072.117;-56.04;54.31;0.887;-1.032;SL;DH5|3|3654
103591;2026.07.30 04:38:38;2026.07.30 05:18:41;SELL;0.1;4050.365;4038.651;4056.089;4038.917;117.14;57.24;0.943;2.046;TP;DH5|2|3657
103593;2026.07.30 10:10:12;2026.07.30 10:12:28;BUY;0.07;4074.132;4066.316;4066.368;4089.660;-54.71;54.35;0.878;-1.007;SL;DH5|2|3661
103595;2026.07.30 12:17:33;2026.07.30 12:25:44;SELL;0.1;4073.691;4079.025;4078.999;4063.075;-53.34;53.08;0.866;-1.005;SL;DH5|2|3664
103597;2026.07.30 13:39:22;2026.07.30 13:48:31;SELL;0.07;4092.539;4100.140;4100.094;4077.429;-53.21;52.88;0.870;-1.006;SL;DH5|3|3666
103599;2026.07.30 13:50:38;2026.07.30 14:00:06;BUY;0.07;4097.140;4113.275;4089.117;4113.186;112.94;56.16;0.932;2.011;TP;DH5|1|3668
103601;2026.07.30 14:02:35;2026.07.30 14:05:37;BUY;0.07;4113.791;4105.269;4105.370;4130.633;-59.65;58.95;0.960;-1.012;SL;DH5|1|3669
103603;2026.07.30 16:11:36;2026.07.30 16:34:24;BUY;0.11;4111.415;4113.724;4106.529;4121.187;25.40;53.75;0.884;0.473;SL;DH5|1|3671
103605;2026.07.31 01:14:47;2026.07.31 03:11:33;SELL;0.07;4088.889;4073.187;4096.662;4073.343;109.91;54.41;0.891;2.020;TP;DH5|2|3675
103607;2026.07.31 03:39:43;2026.07.31 03:54:27;BUY;0.12;4079.568;4074.826;4074.841;4089.022;-56.90;56.72;0.913;-1.003;SL;DH5|2|3682
103609;2026.07.31 06:28:24;2026.07.31 06:45:14;SELL;0.14;4085.417;4077.364;4089.417;4077.417;112.74;56.00;0.909;2.013;TP;DH5|3|3683
103611;2026.07.31 07:29:49;2026.07.31 08:12:31;SELL;0.1;4072.736;4061.199;4078.480;4061.248;115.37;57.44;0.916;2.009;TP;DH5|2|3684
103613;2026.07.31 08:17:02;2026.07.31 08:22:26;BUY;0.14;4063.080;4063.025;4059.080;4071.080;-0.77;56.00;0.877;-0.014;SL;DH5|3|3687
103615;2026.07.31 08:36:38;2026.07.31 09:05:28;BUY;0.14;4059.723;4059.689;4055.723;4067.723;-0.48;56.00;0.877;-0.008;SL;DH5|3|3689
103617;2026.07.31 09:30:38;2026.07.31 09:35:34;BUY;0.14;4054.477;4050.449;4050.477;4062.477;-56.39;56.00;0.877;-1.007;SL;DH5|3|3690
103619;2026.07.31 11:11:49;2026.07.31 11:16:07;BUY;0.13;4059.160;4054.720;4054.762;4067.956;-57.72;57.17;0.904;-1.010;SL;DH5|2|3692
103621;2026.07.31 12:23:31;2026.07.31 13:00:19;SELL;0.1;4049.921;4038.517;4055.579;4038.605;114.04;56.58;0.902;2.016;TP;DH5|2|3693
103623;2026.07.31 13:03:35;2026.07.31 13:22:08;SELL;0.14;4040.273;4040.777;4044.273;4032.273;-7.06;56.00;0.877;-0.126;SL;DH5|1|3697
103625;2026.07.31 13:38:33;2026.07.31 13:43:02;SELL;0.12;4033.884;4024.496;4038.570;4024.512;112.66;56.23;0.882;2.003;TP;DH5|1|3698
103627;2026.07.31 13:57:36;2026.07.31 14:09:29;SELL;0.11;4030.352;4026.648;4035.507;4020.042;40.74;56.71;0.874;0.719;SL;DH5|1|3700
103629;2026.07.31 17:24:42;2026.07.31 18:11:26;BUY;0.13;4048.894;4048.824;4044.347;4057.988;-0.91;59.11;0.905;-0.015;SL;DH5|2|3703
103631;2026.08.03 02:48:57;2026.08.03 05:00:40;BUY;0.08;4063.227;4063.142;4056.266;4077.149;-0.68;55.69;0.853;-0.012;SL;DH5|2|3706
103633;2026.08.03 07:16:35;2026.08.03 07:28:00;SELL;0.11;4059.123;4059.212;4064.555;4048.259;-0.98;59.75;0.915;-0.016;SL;DH5|2|3709
103635;2026.08.03 08:29:31;2026.08.03 08:39:27;SELL;0.12;4055.118;4059.987;4059.969;4045.416;-58.43;58.21;0.892;-1.004;SL;DH5|2|3711
103637;2026.08.03 09:21:26;2026.08.03 09:33:40;SELL;0.13;4055.881;4047.142;4060.208;4047.227;113.61;56.25;0.869;2.020;TP;DH5|2|3712
103639;2026.08.03 09:34:03;2026.08.03 09:49:30;BUY;0.15;4048.378;4056.386;4044.378;4056.378;120.12;60.00;0.911;2.002;TP;DH5|3|3713
103641;2026.08.03 10:42:45;2026.08.03 11:42:35;SELL;0.12;4049.039;4054.457;4054.272;4038.573;-65.02;62.80;0.937;-1.035;SL;DH5|2|3714
103643;2026.08.03 12:45:29;2026.08.03 13:00:56;BUY;0.13;4046.045;4048.546;4041.327;4055.481;32.51;61.33;0.924;0.530;SL;DH5|3|3717
103645;2026.08.03 13:03:19;2026.08.03 13:15:00;BUY;0.15;4042.520;4038.305;4038.520;4050.520;-63.22;60.00;0.899;-1.054;SL;DH5|3|3718
103647;2026.08.03 13:30:40;2026.08.03 13:31:38;BUY;0.14;4035.486;4031.174;4031.301;4043.856;-60.37;58.59;0.887;-1.030;SL;DH5|3|3719
103649;2026.08.03 19:36:34;2026.08.03 20:31:32;SELL;0.15;4053.096;4057.103;4057.096;4045.096;-60.11;60.00;0.916;-1.002;SL;DH5|3|3724
103651;2026.08.04 01:00:13;2026.08.04 01:03:05;BUY;0.15;4049.675;4045.639;4045.675;4057.675;-60.54;60.00;0.925;-1.009;SL;DH5|3|3725
103653;2026.08.04 02:38:55;2026.08.04 02:58:43;BUY;0.11;4063.630;4058.288;4058.343;4074.204;-58.76;58.16;0.905;-1.010;SL;DH5|2|3726
103655;2026.08.04 03:30:43;2026.08.04 04:14:35;SELL;0.14;4056.097;4056.587;4060.097;4048.097;-6.86;56.00;0.879;-0.122;SL;DH5|2|3727
103657;2026.08.04 05:35:59;2026.08.04 08:02:39;SELL;0.09;4061.953;4068.522;4068.375;4049.109;-59.12;57.80;0.909;-1.023;SL;DH5|3|3728
103659;2026.08.04 08:03:05;2026.08.04 08:03:33;SELL;0.14;4067.149;4071.695;4071.149;4059.149;-63.64;56.00;0.889;-1.137;SL;DH5|3|3731
103661;2026.08.04 08:05:40;2026.08.04 08:36:29;SELL;0.12;4069.198;4060.043;4073.773;4060.048;109.86;54.90;0.880;2.001;TP;DH5|3|3732
103663;2026.08.04 08:58:13;2026.08.04 09:06:29;BUY;0.14;4056.047;4052.030;4052.047;4064.047;-56.24;56.00;0.882;-1.004;SL;DH5|3|3733
103665;2026.08.04 13:49:08;2026.08.04 14:08:44;SELL;0.09;4090.907;4090.939;4097.021;4078.679;-0.29;55.03;0.875;-0.005;SL;DH5|3|3739
103667;2026.08.04 16:39:30;2026.08.04 17:00:05;BUY;0.14;4086.082;4094.501;4082.082;4094.082;117.87;56.00;0.890;2.105;TP;DH5|1|3741
103669;2026.08.04 17:11:33;2026.08.04 17:29:29;BUY;0.14;4099.571;4095.422;4095.571;4107.571;-58.09;56.00;0.874;-1.037;SL;DH5|1|3744
103671;2026.08.05 01:11:09;2026.08.05 01:33:34;BUY;0.11;4086.280;4080.941;4081.020;4096.800;-58.73;57.86;0.911;-1.015;SL;DH5|2|3746
103673;2026.08.05 02:26:28;2026.08.05 02:31:04;SELL;0.14;4106.022;4106.074;4110.022;4098.022;-0.73;56.00;0.890;-0.013;SL;DH5|3|3750
103675;2026.08.05 03:02:19;2026.08.05 03:30:23;BUY;0.11;4129.630;4129.589;4124.480;4139.930;-0.45;56.65;0.900;-0.008;SL;DH5|1|3751
103677;2026.08.05 04:02:42;2026.08.05 04:30:35;BUY;0.14;4133.607;4137.353;4129.607;4141.607;52.44;56.00;0.890;0.937;SL;DH5|2|3753
103679;2026.08.05 05:41:26;2026.08.05 05:44:48;BUY;0.13;4153.093;4154.892;4148.835;4161.609;23.39;55.35;0.873;0.422;SL;DH5|1|3755
103681;2026.08.05 05:55:25;2026.08.05 05:58:24;BUY;0.12;4169.546;4164.743;4164.930;4178.778;-57.64;55.39;0.870;-1.041;SL;DH5|1|3756
103683;2026.08.05 06:22:35;2026.08.05 07:00:34;BUY;0.09;4166.310;4179.610;4159.671;4179.588;119.70;59.75;0.947;2.003;TP;DH5|1|3757
103685;2026.08.05 09:21:32;2026.08.05 09:58:30;SELL;0.11;4158.462;4158.831;4163.683;4148.020;-4.06;57.43;0.893;-0.071;SL;DH5|2|3762
103687;2026.08.05 10:17:30;2026.08.05 10:57:30;BUY;0.14;4152.785;4161.068;4148.785;4160.785;115.96;56.00;0.872;2.071;TP;DH5|3|3764
103689;2026.08.05 11:14:30;2026.08.05 11:28:26;BUY;0.15;4170.109;4178.324;4166.109;4178.109;123.23;60.00;0.917;2.054;TP;DH5|1|3766
103691;2026.08.05 11:30:44;2026.08.05 11:36:33;BUY;0.15;4176.890;4185.058;4172.890;4184.890;122.52;60.00;0.900;2.042;TP;DH5|1|3768
103693;2026.08.05 11:41:29;2026.08.05 11:44:40;BUY;0.15;4184.541;4184.483;4180.541;4192.541;-0.87;60.00;0.884;-0.014;SL;DH5|1|3769
103695;2026.08.05 11:46:26;2026.08.05 12:02:08;BUY;0.15;4184.764;4192.885;4180.764;4192.764;121.82;60.00;0.884;2.030;TP;DH5|1|3770
103697;2026.08.05 12:27:06;2026.08.05 12:31:28;BUY;0.12;4209.612;4204.517;4204.537;4219.762;-61.14;60.90;0.882;-1.004;SL;DH5|1|3771
103699;2026.08.05 14:14:31;2026.08.05 14:32:34;BUY;0.09;4229.741;4234.751;4222.536;4244.151;45.09;64.84;0.947;0.695;SL;DH5|1|3772
103701;2026.08.05 14:33:36;2026.08.05 14:37:36;BUY;0.08;4236.629;4228.947;4229.041;4251.805;-61.46;60.70;0.881;-1.012;SL;DH5|1|3774
103703;2026.08.05 14:54:32;2026.08.05 15:02:27;BUY;0.08;4236.252;4252.016;4228.379;4251.998;126.11;62.98;0.922;2.002;TP;DH5|1|3775
103705;2026.08.05 15:19:27;2026.08.05 15:30:44;BUY;0.07;4254.734;4254.607;4246.081;4272.040;-0.89;60.57;0.871;-0.015;SL;DH5|1|3776
103707;2026.08.05 15:31:31;2026.08.05 15:47:31;BUY;0.08;4258.150;4250.410;4250.440;4273.570;-61.92;61.68;0.887;-1.004;SL;DH5|1|3777
103709;2026.08.05 17:05:00;2026.08.05 17:22:27;BUY;0.1;4243.649;4237.256;4237.262;4256.423;-63.93;63.87;0.927;-1.001;SL;DH5|1|3778
103711;2026.08.05 18:15:45;2026.08.05 18:22:22;BUY;0.15;4254.145;4262.187;4250.145;4262.145;120.63;60.00;0.879;2.010;TP;DH5|1|3779
103713;2026.08.05 18:29:26;2026.08.05 18:32:09;BUY;0.15;4263.601;4259.232;4259.456;4271.891;-65.53;62.17;0.895;-1.054;SL;DH5|1|3780
103715;2026.08.06 01:03:35;2026.08.06 01:22:36;SELL;0.06;4294.690;4274.828;4304.586;4274.898;119.17;59.38;0.862;2.007;TP;DH5|3|3782
103717;2026.08.06 04:21:20;2026.08.06 04:28:24;BUY;0.16;4262.113;4257.929;4258.113;4270.113;-66.94;64.00;0.914;-1.046;SL;DH5|1|3786
103719;2026.08.06 05:31:51;2026.08.06 05:46:14;BUY;0.09;4253.332;4266.656;4246.694;4266.608;119.92;59.74;0.861;2.007;TP;DH5|3|3788
103721;2026.08.06 08:40:28;2026.08.06 08:51:35;BUY;0.16;4272.596;4272.586;4268.596;4280.596;-0.16;64.00;0.907;-0.003;SL;DH5|1|3790
103723;2026.08.06 08:52:08;2026.08.06 09:02:25;BUY;0.16;4274.109;4282.299;4270.034;4282.259;131.04;65.20;0.924;2.010;TP;DH5|1|3792
103725;2026.08.06 09:04:42;2026.08.06 09:07:31;BUY;0.16;4280.567;4276.388;4276.409;4288.883;-66.86;66.53;0.926;-1.005;SL;DH5|1|3793
103727;2026.08.06 09:28:25;2026.08.06 09:37:42;BUY;0.16;4280.930;4276.872;4276.930;4288.930;-64.93;64.00;0.899;-1.014;SL;DH5|1|3794
103729;2026.08.06 11:00:25;2026.08.06 11:06:28;BUY;0.14;4272.184;4267.739;4267.765;4281.022;-62.23;61.87;0.877;-1.006;SL;DH5|2|3795
103731;2026.08.06 12:54:00;2026.08.06 13:05:27;BUY;0.13;4253.748;4248.074;4248.693;4263.858;-73.76;65.72;0.940;-1.122;SL;DH5|3|3796
103733;2026.08.06 14:10:34;2026.08.06 14:15:26;BUY;0.08;4266.042;4265.881;4258.478;4281.170;-1.29;60.51;0.874;-0.021;SL;DH5|1|3798
103735;2026.08.06 14:18:35;2026.08.06 14:49:42;BUY;0.08;4264.970;4264.896;4257.177;4280.556;-0.59;62.34;0.901;-0.009;SL;DH5|1|3799
103737;2026.08.06 16:18:37;2026.08.06 16:24:36;BUY;0.1;4229.648;4223.251;4223.341;4242.262;-63.97;63.07;0.912;-1.014;SL;DH5|3|3801
103739;2026.08.07 01:00:00;2026.08.07 01:01:35;BUY;0.14;4233.133;4241.916;4228.776;4241.847;122.96;61.00;0.890;2.016;TP;DH5|3|3802
103741;2026.08.07 02:40:34;2026.08.07 03:03:25;SELL;0.1;4251.268;4257.666;4257.570;4238.664;-63.98;63.02;0.903;-1.015;SL;DH5|2|3805
103743;2026.08.07 03:58:22;2026.08.07 04:02:39;BUY;0.1;4262.776;4262.734;4256.463;4275.402;-0.42;63.13;0.913;-0.007;SL;DH5|2|3806
103745;2026.08.07 04:04:00;2026.08.07 04:26:38;BUY;0.16;4263.891;4263.883;4259.891;4271.891;-0.13;64.00;0.926;-0.002;SL;DH5|1|3807
103747;2026.08.07 05:10:32;2026.08.07 05:40:32;BUY;0.12;4269.224;4272.305;4264.185;4279.302;36.97;60.47;0.875;0.611;SL;DH5|2|3808
103749;2026.08.07 05:41:32;2026.08.07 05:52:34;BUY;0.16;4273.192;4275.274;4269.192;4281.192;33.31;64.00;0.921;0.521;SL;DH5|1|3811
103751;2026.08.07 05:54:35;2026.08.07 06:05:09;BUY;0.16;4275.378;4283.413;4271.378;4283.378;128.56;64.00;0.917;2.009;TP;DH5|1|3812
103753;2026.08.07 06:16:09;2026.08.07 06:30:27;BUY;0.15;4287.161;4282.717;4282.787;4295.909;-66.66;65.61;0.923;-1.016;SL;DH5|1|3814
103755;2026.08.07 06:51:01;2026.08.07 07:01:40;BUY;0.14;4291.159;4294.184;4286.627;4300.223;42.35;63.45;0.901;0.667;SL;DH5|1|3815
103757;2026.08.07 07:03:36;2026.08.07 07:16:34;BUY;0.14;4294.490;4289.716;4289.754;4303.962;-66.84;66.30;0.936;-1.008;SL;DH5|1|3816
103759;2026.08.07 08:01:36;2026.08.07 08:24:01;BUY;0.1;4293.576;4293.541;4287.384;4305.960;-0.35;61.92;0.882;-0.006;SL;DH5|2|3817
103761;2026.08.07 09:31:35;2026.08.07 09:39:03;SELL;0.11;4302.274;4308.199;4308.124;4290.574;-65.18;64.35;0.917;-1.013;SL;DH5|2|3822
103763;2026.08.07 09:48:30;2026.08.07 10:19:27;SELL;0.12;4316.457;4313.778;4321.900;4305.571;32.15;65.32;0.939;0.492;SL;DH5|3|3823
103765;2026.08.07 10:50:34;2026.08.07 12:15:29;BUY;0.09;4320.776;4313.423;4313.457;4335.414;-66.18;65.87;0.943;-1.005;SL;DH5|2|3825
103767;2026.08.07 12:36:18;2026.08.07 12:38:40;BUY;0.08;4359.538;4351.839;4351.859;4374.896;-61.59;61.43;0.888;-1.003;SL;DH5|1|3830
103769;2026.08.07 12:54:03;2026.08.07 12:56:26;BUY;0.07;4368.878;4359.884;4360.120;4386.394;-62.96;61.31;0.894;-1.027;SL;DH5|1|3831
103771;2026.08.07 18:01:17;2026.08.07 18:14:28;BUY;0.15;4341.158;4336.573;4337.158;4349.158;-68.78;60.00;0.883;-1.146;SL;DH5|1|3832
103773;2026.08.07 19:01:24;2026.08.07 19:35:40;BUY;0.12;4340.339;4344.892;4335.219;4350.579;54.64;61.44;0.913;0.889;SL;DH5|2|3833
103775;2026.08.10 01:01:01;2026.08.10 01:04:23;BUY;0.1;4332.495;4332.457;4326.276;4344.933;-0.38;62.19;0.917;-0.006;SL;DH5|3|3835
103777;2026.08.10 02:32:23;2026.08.10 02:41:12;BUY;0.14;4327.744;4323.017;4323.275;4336.682;-66.18;62.57;0.923;-1.058;SL;DH5|1|3839
103779;2026.08.10 04:11:35;2026.08.10 04:40:37;BUY;0.13;4330.774;4330.699;4326.084;4340.154;-0.97;60.97;0.908;-0.016;SL;DH5|2|3840
103781;2026.08.10 05:01:30;2026.08.10 05:12:39;BUY;0.15;4337.790;4333.738;4333.790;4345.790;-60.78;60.00;0.894;-1.013;SL;DH5|1|3841
103783;2026.08.10 05:31:15;2026.08.10 05:31:34;SELL;0.12;4331.441;4336.928;4336.519;4321.285;-65.84;60.94;0.916;-1.081;SL;DH5|2|3842
103785;2026.08.10 05:35:36;2026.08.10 05:40:24;SELL;0.15;4339.215;4343.294;4343.215;4331.215;-61.18;60.00;0.911;-1.020;SL;DH5|3|3843
103787;2026.08.10 05:56:26;2026.08.10 06:04:33;BUY;0.15;4347.950;4343.917;4343.950;4355.950;-60.49;60.00;0.919;-1.008;SL;DH5|1|3844
103789;2026.08.10 06:05:01;2026.08.10 06:43:27;SELL;0.05;4342.520;4353.589;4353.305;4320.950;-55.34;53.92;0.834;-1.026;SL;DH5|3|3845
103791;2026.08.10 07:03:29;2026.08.10 07:13:31;BUY;0.14;4355.252;4351.200;4351.252;4363.252;-56.73;56.00;0.874;-1.013;SL;DH5|1|3847
103793;2026.08.10 07:45:38;2026.08.10 08:01:24;BUY;0.08;4361.849;4354.485;4354.511;4376.525;-58.91;58.70;0.924;-1.004;SL;DH5|2|3849
103795;2026.08.10 09:38:02;2026.08.10 10:03:17;BUY;0.14;4343.094;4339.090;4339.094;4351.094;-56.06;56.00;0.890;-1.001;SL;DH5|1|3853
103797;2026.08.10 12:22:37;2026.08.10 12:26:31;BUY;0.14;4329.306;4325.174;4325.306;4337.306;-57.85;56.00;0.898;-1.033;SL;DH5|3|3855
103799;2026.08.10 12:30:29;2026.08.10 13:00:33;BUY;0.14;4328.816;4331.180;4324.816;4336.816;33.10;56.00;0.906;0.591;SL;DH5|3|3856
103801;2026.08.10 13:11:27;2026.08.10 13:23:07;BUY;0.08;4336.498;4329.122;4329.340;4350.814;-59.01;57.26;0.921;-1.030;SL;DH5|2|3857
103803;2026.08.11 01:41:00;2026.08.11 01:46:26;SELL;0.1;4420.043;4420.072;4425.382;4409.365;-0.29;53.39;0.867;-0.005;SL;DH5|3|3875
103805;2026.08.11 01:48:17;2026.08.11 01:49:31;SELL;0.1;4421.141;4426.784;4426.753;4409.917;-56.43;56.12;0.912;-1.006;SL;DH5|3|3876
103807;2026.08.11 02:02:31;2026.08.11 02:24:33;BUY;0.1;4426.950;4426.871;4421.161;4438.528;-0.79;57.89;0.949;-0.014;SL;DH5|1|3877
103809;2026.08.11 04:10:52;2026.08.11 04:32:35;SELL;0.09;4412.109;4418.289;4418.245;4399.837;-55.62;55.22;0.906;-1.007;SL;DH5|2|3880
103811;2026.08.11 04:33:42;2026.08.11 04:35:24;BUY;0.09;4420.320;4414.350;4414.353;4432.254;-53.73;53.70;0.889;-1.001;SL;DH5|2|3881
103813;2026.08.11 07:19:28;2026.08.11 07:31:29;BUY;0.1;4360.423;4360.253;4355.041;4371.187;-1.70;53.82;0.899;-0.032;SL;DH5|3|3887
103815;2026.08.11 07:40:33;2026.08.11 08:03:30;SELL;0.08;4356.782;4363.509;4363.437;4343.472;-53.82;53.24;0.889;-1.011;SL;DH5|2|3888
103817;2026.08.11 10:22:42;2026.08.11 10:42:41;BUY;0.12;4377.097;4377.071;4372.799;4385.693;-0.31;51.58;0.869;-0.006;SL;DH5|2|3890
103819;2026.08.11 12:06:32;2026.08.11 12:22:34;BUY;0.11;4390.932;4394.530;4385.993;4400.810;39.58;54.33;0.916;0.728;SL;DH5|2|3893
103821;2026.08.11 13:10:56;2026.08.11 13:18:34;SELL;0.11;4398.445;4395.008;4403.560;4388.215;37.81;56.27;0.942;0.672;SL;DH5|3|3897
103823;2026.08.11 13:47:34;2026.08.11 13:52:20;SELL;0.11;4400.735;4390.502;4405.815;4390.575;112.56;55.88;0.930;2.014;TP;DH5|3|3898
103825;2026.08.11 15:09:39;2026.08.11 15:17:36;BUY;0.12;4391.972;4387.244;4387.274;4401.368;-56.74;56.38;0.921;-1.006;SL;DH5|1|3899
103827;2026.08.11 15:18:34;2026.08.11 15:46:32;SELL;0.07;4385.231;4377.521;4393.395;4368.903;53.97;57.15;0.942;0.944;SL;DH5|2|3900
103829;2026.08.11 16:48:36;2026.08.11 17:23:43;BUY;0.14;4383.667;4379.654;4379.667;4391.667;-56.18;56.00;0.915;-1.003;SL;DH5|1|3902
103831;2026.08.11 17:30:34;2026.08.11 17:57:41;SELL;0.12;4378.511;4369.512;4383.004;4369.525;107.99;53.92;0.889;2.003;TP;DH5|2|3904
103833;2026.08.12 01:00:12;2026.08.12 01:00:35;BUY;0.09;4384.472;4378.219;4378.573;4396.270;-56.28;53.09;0.860;-1.060;SL;DH5|2|3905
103835;2026.08.12 01:04:09;2026.08.12 01:06:26;SELL;0.14;4383.466;4387.508;4387.466;4375.466;-56.59;56.00;0.916;-1.010;SL;DH5|3|3906
103837;2026.08.12 02:16:25;2026.08.12 02:44:37;BUY;0.14;4401.390;4404.330;4397.390;4409.390;41.16;56.00;0.924;0.735;SL;DH5|1|3910
103839;2026.08.12 02:45:26;2026.08.12 03:03:26;BUY;0.14;4406.920;4410.407;4402.920;4414.920;48.82;56.00;0.918;0.872;SL;DH5|1|3912
103841;2026.08.12 05:50:45;2026.08.12 06:02:29;BUY;0.14;4387.508;4389.548;4383.508;4395.508;28.56;56.00;0.911;0.510;SL;DH5|3|3916
103843;2026.08.12 06:38:32;2026.08.12 06:56:36;BUY;0.1;4394.511;4405.838;4388.854;4405.825;113.27;56.57;0.916;2.002;TP;DH5|2|3917
103845;2026.08.12 07:00:23;2026.08.12 07:15:28;BUY;0.14;4404.594;4400.591;4400.594;4412.594;-56.04;56.00;0.890;-1.001;SL;DH5|1|3918
103847;2026.08.12 07:58:15;2026.08.12 08:15:38;BUY;0.14;4406.396;4406.387;4402.396;4414.396;-0.13;56.00;0.898;-0.002;SL;DH5|1|3919
103849;2026.08.12 08:16:32;2026.08.12 08:47:30;BUY;0.14;4407.560;4403.302;4403.560;4415.560;-59.61;56.00;0.898;-1.065;SL;DH5|1|3921
103851;2026.08.12 11:29:34;2026.08.12 11:37:36;BUY;0.1;4416.470;4410.967;4410.968;4427.474;-55.03;55.02;0.891;-1.000;SL;DH5|2|3922
103853;2026.08.12 13:02:28;2026.08.12 13:14:32;BUY;0.06;4430.678;4421.268;4421.618;4448.798;-56.46;54.36;0.888;-1.039;SL;DH5|1|3925
103855;2026.08.12 16:43:33;2026.08.12 17:33:35;SELL;0.06;4410.561;4410.567;4419.816;4392.051;-0.04;55.53;0.916;-0.001;SL;DH5|2|3927
103857;2026.08.13 04:02:26;2026.08.13 04:11:28;BUY;0.1;4399.283;4393.781;4393.842;4410.165;-55.02;54.41;0.897;-1.011;SL;DH5|3|3931
103859;2026.08.13 05:43:06;2026.08.13 05:43:42;BUY;0.13;4391.989;4387.925;4387.989;4399.989;-52.83;52.00;0.865;-1.016;SL;DH5|3|3934
103861;2026.08.13 07:49:32;2026.08.13 08:26:38;SELL;0.09;4371.455;4371.553;4377.218;4359.929;-0.88;51.87;0.871;-0.017;SL;DH5|2|3939
103863;2026.08.13 09:19:31;2026.08.13 10:50:10;BUY;0.11;4380.473;4390.701;4375.372;4390.675;112.51;56.11;0.942;2.005;TP;DH5|2|3944
103865;2026.08.13 11:33:46;2026.08.13 12:29:34;SELL;0.09;4386.668;4392.991;4392.665;4374.674;-56.91;53.97;0.890;-1.054;SL;DH5|2|3947
103867;2026.08.13 12:35:53;2026.08.13 13:00:03;SELL;0.05;4390.731;4402.543;4402.390;4367.413;-59.06;58.30;0.970;-1.013;SL;DH5|3|3949
103869;2026.08.13 13:37:41;2026.08.13 13:51:45;BUY;0.08;4378.919;4372.278;4372.297;4392.163;-53.13;52.98;0.890;-1.003;SL;DH5|3|3950
103871;2026.08.13 13:54:36;2026.08.13 14:09:00;BUY;0.09;4375.772;4369.508;4369.609;4388.098;-56.38;55.47;0.940;-1.016;SL;DH5|3|3952
103873;2026.08.13 14:31:23;2026.08.13 15:05:43;BUY;0.04;4367.425;4375.815;4356.028;4390.219;33.56;45.59;0.780;0.736;SL;DH5|3|3954
103875;2026.08.13 17:29:30;2026.08.13 18:18:24;SELL;0.09;4363.376;4363.422;4369.270;4351.588;-0.41;53.05;0.903;-0.008;SL;DH5|2|3956
103877;2026.08.13 18:25:36;2026.08.13 18:40:34;SELL;0.1;4355.108;4360.368;4360.258;4344.808;-52.60;51.50;0.877;-1.021;SL;DH5|2|3958
103879;2026.08.13 19:08:30;2026.08.13 19:15:10;SELL;0.12;4354.005;4344.974;4358.426;4345.163;108.37;53.05;0.911;2.043;TP;DH5|2|3960
103881;2026.08.13 19:18:07;2026.08.13 19:26:34;SELL;0.13;4346.704;4350.749;4350.704;4338.704;-52.59;52.00;0.877;-1.011;SL;DH5|1|3961
103883;2026.08.14 01:22:13;2026.08.14 01:39:27;SELL;0.08;4322.990;4319.802;4329.336;4310.298;25.50;50.77;0.864;0.502;SL;DH5|1|3962
103885;2026.08.14 01:46:28;2026.08.14 01:55:35;SELL;0.08;4320.619;4320.634;4326.915;4308.027;-0.12;50.37;0.853;-0.002;SL;DH5|1|3965
103887;2026.08.14 01:57:26;2026.08.14 02:30:31;SELL;0.09;4319.040;4319.163;4325.261;4306.598;-1.11;55.99;0.948;-0.020;SL;DH5|1|3966
103889;2026.08.14 05:54:14;2026.08.14 05:56:12;SELL;0.13;4327.823;4331.833;4331.823;4319.823;-52.13;52.00;0.881;-1.003;SL;DH5|3|3969
103891;2026.08.14 06:53:38;2026.08.14 07:22:26;SELL;0.13;4334.285;4334.349;4338.285;4326.285;-0.83;52.00;0.889;-0.016;SL;DH5|1|3971
103893;2026.08.14 08:02:32;2026.08.14 08:15:34;SELL;0.1;4343.250;4348.741;4348.726;4332.298;-54.91;54.76;0.936;-1.003;SL;DH5|3|3974
103895;2026.08.14 09:19:24;2026.08.14 09:25:32;SELL;0.13;4349.471;4353.632;4353.471;4341.471;-54.09;52.00;0.897;-1.040;SL;DH5|3|3978
103897;2026.08.14 09:27:37;2026.08.14 09:50:43;SELL;0.12;4350.937;4355.077;4355.055;4342.701;-49.68;49.42;0.861;-1.005;SL;DH5|3|3979
103899;2026.08.14 13:31:16;2026.08.14 13:34:39;SELL;0.11;4386.738;4391.590;4391.460;4377.294;-53.37;51.94;0.913;-1.028;SL;DH5|3|3983
103901;2026.08.14 13:46:34;2026.08.14 14:00:30;SELL;0.11;4391.412;4388.198;4396.066;4382.104;35.35;51.19;0.908;0.691;SL;DH5|3|3984
103903;2026.08.14 17:29:32;2026.08.14 19:09:28;SELL;0.1;4379.273;4376.706;4384.217;4369.385;25.67;49.44;0.872;0.519;SL;DH5|2|3988
103905;2026.08.17 06:56:02;2026.08.17 07:12:33;BUY;0.13;4402.572;4398.456;4398.572;4410.572;-53.51;52.00;0.913;-1.029;SL;DH5|1|3999
103907;2026.08.17 11:22:36;2026.08.17 11:48:39;BUY;0.09;4404.558;4399.026;4399.069;4415.536;-49.79;49.40;0.875;-1.008;SL;DH5|2|4002
103909;2026.08.17 16:03:45;2026.08.17 17:07:36;BUY;0.13;4425.418;4421.401;4421.418;4433.418;-52.22;52.00;0.929;-1.004;SL;DH5|1|4011
103911;2026.08.17 18:24:28;2026.08.17 18:48:31;SELL;0.08;4409.394;4405.352;4416.010;4396.162;32.34;52.93;0.955;0.611;SL;DH5|2|4013
103913;2026.08.17 19:14:55;2026.08.17 20:00:11;BUY;0.08;4408.504;4421.127;4402.211;4421.090;100.98;50.34;0.903;2.006;TP;DH5|2|4015
103915;2026.08.18 01:01:38;2026.08.18 01:16:20;BUY;0.09;4433.950;4428.282;4428.427;4444.996;-51.01;49.71;0.876;-1.026;SL;DH5|1|4018
103917;2026.08.18 01:16:20;2026.08.18 01:27:33;SELL;0.11;4428.282;4425.171;4432.985;4418.876;34.22;51.73;0.920;0.661;SL;DH5|3|4021
103919;2026.08.18 05:40:00;2026.08.18 06:00:21;BUY;0.1;4390.241;4392.587;4385.367;4399.989;23.46;48.74;0.861;0.481;SL;DH5|3|4025
103921;2026.08.18 12:20:35;2026.08.18 12:27:40;BUY;0.09;4397.870;4392.145;4392.348;4408.914;-51.52;49.70;0.875;-1.037;SL;DH5|2|4027
103923;2026.08.18 13:07:47;2026.08.18 13:14:31;SELL;0.08;4389.637;4395.642;4395.597;4377.717;-48.04;47.68;0.847;-1.008;SL;DH5|2|4029
103925;2026.08.18 13:36:57;2026.08.18 13:41:31;SELL;0.09;4398.518;4404.056;4404.047;4387.460;-49.84;49.76;0.891;-1.002;SL;DH5|3|4030
103927;2026.08.18 14:54:02;2026.08.18 14:58:42;BUY;0.06;4378.755;4370.876;4371.025;4394.215;-47.27;46.38;0.838;-1.019;SL;DH5|3|4031
103929;2026.08.18 15:00:32;2026.08.18 15:08:30;BUY;0.06;4369.258;4369.202;4361.114;4385.546;-0.34;48.86;0.891;-0.007;SL;DH5|3|4032
103931;2026.08.18 15:16:32;2026.08.18 15:19:25;BUY;0.06;4364.959;4356.416;4356.497;4381.883;-51.26;50.77;0.926;-1.010;SL;DH5|3|4033
103933;2026.08.18 17:30:35;2026.08.18 17:33:43;SELL;0.12;4362.394;4366.465;4366.436;4354.310;-48.85;48.50;0.893;-1.007;SL;DH5|2|4035
103935;2026.08.18 19:44:31;2026.08.18 19:51:35;SELL;0.12;4351.938;4343.378;4356.103;4343.608;102.72;49.98;0.928;2.055;TP;DH5|2|4038
103937;2026.08.19 01:02:55;2026.08.19 01:06:25;BUY;0.1;4328.614;4338.748;4323.633;4338.576;101.34;49.81;0.908;2.035;TP;DH5|3|4041
103939;2026.08.19 02:16:34;2026.08.19 04:17:43;BUY;0.06;4358.676;4350.303;4350.313;4375.402;-50.24;50.18;0.898;-1.001;SL;DH5|2|4043
103941;2026.08.19 05:22:35;2026.08.19 05:28:24;SELL;0.12;4339.384;4343.450;4343.384;4331.384;-48.79;48.00;0.867;-1.016;SL;DH5|1|4045
103943;2026.08.19 05:48:30;2026.08.19 06:01:34;BUY;0.12;4337.060;4336.946;4333.060;4345.060;-1.37;48.00;0.874;-0.029;SL;DH5|3|4046
103945;2026.08.19 07:37:34;2026.08.19 07:52:15;SELL;0.12;4359.892;4357.681;4364.023;4351.630;26.53;49.57;0.903;0.535;SL;DH5|3|4049
103947;2026.08.19 09:16:38;2026.08.19 09:41:32;SELL;0.09;4354.277;4359.526;4359.509;4343.813;-47.24;47.09;0.854;-1.003;SL;DH5|2|4050
103949;2026.08.19 12:20:30;2026.08.19 12:34:30;BUY;0.09;4371.411;4382.638;4365.923;4382.387;101.04;49.39;0.903;2.046;TP;DH5|2|4051
103951;2026.08.19 14:48:40;2026.08.19 16:29:27;BUY;0.06;4482.325;4490.455;4473.741;4499.493;48.78;51.50;0.925;0.947;SL;DH5|1|4056
103953;2026.08.19 17:11:48;2026.08.19 18:03:40;SELL;0.09;4489.985;4495.575;4495.510;4478.935;-50.31;49.73;0.885;-1.012;SL;DH5|2|4060
103955;2026.08.19 19:38:32;2026.08.19 20:14:24;BUY;0.11;4506.329;4506.293;4501.835;4515.317;-0.40;49.43;0.888;-0.008;SL;DH5|1|4062
103957;2026.08.20 04:02:42;2026.08.20 04:21:27;BUY;0.12;4498.799;4494.752;4494.799;4506.799;-48.56;48.00;0.862;-1.012;SL;DH5|1|4065
103959;2026.08.20 04:28:38;2026.08.20 05:34:32;SELL;0.08;4492.110;4480.017;4498.100;4480.130;96.74;47.92;0.868;2.019;TP;DH5|2|4066
103961;2026.08.20 06:30:37;2026.08.20 07:02:28;BUY;0.13;4494.661;4490.622;4490.661;4502.661;-52.51;52.00;0.926;-1.010;SL;DH5|1|4068
103963;2026.08.20 08:21:38;2026.08.20 08:26:31;BUY;0.12;4496.764;4492.650;4492.764;4504.764;-49.37;48.00;0.863;-1.028;SL;DH5|1|4070
103965;2026.08.20 11:01:32;2026.08.20 11:05:41;BUY;0.12;4490.986;4486.799;4486.813;4499.332;-50.24;50.08;0.908;-1.003;SL;DH5|1|4071
103967;2026.08.20 11:05:45;2026.08.20 11:44:28;SELL;0.09;4486.086;4475.661;4491.293;4475.672;93.83;46.86;0.858;2.002;TP;DH5|2|4072
103969;2026.08.20 14:34:35;2026.08.20 14:37:17;SELL;0.08;4494.342;4500.697;4500.620;4481.786;-50.84;50.22;0.904;-1.012;SL;DH5|3|4075
103971;2026.08.20 15:10:19;2026.08.20 15:21:37;BUY;0.06;4528.894;4528.777;4520.792;4545.098;-0.70;48.61;0.883;-0.014;SL;DH5|1|4076
103973;2026.08.20 15:24:31;2026.08.20 15:39:32;BUY;0.06;4526.675;4518.738;4518.766;4542.493;-47.62;47.45;0.862;-1.004;SL;DH5|1|4077
103975;2026.08.20 17:13:11;2026.08.20 17:27:32;BUY;0.12;4509.603;4509.573;4505.369;4518.071;-0.36;50.81;0.931;-0.007;SL;DH5|1|4079
103977;2026.08.20 18:09:31;2026.08.20 18:11:40;BUY;0.12;4517.077;4513.037;4513.077;4525.077;-48.48;48.00;0.879;-1.010;SL;DH5|1|4080
103979;2026.08.20 19:22:30;2026.08.20 19:45:05;BUY;0.12;4525.308;4525.083;4521.308;4533.308;-2.70;48.00;0.887;-0.056;SL;DH5|1|4081
103981;2026.08.20 19:50:40;2026.08.20 20:07:32;BUY;0.08;4531.083;4525.278;4525.319;4542.611;-46.44;46.11;0.853;-1.007;SL;DH5|2|4083
103983;2026.08.21 04:21:54;2026.08.21 04:27:41;SELL;0.12;4542.969;4547.170;4547.025;4534.857;-50.41;48.67;0.908;-1.036;SL;DH5|3|4088
103985;2026.08.21 04:34:31;2026.08.21 04:38:34;BUY;0.12;4545.297;4541.292;4541.297;4553.297;-48.06;48.00;0.904;-1.001;SL;DH5|1|4090
103987;2026.08.21 06:04:31;2026.08.21 06:11:39;BUY;0.11;4550.195;4545.851;4546.083;4558.419;-47.78;45.23;0.860;-1.056;SL;DH5|1|4092
103989;2026.08.21 06:25:23;2026.08.21 06:33:35;BUY;0.09;4551.824;4562.061;4546.799;4561.874;92.13;45.23;0.867;2.037;TP;DH5|1|4093
103991;2026.08.21 06:42:25;2026.08.21 08:21:01;BUY;0.09;4563.293;4574.320;4557.804;4574.271;99.24;49.40;0.931;2.009;TP;DH5|1|4094
103993;2026.08.21 08:32:25;2026.08.21 09:06:37;BUY;0.11;4579.595;4588.448;4575.189;4588.407;97.38;48.47;0.897;2.009;TP;DH5|1|4097
103995;2026.08.21 09:22:36;2026.08.21 09:24:39;BUY;0.1;4589.810;4584.846;4584.891;4599.648;-49.64;49.19;0.894;-1.009;SL;DH5|1|4099
103997;2026.08.21 11:03:31;2026.08.21 11:40:44;BUY;0.07;4595.072;4595.015;4588.156;4608.904;-0.40;48.41;0.888;-0.008;SL;DH5|2|4100
103999;2026.08.21 11:52:05;2026.08.21 12:09:30;BUY;0.08;4598.551;4592.394;4592.396;4610.861;-49.26;49.24;0.903;-1.000;SL;DH5|1|4104
104001;2026.08.21 12:10:36;2026.08.21 12:35:44;SELL;0.05;4589.789;4571.270;4599.036;4571.295;92.59;46.24;0.856;2.003;TP;DH5|2|4105
104003;2026.08.21 13:46:22;2026.08.21 13:52:32;BUY;0.07;4588.594;4581.559;4581.631;4602.520;-49.24;48.74;0.887;-1.010;SL;DH5|1|4107
104005;2026.08.21 15:25:31;2026.08.21 15:42:22;SELL;0.08;4603.210;4609.594;4609.549;4590.532;-51.07;50.71;0.931;-1.007;SL;DH5|3|4108
104007;2026.08.21 16:10:22;2026.08.21 16:21:43;BUY;0.1;4611.477;4616.163;4606.730;4620.971;46.86;47.47;0.880;0.987;SL;DH5|1|4110
104009;2026.08.21 16:27:34;2026.08.21 16:45:35;BUY;0.1;4612.593;4622.085;4607.850;4622.079;94.92;47.43;0.871;2.001;TP;DH5|1|4111
104011;2026.08.21 17:14:39;2026.08.21 17:22:36;BUY;0.12;4624.369;4620.047;4620.207;4632.693;-51.86;49.94;0.902;-1.038;SL;DH5|1|4113
104013;2026.08.21 19:05:43;2026.08.21 20:38:35;SELL;0.09;4618.827;4608.150;4624.144;4608.193;96.09;47.85;0.872;2.008;TP;DH5|2|4115
104015;2026.08.24 02:01:32;2026.08.24 02:10:31;BUY;0.07;4630.799;4645.509;4623.586;4645.225;102.97;50.49;0.905;2.039;TP;DH5|1|4117
104017;2026.08.24 02:35:11;2026.08.24 02:39:33;BUY;0.08;4653.758;4647.149;4647.193;4666.888;-52.87;52.52;0.924;-1.007;SL;DH5|1|4118
104019;2026.08.24 03:50:29;2026.08.24 04:00:35;BUY;0.1;4644.531;4639.126;4639.280;4655.033;-54.05;52.51;0.932;-1.029;SL;DH5|1|4119
104021;2026.08.24 05:15:28;2026.08.24 05:29:28;BUY;0.08;4644.324;4637.591;4637.733;4657.506;-53.86;52.73;0.945;-1.022;SL;DH5|2|4120
104023;2026.08.24 06:17:57;2026.08.24 06:26:33;SELL;0.1;4656.497;4646.338;4661.541;4646.409;101.59;50.44;0.913;2.014;TP;DH5|3|4121
104025;2026.08.24 11:32:30;2026.08.24 11:35:37;BUY;0.09;4648.615;4660.263;4642.815;4660.215;104.83;52.20;0.928;2.008;TP;DH5|2|4125
104027;2026.08.24 13:22:40;2026.08.24 13:37:33;BUY;0.08;4672.089;4671.860;4665.499;4685.269;-1.83;52.72;0.920;-0.035;SL;DH5|1|4127
104029;2026.08.24 13:40:00;2026.08.24 16:01:32;SELL;0.03;4665.973;4657.613;4682.563;4632.793;25.08;49.77;0.869;0.504;SL;DH5|3|4128
104031;2026.08.24 18:09:39;2026.08.24 18:34:05;BUY;0.07;4630.985;4634.696;4623.588;4645.779;25.98;51.78;0.900;0.502;SL;DH5|3|4130
104033;2026.08.25 08:09:39;2026.08.25 08:23:14;BUY;0.11;4624.180;4633.894;4619.346;4633.848;106.85;53.17;0.920;2.010;TP;DH5|3|4131
104035;2026.08.25 11:48:28;2026.08.25 12:00:40;BUY;0.09;4646.015;4639.954;4640.167;4657.711;-54.55;52.63;0.894;-1.036;SL;DH5|2|4132
104037;2026.08.25 13:28:32;2026.08.25 13:47:31;BUY;0.05;4618.492;4607.296;4607.312;4640.852;-55.98;55.90;0.958;-1.001;SL;DH5|3|4135
104039;2026.08.25 13:48:31;2026.08.25 14:02:40;BUY;0.07;4609.403;4614.135;4602.046;4624.117;33.12;51.50;0.892;0.643;SL;DH5|3|4137
104041;2026.08.25 15:34:39;2026.08.25 15:35:28;SELL;0.09;4647.162;4652.942;4652.883;4635.720;-52.02;51.49;0.886;-1.010;SL;DH5|3|4138
104043;2026.08.25 18:34:32;2026.08.25 19:00:29;BUY;0.13;4647.819;4655.836;4643.819;4655.819;104.22;52.00;0.903;2.004;TP;DH5|1|4142
104045;2026.08.25 19:05:29;2026.08.25 19:15:31;BUY;0.13;4655.604;4663.618;4651.604;4663.604;104.18;52.00;0.887;2.004;TP;DH5|1|4145
104047;2026.08.25 19:21:36;2026.08.25 19:25:38;BUY;0.13;4666.468;4662.374;4662.468;4674.468;-53.22;52.00;0.872;-1.024;SL;DH5|1|4147
104049;2026.08.26 05:48:26;2026.08.26 06:15:34;BUY;0.11;4639.599;4634.607;4634.681;4649.435;-54.91;54.10;0.915;-1.015;SL;DH5|3|4149
104051;2026.08.26 07:51:37;2026.08.26 09:33:45;SELL;0.09;4628.319;4622.487;4634.335;4616.287;52.49;54.14;0.924;0.969;SL;DH5|2|4152
104053;2026.08.26 10:31:33;2026.08.26 10:58:27;BUY;0.13;4616.731;4619.795;4612.607;4624.979;39.83;53.61;0.907;0.743;SL;DH5|3|4158
104055;2026.08.26 12:00:36;2026.08.26 12:30:26;BUY;0.1;4626.046;4625.790;4620.398;4637.342;-2.56;56.48;0.949;-0.045;SL;DH5|2|4159
104057;2026.08.26 12:36:33;2026.08.26 12:54:37;BUY;0.05;4621.378;4610.889;4611.486;4641.162;-52.44;49.46;0.832;-1.060;SL;DH5|3|4161
104059;2026.08.26 12:55:00;2026.08.26 13:00:13;BUY;0.07;4616.359;4609.077;4609.107;4630.863;-50.97;50.76;0.861;-1.004;SL;DH5|3|4162
104061;2026.08.26 13:17:47;2026.08.26 13:52:14;BUY;0.05;4607.324;4628.860;4596.561;4628.850;107.68;53.82;0.921;2.001;TP;DH5|3|4164
104063;2026.08.26 16:38:49;2026.08.26 17:21:26;SELL;0.06;4588.875;4598.294;4598.085;4570.455;-56.51;55.26;0.929;-1.023;SL;DH5|2|4167
104065;2026.08.26 17:30:45;2026.08.26 18:22:22;BUY;0.08;4599.766;4592.944;4592.993;4613.312;-54.58;54.18;0.919;-1.007;SL;DH5|2|4168
104067;2026.08.26 18:38:27;2026.08.26 19:26:27;SELL;0.13;4594.370;4598.387;4598.370;4586.370;-52.22;52.00;0.890;-1.004;SL;DH5|1|4170
104069;2026.08.26 19:26:50;2026.08.26 19:50:21;BUY;0.1;4599.215;4593.839;4594.028;4609.589;-53.76;51.87;0.896;-1.036;SL;DH5|2|4173
104071;2026.08.27 01:42:29;2026.08.27 01:53:34;SELL;0.08;4626.684;4632.982;4632.855;4614.342;-50.38;49.37;0.861;-1.021;SL;DH5|3|4174
104073;2026.08.27 02:35:31;2026.08.27 03:20:43;SELL;0.06;4627.749;4636.705;4636.691;4609.865;-53.74;53.65;0.944;-1.002;SL;DH5|2|4176
104075;2026.08.27 05:46:40;2026.08.27 05:52:29;BUY;0.08;4609.936;4603.663;4603.836;4622.136;-50.18;48.80;0.867;-1.028;SL;DH5|3|4177
104077;2026.08.27 06:58:39;2026.08.27 07:15:32;BUY;0.12;4600.326;4599.883;4596.103;4608.772;-5.32;50.68;0.908;-0.105;SL;DH5|3|4180
104079;2026.08.27 08:01:31;2026.08.27 08:36:33;BUY;0.08;4603.593;4597.553;4597.559;4615.661;-48.32;48.27;0.866;-1.001;SL;DH5|2|4184
104081;2026.08.27 09:33:32;2026.08.27 09:37:24;SELL;0.09;4593.025;4581.986;4598.528;4582.019;99.35;49.53;0.896;2.006;TP;DH5|2|4185
104083;2026.08.27 10:11:42;2026.08.27 10:43:32;SELL;0.11;4580.015;4584.790;4584.713;4570.619;-52.52;51.68;0.919;-1.016;SL;DH5|1|4187
104085;2026.08.27 12:37:29;2026.08.27 12:57:27;SELL;0.08;4591.087;4586.993;4597.123;4579.015;32.75;48.29;0.866;0.678;SL;DH5|2|4189
104087;2026.08.27 13:05:01;2026.08.27 13:16:16;SELL;0.13;4587.428;4587.441;4591.428;4579.428;-0.17;52.00;0.928;-0.003;SL;DH5|1|4191
104089;2026.08.27 13:44:34;2026.08.27 13:48:33;SELL;0.09;4579.416;4568.282;4584.769;4568.710;100.21;48.18;0.859;2.080;TP;DH5|1|4192
104091;2026.08.27 15:36:33;2026.08.27 15:40:36;SELL;0.11;4597.115;4602.056;4601.927;4587.491;-54.35;52.93;0.928;-1.027;SL;DH5|1|4197
104093;2026.08.27 15:41:36;2026.08.27 16:18:30;BUY;0.06;4603.268;4603.118;4594.817;4620.170;-0.90;50.71;0.897;-0.018;SL;DH5|2|4199
104095;2026.08.27 16:45:58;2026.08.27 17:48:27;BUY;0.08;4613.794;4607.238;4607.246;4626.890;-52.45;52.38;0.927;-1.001;SL;DH5|2|4201
104097;2026.08.27 18:52:43;2026.08.27 20:05:34;BUY;0.07;4611.470;4604.183;4604.212;4625.986;-51.01;50.81;0.908;-1.004;SL;DH5|2|4205
104099;2026.08.28 01:28:36;2026.08.28 01:39:26;BUY;0.11;4586.160;4581.328;4581.511;4595.458;-53.15;51.14;0.922;-1.039;SL;DH5|3|4207
104101;2026.08.28 01:55:43;2026.08.28 02:45:34;BUY;0.09;4578.942;4583.512;4573.545;4589.736;41.13;48.57;0.884;0.847;SL;DH5|3|4208
104103;2026.08.28 05:40:30;2026.08.28 05:43:38;BUY;0.12;4575.566;4571.482;4571.566;4583.566;-49.01;48.00;0.867;-1.021;SL;DH5|3|4212
104105;2026.08.28 06:02:33;2026.08.28 06:08:28;SELL;0.11;4574.029;4578.511;4578.372;4565.343;-49.30;47.77;0.871;-1.032;SL;DH5|1|4213
104107;2026.08.28 11:07:34;2026.08.28 11:36:07;BUY;0.12;4596.941;4596.939;4592.941;4604.941;-0.02;48.00;0.883;-0.000;SL;DH5|3|4216
104109;2026.08.28 11:39:30;2026.08.28 12:21:26;SELL;0.11;4594.163;4598.771;4598.650;4585.189;-50.69;49.36;0.908;-1.027;SL;DH5|2|4217
104111;2026.08.28 12:21:26;2026.08.28 12:30:31;BUY;0.1;4598.771;4598.732;4593.986;4608.341;-0.39;47.85;0.888;-0.008;SL;DH5|2|4219
104113;2026.08.28 12:37:56;2026.08.28 12:55:29;BUY;0.12;4591.505;4599.893;4587.505;4599.505;100.66;48.00;0.891;2.097;TP;DH5|3|4220
104115;2026.08.28 14:29:33;2026.08.28 14:43:43;BUY;0.02;4545.296;4558.520;4527.057;4581.774;26.45;36.48;0.665;0.725;SL;DH5|3|4222
104117;2026.08.28 16:24:28;2026.08.28 16:30:38;SELL;0.04;4472.716;4484.353;4484.301;4449.546;-46.55;46.34;0.841;-1.004;SL;DH5|1|4225
104119;2026.08.28 18:19:20;2026.08.28 18:45:39;SELL;0.07;4458.774;4453.007;4465.634;4445.054;40.37;48.02;0.878;0.841;SL;DH5|1|4228
104121;2026.08.28 18:46:35;2026.08.28 18:53:43;SELL;0.07;4449.551;4456.730;4456.659;4435.335;-50.25;49.76;0.904;-1.010;SL;DH5|1|4230
104123;2026.08.28 19:51:38;2026.08.28 19:57:08;SELL;0.06;4453.676;4461.585;4461.545;4437.938;-47.45;47.21;0.865;-1.005;SL;DH5|2|4231
104125;2026.08.31 02:09:29;2026.08.31 02:35:32;SELL;0.04;4429.433;4407.346;4440.220;4407.859;88.35;43.15;0.798;2.048;TP;DH5|1|4232
104127;2026.08.31 04:26:34;2026.08.31 04:37:26;SELL;0.12;4419.039;4419.491;4423.039;4411.039;-5.42;48.00;0.873;-0.113;SL;DH5|1|4234
104129;2026.08.31 07:25:43;2026.08.31 07:27:35;SELL;0.12;4443.707;4447.773;4447.707;4435.707;-48.79;48.00;0.874;-1.016;SL;DH5|3|4237
104131;2026.08.31 08:13:56;2026.08.31 09:46:37;SELL;0.07;4438.033;4445.087;4445.012;4424.075;-49.38;48.85;0.897;-1.011;SL;DH5|2|4239
104133;2026.08.31 10:09:27;2026.08.31 10:52:24;SELL;0.09;4448.921;4454.638;4454.596;4437.571;-51.45;51.07;0.947;-1.007;SL;DH5|3|4241
104135;2026.08.31 11:23:25;2026.08.31 11:26:36;SELL;0.12;4456.785;4460.852;4460.785;4448.785;-48.80;48.00;0.898;-1.017;SL;DH5|3|4244
104137;2026.08.31 11:37:31;2026.08.31 12:01:35;SELL;0.12;4458.273;4458.282;4462.273;4450.273;-0.11;48.00;0.907;-0.002;SL;DH5|3|4245
104139;2026.08.31 12:25:30;2026.08.31 12:48:38;SELL;0.07;4449.562;4435.987;4456.328;4436.030;95.02;47.36;0.895;2.006;TP;DH5|2|4246
104141;2026.08.31 12:52:30;2026.08.31 13:02:35;SELL;0.12;4439.496;4439.657;4443.658;4431.172;-1.93;49.94;0.927;-0.039;SL;DH5|1|4248
104143;2026.08.31 13:04:35;2026.08.31 13:06:33;SELL;0.12;4437.783;4441.999;4441.948;4429.453;-50.59;49.98;0.928;-1.012;SL;DH5|1|4249
104145;2026.08.31 13:44:10;2026.08.31 13:46:33;BUY;0.1;4434.349;4429.467;4429.537;4443.973;-48.82;48.12;0.902;-1.015;SL;DH5|3|4250
104147;2026.08.31 14:01:34;2026.08.31 14:05:32;SELL;0.07;4418.733;4425.442;4425.045;4406.109;-46.96;44.18;0.836;-1.063;SL;DH5|1|4251
104149;2026.08.31 15:33:24;2026.08.31 16:02:32;SELL;0.06;4431.826;4431.847;4439.261;4416.956;-0.13;44.61;0.851;-0.003;SL;DH5|1|4254
104151;2026.08.31 17:26:29;2026.08.31 17:29:13;SELL;0.1;4430.187;4435.180;4434.895;4420.771;-49.93;47.08;0.898;-1.061;SL;DH5|2|4255
104153;2026.08.31 19:25:51;2026.08.31 19:37:32;SELL;0.12;4440.092;4444.136;4444.092;4432.092;-48.53;48.00;0.925;-1.011;SL;DH5|3|4256
104155;2026.09.01 01:00:32;2026.09.01 01:01:40;SELL;0.07;4450.430;4457.137;4457.026;4437.238;-46.95;46.17;0.898;-1.017;SL;DH5|2|4258
104157;2026.09.01 02:30:48;2026.09.01 02:52:35;SELL;0.05;4436.750;4436.798;4444.995;4420.260;-0.24;41.22;0.809;-0.006;SL;DH5|2|4260
104159;2026.09.01 04:18:39;2026.09.01 05:04:27;SELL;0.11;4430.694;4430.793;4434.694;4422.694;-1.09;44.00;0.864;-0.025;SL;DH5|1|4263
104161;2026.09.01 05:30:13;2026.09.01 05:30:41;SELL;0.1;4424.705;4429.579;4429.415;4415.285;-48.74;47.10;0.925;-1.035;SL;DH5|2|4267
104163;2026.09.01 07:03:30;2026.09.01 07:22:05;SELL;0.11;4432.713;4432.717;4436.713;4424.713;-0.04;44.00;0.872;-0.001;SL;DH5|1|4269
104165;2026.09.01 07:44:31;2026.09.01 08:04:31;SELL;0.11;4419.469;4411.372;4423.472;4411.463;89.07;44.03;0.873;2.023;TP;DH5|1|4272
104167;2026.09.01 08:15:32;2026.09.01 08:23:40;SELL;0.07;4403.855;4389.646;4410.873;4389.819;99.46;49.13;0.957;2.025;TP;DH5|1|4273
104169;2026.09.01 08:42:26;2026.09.01 09:14:37;SELL;0.05;4376.296;4376.331;4384.892;4359.104;-0.17;42.98;0.821;-0.004;SL;DH5|1|4274
104171;2026.09.01 10:00:33;2026.09.01 10:11:29;BUY;0.1;4366.006;4375.660;4361.182;4375.654;96.54;48.24;0.922;2.001;TP;DH5|3|4277
104173;2026.09.01 11:11:30;2026.09.01 11:21:28;SELL;0.12;4380.609;4381.001;4384.713;4372.401;-4.70;49.25;0.924;-0.096;SL;DH5|1|4279
104175;2026.09.01 11:58:27;2026.09.01 12:26:31;SELL;0.06;4374.259;4374.457;4381.774;4359.229;-1.19;45.09;0.847;-0.026;SL;DH5|2|4280
104177;2026.09.01 12:27:31;2026.09.01 12:32:17;SELL;0.12;4373.939;4365.800;4378.005;4365.807;97.67;48.79;0.917;2.002;TP;DH5|1|4283
104179;2026.09.01 12:42:31;2026.09.01 12:44:25;SELL;0.1;4357.450;4362.421;4362.316;4347.718;-49.71;48.66;0.898;-1.022;SL;DH5|1|4284
104181;2026.09.01 13:02:38;2026.09.01 13:08:38;SELL;0.06;4342.526;4342.626;4349.956;4327.666;-0.60;44.58;0.830;-0.013;SL;DH5|1|4285
104183;2026.09.01 13:09:08;2026.09.01 13:13:26;SELL;0.08;4338.232;4332.651;4344.523;4325.650;44.65;50.33;0.937;0.887;SL;DH5|1|4286
104185;2026.09.01 13:14:38;2026.09.01 13:25:35;SELL;0.07;4332.124;4338.786;4338.758;4318.856;-46.63;46.44;0.857;-1.004;SL;DH5|1|4287
104187;2026.09.01 16:17:35;2026.09.01 16:39:46;SELL;0.06;4360.915;4355.835;4368.972;4344.801;30.48;48.34;0.900;0.631;SL;DH5|2|4289
104189;2026.09.01 16:46:31;2026.09.01 17:03:32;SELL;0.11;4356.188;4347.384;4360.539;4347.486;96.84;47.86;0.886;2.023;TP;DH5|1|4291
104191;2026.09.01 17:16:25;2026.09.01 17:30:35;SELL;0.11;4346.322;4350.709;4350.709;4337.548;-48.26;48.26;0.878;-1.000;SL;DH5|1|4292
104193;2026.09.01 18:04:34;2026.09.01 20:40:00;SELL;0.06;4338.343;4327.712;4347.118;4320.793;63.79;52.65;0.966;1.212;EA;DH5|2|4294
104195;2026.09.02 01:08:35;2026.09.02 01:11:06;SELL;0.07;4309.348;4316.773;4316.765;4294.514;-51.98;51.92;0.942;-1.001;SL;DH5|1|4300
104197;2026.09.02 01:56:28;2026.09.02 02:06:08;SELL;0.06;4297.083;4297.119;4304.583;4282.083;-0.22;45.00;0.824;-0.005;SL;DH5|1|4301
104199;2026.09.02 02:08:24;2026.09.02 02:16:26;SELL;0.06;4299.424;4299.491;4307.139;4283.994;-0.40;46.29;0.848;-0.009;SL;DH5|1|4302
104201;2026.09.02 03:27:37;2026.09.02 03:34:29;SELL;0.1;4297.220;4287.611;4301.938;4287.784;96.09;47.18;0.864;2.037;TP;DH5|1|4303
104203;2026.09.02 03:40:30;2026.09.02 03:47:42;SELL;0.1;4290.165;4295.381;4295.356;4279.783;-52.16;51.91;0.934;-1.005;SL;DH5|1|4304
104205;2026.09.02 04:49:31;2026.09.02 05:14:06;SELL;0.12;4305.653;4309.674;4309.653;4297.653;-48.25;48.00;0.872;-1.005;SL;DH5|1|4305
104207;2026.09.02 07:11:04;2026.09.02 08:02:05;SELL;0.1;4328.652;4326.150;4333.647;4318.662;25.02;49.95;0.916;0.501;SL;DH5|3|4312
104209;2026.09.02 08:06:39;2026.09.02 08:08:30;SELL;0.09;4322.878;4328.582;4328.539;4311.556;-51.34;50.95;0.930;-1.008;SL;DH5|1|4313
104211;2026.09.02 10:06:41;2026.09.02 10:17:40;SELL;0.07;4301.764;4308.841;4308.821;4287.650;-49.54;49.40;0.910;-1.003;SL;DH5|2|4316
104213;2026.09.02 14:01:40;2026.09.02 14:05:23;SELL;0.06;4378.973;4388.003;4387.371;4362.177;-54.18;50.39;0.937;-1.075;SL;DH5|3|4322
104215;2026.09.02 17:42:31;2026.09.02 17:47:40;BUY;0.11;4372.101;4375.872;4367.588;4381.127;41.48;49.64;0.932;0.836;SL;DH5|2|4324
104217;2026.09.02 19:12:39;2026.09.02 20:15:27;BUY;0.08;4380.328;4385.172;4374.392;4392.200;38.75;47.49;0.885;0.816;SL;DH5|2|4325
104219;2026.09.03 01:00:23;2026.09.03 01:07:32;SELL;0.08;4392.772;4399.081;4399.027;4380.262;-50.47;50.04;0.926;-1.009;SL;DH5|3|4327
104221;2026.09.03 02:11:29;2026.09.03 02:37:34;SELL;0.08;4411.922;4417.715;4417.691;4400.384;-46.34;46.15;0.862;-1.004;SL;DH5|3|4329
104223;2026.09.03 03:21:39;2026.09.03 03:42:33;BUY;0.12;4426.219;4428.212;4422.219;4434.219;23.92;48.00;0.904;0.498;SL;DH5|1|4332
104225;2026.09.03 03:48:31;2026.09.03 04:05:24;BUY;0.12;4426.715;4426.706;4422.715;4434.715;-0.11;48.00;0.900;-0.002;SL;DH5|1|4333
104227;2026.09.03 04:08:42;2026.09.03 05:06:29;BUY;0.1;4433.336;4433.316;4428.322;4443.364;-0.20;50.14;0.940;-0.004;SL;DH5|2|4334
104229;2026.09.03 05:07:31;2026.09.03 05:14:27;BUY;0.12;4433.382;4429.139;4429.382;4441.382;-50.92;48.00;0.900;-1.061;SL;DH5|1|4340
104231;2026.09.03 07:04:36;2026.09.03 07:10:38;BUY;0.07;4429.707;4423.330;4423.332;4442.457;-44.64;44.62;0.845;-1.000;SL;DH5|2|4341
104233;2026.09.03 08:03:24;2026.09.03 08:04:37;BUY;0.08;4432.080;4435.482;4426.159;4443.922;27.22;47.37;0.905;0.575;SL;DH5|2|4342
104235;2026.09.03 08:08:47;2026.09.03 08:17:36;SELL;0.09;4439.774;4436.475;4444.861;4429.600;29.69;45.78;0.870;0.649;SL;DH5|3|4343
104237;2026.09.03 12:02:29;2026.09.03 12:12:35;BUY;0.1;4445.017;4445.015;4440.318;4454.415;-0.02;46.99;0.888;-0.000;SL;DH5|1|4348
104239;2026.09.03 12:15:37;2026.09.03 12:20:13;BUY;0.11;4444.625;4440.302;4440.466;4452.943;-47.55;45.75;0.864;-1.039;SL;DH5|1|4350
104241;2026.09.03 12:36:27;2026.09.03 12:38:26;BUY;0.08;4464.576;4476.541;4458.603;4476.522;95.72;47.78;0.911;2.003;TP;DH5|1|4351
104243;2026.09.03 12:42:32;2026.09.03 12:50:33;BUY;0.08;4469.182;4481.809;4462.878;4481.790;101.02;50.43;0.944;2.003;TP;DH5|1|4352
104245;2026.09.03 13:07:32;2026.09.03 13:17:32;BUY;0.06;4489.675;4481.647;4481.650;4505.725;-48.17;48.15;0.885;-1.000;SL;DH5|1|4353
104247;2026.09.03 15:11:34;2026.09.03 15:32:24;BUY;0.06;4498.471;4503.001;4490.866;4513.681;27.18;45.63;0.846;0.596;SL;DH5|1|4354
104249;2026.09.03 17:29:34;2026.09.03 17:59:27;BUY;0.08;4493.143;4487.283;4487.306;4504.817;-46.88;46.70;0.861;-1.004;SL;DH5|2|4358
104251;2026.09.03 18:05:42;2026.09.03 19:45:41;SELL;0.07;4484.508;4479.743;4491.122;4471.280;33.35;46.30;0.861;0.720;SL;DH5|2|4359
104253;2026.09.04 01:00:35;2026.09.04 01:05:36;SELL;0.12;4484.358;4475.997;4488.447;4476.180;100.33;49.07;0.907;2.045;TP;DH5|3|4361
104255;2026.09.04 01:28:26;2026.09.04 01:45:34;BUY;0.11;4470.837;4470.832;4466.543;4479.425;-0.06;47.23;0.858;-0.001;SL;DH5|3|4362
104257;2026.09.04 04:01:24;2026.09.04 05:04:37;BUY;0.12;4467.580;4470.781;4463.580;4475.580;38.41;48.00;0.871;0.800;SL;DH5|3|4365
104259;2026.09.04 05:39:31;2026.09.04 05:44:24;BUY;0.09;4476.124;4470.686;4470.729;4486.914;-48.94;48.55;0.875;-1.008;SL;DH5|2|4366
104261;2026.09.04 06:34:54;2026.09.04 07:10:38;SELL;0.08;4464.424;4470.881;4470.745;4451.782;-51.66;50.57;0.920;-1.022;SL;DH5|2|4367
104263;2026.09.04 07:53:36;2026.09.04 08:10:34;BUY;0.12;4483.866;4479.607;4479.866;4491.866;-51.11;48.00;0.881;-1.065;SL;DH5|1|4371
104265;2026.09.04 12:27:32;2026.09.04 12:30:02;BUY;0.11;4471.489;4467.490;4467.012;4480.443;-43.99;49.25;0.913;-0.893;SL;DH5|2|4373
104267;2026.09.04 17:01:43;2026.09.04 17:18:43;SELL;0.07;4431.762;4438.936;4438.904;4417.478;-50.22;49.99;0.934;-1.004;SL;DH5|2|4376
104269;2026.09.04 17:29:47;2026.09.04 18:15:32;SELL;0.06;4427.752;4420.718;4435.645;4411.966;42.20;47.36;0.893;0.891;SL;DH5|2|4377
104271;2026.09.04 19:12:27;2026.09.04 19:33:35;BUY;0.1;4428.530;4437.760;4423.927;4437.736;92.30;46.03;0.862;2.005;TP;DH5|2|4378
104273;2026.09.07 02:37:36;2026.09.07 02:58:32;BUY;0.05;4418.278;4408.913;4409.287;4436.260;-46.82;44.95;0.827;-1.042;SL;DH5|2|4380
104275;2026.09.07 04:34:29;2026.09.07 05:06:31;SELL;0.08;4398.018;4403.966;4403.837;4386.380;-47.58;46.55;0.864;-1.022;SL;DH5|2|4382
104277;2026.09.07 05:56:57;2026.09.07 06:01:32;BUY;0.12;4395.160;4391.116;4391.160;4403.160;-48.53;48.00;0.899;-1.011;SL;DH5|3|4384
104279;2026.09.07 07:04:46;2026.09.07 07:33:34;BUY;0.07;4401.477;4394.287;4394.397;4415.637;-50.33;49.56;0.936;-1.016;SL;DH5|2|4387
104281;2026.09.07 08:04:31;2026.09.07 08:13:33;SELL;0.09;4412.735;4418.006;4417.849;4402.507;-47.44;46.03;0.878;-1.031;SL;DH5|3|4390
104283;2026.09.07 09:29:30;2026.09.07 10:33:44;SELL;0.08;4406.237;4394.160;4412.246;4394.219;96.62;48.07;0.925;2.010;TP;DH5|2|4391
104285;2026.09.07 10:59:30;2026.09.07 11:32:33;SELL;0.12;4391.553;4383.417;4395.553;4383.553;97.63;48.00;0.907;2.034;TP;DH5|1|4394
104287;2026.09.07 11:41:30;2026.09.07 11:54:30;BUY;0.12;4387.754;4387.614;4383.754;4395.754;-1.68;48.00;0.891;-0.035;SL;DH5|3|4399
104289;2026.09.07 12:10:48;2026.09.07 13:31:30;BUY;0.07;4392.742;4406.394;4385.960;4406.306;95.56;47.47;0.881;2.013;TP;DH5|2|4400
104291;2026.09.08 01:13:33;2026.09.08 01:23:44;SELL;0.09;4429.216;4434.955;4434.900;4417.848;-51.65;51.16;0.933;-1.010;SL;DH5|3|4407
104293;2026.09.08 04:00:28;2026.09.08 04:23:32;BUY;0.07;4440.736;4433.845;4433.882;4454.444;-48.24;47.98;0.883;-1.005;SL;DH5|2|4410
104295;2026.09.08 05:09:21;2026.09.08 05:30:06;SELL;0.09;4430.669;4419.606;4436.189;4419.629;99.57;49.68;0.923;2.004;TP;DH5|2|4412
104297;2026.09.08 05:30:16;2026.09.08 05:48:32;BUY;0.11;4421.895;4424.159;4417.407;4430.871;24.90;49.37;0.900;0.504;SL;DH5|3|4413
104299;2026.09.08 06:30:20;2026.09.08 06:53:27;BUY;0.11;4402.139;4404.485;4397.485;4411.447;25.81;51.19;0.930;0.504;SL;DH5|3|4414
104301;2026.09.08 07:34:37;2026.09.08 08:34:33;SELL;0.07;4398.216;4398.334;4405.439;4383.770;-0.83;50.56;0.914;-0.016;SL;DH5|2|4416
104303;2026.09.08 09:40:36;2026.09.08 10:02:33;BUY;0.09;4400.020;4399.999;4394.577;4410.906;-0.19;48.99;0.885;-0.004;SL;DH5|2|4423
104305;2026.09.08 11:12:43;2026.09.08 11:16:24;SELL;0.08;4391.256;4397.679;4397.628;4378.512;-51.38;50.98;0.921;-1.008;SL;DH5|2|4424
104307;2026.09.08 11:38:23;2026.09.08 11:52:05;SELL;0.12;4406.828;4398.606;4410.828;4398.828;98.66;48.00;0.876;2.056;TP;DH5|3|4425
104309;2026.09.08 12:12:03;2026.09.08 12:20:32;SELL;0.08;4396.960;4392.113;4403.501;4383.878;38.78;52.33;0.938;0.741;SL;DH5|2|4426
104311;2026.09.08 13:00:33;2026.09.08 13:42:39;SELL;0.07;4406.846;4391.460;4414.485;4391.568;107.70;53.47;0.952;2.014;TP;DH5|3|4428
104313;2026.09.08 19:58:42;2026.09.08 20:40:00;SELL;0.05;4358.514;4357.695;4368.146;4339.250;4.10;48.16;0.841;0.085;EA;DH5|2|4430
104315;2026.09.09 01:08:41;2026.09.09 01:15:14;SELL;0.11;4364.207;4369.326;4369.100;4354.421;-56.31;53.82;0.939;-1.046;SL;DH5|3|4431
104317;2026.09.09 01:16:40;2026.09.09 01:25:07;SELL;0.09;4364.879;4370.409;4370.356;4353.925;-49.77;49.29;0.869;-1.010;SL;DH5|3|4432
104319;2026.09.09 02:39:29;2026.09.09 02:44:33;SELL;0.13;4369.203;4373.489;4373.203;4361.203;-55.72;52.00;0.925;-1.072;SL;DH5|1|4435
104321;2026.09.09 02:46:44;2026.09.09 03:15:28;BUY;0.08;4377.968;4377.896;4371.676;4390.552;-0.58;50.34;0.904;-0.011;SL;DH5|2|4436
104323;2026.09.09 07:13:43;2026.09.09 08:28:28;BUY;0.08;4406.893;4400.220;4400.261;4420.157;-53.38;53.06;0.953;-1.006;SL;DH5|2|4439
104325;2026.09.09 11:49:29;2026.09.09 11:51:37;BUY;0.1;4409.854;4409.648;4404.760;4420.042;-2.06;50.94;0.924;-0.040;SL;DH5|2|4445
104327;2026.09.09 11:54:30;2026.09.09 12:39:43;SELL;0.06;4407.917;4391.205;4416.273;4391.205;100.27;50.14;0.910;2.000;TP;DH5|3|4446
104329;2026.09.09 13:00:43;2026.09.09 13:23:33;BUY;0.06;4404.924;4422.753;4396.034;4422.704;106.97;53.34;0.950;2.006;TP;DH5|2|4447
104331;2026.09.09 13:35:38;2026.09.09 13:42:21;SELL;0.11;4427.428;4417.910;4432.180;4417.924;104.70;52.27;0.914;2.003;TP;DH5|3|4449
104333;2026.09.09 15:07:37;2026.09.09 15:22:34;BUY;0.04;4391.613;4378.599;4378.766;4417.307;-52.06;51.39;0.882;-1.013;SL;DH5|3|4450
104335;2026.09.10 01:01:36;2026.09.10 01:02:35;SELL;0.13;4406.110;4410.504;4410.110;4398.110;-57.12;52.00;0.901;-1.099;SL;DH5|3|4452
104337;2026.09.10 02:39:30;2026.09.10 03:08:35;BUY;0.07;4419.906;4412.635;4412.877;4433.964;-50.90;49.20;0.861;-1.034;SL;DH5|2|4454
104339;2026.09.10 04:11:49;2026.09.10 04:36:09;BUY;0.09;4415.543;4410.054;4410.106;4426.417;-49.40;48.93;0.864;-1.010;SL;DH5|2|4456
104341;2026.09.10 05:30:32;2026.09.10 05:32:28;SELL;0.13;4420.459;4424.462;4424.459;4412.459;-52.04;52.00;0.926;-1.001;SL;DH5|3|4457
104343;2026.09.10 07:35:03;2026.09.10 07:51:35;BUY;0.12;4405.948;4413.950;4401.948;4413.948;96.02;48.00;0.863;2.000;TP;DH5|3|4461
104345;2026.09.10 09:43:27;2026.09.10 10:04:29;BUY;0.13;4390.284;4398.290;4386.284;4398.284;104.08;52.00;0.919;2.002;TP;DH5|3|4464
104347;2026.09.10 10:32:33;2026.09.10 10:56:25;SELL;0.07;4388.155;4383.835;4395.623;4373.219;30.24;52.28;0.907;0.578;SL;DH5|2|4466
104349;2026.09.10 11:56:42;2026.09.10 12:31:32;SELL;0.05;4373.979;4353.710;4383.845;4354.247;101.35;49.33;0.852;2.054;TP;DH5|2|4470
104351;2026.09.10 17:40:50;2026.09.10 18:15:16;SELL;0.06;4355.588;4339.095;4363.822;4339.120;98.96;49.40;0.838;2.003;TP;DH5|2|4479
104353;2026.09.10 18:17:29;2026.09.10 18:23:35;SELL;0.1;4340.820;4346.180;4346.143;4330.174;-53.60;53.23;0.888;-1.007;SL;DH5|1|4483
104355;2026.09.10 18:53:19;2026.09.10 19:01:37;SELL;0.1;4334.363;4323.414;4339.832;4323.425;109.49;54.69;0.921;2.002;TP;DH5|1|4484
104357;2026.09.10 19:07:33;2026.09.10 19:09:42;SELL;0.1;4318.315;4324.086;4324.040;4306.865;-57.71;57.25;0.946;-1.008;SL;DH5|1|4485
104359;2026.09.11 02:30:49;2026.09.11 03:22:32;SELL;0.07;4322.219;4306.382;4329.983;4306.691;110.86;54.35;0.907;2.040;TP;DH5|2|4487
104361;2026.09.11 03:28:41;2026.09.11 04:04:33;SELL;0.1;4308.767;4308.830;4314.177;4297.947;-0.63;54.10;0.887;-0.012;SL;DH5|1|4490
104363;2026.09.11 05:34:34;2026.09.11 06:02:35;BUY;0.07;4341.069;4355.904;4333.666;4355.875;103.85;51.82;0.849;2.004;TP;DH5|2|4492
104365;2026.09.11 08:17:35;2026.09.11 08:21:04;BUY;0.1;4350.388;4344.473;4344.500;4362.164;-59.15;58.88;0.949;-1.005;SL;DH5|2|4495
104367;2026.09.11 10:54:56;2026.09.11 10:59:09;BUY;0.14;4340.906;4336.883;4336.906;4348.906;-56.32;56.00;0.911;-1.006;SL;DH5|3|4496
104369;2026.09.11 12:16:41;2026.09.11 12:18:26;SELL;0.14;4329.636;4333.658;4333.636;4321.636;-56.31;56.00;0.920;-1.005;SL;DH5|1|4500
104371;2026.09.11 12:41:34;2026.09.11 12:46:29;SELL;0.06;4355.415;4364.754;4364.701;4336.843;-56.03;55.72;0.923;-1.006;SL;DH5|3|4501
104373;2026.09.11 12:47:38;2026.09.11 12:50:33;SELL;0.05;4358.580;4369.454;4369.026;4337.688;-54.37;52.23;0.874;-1.041;SL;DH5|3|4502
104375;2026.09.11 14:00:28;2026.09.11 14:08:37;SELL;0.05;4399.832;4392.307;4410.155;4379.186;37.63;51.61;0.871;0.729;SL;DH5|3|4504
104377;2026.09.11 19:46:58;2026.09.11 20:17:06;BUY;0.13;4344.455;4346.984;4340.455;4352.455;32.88;52.00;0.872;0.632;SL;DH5|3|4505
104379;2026.09.14 01:00:00;2026.09.14 01:01:35;SELL;0.09;4338.321;4344.699;4344.602;4325.759;-57.40;56.53;0.943;-1.015;SL;DH5|3|4506
104381;2026.09.14 01:20:34;2026.09.14 01:26:01;BUY;0.1;4329.013;4332.228;4323.718;4339.603;32.15;52.95;0.892;0.607;SL;DH5|3|4507
104383;2026.09.14 02:40:44;2026.09.14 02:57:23;SELL;0.09;4345.938;4333.909;4351.907;4334.000;108.26;53.72;0.900;2.015;TP;DH5|2|4510
104385;2026.09.14 04:38:27;2026.09.14 04:53:36;SELL;0.13;4326.860;4326.951;4330.931;4318.718;-1.18;52.92;0.871;-0.022;SL;DH5|2|4511
104387;2026.09.14 05:50:05;2026.09.14 05:53:27;SELL;0.07;4324.485;4332.242;4331.963;4309.529;-54.30;52.35;0.862;-1.037;SL;DH5|2|4514
104389;2026.09.14 06:50:58;2026.09.14 08:04:38;SELL;0.07;4322.726;4316.920;4330.813;4306.552;40.64;56.61;0.940;0.718;SL;DH5|2|4515
104391;2026.09.14 09:00:24;2026.09.14 09:03:13;BUY;0.14;4307.513;4307.497;4303.513;4315.513;-0.22;56.00;0.924;-0.004;SL;DH5|3|4522
104393;2026.09.14 09:30:26;2026.09.14 09:40:11;SELL;0.11;4286.041;4286.128;4290.921;4276.281;-0.96;53.68;0.886;-0.018;SL;DH5|1|4523
104395;2026.09.14 09:43:34;2026.09.14 09:53:11;SELL;0.1;4284.071;4284.096;4289.465;4273.283;-0.25;53.94;0.890;-0.005;SL;DH5|1|4524
104397;2026.09.14 09:56:02;2026.09.14 10:09:33;SELL;0.09;4286.314;4286.342;4292.234;4274.474;-0.25;53.28;0.879;-0.005;SL;DH5|1|4525
104399;2026.09.14 11:51:17;2026.09.14 12:00:33;SELL;0.14;4290.461;4288.239;4294.461;4282.461;31.11;56.00;0.924;0.555;SL;DH5|2|4527
104401;2026.09.14 12:02:28;2026.09.14 12:08:33;SELL;0.14;4288.993;4293.039;4292.993;4280.993;-56.64;56.00;0.919;-1.011;SL;DH5|1|4528
104403;2026.09.14 12:32:33;2026.09.14 12:36:27;SELL;0.14;4287.381;4279.142;4291.381;4279.381;115.35;56.00;0.928;2.060;TP;DH5|1|4530
104405;2026.09.14 12:40:07;2026.09.14 12:40:45;SELL;0.09;4276.769;4282.840;4282.790;4264.727;-54.64;54.19;0.881;-1.008;SL;DH5|1|4532
104407;2026.09.14 12:59:11;2026.09.14 13:08:32;SELL;0.09;4268.617;4256.520;4274.578;4256.695;108.87;53.65;0.880;2.029;TP;DH5|1|4533
104409;2026.09.14 13:12:30;2026.09.14 13:18:26;SELL;0.08;4263.193;4270.175;4270.117;4249.345;-55.86;55.39;0.893;-1.008;SL;DH5|1|4534
104411;2026.09.14 14:16:00;2026.09.14 14:23:36;SELL;0.08;4280.054;4265.990;4287.051;4266.060;112.51;55.98;0.910;2.010;TP;DH5|1|4535
104413;2026.09.14 16:45:12;2026.09.14 16:47:21;SELL;0.13;4304.914;4309.562;4309.400;4295.942;-60.42;58.32;0.931;-1.036;SL;DH5|3|4537
104415;2026.09.14 18:00:34;2026.09.14 18:04:24;BUY;0.13;4314.758;4310.512;4310.518;4323.238;-55.20;55.12;0.889;-1.001;SL;DH5|2|4539
104417;2026.09.15 05:15:37;2026.09.15 05:34:37;SELL;0.11;4299.741;4289.567;4304.825;4289.573;111.91;55.92;0.910;2.001;TP;DH5|2|4545
104419;2026.09.15 06:08:27;2026.09.15 07:03:10;BUY;0.13;4289.696;4289.687;4285.411;4298.266;-0.12;55.70;0.890;-0.002;SL;DH5|3|4546
104421;2026.09.15 07:43:37;2026.09.15 07:47:46;BUY;0.14;4283.536;4286.026;4279.536;4291.536;34.86;56.00;0.895;0.622;SL;DH5|3|4549
104423;2026.09.15 08:00:03;2026.09.15 08:02:34;SELL;0.14;4279.125;4271.034;4283.125;4271.125;113.27;56.00;0.890;2.023;TP;DH5|1|4550
104425;2026.09.15 08:17:45;2026.09.15 08:22:34;SELL;0.13;4270.280;4274.992;4274.905;4261.030;-61.26;60.13;0.939;-1.019;SL;DH5|1|4551
104427;2026.09.15 09:25:33;2026.09.15 09:28:06;SELL;0.11;4263.962;4269.164;4269.003;4253.880;-57.22;55.45;0.874;-1.032;SL;DH5|1|4553
104429;2026.09.15 11:52:26;2026.09.15 12:17:29;SELL;0.14;4283.922;4275.861;4287.922;4275.922;112.85;56.00;0.891;2.015;TP;DH5|1|4554
104431;2026.09.15 12:22:14;2026.09.15 12:26:43;SELL;0.14;4272.087;4276.166;4276.087;4264.087;-57.11;56.00;0.875;-1.020;SL;DH5|1|4557
104433;2026.09.15 12:49:22;2026.09.15 12:49:40;SELL;0.14;4286.576;4290.690;4290.576;4278.576;-57.60;56.00;0.883;-1.029;SL;DH5|3|4558
104435;2026.09.15 13:02:28;2026.09.15 13:24:22;SELL;0.12;4290.748;4290.907;4295.532;4281.180;-1.91;57.41;0.913;-0.033;SL;DH5|3|4559
104437;2026.09.15 13:52:51;2026.09.15 14:07:34;SELL;0.1;4294.806;4300.576;4300.542;4283.334;-57.70;57.36;0.913;-1.006;SL;DH5|3|4560
104439;2026.09.15 14:08:15;2026.09.15 14:22:34;SELL;0.1;4297.281;4286.321;4302.659;4286.525;109.60;53.78;0.864;2.038;TP;DH5|3|4561
104441;2026.09.15 14:47:28;2026.09.15 15:01:43;SELL;0.11;4281.211;4281.226;4286.341;4270.951;-0.16;56.43;0.891;-0.003;SL;DH5|1|4562
104443;2026.09.15 18:12:37;2026.09.15 19:06:21;BUY;0.08;4302.673;4302.653;4295.125;4317.769;-0.16;60.38;0.953;-0.003;SL;DH5|2|4565
104445;2026.09.15 19:55:51;2026.09.15 20:40:00;SELL;0.1;4295.005;4293.200;4300.660;4283.695;18.05;56.55;0.893;0.319;EA;DH5|2|4569
104447;2026.09.16 01:00:26;2026.09.16 01:27:31;BUY;0.1;4280.905;4292.885;4274.944;4292.827;119.80;59.61;0.938;2.010;TP;DH5|3|4570
104449;2026.09.16 02:28:28;2026.09.16 02:30:33;SELL;0.15;4298.700;4302.900;4302.701;4290.698;-63.00;60.02;0.927;-1.050;SL;DH5|3|4572
104451;2026.09.16 07:00:27;2026.09.16 08:00:26;BUY;0.1;4333.726;4327.737;4327.933;4345.312;-59.89;57.93;0.904;-1.034;SL;DH5|2|4574
104453;2026.09.16 09:32:43;2026.09.16 10:10:26;BUY;0.1;4334.866;4346.680;4328.976;4346.646;118.14;58.90;0.928;2.006;TP;DH5|2|4578
104455;2026.09.16 10:14:37;2026.09.16 10:54:29;BUY;0.15;4343.327;4345.279;4339.327;4351.327;29.28;60.00;0.928;0.488;SL;DH5|1|4582
104457;2026.09.16 10:59:39;2026.09.16 11:55:41;BUY;0.09;4351.345;4344.807;4344.819;4364.397;-58.84;58.73;0.904;-1.002;SL;DH5|2|4584
104459;2026.09.16 13:21:34;2026.09.16 13:36:33;BUY;0.13;4352.059;4347.565;4347.578;4361.021;-58.42;58.25;0.905;-1.003;SL;DH5|1|4586
104461;2026.09.16 15:24:23;2026.09.16 15:26:26;BUY;0.11;4352.123;4346.811;4346.831;4362.707;-58.43;58.21;0.912;-1.004;SL;DH5|1|4589
104463;2026.09.16 15:53:14;2026.09.16 17:56:38;SELL;0.07;4354.726;4350.505;4363.212;4337.754;29.55;59.40;0.940;0.497;SL;DH5|3|4590
104465;2026.09.16 17:56:40;2026.09.16 17:59:35;BUY;0.11;4351.002;4362.166;4345.573;4361.860;122.80;59.72;0.940;2.056;TP;DH5|2|4593
104467;2026.09.16 18:15:19;2026.09.16 18:23:12;BUY;0.07;4314.491;4314.097;4305.606;4332.261;-2.76;62.20;0.961;-0.044;SL;DH5|3|4594
104469;2026.09.16 19:21:39;2026.09.16 20:40:00;BUY;0.03;4251.426;4264.969;4233.309;4287.660;40.63;54.35;0.840;0.748;EA;DH5|3|4599
104471;2026.09.17 06:15:30;2026.09.17 06:29:35;SELL;0.13;4308.523;4313.275;4313.151;4299.267;-61.78;60.16;0.924;-1.027;SL;DH5|3|4601
104473;2026.09.17 11:11:24;2026.09.17 11:47:26;SELL;0.09;4334.728;4329.897;4340.884;4322.416;43.48;55.40;0.859;0.785;SL;DH5|3|4604
104475;2026.09.17 16:08:03;2026.09.17 16:25:25;BUY;0.14;4369.870;4365.681;4365.751;4378.108;-58.65;57.67;0.888;-1.017;SL;DH5|1|4607
104477;2026.09.17 18:37:38;2026.09.17 19:16:33;BUY;0.14;4351.397;4351.292;4347.397;4359.397;-1.47;56.00;0.870;-0.026;SL;DH5|3|4610
104479;2026.09.17 19:22:25;2026.09.17 19:28:02;BUY;0.14;4348.744;4344.679;4344.744;4356.744;-56.91;56.00;0.871;-1.016;SL;DH5|3|4611
104481;2026.09.18 01:00:31;2026.09.18 01:16:33;BUY;0.09;4361.154;4355.018;4355.073;4373.316;-55.22;54.73;0.858;-1.009;SL;DH5|2|4612
104483;2026.09.18 02:30:32;2026.09.18 02:55:11;BUY;0.09;4354.726;4348.232;4348.346;4367.486;-58.45;57.42;0.908;-1.018;SL;DH5|2|4615
104485;2026.09.18 02:55:35;2026.09.18 03:26:10;SELL;0.09;4346.579;4334.429;4352.542;4334.653;109.35;53.67;0.857;2.038;TP;DH5|2|4616
104487;2026.09.18 04:43:33;2026.09.18 05:30:26;BUY;0.1;4363.227;4363.215;4357.159;4375.363;-0.12;60.68;0.952;-0.002;SL;DH5|2|4619
104489;2026.09.18 05:30:39;2026.09.18 05:33:31;SELL;0.1;4360.346;4365.993;4365.906;4349.226;-56.47;55.60;0.873;-1.016;SL;DH5|2|4624
104491;2026.09.18 05:51:27;2026.09.18 05:58:34;SELL;0.13;4372.784;4377.216;4377.139;4364.074;-57.62;56.62;0.896;-1.018;SL;DH5|3|4626
104493;2026.09.18 06:18:36;2026.09.18 06:35:13;BUY;0.12;4384.196;4394.046;4379.347;4393.894;118.20;58.19;0.930;2.031;TP;DH5|1|4628
104495;2026.09.18 06:56:28;2026.09.18 07:32:03;BUY;0.13;4391.940;4391.938;4387.604;4400.612;-0.03;56.37;0.884;-0.000;SL;DH5|1|4629
104497;2026.09.18 07:51:46;2026.09.18 07:57:29;BUY;0.08;4399.841;4392.731;4392.776;4413.971;-56.88;56.52;0.886;-1.006;SL;DH5|2|4630
104499;2026.09.18 10:49:31;2026.09.18 11:05:30;BUY;0.14;4378.830;4382.465;4374.830;4386.830;50.89;56.00;0.886;0.909;SL;DH5|1|4633
104501;2026.09.18 12:07:06;2026.09.18 12:20:32;BUY;0.13;4373.611;4369.050;4369.154;4382.525;-59.29;57.94;0.910;-1.023;SL;DH5|3|4635
104503;2026.09.18 13:56:22;2026.09.18 13:57:44;BUY;0.12;4352.634;4347.738;4347.746;4362.410;-58.75;58.66;0.929;-1.002;SL;DH5|3|4639
104505;2026.09.18 14:22:24;2026.09.18 14:58:35;BUY;0.08;4349.643;4354.263;4342.304;4364.321;36.96;58.71;0.939;0.630;SL;DH5|3|4640
104507;2026.09.18 17:34:27;2026.09.18 18:42:22;BUY;0.08;4390.827;4383.576;4383.596;4405.289;-58.01;57.85;0.920;-1.003;SL;DH5|2|4644
104509;2026.09.21 01:16:27;2026.09.21 01:34:31;SELL;0.11;4382.066;4378.854;4386.970;4372.258;35.33;53.94;0.866;0.655;SL;DH5|3|4647
104511;2026.09.21 03:54:42;2026.09.21 04:19:33;SELL;0.1;4358.506;4364.368;4364.353;4346.812;-58.62;58.47;0.933;-1.003;SL;DH5|2|4648
104513;2026.09.21 04:59:34;2026.09.21 05:30:04;BUY;0.14;4356.460;4356.369;4352.460;4364.460;-1.27;56.00;0.902;-0.023;SL;DH5|3|4650
104515;2026.09.21 05:35:37;2026.09.21 05:40:19;SELL;0.1;4352.038;4357.887;4357.869;4340.376;-58.49;58.31;0.940;-1.003;SL;DH5|2|4652
104517;2026.09.21 05:46:42;2026.09.21 05:51:35;BUY;0.14;4353.662;4349.535;4349.633;4361.720;-57.78;56.41;0.918;-1.024;SL;DH5|3|4653
104519;2026.09.21 06:04:38;2026.09.21 06:19:30;BUY;0.14;4352.356;4348.349;4348.356;4360.356;-56.10;56.00;0.920;-1.002;SL;DH5|3|4655
104521;2026.09.21 06:20:12;2026.09.21 07:00:32;BUY;0.13;4349.563;4349.502;4345.532;4357.625;-0.79;52.40;0.868;-0.015;SL;DH5|3|4656
104523;2026.09.21 07:43:50;2026.09.21 08:06:33;SELL;0.06;4342.418;4351.665;4351.629;4323.996;-55.48;55.27;0.916;-1.004;SL;DH5|2|4659
104525;2026.09.21 09:04:33;2026.09.21 09:15:28;SELL;0.1;4349.182;4354.417;4354.383;4338.780;-52.35;52.01;0.870;-1.007;SL;DH5|2|4662
104527;2026.09.21 09:33:01;2026.09.21 09:49:22;BUY;0.13;4342.498;4344.542;4338.498;4350.498;26.57;52.00;0.878;0.511;SL;DH5|3|4663
104529;2026.09.21 11:35:06;2026.09.21 11:39:30;SELL;0.13;4357.335;4361.385;4361.335;4349.335;-52.65;52.00;0.874;-1.013;SL;DH5|3|4664
104531;2026.09.21 11:56:44;2026.09.21 12:05:30;SELL;0.11;4367.102;4372.114;4372.096;4357.114;-55.13;54.93;0.931;-1.004;SL;DH5|3|4665
104533;2026.09.21 17:31:32;2026.09.21 17:52:31;SELL;0.13;4340.866;4345.011;4344.866;4332.866;-53.89;52.00;0.890;-1.036;SL;DH5|2|4668
104535;2026.09.22 01:03:29;2026.09.22 01:11:40;BUY;0.06;4363.304;4354.698;4354.789;4380.334;-51.64;51.09;0.882;-1.011;SL;DH5|2|4669
104537;2026.09.22 02:32:34;2026.09.22 02:45:30;BUY;0.06;4354.040;4345.807;4345.835;4370.450;-49.40;49.23;0.858;-1.003;SL;DH5|2|4672
104539;2026.09.22 03:39:35;2026.09.22 03:43:30;BUY;0.09;4348.869;4342.984;4343.123;4360.361;-52.96;51.71;0.909;-1.024;SL;DH5|2|4673
104541;2026.09.22 05:07:31;2026.09.22 05:19:29;BUY;0.1;4344.805;4339.823;4339.843;4354.729;-49.82;49.62;0.880;-1.004;SL;DH5|2|4674
104543;2026.09.22 07:30:21;2026.09.22 07:51:43;SELL;0.09;4314.519;4302.668;4320.378;4302.801;106.66;52.73;0.944;2.023;TP;DH5|2|4679
104545;2026.09.22 08:03:32;2026.09.22 08:05:40;SELL;0.12;4302.838;4307.076;4307.022;4294.470;-50.86;50.21;0.882;-1.013;SL;DH5|1|4681
104547;2026.09.22 09:52:55;2026.09.22 11:06:15;BUY;0.04;4328.543;4317.492;4317.526;4350.577;-44.20;44.07;0.781;-1.003;SL;DH5|2|4683
104549;2026.09.22 12:25:42;2026.09.22 12:31:32;SELL;0.08;4337.447;4343.593;4343.593;4325.155;-49.17;49.17;0.878;-1.000;SL;DH5|3|4687
104551;2026.09.22 17:52:08;2026.09.22 17:54:38;BUY;0.12;4341.861;4350.927;4337.547;4350.489;108.79;51.77;0.933;2.102;TP;DH5|2|4689
104553;2026.09.22 19:26:01;2026.09.22 19:31:30;SELL;0.13;4359.919;4363.935;4363.919;4351.919;-52.21;52.00;0.919;-1.004;SL;DH5|3|4690
104555;2026.09.23 01:01:27;2026.09.23 01:54:29;SELL;0.08;4354.550;4341.412;4361.040;4341.570;105.10;51.92;0.926;2.024;TP;DH5|2|4691
104557;2026.09.23 01:54:46;2026.09.23 03:40:32;SELL;0.08;4340.827;4341.055;4347.276;4327.929;-1.82;51.59;0.903;-0.035;SL;DH5|2|4694
104559;2026.09.23 07:13:33;2026.09.23 07:27:15;BUY;0.13;4326.393;4322.367;4322.393;4334.393;-52.34;52.00;0.911;-1.006;SL;DH5|3|4699
104561;2026.09.23 08:01:23;2026.09.23 09:56:18;SELL;0.08;4318.213;4314.424;4324.236;4306.167;30.31;48.18;0.852;0.629;SL;DH5|2|4704
104563;2026.09.23 11:26:06;2026.09.23 11:39:04;SELL;0.12;4305.509;4297.264;4309.598;4297.331;98.94;49.07;0.863;2.016;TP;DH5|1|4711
104565;2026.09.23 11:40:43;2026.09.23 11:42:31;SELL;0.13;4298.138;4302.223;4302.197;4290.020;-53.11;52.77;0.912;-1.006;SL;DH5|1|4713
104567;2026.09.23 12:37:59;2026.09.23 13:30:14;SELL;0.05;4304.436;4313.877;4313.763;4285.782;-47.21;46.64;0.814;-1.012;SL;DH5|2|4714
104569;2026.09.23 14:43:06;2026.09.23 14:53:03;SELL;0.06;4285.564;4293.811;4293.795;4269.102;-49.48;49.39;0.869;-1.002;SL;DH5|1|4718
104571;2026.09.23 16:52:35;2026.09.23 16:58:32;SELL;0.09;4280.161;4285.952;4285.791;4268.901;-52.12;50.67;0.899;-1.029;SL;DH5|2|4720
104573;2026.09.23 17:07:31;2026.09.23 17:40:05;BUY;0.08;4281.314;4274.877;4274.940;4294.062;-51.50;50.99;0.913;-1.010;SL;DH5|3|4721
104575;2026.09.23 17:45:31;2026.09.23 20:40:00;BUY;0.03;4288.888;4284.573;4273.671;4319.322;-12.94;45.65;0.825;-0.284;EA;DH5|3|4722
104577;2026.09.24 01:02:34;2026.09.24 01:12:31;SELL;0.09;4294.684;4300.293;4300.205;4283.642;-50.48;49.69;0.900;-1.016;SL;DH5|3|4724
104579;2026.09.24 01:50:20;2026.09.24 01:57:33;BUY;0.11;4284.459;4279.794;4279.938;4293.501;-51.31;49.73;0.909;-1.032;SL;DH5|3|4727
104581;2026.09.24 06:02:38;2026.09.24 06:07:40;SELL;0.12;4281.582;4285.741;4285.582;4273.582;-49.91;48.00;0.886;-1.040;SL;DH5|1|4730
104583;2026.09.24 06:37:31;2026.09.24 07:07:45;BUY;0.12;4277.955;4280.557;4273.955;4285.955;31.22;48.00;0.894;0.650;SL;DH5|3|4731
104585;2026.09.24 08:17:23;2026.09.24 08:18:31;BUY;0.09;4274.221;4268.592;4268.684;4285.295;-50.66;49.83;0.923;-1.017;SL;DH5|3|4733
104587;2026.09.24 08:21:00;2026.09.24 08:30:32;SELL;0.1;4270.006;4267.558;4274.797;4260.424;24.48;47.91;0.896;0.511;SL;DH5|1|4734
104589;2026.09.24 08:33:28;2026.09.24 08:55:37;SELL;0.1;4271.397;4261.459;4276.328;4261.535;99.38;49.31;0.918;2.015;TP;DH5|1|4735
104591;2026.09.24 09:02:29;2026.09.24 09:32:36;SELL;0.1;4263.269;4259.925;4268.352;4253.103;33.44;50.83;0.929;0.658;SL;DH5|1|4736
104593;2026.09.24 09:33:27;2026.09.24 09:50:37;SELL;0.11;4258.526;4256.202;4263.218;4249.142;25.56;51.61;0.938;0.495;SL;DH5|1|4738
104595;2026.09.24 10:11:41;2026.09.24 10:25:34;SELL;0.12;4255.322;4246.619;4259.473;4247.020;104.44;49.81;0.901;2.097;TP;DH5|1|4741
104597;2026.09.24 10:25:34;2026.09.24 10:33:35;SELL;0.07;4246.379;4254.020;4253.967;4231.203;-53.49;53.12;0.943;-1.007;SL;DH5|2|4743
104599;2026.09.24 11:20:38;2026.09.24 12:56:27;BUY;0.06;4265.444;4281.338;4257.498;4281.336;95.36;47.68;0.854;2.000;TP;DH5|2|4745
104601;2026.09.24 13:35:30;2026.09.24 14:39:10;SELL;0.07;4271.619;4256.181;4279.303;4256.251;108.07;53.79;0.947;2.009;TP;DH5|2|4751
104603;2026.09.24 14:54:32;2026.09.24 15:02:34;SELL;0.11;4260.146;4250.351;4264.945;4250.548;107.75;52.79;0.912;2.041;TP;DH5|1|4756
104605;2026.09.24 15:18:11;2026.09.24 15:22:33;SELL;0.11;4249.841;4254.623;4254.503;4240.517;-52.60;51.28;0.870;-1.026;SL;DH5|1|4757
104607;2026.09.24 16:21:49;2026.09.24 18:29:25;SELL;0.03;4275.145;4275.272;4289.934;4245.567;-0.38;44.37;0.760;-0.009;SL;DH5|3|4758
104609;2026.09.25 01:30:37;2026.09.25 01:38:40;SELL;0.13;4291.702;4295.736;4295.702;4283.702;-52.44;52.00;0.890;-1.008;SL;DH5|3|4763
104611;2026.09.25 03:30:51;2026.09.25 04:56:33;SELL;0.09;4276.799;4265.142;4282.579;4265.239;104.91;52.02;0.899;2.017;TP;DH5|2|4765
104613;2026.09.25 05:15:42;2026.09.25 05:31:29;BUY;0.13;4259.217;4267.289;4255.217;4267.217;104.94;52.00;0.882;2.018;TP;DH5|3|4766
104615;2026.09.25 08:17:33;2026.09.25 08:31:23;SELL;0.13;4281.418;4285.495;4285.418;4273.418;-53.00;52.00;0.867;-1.019;SL;DH5|3|4767
104617;2026.09.25 10:07:25;2026.09.25 10:08:40;SELL;0.13;4297.833;4301.944;4301.833;4289.833;-53.44;52.00;0.875;-1.028;SL;DH5|3|4769
104619;2026.09.25 11:00:35;2026.09.25 11:28:29;BUY;0.09;4312.523;4306.320;4306.570;4324.429;-55.83;53.58;0.909;-1.042;SL;DH5|2|4773
104621;2026.09.25 12:22:35;2026.09.25 12:32:19;BUY;0.1;4306.276;4301.012;4301.058;4316.712;-52.64;52.18;0.894;-1.009;SL;DH5|2|4776
104623;2026.09.25 18:32:44;2026.09.25 19:21:34;BUY;0.1;4291.291;4291.260;4285.834;4302.205;-0.31;54.57;0.944;-0.006;SL;DH5|2|4780
