pp,cau_hinh_id,khung,huong,phien,lenh,thang,thua,wr,wr_lb,pf,net,avg_r,dd_tien,thua_lien_tiep,lenh_a,wr_a,net_a,lenh_b,wr_b,net_b,tp2,be_trail,sl_goc,hang_xom,hang_xom_lai_pct,hang_xom_net_tv,so_bo_trung_ket_qua,cau_hinh_ngan
EMA,EMA0074,M1,BUY_SELL,TAT_CA,31,21,10,67.742,50.141,2.408,141.596,0.457,30.21,3,19,68.421,92.155,12,66.667,49.441,14,7,10,8,100.0,40.457,2,InpTimeframe=M1 | InpFastEMA=12 | InpSlowEMA=34 | InpEMAKhungLoc=M15 | InpEMAKhoangDiXaToiThieuATR=0.35 | InpMinDirectionEfficiency=0.22 | InpEMAMucRetest=0
EMA,EMA0072,M1,BUY_SELL,TAT_CA,40,26,14,65.0,49.506,1.994,139.9,0.35,32.769,2,24,70.833,113.166,16,56.25,26.734,14,12,14,8,87.5,59.051,2,InpTimeframe=M1 | InpFastEMA=12 | InpSlowEMA=34 | InpEMAKhungLoc=M15 | InpEMAKhoangDiXaToiThieuATR=0.35 | InpMinDirectionEfficiency=0.1 | InpEMAMucRetest=0
EMA,EMA0072,M1,BUY,TAT_CA,28,19,9,67.857,49.339,2.346,122.165,0.436,32.769,2,17,76.471,99.699,11,54.545,22.466,11,8,9,8,75.0,36.738,2,InpTimeframe=M1 | InpFastEMA=12 | InpSlowEMA=34 | InpEMAKhungLoc=M15 | InpEMAKhoangDiXaToiThieuATR=0.35 | InpMinDirectionEfficiency=0.1 | InpEMAMucRetest=0
EMA,EMA0074,M1,BUY,TAT_CA,23,16,7,69.565,49.134,2.662,117.254,0.51,30.21,3,15,73.333,82.085,8,62.5,35.169,11,5,7,8,62.5,16.488,2,InpTimeframe=M1 | InpFastEMA=12 | InpSlowEMA=34 | InpEMAKhungLoc=M15 | InpEMAKhoangDiXaToiThieuATR=0.35 | InpMinDirectionEfficiency=0.22 | InpEMAMucRetest=0
EMA,EMA0200,M3,BUY_SELL,TAT_CA,10,8,2,80.0,49.016,4.766,83.872,0.735,12.254,1,3,66.667,17.833,7,85.714,66.039,5,3,2,8,87.5,35.557,1,InpTimeframe=M3 | InpFastEMA=7 | InpSlowEMA=21 | InpEMAKhungLoc=M15 | InpEMAKhoangDiXaToiThieuATR=0.35 | InpMinDirectionEfficiency=0.1 | InpEMAMucRetest=0
EMA,EMA0124,M2,BUY_SELL,TAT_CA,15,11,4,73.333,48.049,2.8,76.394,0.478,34.76,3,6,100.0,72.62,9,55.556,3.774,5,5,4,9,88.889,47.207,1,InpTimeframe=M2 | InpFastEMA=7 | InpSlowEMA=34 | InpEMAKhungLoc=M15 | InpEMAKhoangDiXaToiThieuATR=1 | InpMinDirectionEfficiency=0.1 | InpEMAMucRetest=0
EMA,EMA0066,M1,BUY_SELL,TAT_CA,31,20,11,64.516,46.948,2.042,115.228,0.372,30.21,3,19,63.158,65.787,12,66.667,49.441,13,7,11,8,87.5,32.904,2,InpTimeframe=M1 | InpFastEMA=12 | InpSlowEMA=34 | InpEMAKhungLoc=M5 | InpEMAKhoangDiXaToiThieuATR=0.35 | InpMinDirectionEfficiency=0.22 | InpEMAMucRetest=0
EMA,EMA0028,M1,BUY_SELL,A,12,9,3,75.0,46.769,2.991,70.456,0.631,15.326,1,5,100.0,55.756,7,57.143,14.7,8,1,3,8,87.5,45.4,1,InpTimeframe=M1 | InpFastEMA=7 | InpSlowEMA=34 | InpEMAKhungLoc=M15 | InpEMAKhoangDiXaToiThieuATR=1 | InpMinDirectionEfficiency=0.1 | InpEMAMucRetest=0
EMA,EMA0064,M1,BUY,TAT_CA,26,17,9,65.385,46.22,2.086,98.576,0.379,32.769,2,15,73.333,76.11,11,54.545,22.466,10,7,9,8,62.5,40.369,2,InpTimeframe=M1 | InpFastEMA=12 | InpSlowEMA=34 | InpEMAKhungLoc=M5 | InpEMAKhoangDiXaToiThieuATR=0.35 | InpMinDirectionEfficiency=0.1 | InpEMAMucRetest=0
EMA,EMA0064,M1,BUY_SELL,TAT_CA,39,24,15,61.538,45.899,1.741,111.836,0.287,32.769,2,24,62.5,75.098,15,60.0,36.738,14,10,15,8,87.5,44.243,2,InpTimeframe=M1 | InpFastEMA=12 | InpSlowEMA=34 | InpEMAKhungLoc=M5 | InpEMAKhoangDiXaToiThieuATR=0.35 | InpMinDirectionEfficiency=0.1 | InpEMAMucRetest=0
EMA,EMA0066,M1,BUY,TAT_CA,21,14,7,66.667,45.373,2.253,88.416,0.421,30.21,3,13,69.231,53.247,8,62.5,35.169,9,5,7,8,75.0,21.925,2,InpTimeframe=M1 | InpFastEMA=12 | InpSlowEMA=34 | InpEMAKhungLoc=M5 | InpEMAKhoangDiXaToiThieuATR=0.35 | InpMinDirectionEfficiency=0.22 | InpEMAMucRetest=0
EMA,EMA0040,M1,BUY_SELL,TAT_CA,36,22,14,61.111,44.864,1.765,110.482,0.307,27.517,2,19,57.895,46.847,17,64.706,63.635,15,7,14,7,100.0,69.275,1,InpTimeframe=M1 | InpFastEMA=7 | InpSlowEMA=50 | InpEMAKhungLoc=M15 | InpEMAKhoangDiXaToiThieuATR=0.35 | InpMinDirectionEfficiency=0.1 | InpEMAMucRetest=0
EMA,EMA0014,M1,BUY,TAT_CA,25,16,9,64.0,44.518,1.843,76.369,0.305,27.439,2,17,58.824,36.65,8,75.0,39.719,7,9,9,7,71.429,7.751,1,InpTimeframe=M1 | InpFastEMA=7 | InpSlowEMA=21 | InpEMAKhungLoc=M15 | InpEMAKhoangDiXaToiThieuATR=1 | InpMinDirectionEfficiency=0.22 | InpEMAMucRetest=0
EMA,EMA0120,M2,BUY_SELL,TAT_CA,16,11,5,68.75,44.404,2.232,66.843,0.4,34.76,3,7,85.714,60.8,9,55.556,6.043,5,5,5,9,88.889,37.089,1,InpTimeframe=M2 | InpFastEMA=7 | InpSlowEMA=34 | InpEMAKhungLoc=M15 | InpEMAKhoangDiXaToiThieuATR=0.35 | InpMinDirectionEfficiency=0.1 | InpEMAMucRetest=0
EMA,EMA0044,M1,BUY_SELL,TAT_CA,33,20,13,60.606,43.683,1.633,85.162,0.258,35.511,3,17,52.941,11.475,16,68.75,73.687,12,8,13,7,100.0,58.199,1,InpTimeframe=M1 | InpFastEMA=7 | InpSlowEMA=50 | InpEMAKhungLoc=M15 | InpEMAKhoangDiXaToiThieuATR=1 | InpMinDirectionEfficiency=0.1 | InpEMAMucRetest=0
EMA,EMA0040,M1,BUY_SELL,A,11,8,3,72.727,43.435,3.11,63.838,0.58,20.08,2,5,80.0,33.582,6,66.667,30.256,7,1,3,7,100.0,45.244,1,InpTimeframe=M1 | InpFastEMA=7 | InpSlowEMA=50 | InpEMAKhungLoc=M15 | InpEMAKhoangDiXaToiThieuATR=0.35 | InpMinDirectionEfficiency=0.1 | InpEMAMucRetest=0
EMA,EMA0122,M2,BUY_SELL,TAT_CA,11,8,3,72.727,43.435,3.092,63.338,0.522,22.578,2,5,100.0,57.603,6,50.0,5.735,4,3,3,9,100.0,11.38,1,InpTimeframe=M2 | InpFastEMA=7 | InpSlowEMA=34 | InpEMAKhungLoc=M15 | InpEMAKhoangDiXaToiThieuATR=0.35 | InpMinDirectionEfficiency=0.22 | InpEMAMucRetest=0
EMA,EMA0126,M2,BUY_SELL,TAT_CA,11,8,3,72.727,43.435,3.017,61.069,0.501,22.578,2,5,100.0,57.603,6,50.0,3.466,4,3,3,9,100.0,15.513,1,InpTimeframe=M2 | InpFastEMA=7 | InpSlowEMA=34 | InpEMAKhungLoc=M15 | InpEMAKhoangDiXaToiThieuATR=1 | InpMinDirectionEfficiency=0.22 | InpEMAMucRetest=0
EMA,EMA0009,M1,BUY,TAT_CA,11,8,3,72.727,43.435,2.87,56.472,0.513,17.299,1,6,66.667,18.459,5,80.0,38.013,4,4,3,7,71.429,20.041,1,InpTimeframe=M1 | InpFastEMA=7 | InpSlowEMA=21 | InpEMAKhungLoc=M15 | InpEMAKhoangDiXaToiThieuATR=0.35 | InpMinDirectionEfficiency=0.1 | InpEMAMucRetest=1
EMA,EMA0006,M1,BUY,TAT_CA,22,14,8,63.636,42.951,1.809,65.224,0.296,23.56,2,14,57.143,25.505,8,75.0,39.719,6,8,8,7,42.857,-5.046,1,InpTimeframe=M1 | InpFastEMA=7 | InpSlowEMA=21 | InpEMAKhungLoc=M5 | InpEMAKhoangDiXaToiThieuATR=1 | InpMinDirectionEfficiency=0.22 | InpEMAMucRetest=0
EMA,EMA0014,M1,BUY_SELL,TAT_CA,30,18,12,60.0,42.32,1.434,54.719,0.2,39.015,3,21,57.143,30.326,9,66.667,24.393,7,11,12,7,85.714,24.792,1,InpTimeframe=M1 | InpFastEMA=7 | InpSlowEMA=21 | InpEMAKhungLoc=M15 | InpEMAKhoangDiXaToiThieuATR=1 | InpMinDirectionEfficiency=0.22 | InpEMAMucRetest=0
EMA,EMA0032,M1,BUY_SELL,TAT_CA,32,19,13,59.375,42.26,1.696,90.859,0.284,27.517,2,16,56.25,39.741,16,62.5,51.118,13,6,13,7,85.714,36.804,1,InpTimeframe=M1 | InpFastEMA=7 | InpSlowEMA=50 | InpEMAKhungLoc=M5 | InpEMAKhoangDiXaToiThieuATR=0.35 | InpMinDirectionEfficiency=0.1 | InpEMAMucRetest=0
EMA,EMA0024,M1,BUY_SELL,TAT_CA,34,20,14,58.824,42.221,1.475,69.275,0.219,40.112,4,17,58.824,44.749,17,58.824,24.526,12,8,14,8,100.0,50.919,1,InpTimeframe=M1 | InpFastEMA=7 | InpSlowEMA=34 | InpEMAKhungLoc=M15 | InpEMAKhoangDiXaToiThieuATR=0.35 | InpMinDirectionEfficiency=0.1 | InpEMAMucRetest=0
EMA,EMA0009,M1,BUY_SELL,TAT_CA,15,10,5,66.667,41.713,2.186,59.605,0.397,24.333,2,8,62.5,23.43,7,71.429,36.175,5,5,5,7,85.714,18.901,1,InpTimeframe=M1 | InpFastEMA=7 | InpSlowEMA=21 | InpEMAKhungLoc=M15 | InpEMAKhoangDiXaToiThieuATR=0.35 | InpMinDirectionEfficiency=0.1 | InpEMAMucRetest=1
EMA,EMA0040,M1,BUY_SELL,AU,15,10,5,66.667,41.713,2.01,50.579,0.337,20.028,2,7,71.429,37.231,8,62.5,13.348,4,6,5,7,71.429,20.49,1,InpTimeframe=M1 | InpFastEMA=7 | InpSlowEMA=50 | InpEMAKhungLoc=M15 | InpEMAKhoangDiXaToiThieuATR=0.35 | InpMinDirectionEfficiency=0.1 | InpEMAMucRetest=0
EMA,EMA0012,M1,BUY_SELL,TAT_CA,35,20,15,57.143,40.857,1.304,47.487,0.151,41.289,2,22,59.091,45.396,13,53.846,2.091,8,12,15,7,85.714,43.639,1,InpTimeframe=M1 | InpFastEMA=7 | InpSlowEMA=21 | InpEMAKhungLoc=M15 | InpEMAKhoangDiXaToiThieuATR=1 | InpMinDirectionEfficiency=0.1 | InpEMAMucRetest=0
EMA,EMA0044,M1,BUY,TAT_CA,23,14,9,60.87,40.785,1.69,62.375,0.271,30.042,3,13,61.538,30.482,10,60.0,31.893,8,6,9,7,85.714,25.026,1,InpTimeframe=M1 | InpFastEMA=7 | InpSlowEMA=50 | InpEMAKhungLoc=M15 | InpEMAKhoangDiXaToiThieuATR=1 | InpMinDirectionEfficiency=0.1 | InpEMAMucRetest=0
EMA,EMA0042,M1,BUY_SELL,TAT_CA,31,18,13,58.065,40.766,1.516,69.408,0.224,30.084,3,17,52.941,16.768,14,64.286,52.64,12,6,13,7,100.0,41.502,1,InpTimeframe=M1 | InpFastEMA=7 | InpSlowEMA=50 | InpEMAKhungLoc=M15 | InpEMAKhoangDiXaToiThieuATR=0.35 | InpMinDirectionEfficiency=0.22 | InpEMAMucRetest=0
EMA,EMA0040,M1,BUY,TAT_CA,25,15,10,60.0,40.739,1.723,72.578,0.29,27.517,2,14,64.286,50.737,11,54.545,21.841,10,5,10,7,85.714,28.4,1,InpTimeframe=M1 | InpFastEMA=7 | InpSlowEMA=50 | InpEMAKhungLoc=M15 | InpEMAKhoangDiXaToiThieuATR=0.35 | InpMinDirectionEfficiency=0.1 | InpEMAMucRetest=0
EMA,EMA0002,M1,BUY,TAT_CA,25,15,10,60.0,40.739,1.561,56.487,0.224,23.56,2,16,50.0,1.749,9,77.778,54.738,7,8,10,7,71.429,2.729,1,InpTimeframe=M1 | InpFastEMA=7 | InpSlowEMA=21 | InpEMAKhungLoc=M5 | InpEMAKhoangDiXaToiThieuATR=0.35 | InpMinDirectionEfficiency=0.22 | InpEMAMucRetest=0
EMA,EMA0036,M1,BUY_SELL,TAT_CA,29,17,12,58.621,40.738,1.544,65.539,0.226,47.012,3,14,50.0,4.369,15,66.667,61.17,10,7,12,7,85.714,27.382,1,InpTimeframe=M1 | InpFastEMA=7 | InpSlowEMA=50 | InpEMAKhungLoc=M5 | InpEMAKhoangDiXaToiThieuATR=1 | InpMinDirectionEfficiency=0.1 | InpEMAMucRetest=0
EMA,EMA0028,M1,BUY_SELL,TAT_CA,29,17,12,58.621,40.738,1.463,58.199,0.219,40.112,4,12,58.333,26.332,17,58.824,31.867,11,6,12,8,100.0,58.381,1,InpTimeframe=M1 | InpFastEMA=7 | InpSlowEMA=34 | InpEMAKhungLoc=M15 | InpEMAKhoangDiXaToiThieuATR=1 | InpMinDirectionEfficiency=0.1 | InpEMAMucRetest=0
EMA,EMA0006,M1,BUY_SELL,TAT_CA,29,17,12,58.621,40.738,1.404,50.994,0.194,38.79,3,20,55.0,26.601,9,66.667,24.393,8,9,12,7,57.143,9.253,1,InpTimeframe=M1 | InpFastEMA=7 | InpSlowEMA=21 | InpEMAKhungLoc=M5 | InpEMAKhoangDiXaToiThieuATR=1 | InpMinDirectionEfficiency=0.22 | InpEMAMucRetest=0
EMA,EMA0092,M1,BUY_SELL,TAT_CA,29,17,12,58.621,40.738,1.383,46.211,0.159,40.272,4,16,62.5,41.468,13,53.846,4.743,8,9,12,7,85.714,41.644,1,InpTimeframe=M1 | InpFastEMA=12 | InpSlowEMA=50 | InpEMAKhungLoc=M15 | InpEMAKhoangDiXaToiThieuATR=1 | InpMinDirectionEfficiency=0.1 | InpEMAMucRetest=0
EMA,EMA0064,M1,BUY,MY,10,7,3,70.0,39.677,2.759,53.216,0.532,20.152,2,5,80.0,35.576,5,60.0,17.64,4,3,3,8,50.0,1.695,2,InpTimeframe=M1 | InpFastEMA=12 | InpSlowEMA=34 | InpEMAKhungLoc=M5 | InpEMAKhoangDiXaToiThieuATR=0.35 | InpMinDirectionEfficiency=0.1 | InpEMAMucRetest=0
EMA,EMA0030,M1,BUY_SELL,A,10,7,3,70.0,39.677,2.48,52.367,0.576,15.326,1,3,100.0,37.667,7,57.143,14.7,7,0,3,8,87.5,32.397,1,InpTimeframe=M1 | InpFastEMA=7 | InpSlowEMA=34 | InpEMAKhungLoc=M15 | InpEMAKhoangDiXaToiThieuATR=1 | InpMinDirectionEfficiency=0.22 | InpEMAMucRetest=0
EMA,EMA0042,M1,BUY_SELL,A,10,7,3,70.0,39.677,2.694,51.247,0.512,20.08,2,5,80.0,33.582,5,60.0,17.665,6,1,3,7,100.0,41.82,1,InpTimeframe=M1 | InpFastEMA=7 | InpSlowEMA=50 | InpEMAKhungLoc=M15 | InpEMAKhoangDiXaToiThieuATR=0.35 | InpMinDirectionEfficiency=0.22 | InpEMAMucRetest=0
EMA,EMA0122,M2,BUY,TAT_CA,10,7,3,70.0,39.677,2.541,46.66,0.423,22.578,2,4,100.0,40.925,6,50.0,5.735,3,3,3,9,77.778,17.753,1,InpTimeframe=M2 | InpFastEMA=7 | InpSlowEMA=34 | InpEMAKhungLoc=M15 | InpEMAKhoangDiXaToiThieuATR=0.35 | InpMinDirectionEfficiency=0.22 | InpEMAMucRetest=0
EMA,EMA0126,M2,BUY,TAT_CA,10,7,3,70.0,39.677,2.467,44.391,0.401,22.578,2,4,100.0,40.925,6,50.0,3.466,3,3,3,9,88.889,8.824,1,InpTimeframe=M2 | InpFastEMA=7 | InpSlowEMA=34 | InpEMAKhungLoc=M15 | InpEMAKhoangDiXaToiThieuATR=1 | InpMinDirectionEfficiency=0.22 | InpEMAMucRetest=0
EMA,EMA0001,M1,BUY,TAT_CA,10,7,3,70.0,39.677,2.376,41.475,0.415,17.245,1,5,60.0,3.462,5,80.0,38.013,3,4,3,7,57.143,2.729,1,InpTimeframe=M1 | InpFastEMA=7 | InpSlowEMA=21 | InpEMAKhungLoc=M5 | InpEMAKhoangDiXaToiThieuATR=0.35 | InpMinDirectionEfficiency=0.1 | InpEMAMucRetest=1
EMA,EMA0008,M1,BUY,TAT_CA,32,18,14,56.25,39.325,1.345,48.579,0.15,37.519,2,19,52.632,17.334,13,61.538,31.245,8,10,14,7,85.714,46.261,1,InpTimeframe=M1 | InpFastEMA=7 | InpSlowEMA=21 | InpEMAKhungLoc=M15 | InpEMAKhoangDiXaToiThieuATR=0.35 | InpMinDirectionEfficiency=0.1 | InpEMAMucRetest=0
EMA,EMA0000,M1,BUY,TAT_CA,30,17,13,56.667,39.197,1.401,52.458,0.173,33.64,2,17,52.941,21.213,13,61.538,31.245,8,9,13,7,71.429,35.116,1,InpTimeframe=M1 | InpFastEMA=7 | InpSlowEMA=21 | InpEMAKhungLoc=M5 | InpEMAKhoangDiXaToiThieuATR=0.35 | InpMinDirectionEfficiency=0.1 | InpEMAMucRetest=0
EMA,EMA0056,M1,BUY_SELL,TAT_CA,30,17,13,56.667,39.197,1.374,48.827,0.163,23.324,2,20,60.0,45.525,10,50.0,3.302,9,8,13,7,100.0,23.751,1,InpTimeframe=M1 | InpFastEMA=12 | InpSlowEMA=21 | InpEMAKhungLoc=M15 | InpEMAKhoangDiXaToiThieuATR=0.35 | InpMinDirectionEfficiency=0.1 | InpEMAMucRetest=0
EMA,EMA0034,M1,BUY_SELL,TAT_CA,28,16,12,57.143,39.07,1.538,64.85,0.231,30.084,3,15,53.333,24.727,13,61.538,40.123,11,5,12,7,85.714,40.662,1,InpTimeframe=M1 | InpFastEMA=7 | InpSlowEMA=50 | InpEMAKhungLoc=M5 | InpEMAKhoangDiXaToiThieuATR=0.35 | InpMinDirectionEfficiency=0.22 | InpEMAMucRetest=0
EMA,EMA0012,M1,BUY,TAT_CA,28,16,12,57.143,39.07,1.383,46.261,0.165,37.519,2,17,58.824,36.65,11,54.545,9.611,7,9,12,7,85.714,25.026,1,InpTimeframe=M1 | InpFastEMA=7 | InpSlowEMA=21 | InpEMAKhungLoc=M15 | InpEMAKhoangDiXaToiThieuATR=1 | InpMinDirectionEfficiency=0.1 | InpEMAMucRetest=0
EMA,EMA0164,M2,BUY,TAT_CA,12,8,4,66.667,39.062,2.617,65.235,0.544,10.102,1,7,71.429,53.714,5,60.0,11.521,7,1,4,9,88.889,34.402,1,InpTimeframe=M2 | InpFastEMA=12 | InpSlowEMA=34 | InpEMAKhungLoc=M5 | InpEMAKhoangDiXaToiThieuATR=1 | InpMinDirectionEfficiency=0.1 | InpEMAMucRetest=0
EMA,EMA0042,M1,BUY_SELL,AU,12,8,4,66.667,39.062,1.926,37.11,0.308,20.032,2,6,66.667,22.166,6,66.667,14.944,3,5,4,7,85.714,21.984,1,InpTimeframe=M1 | InpFastEMA=7 | InpSlowEMA=50 | InpEMAKhungLoc=M15 | InpEMAKhoangDiXaToiThieuATR=0.35 | InpMinDirectionEfficiency=0.22 | InpEMAMucRetest=0
EMA,EMA0038,M1,BUY_SELL,TAT_CA,26,15,11,57.692,38.948,1.494,54.544,0.209,47.012,3,14,50.0,4.369,12,66.667,50.175,9,6,11,7,85.714,19.746,1,InpTimeframe=M1 | InpFastEMA=7 | InpSlowEMA=50 | InpEMAKhungLoc=M5 | InpEMAKhoangDiXaToiThieuATR=1 | InpMinDirectionEfficiency=0.22 | InpEMAMucRetest=0
EMA,EMA0164,M2,BUY_SELL,TAT_CA,14,9,5,64.286,38.764,2.227,61.799,0.441,13.538,1,8,62.5,43.676,6,66.667,18.123,7,2,5,9,88.889,30.105,1,InpTimeframe=M2 | InpFastEMA=12 | InpSlowEMA=34 | InpEMAKhungLoc=M5 | InpEMAKhoangDiXaToiThieuATR=1 | InpMinDirectionEfficiency=0.1 | InpEMAMucRetest=0
EMA,EMA0024,M1,BUY_SELL,AU,14,9,5,64.286,38.764,1.891,44.644,0.319,20.06,2,8,62.5,29.147,6,66.667,15.497,4,5,5,8,100.0,23.587,1,InpTimeframe=M1 | InpFastEMA=7 | InpSlowEMA=34 | InpEMAKhungLoc=M15 | InpEMAKhoangDiXaToiThieuATR=0.35 | InpMinDirectionEfficiency=0.1 | InpEMAMucRetest=0
EMA,EMA0044,M1,BUY_SELL,AU,14,9,5,64.286,38.764,1.708,35.453,0.253,20.07,2,6,66.667,22.105,8,62.5,13.348,3,6,5,7,57.143,5.364,1,InpTimeframe=M1 | InpFastEMA=7 | InpSlowEMA=50 | InpEMAKhungLoc=M15 | InpEMAKhoangDiXaToiThieuATR=1 | InpMinDirectionEfficiency=0.1 | InpEMAMucRetest=0
EMA,EMA0094,M1,BUY_SELL,TAT_CA,22,13,9,59.091,38.734,1.46,41.644,0.189,40.272,4,12,58.333,25.511,10,60.0,16.133,7,6,9,7,100.0,41.502,1,InpTimeframe=M1 | InpFastEMA=12 | InpSlowEMA=50 | InpEMAKhungLoc=M15 | InpEMAKhoangDiXaToiThieuATR=1 | InpMinDirectionEfficiency=0.22 | InpEMAMucRetest=0
EMA,EMA0026,M1,BUY_SELL,TAT_CA,27,15,12,55.556,37.313,1.314,39.411,0.165,47.637,4,13,46.154,3.209,14,64.286,36.202,10,5,12,8,100.0,50.03,1,InpTimeframe=M1 | InpFastEMA=7 | InpSlowEMA=34 | InpEMAKhungLoc=M15 | InpEMAKhoangDiXaToiThieuATR=0.35 | InpMinDirectionEfficiency=0.22 | InpEMAMucRetest=0
EMA,EMA0004,M1,BUY,TAT_CA,25,14,11,56.0,37.067,1.317,35.116,0.14,33.64,2,14,57.143,25.505,11,54.545,9.611,6,8,11,7,71.429,24.226,1,InpTimeframe=M1 | InpFastEMA=7 | InpSlowEMA=21 | InpEMAKhungLoc=M5 | InpEMAKhoangDiXaToiThieuATR=1 | InpMinDirectionEfficiency=0.1 | InpEMAMucRetest=0
EMA,EMA0032,M1,BUY,TAT_CA,23,13,10,56.522,36.811,1.513,51.516,0.224,27.517,2,12,58.333,29.675,11,54.545,21.841,9,4,10,7,57.143,15.417,1,InpTimeframe=M1 | InpFastEMA=7 | InpSlowEMA=50 | InpEMAKhungLoc=M5 | InpEMAKhoangDiXaToiThieuATR=0.35 | InpMinDirectionEfficiency=0.1 | InpEMAMucRetest=0
EMA,EMA0090,M1,BUY_SELL,TAT_CA,23,13,10,56.522,36.811,1.412,41.502,0.18,50.316,5,14,57.143,30.503,9,55.556,10.999,8,5,10,7,100.0,42.985,1,InpTimeframe=M1 | InpFastEMA=12 | InpSlowEMA=50 | InpEMAKhungLoc=M15 | InpEMAKhoangDiXaToiThieuATR=0.35 | InpMinDirectionEfficiency=0.22 | InpEMAMucRetest=0
EMA,EMA0042,M1,BUY,TAT_CA,21,12,9,57.143,36.546,1.515,46.518,0.221,30.084,3,13,61.538,35.672,8,50.0,10.846,8,4,9,7,71.429,33.019,1,InpTimeframe=M1 | InpFastEMA=7 | InpSlowEMA=50 | InpEMAKhungLoc=M15 | InpEMAKhoangDiXaToiThieuATR=0.35 | InpMinDirectionEfficiency=0.22 | InpEMAMucRetest=0
EMA,EMA0036,M1,BUY,TAT_CA,21,12,9,57.143,36.546,1.457,41.313,0.197,32.665,3,11,54.545,9.42,10,60.0,31.893,7,5,9,7,57.143,7.538,1,InpTimeframe=M1 | InpFastEMA=7 | InpSlowEMA=50 | InpEMAKhungLoc=M5 | InpEMAKhoangDiXaToiThieuATR=1 | InpMinDirectionEfficiency=0.1 | InpEMAMucRetest=0
EMA,EMA0046,M1,BUY,TAT_CA,19,11,8,57.895,36.276,1.452,36.315,0.191,32.665,3,12,58.333,15.417,7,57.143,20.898,6,5,8,7,85.714,15.092,1,InpTimeframe=M1 | InpFastEMA=7 | InpSlowEMA=50 | InpEMAKhungLoc=M15 | InpEMAKhoangDiXaToiThieuATR=1 | InpMinDirectionEfficiency=0.22 | InpEMAMucRetest=0
EMA,EMA0172,M2,BUY_SELL,TAT_CA,17,10,7,58.824,36.005,1.653,47.207,0.278,31.912,3,10,50.0,21.802,7,71.429,25.405,7,3,7,9,88.889,33.499,1,InpTimeframe=M2 | InpFastEMA=12 | InpSlowEMA=34 | InpEMAKhungLoc=M15 | InpEMAKhoangDiXaToiThieuATR=1 | InpMinDirectionEfficiency=0.1 | InpEMAMucRetest=0
EMA,EMA0001,M1,BUY_SELL,TAT_CA,17,10,7,58.824,36.005,1.529,37.129,0.218,31.758,3,10,50.0,0.954,7,71.429,36.175,5,5,7,7,71.429,29.9,1,InpTimeframe=M1 | InpFastEMA=7 | InpSlowEMA=21 | InpEMAKhungLoc=M5 | InpEMAKhoangDiXaToiThieuATR=0.35 | InpMinDirectionEfficiency=0.1 | InpEMAMucRetest=1
EMA,EMA0008,M1,BUY_SELL,MY,15,9,6,60.0,35.746,1.975,58.928,0.393,20.124,2,9,55.556,32.104,6,66.667,26.824,6,3,6,7,71.429,27.859,1,InpTimeframe=M1 | InpFastEMA=7 | InpSlowEMA=21 | InpEMAKhungLoc=M15 | InpEMAKhoangDiXaToiThieuATR=0.35 | InpMinDirectionEfficiency=0.1 | InpEMAMucRetest=0
EMA,EMA0160,M2,BUY_SELL,TAT_CA,15,9,6,60.0,35.746,1.854,51.681,0.345,20.192,2,9,55.556,33.558,6,66.667,18.123,7,2,6,9,88.889,28.215,1,InpTimeframe=M2 | InpFastEMA=12 | InpSlowEMA=34 | InpEMAKhungLoc=M5 | InpEMAKhoangDiXaToiThieuATR=0.35 | InpMinDirectionEfficiency=0.1 | InpEMAMucRetest=0
EMA,EMA0172,M2,BUY,TAT_CA,13,8,5,61.538,35.522,2.096,55.193,0.425,20.144,2,8,62.5,43.672,5,60.0,11.521,7,1,5,9,88.889,39.737,1,InpTimeframe=M2 | InpFastEMA=12 | InpSlowEMA=34 | InpEMAKhungLoc=M15 | InpEMAKhoangDiXaToiThieuATR=1 | InpMinDirectionEfficiency=0.1 | InpEMAMucRetest=0
EMA,EMA0160,M2,BUY,TAT_CA,13,8,5,61.538,35.522,2.092,55.117,0.424,20.192,2,8,62.5,43.596,5,60.0,11.521,7,1,5,9,88.889,30.025,1,InpTimeframe=M2 | InpFastEMA=12 | InpSlowEMA=34 | InpEMAKhungLoc=M5 | InpEMAKhoangDiXaToiThieuATR=0.35 | InpMinDirectionEfficiency=0.1 | InpEMAMucRetest=0
EMA,EMA0064,M1,BUY_SELL,MY,13,8,5,61.538,35.522,1.959,48.241,0.371,30.126,3,8,62.5,30.601,5,60.0,17.64,5,3,5,8,50.0,1.695,2,InpTimeframe=M1 | InpFastEMA=12 | InpSlowEMA=34 | InpEMAKhungLoc=M5 | InpEMAKhoangDiXaToiThieuATR=0.35 | InpMinDirectionEfficiency=0.1 | InpEMAMucRetest=0
EMA,EMA0016,M1,BUY_SELL,AU,13,8,5,61.538,35.522,1.59,29.579,0.228,20.06,2,7,57.143,14.082,6,66.667,15.497,3,5,5,8,87.5,20.248,1,InpTimeframe=M1 | InpFastEMA=7 | InpSlowEMA=34 | InpEMAKhungLoc=M5 | InpEMAKhoangDiXaToiThieuATR=0.35 | InpMinDirectionEfficiency=0.1 | InpEMAMucRetest=0
EMA,EMA0032,M1,BUY_SELL,AU,13,8,5,61.538,35.522,1.409,20.49,0.157,20.032,2,5,60.0,7.142,8,62.5,13.348,2,6,5,7,71.429,5.364,1,InpTimeframe=M1 | InpFastEMA=7 | InpSlowEMA=50 | InpEMAKhungLoc=M5 | InpEMAKhoangDiXaToiThieuATR=0.35 | InpMinDirectionEfficiency=0.1 | InpEMAMucRetest=0
EMA,EMA0066,M1,BUY_SELL,MY,11,7,4,63.636,35.38,2.072,43.183,0.393,20.152,2,6,66.667,25.543,5,60.0,17.64,4,3,4,8,62.5,4.74,2,InpTimeframe=M1 | InpFastEMA=12 | InpSlowEMA=34 | InpEMAKhungLoc=M5 | InpEMAKhoangDiXaToiThieuATR=0.35 | InpMinDirectionEfficiency=0.22 | InpEMAMucRetest=0
EMA,EMA0026,M1,BUY_SELL,A,11,7,4,63.636,35.38,1.771,35.016,0.366,20.194,1,4,75.0,27.657,7,57.143,7.359,6,1,4,8,87.5,35.869,1,InpTimeframe=M1 | InpFastEMA=7 | InpSlowEMA=34 | InpEMAKhungLoc=M15 | InpEMAKhoangDiXaToiThieuATR=0.35 | InpMinDirectionEfficiency=0.22 | InpEMAMucRetest=0
EMA,EMA0034,M1,BUY_SELL,AU,11,7,4,63.636,35.38,1.551,22.086,0.2,20.032,2,5,60.0,7.142,6,66.667,14.944,2,5,4,7,71.429,6.96,1,InpTimeframe=M1 | InpFastEMA=7 | InpSlowEMA=50 | InpEMAKhungLoc=M5 | InpEMAKhoangDiXaToiThieuATR=0.35 | InpMinDirectionEfficiency=0.22 | InpEMAMucRetest=0
EMA,EMA0046,M1,BUY_SELL,AU,11,7,4,63.636,35.38,1.549,21.984,0.199,30.07,3,5,60.0,7.04,6,66.667,14.944,2,5,4,7,57.143,2.748,1,InpTimeframe=M1 | InpFastEMA=7 | InpSlowEMA=50 | InpEMAKhungLoc=M15 | InpEMAKhoangDiXaToiThieuATR=1 | InpMinDirectionEfficiency=0.22 | InpEMAMucRetest=0
EMA,EMA0012,M1,BUY_SELL,AU,11,7,4,63.636,35.38,1.458,18.389,0.167,12.23,1,6,66.667,14.718,5,60.0,3.671,1,6,4,7,71.429,3.46,1,InpTimeframe=M1 | InpFastEMA=7 | InpSlowEMA=21 | InpEMAKhungLoc=M15 | InpEMAKhoangDiXaToiThieuATR=1 | InpMinDirectionEfficiency=0.1 | InpEMAMucRetest=0
EMA,EMA0034,M1,BUY,TAT_CA,20,11,9,55.0,34.208,1.448,40.521,0.203,30.084,3,12,58.333,29.675,8,50.0,10.846,8,3,9,7,57.143,30.318,1,InpTimeframe=M1 | InpFastEMA=7 | InpSlowEMA=50 | InpEMAKhungLoc=M5 | InpEMAKhoangDiXaToiThieuATR=0.35 | InpMinDirectionEfficiency=0.22 | InpEMAMucRetest=0
EMA,EMA0168,M2,BUY_SELL,TAT_CA,18,10,8,55.556,33.716,1.45,37.089,0.206,31.912,3,11,45.455,11.684,7,71.429,25.405,7,3,8,9,88.889,33.499,1,InpTimeframe=M2 | InpFastEMA=12 | InpSlowEMA=34 | InpEMAKhungLoc=M15 | InpEMAKhoangDiXaToiThieuATR=0.35 | InpMinDirectionEfficiency=0.1 | InpEMAMucRetest=0
EMA,EMA0038,M1,BUY,TAT_CA,18,10,8,55.556,33.716,1.377,30.318,0.168,32.665,3,11,54.545,9.42,7,57.143,20.898,6,4,8,7,57.143,15.092,1,InpTimeframe=M1 | InpFastEMA=7 | InpSlowEMA=50 | InpEMAKhungLoc=M5 | InpEMAKhoangDiXaToiThieuATR=1 | InpMinDirectionEfficiency=0.22 | InpEMAMucRetest=0
EMA,EMA0168,M2,BUY,TAT_CA,14,8,6,57.143,32.59,1.745,45.075,0.322,20.192,2,9,55.556,33.554,5,60.0,11.521,7,1,6,9,88.889,37.675,1,InpTimeframe=M2 | InpFastEMA=12 | InpSlowEMA=34 | InpEMAKhungLoc=M15 | InpEMAKhoangDiXaToiThieuATR=0.35 | InpMinDirectionEfficiency=0.1 | InpEMAMucRetest=0
EMA,EMA0072,M1,BUY_SELL,MY,14,8,6,57.143,32.59,1.567,34.188,0.244,30.126,3,8,62.5,26.552,6,50.0,7.636,4,4,6,8,50.0,7.794,2,InpTimeframe=M1 | InpFastEMA=12 | InpSlowEMA=34 | InpEMAKhungLoc=M15 | InpEMAKhoangDiXaToiThieuATR=0.35 | InpMinDirectionEfficiency=0.1 | InpEMAMucRetest=0
EMA,EMA0008,M1,BUY,MY,12,7,5,58.333,31.951,1.92,46.316,0.386,16.913,1,6,50.0,19.492,6,66.667,26.824,5,2,5,7,57.143,25.225,1,InpTimeframe=M1 | InpFastEMA=7 | InpSlowEMA=21 | InpEMAKhungLoc=M15 | InpEMAKhoangDiXaToiThieuATR=0.35 | InpMinDirectionEfficiency=0.1 | InpEMAMucRetest=0
EMA,EMA0012,M1,BUY_SELL,MY,12,7,5,58.333,31.951,1.751,37.837,0.315,20.138,2,8,62.5,32.647,4,50.0,5.19,4,3,5,7,85.714,19.934,1,InpTimeframe=M1 | InpFastEMA=7 | InpSlowEMA=21 | InpEMAKhungLoc=M15 | InpEMAKhoangDiXaToiThieuATR=1 | InpMinDirectionEfficiency=0.1 | InpEMAMucRetest=0
EMA,EMA0184,M2,BUY_SELL,TAT_CA,12,7,5,58.333,31.951,1.666,33.499,0.279,26.346,2,6,50.0,12.045,6,66.667,21.454,4,3,5,8,87.5,19.214,2,InpTimeframe=M2 | InpFastEMA=12 | InpSlowEMA=50 | InpEMAKhungLoc=M15 | InpEMAKhoangDiXaToiThieuATR=0.35 | InpMinDirectionEfficiency=0.1 | InpEMAMucRetest=0
EMA,EMA0005,M1,BUY_SELL,TAT_CA,12,7,5,58.333,31.951,1.596,29.9,0.249,21.926,2,7,57.143,15.831,5,60.0,14.069,4,3,5,7,57.143,22.152,1,InpTimeframe=M1 | InpFastEMA=7 | InpSlowEMA=21 | InpEMAKhungLoc=M5 | InpEMAKhoangDiXaToiThieuATR=1 | InpMinDirectionEfficiency=0.1 | InpEMAMucRetest=1
EMA,EMA0072,M1,SELL,TAT_CA,12,7,5,58.333,31.951,1.354,17.735,0.148,30.026,3,7,57.143,13.467,5,60.0,4.268,3,4,5,8,75.0,21.039,2,InpTimeframe=M1 | InpFastEMA=12 | InpSlowEMA=34 | InpEMAKhungLoc=M15 | InpEMAKhoangDiXaToiThieuATR=0.35 | InpMinDirectionEfficiency=0.1 | InpEMAMucRetest=0
EMA,EMA0074,M1,BUY_SELL,MY,10,6,4,60.0,31.267,1.93,37.45,0.374,20.152,2,5,60.0,19.81,5,60.0,17.64,4,2,4,8,37.5,-3.055,2,InpTimeframe=M1 | InpFastEMA=12 | InpSlowEMA=34 | InpEMAKhungLoc=M15 | InpEMAKhoangDiXaToiThieuATR=0.35 | InpMinDirectionEfficiency=0.22 | InpEMAMucRetest=0
EMA,EMA0014,M1,BUY_SELL,MY,10,6,4,60.0,31.267,1.815,32.847,0.328,10.128,1,7,57.143,17.577,3,66.667,15.27,3,3,4,7,57.143,9.216,1,InpTimeframe=M1 | InpFastEMA=7 | InpSlowEMA=21 | InpEMAKhungLoc=M15 | InpEMAKhoangDiXaToiThieuATR=1 | InpMinDirectionEfficiency=0.22 | InpEMAMucRetest=0
EMA,EMA0013,M1,BUY_SELL,TAT_CA,10,6,4,60.0,31.267,1.679,27.305,0.273,21.98,2,5,60.0,13.236,5,60.0,14.069,3,3,4,7,71.429,10.005,1,InpTimeframe=M1 | InpFastEMA=7 | InpSlowEMA=21 | InpEMAKhungLoc=M15 | InpEMAKhoangDiXaToiThieuATR=1 | InpMinDirectionEfficiency=0.1 | InpEMAMucRetest=1
EMA,EMA0066,M1,SELL,TAT_CA,10,6,4,60.0,31.267,1.669,26.812,0.268,20.066,2,6,50.0,12.54,4,75.0,14.272,4,2,4,8,75.0,25.577,2,InpTimeframe=M1 | InpFastEMA=12 | InpSlowEMA=34 | InpEMAKhungLoc=M5 | InpEMAKhoangDiXaToiThieuATR=0.35 | InpMinDirectionEfficiency=0.22 | InpEMAMucRetest=0
EMA,EMA0074,M1,BUY_SELL,AU,10,6,4,60.0,31.267,1.569,22.818,0.228,10.058,1,5,60.0,16.171,5,60.0,6.647,3,3,4,8,75.0,4.608,2,InpTimeframe=M1 | InpFastEMA=12 | InpSlowEMA=34 | InpEMAKhungLoc=M15 | InpEMAKhoangDiXaToiThieuATR=0.35 | InpMinDirectionEfficiency=0.22 | InpEMAMucRetest=0
EMA,EMA0018,M1,BUY_SELL,AU,10,6,4,60.0,31.267,1.568,22.789,0.228,24.373,2,6,50.0,5.696,4,75.0,17.093,3,3,4,8,100.0,21.046,2,InpTimeframe=M1 | InpFastEMA=7 | InpSlowEMA=34 | InpEMAKhungLoc=M5 | InpEMAKhoangDiXaToiThieuATR=0.35 | InpMinDirectionEfficiency=0.22 | InpEMAMucRetest=0
EMA,EMA0028,M1,BUY_SELL,AU,10,6,4,60.0,31.267,1.404,16.217,0.162,20.028,2,4,50.0,0.72,6,66.667,15.497,2,4,4,8,87.5,21.387,1,InpTimeframe=M1 | InpFastEMA=7 | InpSlowEMA=34 | InpEMAKhungLoc=M15 | InpEMAKhoangDiXaToiThieuATR=1 | InpMinDirectionEfficiency=0.1 | InpEMAMucRetest=0
EMA,EMA0000,M1,BUY_SELL,MY,15,8,7,53.333,30.117,1.584,41.182,0.275,27.043,2,9,44.444,14.358,6,66.667,26.824,6,2,7,7,71.429,10.611,1,InpTimeframe=M1 | InpFastEMA=7 | InpSlowEMA=21 | InpEMAKhungLoc=M5 | InpEMAKhoangDiXaToiThieuATR=0.35 | InpMinDirectionEfficiency=0.1 | InpEMAMucRetest=0
EMA,EMA0000,M1,BUY,MY,13,7,6,53.846,29.143,1.598,36.186,0.278,27.043,2,7,42.857,9.362,6,66.667,26.824,5,2,6,7,71.429,15.095,1,InpTimeframe=M1 | InpFastEMA=7 | InpSlowEMA=21 | InpEMAKhungLoc=M5 | InpEMAKhoangDiXaToiThieuATR=0.35 | InpMinDirectionEfficiency=0.1 | InpEMAMucRetest=0
EMA,EMA0033,M1,BUY_SELL,TAT_CA,11,6,5,54.545,28.009,1.46,23.06,0.21,20.08,2,5,60.0,12.953,6,50.0,10.107,5,1,5,7,85.714,29.324,2,InpTimeframe=M1 | InpFastEMA=7 | InpSlowEMA=50 | InpEMAKhungLoc=M5 | InpEMAKhoangDiXaToiThieuATR=0.35 | InpMinDirectionEfficiency=0.1 | InpEMAMucRetest=1
EMA,EMA0004,M1,BUY_SELL,MY,12,6,6,50.0,25.378,1.332,20.091,0.167,33.658,2,8,50.0,14.901,4,50.0,5.19,4,2,6,7,71.429,15.101,1,InpTimeframe=M1 | InpFastEMA=7 | InpSlowEMA=21 | InpEMAKhungLoc=M5 | InpEMAKhoangDiXaToiThieuATR=1 | InpMinDirectionEfficiency=0.1 | InpEMAMucRetest=0
EMA,EMA0032,M1,BUY_SELL,MY,10,5,5,50.0,23.659,1.501,25.125,0.251,30.058,3,7,42.857,5.094,3,66.667,20.031,5,0,5,7,28.571,-9.685,1,InpTimeframe=M1 | InpFastEMA=7 | InpSlowEMA=50 | InpEMAKhungLoc=M5 | InpEMAKhoangDiXaToiThieuATR=0.35 | InpMinDirectionEfficiency=0.1 | InpEMAMucRetest=0
EMA,EMA0186,M2,BUY_SELL,TAT_CA,10,5,5,50.0,23.659,1.365,18.358,0.184,32.948,2,5,40.0,3.506,5,60.0,14.852,4,1,5,8,87.5,14.739,2,InpTimeframe=M2 | InpFastEMA=12 | InpSlowEMA=50 | InpEMAKhungLoc=M15 | InpEMAKhoangDiXaToiThieuATR=0.35 | InpMinDirectionEfficiency=0.22 | InpEMAMucRetest=0
EMA,EMA0176,M2,BUY_SELL,TAT_CA,10,5,5,50.0,23.659,1.353,17.722,0.177,33.584,2,5,40.0,3.55,5,60.0,14.172,4,1,5,8,75.0,11.649,2,InpTimeframe=M2 | InpFastEMA=12 | InpSlowEMA=50 | InpEMAKhungLoc=M5 | InpEMAKhoangDiXaToiThieuATR=0.35 | InpMinDirectionEfficiency=0.1 | InpEMAMucRetest=0
ICT,ICT0064,M1,BUY_SELL,AU,11,9,2,81.818,52.301,3.993,79.914,0.511,16.624,1,4,75.0,27.124,7,85.714,52.79,2,6,2,8,75.0,63.064,2,InpICTEntryTF=M1 | InpICTBiasTF=M30 | InpICTDisplacementATR=0.9 | InpICTMinFVG_ATR=0.05 | InpICTPriority=0 | InpICTSetupExpiryBars=12
ICT,ICT0052,M1,BUY_SELL,AU,13,10,3,76.923,49.743,3.515,92.42,0.439,16.624,1,7,71.429,44.24,6,83.333,48.18,2,7,3,8,87.5,62.111,1,InpICTEntryTF=M1 | InpICTBiasTF=M30 | InpICTDisplacementATR=0.6 | InpICTMinFVG_ATR=0.05 | InpICTPriority=2 | InpICTSetupExpiryBars=12
ICT,ICT0054,M1,BUY_SELL,TAT_CA,42,27,15,64.286,49.166,1.677,137.829,0.248,69.497,4,19,63.158,44.84,23,65.217,92.989,8,18,15,7,85.714,70.876,1,InpICTEntryTF=M1 | InpICTBiasTF=M30 | InpICTDisplacementATR=0.6 | InpICTMinFVG_ATR=0.05 | InpICTPriority=3 | InpICTSetupExpiryBars=12
ICT,ICT0221,M2,BUY,TAT_CA,18,13,5,72.222,49.127,2.517,123.129,0.52,48.642,3,6,100.0,73.459,12,58.333,49.67,6,6,5,10,90.0,74.323,1,InpICTEntryTF=M2 | InpICTBiasTF=M30 | InpICTDisplacementATR=0.9 | InpICTMinFVG_ATR=0.1 | InpICTPriority=2 | InpICTSetupExpiryBars=24
ICT,ICT0213,M2,BUY,TAT_CA,18,13,5,72.222,49.127,2.513,122.861,0.517,48.642,3,6,100.0,73.459,12,58.333,49.402,6,6,5,10,100.0,78.783,1,InpICTEntryTF=M2 | InpICTBiasTF=M30 | InpICTDisplacementATR=0.9 | InpICTMinFVG_ATR=0.05 | InpICTPriority=2 | InpICTSetupExpiryBars=24
ICT,ICT0068,M1,BUY_SELL,AU,10,8,2,80.0,49.016,3.683,71.636,0.485,16.624,1,4,75.0,27.188,6,83.333,44.448,2,5,2,9,77.778,55.815,2,InpICTEntryTF=M1 | InpICTBiasTF=M30 | InpICTDisplacementATR=0.9 | InpICTMinFVG_ATR=0.05 | InpICTPriority=2 | InpICTSetupExpiryBars=12
ICT,ICT0060,M1,BUY_SELL,TAT_CA,30,20,10,66.667,48.78,2.182,146.048,0.335,47.288,3,16,62.5,60.373,14,71.429,85.675,8,12,10,8,87.5,103.076,1,InpICTEntryTF=M1 | InpICTBiasTF=M30 | InpICTDisplacementATR=0.6 | InpICTMinFVG_ATR=0.1 | InpICTPriority=2 | InpICTSetupExpiryBars=12
ICT,ICT0062,M1,BUY_SELL,TAT_CA,39,25,14,64.103,48.418,1.681,129.17,0.248,69.497,4,18,66.667,58.834,21,61.905,70.336,8,17,14,7,85.714,70.876,1,InpICTEntryTF=M1 | InpICTBiasTF=M30 | InpICTDisplacementATR=0.6 | InpICTMinFVG_ATR=0.1 | InpICTPriority=3 | InpICTSetupExpiryBars=12
ICT,ICT0052,M1,BUY_SELL,TAT_CA,32,21,11,65.625,48.311,2.127,151.55,0.318,47.288,3,17,58.824,49.417,15,73.333,102.133,8,12,11,8,87.5,115.838,1,InpICTEntryTF=M1 | InpICTBiasTF=M30 | InpICTDisplacementATR=0.6 | InpICTMinFVG_ATR=0.05 | InpICTPriority=2 | InpICTSetupExpiryBars=12
ICT,ICT0212,M2,BUY,TAT_CA,15,11,4,73.333,48.049,2.682,119.642,0.599,38.588,2,4,100.0,60.186,11,63.636,59.456,6,4,4,10,90.0,59.425,1,InpICTEntryTF=M2 | InpICTBiasTF=M30 | InpICTDisplacementATR=0.9 | InpICTMinFVG_ATR=0.05 | InpICTPriority=2 | InpICTSetupExpiryBars=12
ICT,ICT0048,M1,BUY_SELL,AU,15,11,4,73.333,48.049,2.864,89.45,0.365,16.624,1,7,71.429,44.176,8,75.0,45.274,2,8,4,7,71.429,65.613,1,InpICTEntryTF=M1 | InpICTBiasTF=M30 | InpICTDisplacementATR=0.6 | InpICTMinFVG_ATR=0.05 | InpICTPriority=0 | InpICTSetupExpiryBars=12
ICT,ICT0056,M1,BUY_SELL,TAT_CA,34,22,12,64.706,47.914,2.008,146.158,0.281,47.288,3,16,62.5,60.309,18,66.667,85.849,8,14,12,7,71.429,84.314,1,InpICTEntryTF=M1 | InpICTBiasTF=M30 | InpICTDisplacementATR=0.6 | InpICTMinFVG_ATR=0.1 | InpICTPriority=0 | InpICTSetupExpiryBars=12
ICT,ICT0048,M1,BUY_SELL,TAT_CA,36,23,13,63.889,47.575,1.972,151.66,0.269,47.288,3,17,58.824,49.353,19,68.421,102.307,8,14,13,7,85.714,100.668,1,InpICTEntryTF=M1 | InpICTBiasTF=M30 | InpICTDisplacementATR=0.6 | InpICTMinFVG_ATR=0.05 | InpICTPriority=0 | InpICTSetupExpiryBars=12
ICT,ICT0060,M1,BUY_SELL,AU,12,9,3,75.0,46.769,3.07,76.07,0.381,16.624,1,7,71.429,44.24,5,80.0,31.83,2,7,3,8,87.5,51.032,1,InpICTEntryTF=M1 | InpICTBiasTF=M30 | InpICTDisplacementATR=0.6 | InpICTMinFVG_ATR=0.1 | InpICTPriority=2 | InpICTSetupExpiryBars=12
ICT,ICT0066,M1,BUY_SELL,AU,12,9,3,75.0,46.769,2.66,71.495,0.451,16.624,1,5,60.0,18.705,7,85.714,52.79,3,5,3,9,77.778,57.196,2,InpICTEntryTF=M1 | InpICTBiasTF=M30 | InpICTDisplacementATR=0.9 | InpICTMinFVG_ATR=0.05 | InpICTPriority=1 | InpICTSetupExpiryBars=12
ICT,ICT0058,M1,BUY_SELL,TAT_CA,35,22,13,62.857,46.337,1.878,138.886,0.261,47.288,3,17,58.824,53.037,18,66.667,85.849,9,13,13,8,75.0,87.682,1,InpICTEntryTF=M1 | InpICTBiasTF=M30 | InpICTDisplacementATR=0.6 | InpICTMinFVG_ATR=0.1 | InpICTPriority=1 | InpICTSetupExpiryBars=12
ICT,ICT0050,M1,BUY_SELL,TAT_CA,37,23,14,62.162,46.1,1.853,144.388,0.251,47.288,3,18,55.556,42.081,19,68.421,102.307,9,13,14,8,87.5,100.444,1,InpICTEntryTF=M1 | InpICTBiasTF=M30 | InpICTDisplacementATR=0.6 | InpICTMinFVG_ATR=0.05 | InpICTPriority=1 | InpICTSetupExpiryBars=12
ICT,ICT0212,M2,BUY_SELL,TAT_CA,19,13,6,68.421,46.01,2.002,113.352,0.488,48.638,3,6,83.333,53.657,13,61.538,59.695,7,5,6,10,90.0,66.155,1,InpICTEntryTF=M2 | InpICTBiasTF=M30 | InpICTDisplacementATR=0.9 | InpICTMinFVG_ATR=0.05 | InpICTPriority=2 | InpICTSetupExpiryBars=12
ICT,ICT0217,M2,BUY,TAT_CA,19,13,6,68.421,46.01,2.24,113.121,0.44,48.642,3,7,85.714,63.451,12,58.333,49.67,6,6,6,9,88.889,73.384,1,InpICTEntryTF=M2 | InpICTBiasTF=M30 | InpICTDisplacementATR=0.9 | InpICTMinFVG_ATR=0.1 | InpICTPriority=0 | InpICTSetupExpiryBars=24
ICT,ICT0219,M2,BUY,TAT_CA,19,13,6,68.421,46.01,2.239,113.054,0.439,48.734,3,7,85.714,63.476,12,58.333,49.578,6,6,6,10,90.0,62.489,1,InpICTEntryTF=M2 | InpICTBiasTF=M30 | InpICTDisplacementATR=0.9 | InpICTMinFVG_ATR=0.1 | InpICTPriority=1 | InpICTSetupExpiryBars=24
ICT,ICT0209,M2,BUY,TAT_CA,19,13,6,68.421,46.01,2.238,112.853,0.437,48.642,3,7,85.714,63.451,12,58.333,49.402,6,6,6,9,88.889,80.39,1,InpICTEntryTF=M2 | InpICTBiasTF=M30 | InpICTDisplacementATR=0.9 | InpICTMinFVG_ATR=0.05 | InpICTPriority=0 | InpICTSetupExpiryBars=24
ICT,ICT0211,M2,BUY,TAT_CA,19,13,6,68.421,46.01,2.236,112.786,0.437,48.734,3,7,85.714,63.476,12,58.333,49.31,6,6,6,10,90.0,83.289,1,InpICTEntryTF=M2 | InpICTBiasTF=M30 | InpICTDisplacementATR=0.9 | InpICTMinFVG_ATR=0.05 | InpICTPriority=1 | InpICTSetupExpiryBars=24
ICT,ICT0056,M1,BUY_SELL,AU,14,10,4,71.429,45.35,2.523,73.1,0.31,16.624,1,7,71.429,44.176,7,71.429,28.924,2,8,4,7,71.429,50.817,1,InpICTEntryTF=M1 | InpICTBiasTF=M30 | InpICTDisplacementATR=0.6 | InpICTMinFVG_ATR=0.1 | InpICTPriority=0 | InpICTSetupExpiryBars=12
ICT,ICT0055,M1,BUY_SELL,TAT_CA,49,29,20,59.184,45.247,1.364,95.866,0.144,71.21,4,27,55.556,12.498,22,63.636,83.368,8,20,20,7,85.714,69.343,1,InpICTEntryTF=M1 | InpICTBiasTF=M30 | InpICTDisplacementATR=0.6 | InpICTMinFVG_ATR=0.05 | InpICTPriority=3 | InpICTSetupExpiryBars=24
ICT,ICT0062,M1,BUY,TAT_CA,25,16,9,64.0,44.518,1.653,86.493,0.238,39.347,2,11,54.545,2.498,14,71.429,83.995,5,11,9,7,100.0,66.245,1,InpICTEntryTF=M1 | InpICTBiasTF=M30 | InpICTDisplacementATR=0.6 | InpICTMinFVG_ATR=0.1 | InpICTPriority=3 | InpICTSetupExpiryBars=12
ICT,ICT0053,M1,BUY_SELL,TAT_CA,44,26,18,59.091,44.409,1.587,128.103,0.232,47.288,3,24,54.167,33.141,20,65.0,94.962,12,13,18,8,100.0,90.221,1,InpICTEntryTF=M1 | InpICTBiasTF=M30 | InpICTDisplacementATR=0.6 | InpICTMinFVG_ATR=0.05 | InpICTPriority=2 | InpICTSetupExpiryBars=24
ICT,ICT0061,M1,BUY_SELL,TAT_CA,44,26,18,59.091,44.409,1.532,118.932,0.22,47.288,3,24,54.167,27.791,20,65.0,91.141,12,13,18,8,100.0,82.717,1,InpICTEntryTF=M1 | InpICTBiasTF=M30 | InpICTDisplacementATR=0.6 | InpICTMinFVG_ATR=0.1 | InpICTPriority=2 | InpICTSetupExpiryBars=24
ICT,ICT0173,M2,BUY,TAT_CA,16,11,5,68.75,44.404,2.998,142.401,0.437,39.344,2,7,85.714,107.054,9,55.556,35.347,4,7,5,9,100.0,96.791,1,InpICTEntryTF=M2 | InpICTBiasTF=M15 | InpICTDisplacementATR=0.9 | InpICTMinFVG_ATR=0.1 | InpICTPriority=2 | InpICTSetupExpiryBars=24
ICT,ICT0165,M2,BUY,TAT_CA,16,11,5,68.75,44.404,2.994,142.133,0.434,39.344,2,7,85.714,107.054,9,55.556,35.079,4,7,5,9,100.0,91.414,1,InpICTEntryTF=M2 | InpICTBiasTF=M15 | InpICTDisplacementATR=0.9 | InpICTMinFVG_ATR=0.05 | InpICTPriority=2 | InpICTSetupExpiryBars=24
ICT,ICT0210,M2,BUY,TAT_CA,16,11,5,68.75,44.404,2.352,109.659,0.5,38.588,2,5,80.0,50.203,11,63.636,59.456,6,4,5,10,90.0,56.08,1,InpICTEntryTF=M2 | InpICTBiasTF=M30 | InpICTDisplacementATR=0.9 | InpICTMinFVG_ATR=0.05 | InpICTPriority=1 | InpICTSetupExpiryBars=12
ICT,ICT0208,M2,BUY,TAT_CA,16,11,5,68.75,44.404,2.351,109.634,0.499,38.588,2,5,80.0,50.178,11,63.636,59.456,6,4,5,9,88.889,62.197,1,InpICTEntryTF=M2 | InpICTBiasTF=M30 | InpICTDisplacementATR=0.9 | InpICTMinFVG_ATR=0.05 | InpICTPriority=0 | InpICTSetupExpiryBars=12
ICT,ICT0050,M1,BUY_SELL,AU,16,11,5,68.75,44.404,2.342,82.178,0.317,16.624,1,8,62.5,36.904,8,75.0,45.274,3,7,5,8,75.0,62.073,1,InpICTEntryTF=M1 | InpICTBiasTF=M30 | InpICTDisplacementATR=0.6 | InpICTMinFVG_ATR=0.05 | InpICTPriority=1 | InpICTSetupExpiryBars=12
ICT,ICT0053,M1,SELL,TAT_CA,16,11,5,68.75,44.404,1.925,59.248,0.372,22.463,2,9,77.778,56.25,7,57.143,2.998,4,7,5,8,87.5,25.927,1,InpICTEntryTF=M1 | InpICTBiasTF=M30 | InpICTDisplacementATR=0.6 | InpICTMinFVG_ATR=0.05 | InpICTPriority=2 | InpICTSetupExpiryBars=24
ICT,ICT0061,M1,SELL,TAT_CA,16,11,5,68.75,44.404,1.923,59.159,0.371,22.463,2,9,77.778,56.25,7,57.143,2.909,4,7,5,8,87.5,25.935,1,InpICTEntryTF=M1 | InpICTBiasTF=M30 | InpICTDisplacementATR=0.6 | InpICTMinFVG_ATR=0.1 | InpICTPriority=2 | InpICTSetupExpiryBars=24
ICT,ICT0049,M1,BUY_SELL,TAT_CA,48,28,20,58.333,44.281,1.433,107.516,0.191,47.288,3,25,52.0,14.883,23,65.217,92.633,11,16,20,7,100.0,87.281,1,InpICTEntryTF=M1 | InpICTBiasTF=M30 | InpICTDisplacementATR=0.6 | InpICTMinFVG_ATR=0.05 | InpICTPriority=0 | InpICTSetupExpiryBars=24
ICT,ICT0221,M2,BUY_SELL,TAT_CA,27,17,10,62.963,44.229,1.701,111.348,0.324,58.692,4,11,63.636,31.232,16,62.5,80.116,8,8,10,10,100.0,62.832,1,InpICTEntryTF=M2 | InpICTBiasTF=M30 | InpICTDisplacementATR=0.9 | InpICTMinFVG_ATR=0.1 | InpICTPriority=2 | InpICTSetupExpiryBars=24
ICT,ICT0213,M2,BUY_SELL,TAT_CA,27,17,10,62.963,44.229,1.699,111.08,0.322,58.692,4,11,63.636,31.232,16,62.5,79.848,8,8,10,10,100.0,63.638,1,InpICTEntryTF=M2 | InpICTBiasTF=M30 | InpICTDisplacementATR=0.9 | InpICTMinFVG_ATR=0.05 | InpICTPriority=2 | InpICTSetupExpiryBars=24
ICT,ICT0053,M1,BUY_SELL,AU,18,12,6,66.667,43.749,2.002,76.749,0.274,22.463,2,9,66.667,31.643,9,66.667,45.106,3,8,6,8,87.5,52.663,1,InpICTEntryTF=M1 | InpICTBiasTF=M30 | InpICTDisplacementATR=0.6 | InpICTMinFVG_ATR=0.05 | InpICTPriority=2 | InpICTSetupExpiryBars=24
ICT,ICT0061,M1,BUY_SELL,AU,18,12,6,66.667,43.749,1.953,73.017,0.246,22.463,2,9,66.667,31.643,9,66.667,41.374,3,8,6,8,87.5,50.183,1,InpICTEntryTF=M1 | InpICTBiasTF=M30 | InpICTDisplacementATR=0.6 | InpICTMinFVG_ATR=0.1 | InpICTPriority=2 | InpICTSetupExpiryBars=24
ICT,ICT0048,M1,BUY,AU,11,8,3,72.727,43.435,2.869,70.892,0.337,16.624,1,4,75.0,31.818,7,71.429,39.074,1,6,3,7,100.0,50.579,1,InpICTEntryTF=M1 | InpICTBiasTF=M30 | InpICTDisplacementATR=0.6 | InpICTMinFVG_ATR=0.05 | InpICTPriority=0 | InpICTSetupExpiryBars=12
ICT,ICT0007,M1,BUY,A,11,8,3,72.727,43.435,2.643,58.522,0.247,15.462,1,8,75.0,36.326,3,66.667,22.196,1,7,3,6,100.0,24.732,1,InpICTEntryTF=M1 | InpICTBiasTF=M15 | InpICTDisplacementATR=0.6 | InpICTMinFVG_ATR=0.05 | InpICTPriority=3 | InpICTSetupExpiryBars=24
ICT,ICT0015,M1,BUY,A,11,8,3,72.727,43.435,2.583,56.384,0.246,15.462,1,8,75.0,34.58,3,66.667,21.804,1,7,3,6,100.0,23.663,1,InpICTEntryTF=M1 | InpICTBiasTF=M15 | InpICTDisplacementATR=0.6 | InpICTMinFVG_ATR=0.1 | InpICTPriority=3 | InpICTSetupExpiryBars=24
ICT,ICT0056,M1,BUY,TAT_CA,20,13,7,65.0,43.285,2.05,94.74,0.254,47.288,3,10,50.0,1.297,10,80.0,93.443,4,9,7,7,85.714,67.626,1,InpICTEntryTF=M1 | InpICTBiasTF=M30 | InpICTDisplacementATR=0.6 | InpICTMinFVG_ATR=0.1 | InpICTPriority=0 | InpICTSetupExpiryBars=12
ICT,ICT0007,M1,BUY_SELL,A,20,13,7,65.0,43.285,2.134,90.673,0.15,20.124,2,10,70.0,60.709,10,60.0,29.964,2,11,7,6,100.0,51.145,1,InpICTEntryTF=M1 | InpICTBiasTF=M15 | InpICTDisplacementATR=0.6 | InpICTMinFVG_ATR=0.05 | InpICTPriority=3 | InpICTSetupExpiryBars=24
ICT,ICT0015,M1,BUY_SELL,A,20,13,7,65.0,43.285,2.107,88.535,0.149,20.124,2,10,70.0,58.963,10,60.0,29.572,2,11,7,6,100.0,50.278,1,InpICTEntryTF=M1 | InpICTBiasTF=M15 | InpICTDisplacementATR=0.6 | InpICTMinFVG_ATR=0.1 | InpICTPriority=3 | InpICTSetupExpiryBars=24
ICT,ICT0049,M1,BUY_SELL,AU,20,13,7,65.0,43.285,1.683,65.613,0.235,40.657,2,10,60.0,13.385,10,70.0,52.228,3,9,7,7,71.429,50.817,1,InpICTEntryTF=M1 | InpICTBiasTF=M30 | InpICTDisplacementATR=0.6 | InpICTMinFVG_ATR=0.05 | InpICTPriority=0 | InpICTSetupExpiryBars=24
ICT,ICT0051,M1,BUY_SELL,TAT_CA,49,28,21,57.143,43.27,1.384,100.221,0.179,47.288,3,26,50.0,7.588,23,65.217,92.633,12,15,21,8,100.0,98.164,1,InpICTEntryTF=M1 | InpICTBiasTF=M30 | InpICTDisplacementATR=0.6 | InpICTMinFVG_ATR=0.05 | InpICTPriority=1 | InpICTSetupExpiryBars=24
ICT,ICT0059,M1,BUY_SELL,TAT_CA,49,28,21,57.143,43.27,1.341,91.05,0.168,49.321,3,26,50.0,2.238,23,65.217,88.812,12,15,21,8,100.0,93.751,1,InpICTEntryTF=M1 | InpICTBiasTF=M30 | InpICTDisplacementATR=0.6 | InpICTMinFVG_ATR=0.1 | InpICTPriority=1 | InpICTSetupExpiryBars=24
ICT,ICT0031,M1,BUY_SELL,A,22,14,8,63.636,42.951,2.055,108.825,0.178,29.056,2,11,72.727,105.959,11,54.545,2.866,3,11,8,7,71.429,29.729,1,InpICTEntryTF=M1 | InpICTBiasTF=M15 | InpICTDisplacementATR=0.9 | InpICTMinFVG_ATR=0.1 | InpICTPriority=3 | InpICTSetupExpiryBars=24
ICT,ICT0208,M2,BUY_SELL,TAT_CA,22,14,8,63.636,42.951,1.74,98.555,0.355,48.638,3,9,66.667,38.86,13,61.538,59.695,7,6,8,9,88.889,62.305,1,InpICTEntryTF=M2 | InpICTBiasTF=M30 | InpICTDisplacementATR=0.9 | InpICTMinFVG_ATR=0.05 | InpICTPriority=0 | InpICTSetupExpiryBars=12
ICT,ICT0225,M2,BUY_SELL,TAT_CA,22,14,8,63.636,42.951,1.341,51.437,0.317,72.349,3,10,70.0,44.273,12,58.333,7.164,6,7,8,8,75.0,31.061,1,InpICTEntryTF=M2 | InpICTBiasTF=M30 | InpICTDisplacementATR=1.2 | InpICTMinFVG_ATR=0.05 | InpICTPriority=0 | InpICTSetupExpiryBars=24
ICT,ICT0205,M2,BUY_SELL,TAT_CA,26,16,10,61.538,42.535,1.499,84.844,0.291,90.907,5,12,66.667,61.276,14,57.143,23.568,7,8,10,9,100.0,48.769,1,InpICTEntryTF=M2 | InpICTBiasTF=M30 | InpICTDisplacementATR=0.6 | InpICTMinFVG_ATR=0.1 | InpICTPriority=2 | InpICTSetupExpiryBars=24
ICT,ICT0197,M2,BUY_SELL,TAT_CA,26,16,10,61.538,42.535,1.497,84.576,0.29,91.175,5,12,66.667,61.276,14,57.143,23.3,7,8,10,9,88.889,50.087,1,InpICTEntryTF=M2 | InpICTBiasTF=M30 | InpICTDisplacementATR=0.6 | InpICTMinFVG_ATR=0.05 | InpICTPriority=2 | InpICTSetupExpiryBars=24
ICT,ICT0031,M1,BUY,A,13,9,4,69.231,42.369,2.665,84.014,0.275,40.406,3,9,77.778,80.562,4,50.0,3.452,2,7,4,7,85.714,22.722,1,InpICTEntryTF=M1 | InpICTBiasTF=M15 | InpICTDisplacementATR=0.9 | InpICTMinFVG_ATR=0.1 | InpICTPriority=3 | InpICTSetupExpiryBars=24
ICT,ICT0049,M1,BUY,AU,13,9,4,69.231,42.369,2.625,77.891,0.324,21.266,2,4,75.0,31.863,9,66.667,46.028,2,6,4,7,85.714,57.555,1,InpICTEntryTF=M1 | InpICTBiasTF=M30 | InpICTDisplacementATR=0.6 | InpICTMinFVG_ATR=0.05 | InpICTPriority=0 | InpICTSetupExpiryBars=24
ICT,ICT0057,M1,BUY,AU,13,9,4,69.231,42.369,2.547,74.159,0.286,21.266,2,4,75.0,31.863,9,66.667,42.296,2,6,4,7,85.714,54.51,1,InpICTEntryTF=M1 | InpICTBiasTF=M30 | InpICTDisplacementATR=0.6 | InpICTMinFVG_ATR=0.1 | InpICTPriority=0 | InpICTSetupExpiryBars=24
ICT,ICT0052,M1,SELL,TAT_CA,13,9,4,69.231,42.369,2.388,61.772,0.423,20.034,2,6,83.333,59.012,7,57.143,2.76,4,5,4,8,87.5,29.908,1,InpICTEntryTF=M1 | InpICTBiasTF=M30 | InpICTDisplacementATR=0.6 | InpICTMinFVG_ATR=0.05 | InpICTPriority=2 | InpICTSetupExpiryBars=12
ICT,ICT0060,M1,SELL,TAT_CA,13,9,4,69.231,42.369,2.385,61.664,0.422,20.034,2,6,83.333,59.012,7,57.143,2.652,4,5,4,8,87.5,33.752,1,InpICTEntryTF=M1 | InpICTBiasTF=M30 | InpICTDisplacementATR=0.6 | InpICTMinFVG_ATR=0.1 | InpICTPriority=2 | InpICTSetupExpiryBars=12
ICT,ICT0311,M3,BUY_SELL,AU,13,9,4,69.231,42.369,1.687,60.176,0.276,45.596,1,6,66.667,16.646,7,71.429,43.53,1,8,4,8,50.0,4.016,1,InpICTEntryTF=M3 | InpICTBiasTF=M15 | InpICTDisplacementATR=0.9 | InpICTMinFVG_ATR=0.05 | InpICTPriority=3 | InpICTSetupExpiryBars=24
ICT,ICT0217,M2,BUY_SELL,TAT_CA,30,18,12,60.0,42.32,1.509,92.963,0.242,58.692,4,14,57.143,12.847,16,62.5,80.116,8,9,12,9,100.0,44.965,1,InpICTEntryTF=M2 | InpICTBiasTF=M30 | InpICTDisplacementATR=0.9 | InpICTMinFVG_ATR=0.1 | InpICTPriority=0 | InpICTSetupExpiryBars=24
ICT,ICT0209,M2,BUY_SELL,TAT_CA,30,18,12,60.0,42.32,1.508,92.695,0.24,58.692,4,14,57.143,12.847,16,62.5,79.848,8,9,12,9,100.0,51.437,1,InpICTEntryTF=M2 | InpICTBiasTF=M30 | InpICTDisplacementATR=0.9 | InpICTMinFVG_ATR=0.05 | InpICTPriority=0 | InpICTSetupExpiryBars=24
ICT,ICT0220,M2,BUY,TAT_CA,15,10,5,66.667,41.713,1.883,83.392,0.486,61.9,3,4,100.0,60.186,11,54.545,23.206,6,3,5,10,80.0,53.357,1,InpICTEntryTF=M2 | InpICTBiasTF=M30 | InpICTDisplacementATR=0.9 | InpICTMinFVG_ATR=0.1 | InpICTPriority=2 | InpICTSetupExpiryBars=12
ICT,ICT0058,M1,BUY_SELL,AU,15,10,5,66.667,41.713,2.075,65.828,0.262,16.624,1,8,62.5,36.904,7,71.429,28.924,3,7,5,8,75.0,63.04,1,InpICTEntryTF=M1 | InpICTBiasTF=M30 | InpICTDisplacementATR=0.6 | InpICTMinFVG_ATR=0.1 | InpICTPriority=1 | InpICTSetupExpiryBars=12
ICT,ICT0053,M1,BUY_SELL,A,15,10,5,66.667,41.713,2.174,63.81,0.398,24.531,2,6,66.667,21.809,9,66.667,42.001,5,5,5,8,87.5,46.244,1,InpICTEntryTF=M1 | InpICTBiasTF=M30 | InpICTDisplacementATR=0.6 | InpICTMinFVG_ATR=0.05 | InpICTPriority=2 | InpICTSetupExpiryBars=24
ICT,ICT0061,M1,BUY_SELL,A,15,10,5,66.667,41.713,2.172,63.721,0.398,24.531,2,6,66.667,21.809,9,66.667,41.912,5,5,5,8,87.5,45.376,1,InpICTEntryTF=M1 | InpICTBiasTF=M30 | InpICTDisplacementATR=0.6 | InpICTMinFVG_ATR=0.1 | InpICTPriority=2 | InpICTSetupExpiryBars=24
ICT,ICT0069,M1,BUY_SELL,AU,15,10,5,66.667,41.713,1.837,55.815,0.271,33.702,2,6,66.667,14.591,9,66.667,41.224,3,6,5,9,66.667,45.63,2,InpICTEntryTF=M1 | InpICTBiasTF=M30 | InpICTDisplacementATR=0.9 | InpICTMinFVG_ATR=0.05 | InpICTPriority=2 | InpICTSetupExpiryBars=24
ICT,ICT0171,M2,BUY,TAT_CA,17,11,6,64.706,41.3,2.574,130.662,0.352,39.344,2,8,75.0,97.001,9,55.556,33.661,4,7,6,9,100.0,86.738,1,InpICTEntryTF=M2 | InpICTBiasTF=M15 | InpICTDisplacementATR=0.9 | InpICTMinFVG_ATR=0.1 | InpICTPriority=1 | InpICTSetupExpiryBars=24
ICT,ICT0169,M2,BUY,TAT_CA,17,11,6,64.706,41.3,2.573,130.637,0.352,39.344,2,8,75.0,96.976,9,55.556,33.661,4,7,6,8,100.0,97.209,1,InpICTEntryTF=M2 | InpICTBiasTF=M15 | InpICTDisplacementATR=0.9 | InpICTMinFVG_ATR=0.1 | InpICTPriority=0 | InpICTSetupExpiryBars=24
ICT,ICT0163,M2,BUY,TAT_CA,17,11,6,64.706,41.3,2.57,130.394,0.35,39.344,2,8,75.0,97.001,9,55.556,33.393,4,7,6,9,100.0,79.675,1,InpICTEntryTF=M2 | InpICTBiasTF=M15 | InpICTDisplacementATR=0.9 | InpICTMinFVG_ATR=0.05 | InpICTPriority=1 | InpICTSetupExpiryBars=24
ICT,ICT0161,M2,BUY,TAT_CA,17,11,6,64.706,41.3,2.57,130.369,0.349,39.344,2,8,75.0,96.976,9,55.556,33.393,4,7,6,8,100.0,93.021,1,InpICTEntryTF=M2 | InpICTBiasTF=M15 | InpICTDisplacementATR=0.9 | InpICTMinFVG_ATR=0.05 | InpICTPriority=0 | InpICTSetupExpiryBars=24
ICT,ICT0060,M1,BUY,TAT_CA,17,11,6,64.706,41.3,2.068,84.384,0.268,47.288,3,10,50.0,1.361,7,85.714,83.023,4,7,6,8,87.5,61.083,1,InpICTEntryTF=M1 | InpICTBiasTF=M30 | InpICTDisplacementATR=0.6 | InpICTMinFVG_ATR=0.1 | InpICTPriority=2 | InpICTSetupExpiryBars=12
ICT,ICT0230,M2,BUY_SELL,TAT_CA,19,12,7,63.158,41.039,1.892,124.722,0.386,72.622,4,8,75.0,78.279,11,54.545,46.443,7,4,7,8,75.0,54.402,1,InpICTEntryTF=M2 | InpICTBiasTF=M30 | InpICTDisplacementATR=1.2 | InpICTMinFVG_ATR=0.05 | InpICTPriority=3 | InpICTSetupExpiryBars=12
ICT,ICT0220,M2,BUY_SELL,TAT_CA,19,12,7,63.158,41.039,1.565,77.102,0.399,71.95,4,6,83.333,53.657,13,53.846,23.445,7,4,7,10,90.0,56.578,1,InpICTEntryTF=M2 | InpICTBiasTF=M30 | InpICTDisplacementATR=0.9 | InpICTMinFVG_ATR=0.1 | InpICTPriority=2 | InpICTSetupExpiryBars=12
ICT,ICT0229,M2,BUY_SELL,TAT_CA,19,12,7,63.158,41.039,1.344,48.941,0.361,72.349,3,7,71.429,43.105,12,58.333,5.836,6,5,7,9,77.778,36.471,1,InpICTEntryTF=M2 | InpICTBiasTF=M30 | InpICTDisplacementATR=1.2 | InpICTMinFVG_ATR=0.05 | InpICTPriority=2 | InpICTSetupExpiryBars=24
ICT,ICT0023,M1,BUY_SELL,A,21,13,8,61.905,40.878,1.923,95.211,0.109,29.056,2,10,70.0,91.953,11,54.545,3.258,2,11,8,7,71.429,40.533,1,InpICTEntryTF=M1 | InpICTBiasTF=M15 | InpICTDisplacementATR=0.9 | InpICTMinFVG_ATR=0.05 | InpICTPriority=3 | InpICTSetupExpiryBars=24
ICT,ICT0051,M1,BUY_SELL,AU,21,13,8,61.905,40.878,1.534,58.318,0.204,42.644,2,11,54.545,6.09,10,70.0,52.228,4,8,8,8,75.0,55.61,1,InpICTEntryTF=M1 | InpICTBiasTF=M30 | InpICTDisplacementATR=0.6 | InpICTMinFVG_ATR=0.05 | InpICTPriority=1 | InpICTSetupExpiryBars=24
ICT,ICT0059,M1,BUY_SELL,AU,21,13,8,61.905,40.878,1.5,54.586,0.18,42.644,2,11,54.545,6.09,10,70.0,48.496,4,8,8,8,87.5,51.859,1,InpICTEntryTF=M1 | InpICTBiasTF=M30 | InpICTDisplacementATR=0.6 | InpICTMinFVG_ATR=0.1 | InpICTPriority=1 | InpICTSetupExpiryBars=24
ICT,ICT0057,M1,BUY_SELL,AU,21,13,8,61.905,40.878,1.475,50.817,0.152,40.657,2,11,54.545,2.321,10,70.0,48.496,3,9,8,7,85.714,52.902,1,InpICTEntryTF=M1 | InpICTBiasTF=M30 | InpICTDisplacementATR=0.6 | InpICTMinFVG_ATR=0.1 | InpICTPriority=0 | InpICTSetupExpiryBars=24
ICT,ICT0227,M2,BUY_SELL,TAT_CA,21,13,8,61.905,40.878,1.306,46.155,0.307,72.441,3,9,66.667,39.083,12,58.333,7.072,6,6,8,9,77.778,35.942,1,InpICTEntryTF=M2 | InpICTBiasTF=M30 | InpICTDisplacementATR=1.2 | InpICTMinFVG_ATR=0.05 | InpICTPriority=1 | InpICTSetupExpiryBars=24
ICT,ICT0072,M1,BUY_SELL,TAT_CA,33,19,14,57.576,40.807,1.403,73.972,0.139,52.39,4,14,50.0,7.926,19,63.158,66.046,7,11,14,8,87.5,62.661,1,InpICTEntryTF=M1 | InpICTBiasTF=M30 | InpICTDisplacementATR=0.9 | InpICTMinFVG_ATR=0.1 | InpICTPriority=0 | InpICTSetupExpiryBars=12
ICT,ICT0201,M2,BUY_SELL,TAT_CA,29,17,12,58.621,40.738,1.358,68.575,0.21,90.907,5,15,60.0,45.007,14,57.143,23.568,7,9,12,8,87.5,58.538,1,InpICTEntryTF=M2 | InpICTBiasTF=M30 | InpICTDisplacementATR=0.6 | InpICTMinFVG_ATR=0.1 | InpICTPriority=0 | InpICTSetupExpiryBars=24
ICT,ICT0193,M2,BUY_SELL,TAT_CA,29,17,12,58.621,40.738,1.356,68.307,0.209,91.175,5,15,60.0,45.007,14,57.143,23.3,7,9,12,8,100.0,58.538,1,InpICTEntryTF=M2 | InpICTBiasTF=M30 | InpICTDisplacementATR=0.6 | InpICTMinFVG_ATR=0.05 | InpICTPriority=0 | InpICTSetupExpiryBars=24
ICT,ICT0212,M2,BUY_SELL,AU,10,7,3,70.0,39.677,2.045,73.725,0.51,38.588,2,4,75.0,29.643,6,66.667,44.082,4,2,3,10,90.0,34.021,2,InpICTEntryTF=M2 | InpICTBiasTF=M30 | InpICTDisplacementATR=0.9 | InpICTMinFVG_ATR=0.05 | InpICTPriority=2 | InpICTSetupExpiryBars=12
ICT,ICT0319,M3,BUY_SELL,AU,10,7,3,70.0,39.677,2.077,68.093,0.294,38.084,1,6,66.667,16.646,4,75.0,51.447,1,6,3,8,50.0,6.625,1,InpICTEntryTF=M3 | InpICTBiasTF=M15 | InpICTDisplacementATR=0.9 | InpICTMinFVG_ATR=0.1 | InpICTPriority=3 | InpICTSetupExpiryBars=24
ICT,ICT0231,M2,SELL,TAT_CA,10,7,3,70.0,39.677,1.679,62.596,0.426,46.6,2,6,66.667,41.194,4,75.0,21.402,3,4,3,8,37.5,-13.48,1,InpICTEntryTF=M2 | InpICTBiasTF=M30 | InpICTDisplacementATR=1.2 | InpICTMinFVG_ATR=0.05 | InpICTPriority=3 | InpICTSetupExpiryBars=24
ICT,ICT0296,M3,SELL,TAT_CA,10,7,3,70.0,39.677,1.903,59.759,0.337,38.084,1,6,66.667,23.113,4,75.0,36.646,2,5,3,7,71.429,29.058,1,InpICTEntryTF=M3 | InpICTBiasTF=M15 | InpICTDisplacementATR=0.6 | InpICTMinFVG_ATR=0.1 | InpICTPriority=0 | InpICTSetupExpiryBars=12
ICT,ICT0056,M1,BUY,AU,10,7,3,70.0,39.677,2.438,54.542,0.257,16.624,1,4,75.0,31.818,6,66.667,22.724,1,6,3,7,100.0,34.229,1,InpICTEntryTF=M1 | InpICTBiasTF=M30 | InpICTDisplacementATR=0.6 | InpICTMinFVG_ATR=0.1 | InpICTPriority=0 | InpICTSetupExpiryBars=12
ICT,ICT0076,M1,BUY_SELL,TAT_CA,30,17,13,56.667,39.197,1.43,70.932,0.136,52.39,4,14,50.0,7.99,16,62.5,62.942,7,9,13,9,88.889,67.051,1,InpICTEntryTF=M1 | InpICTBiasTF=M30 | InpICTDisplacementATR=0.9 | InpICTMinFVG_ATR=0.1 | InpICTPriority=2 | InpICTSetupExpiryBars=12
ICT,ICT0053,M1,BUY,AU,12,8,4,66.667,39.062,2.516,70.833,0.288,20.046,2,4,75.0,31.927,8,62.5,38.906,2,5,4,8,100.0,48.452,1,InpICTEntryTF=M1 | InpICTBiasTF=M30 | InpICTDisplacementATR=0.6 | InpICTMinFVG_ATR=0.05 | InpICTPriority=2 | InpICTSetupExpiryBars=24
ICT,ICT0023,M1,BUY,A,12,8,4,66.667,39.062,2.395,70.4,0.162,40.406,3,8,75.0,66.556,4,50.0,3.844,1,7,4,7,85.714,23.774,1,InpICTEntryTF=M1 | InpICTBiasTF=M15 | InpICTDisplacementATR=0.9 | InpICTMinFVG_ATR=0.05 | InpICTPriority=3 | InpICTSetupExpiryBars=24
ICT,ICT0208,M2,BUY_SELL,AU,12,8,4,66.667,39.062,1.856,68.932,0.385,38.588,2,6,66.667,24.85,6,66.667,44.082,4,3,4,9,77.778,22.491,2,InpICTEntryTF=M2 | InpICTBiasTF=M30 | InpICTDisplacementATR=0.9 | InpICTMinFVG_ATR=0.05 | InpICTPriority=0 | InpICTSetupExpiryBars=12
ICT,ICT0061,M1,BUY,AU,12,8,4,66.667,39.062,2.436,67.101,0.246,20.046,2,4,75.0,31.927,8,62.5,35.174,2,5,4,8,87.5,46.586,1,InpICTEntryTF=M1 | InpICTBiasTF=M30 | InpICTDisplacementATR=0.6 | InpICTMinFVG_ATR=0.1 | InpICTPriority=2 | InpICTSetupExpiryBars=24
ICT,ICT0289,M3,BUY_SELL,AU,12,8,4,66.667,39.062,1.719,55.62,0.265,39.222,1,6,66.667,4.264,6,66.667,51.356,2,6,4,7,100.0,34.072,2,InpICTEntryTF=M3 | InpICTBiasTF=M15 | InpICTDisplacementATR=0.6 | InpICTMinFVG_ATR=0.05 | InpICTPriority=0 | InpICTSetupExpiryBars=24
ICT,ICT0231,M2,BUY_SELL,TAT_CA,24,14,10,58.333,38.834,1.339,75.349,0.214,118.444,5,10,70.0,70.196,14,50.0,5.153,7,6,10,8,62.5,13.416,1,InpICTEntryTF=M2 | InpICTBiasTF=M30 | InpICTDisplacementATR=1.2 | InpICTMinFVG_ATR=0.05 | InpICTPriority=3 | InpICTSetupExpiryBars=24
ICT,ICT0483,M5,BUY_SELL,TAT_CA,14,9,5,64.286,38.764,1.849,80.643,0.124,37.624,2,8,62.5,57.987,6,66.667,22.656,1,8,5,9,77.778,28.676,2,InpICTEntryTF=M5 | InpICTBiasTF=M30 | InpICTDisplacementATR=0.6 | InpICTMinFVG_ATR=0.05 | InpICTPriority=1 | InpICTSetupExpiryBars=24
ICT,ICT0481,M5,BUY_SELL,TAT_CA,14,9,5,64.286,38.764,1.824,78.217,0.11,37.624,2,8,62.5,55.561,6,66.667,22.656,1,8,5,8,75.0,30.425,2,InpICTEntryTF=M5 | InpICTBiasTF=M30 | InpICTDisplacementATR=0.6 | InpICTMinFVG_ATR=0.05 | InpICTPriority=0 | InpICTSetupExpiryBars=24
ICT,ICT0485,M5,BUY_SELL,TAT_CA,14,9,5,64.286,38.764,1.682,69.396,0.13,60.855,2,7,71.429,63.68,7,57.143,5.716,1,8,5,9,55.556,26.959,2,InpICTEntryTF=M5 | InpICTBiasTF=M30 | InpICTDisplacementATR=0.6 | InpICTMinFVG_ATR=0.05 | InpICTPriority=2 | InpICTSetupExpiryBars=24
ICT,ICT0213,M2,BUY_SELL,AU,14,9,5,64.286,38.764,1.763,69.174,0.322,48.642,3,6,66.667,27.601,8,62.5,41.573,4,4,5,10,90.0,36.316,2,InpICTEntryTF=M2 | InpICTBiasTF=M30 | InpICTDisplacementATR=0.9 | InpICTMinFVG_ATR=0.05 | InpICTPriority=2 | InpICTSetupExpiryBars=24
ICT,ICT0070,M1,BUY_SELL,AU,14,9,5,64.286,38.764,1.361,27.643,0.181,39.347,2,6,66.667,17.967,8,62.5,9.676,2,6,5,8,62.5,20.709,2,InpICTEntryTF=M1 | InpICTBiasTF=M30 | InpICTDisplacementATR=0.9 | InpICTMinFVG_ATR=0.05 | InpICTPriority=3 | InpICTSetupExpiryBars=12
ICT,ICT0210,M2,BUY_SELL,TAT_CA,22,13,9,59.091,38.734,1.534,78.841,0.285,56.524,3,9,55.556,19.146,13,61.538,59.695,7,5,9,10,90.0,48.594,1,InpICTEntryTF=M2 | InpICTBiasTF=M30 | InpICTDisplacementATR=0.9 | InpICTMinFVG_ATR=0.05 | InpICTPriority=1 | InpICTSetupExpiryBars=12
ICT,ICT0216,M2,BUY_SELL,TAT_CA,22,13,9,59.091,38.734,1.398,62.305,0.277,71.95,4,9,66.667,38.86,13,53.846,23.445,7,5,9,9,77.778,42.591,1,InpICTEntryTF=M2 | InpICTBiasTF=M30 | InpICTDisplacementATR=0.9 | InpICTMinFVG_ATR=0.1 | InpICTPriority=0 | InpICTSetupExpiryBars=12
ICT,ICT0021,M1,BUY_SELL,A,20,12,8,60.0,38.658,1.935,85.911,0.175,41.022,4,9,55.556,59.161,11,63.636,26.75,4,8,8,8,50.0,21.972,1,InpICTEntryTF=M1 | InpICTBiasTF=M15 | InpICTDisplacementATR=0.9 | InpICTMinFVG_ATR=0.05 | InpICTPriority=2 | InpICTSetupExpiryBars=24
ICT,ICT0029,M1,BUY_SELL,A,20,12,8,60.0,38.658,1.924,84.95,0.183,41.022,4,9,55.556,58.2,11,63.636,26.75,4,8,8,8,50.0,21.506,1,InpICTEntryTF=M1 | InpICTBiasTF=M15 | InpICTDisplacementATR=0.9 | InpICTMinFVG_ATR=0.1 | InpICTPriority=2 | InpICTSetupExpiryBars=24
ICT,ICT0218,M2,BUY,TAT_CA,16,10,6,62.5,38.641,1.703,73.409,0.393,61.9,3,5,80.0,50.203,11,54.545,23.206,6,3,6,10,80.0,46.566,1,InpICTEntryTF=M2 | InpICTBiasTF=M30 | InpICTDisplacementATR=0.9 | InpICTMinFVG_ATR=0.1 | InpICTPriority=1 | InpICTSetupExpiryBars=12
ICT,ICT0216,M2,BUY,TAT_CA,16,10,6,62.5,38.641,1.703,73.384,0.393,61.9,3,5,80.0,50.178,11,54.545,23.206,6,3,6,9,77.778,50.742,1,InpICTEntryTF=M2 | InpICTBiasTF=M30 | InpICTDisplacementATR=0.9 | InpICTMinFVG_ATR=0.1 | InpICTPriority=0 | InpICTSetupExpiryBars=12
ICT,ICT0209,M2,BUY_SELL,AU,16,10,6,62.5,38.641,1.583,60.793,0.251,48.642,3,8,62.5,19.22,8,62.5,41.573,4,5,6,9,77.778,33.032,2,InpICTEntryTF=M2 | InpICTBiasTF=M30 | InpICTDisplacementATR=0.9 | InpICTMinFVG_ATR=0.05 | InpICTPriority=0 | InpICTSetupExpiryBars=24
ICT,ICT0049,M1,BUY_SELL,A,16,10,6,62.5,38.641,1.829,53.564,0.309,34.777,3,6,66.667,21.809,10,60.0,31.755,5,5,6,7,85.714,48.174,2,InpICTEntryTF=M1 | InpICTBiasTF=M30 | InpICTDisplacementATR=0.6 | InpICTMinFVG_ATR=0.05 | InpICTPriority=0 | InpICTSetupExpiryBars=24
ICT,ICT0057,M1,BUY_SELL,A,16,10,6,62.5,38.641,1.828,53.475,0.309,34.777,3,6,66.667,21.809,10,60.0,31.666,5,5,6,7,85.714,46.428,2,InpICTEntryTF=M1 | InpICTBiasTF=M30 | InpICTDisplacementATR=0.6 | InpICTMinFVG_ATR=0.1 | InpICTPriority=0 | InpICTSetupExpiryBars=24
ICT,ICT0054,M1,BUY_SELL,A,16,10,6,62.5,38.641,1.779,50.394,0.263,34.885,3,5,80.0,33.283,11,54.545,17.111,4,6,6,7,71.429,38.307,1,InpICTEntryTF=M1 | InpICTBiasTF=M30 | InpICTDisplacementATR=0.6 | InpICTMinFVG_ATR=0.05 | InpICTPriority=3 | InpICTSetupExpiryBars=12
ICT,ICT0215,M2,BUY,TAT_CA,18,11,7,61.111,38.619,1.737,86.962,0.256,75.45,4,7,85.714,63.888,11,45.455,23.074,5,5,7,9,100.0,78.257,2,InpICTEntryTF=M2 | InpICTBiasTF=M30 | InpICTDisplacementATR=0.9 | InpICTMinFVG_ATR=0.05 | InpICTPriority=3 | InpICTSetupExpiryBars=24
ICT,ICT0054,M1,BUY_SELL,AU,18,11,7,61.111,38.619,1.301,30.862,0.122,39.347,2,9,66.667,29.55,9,55.556,1.312,2,8,7,7,71.429,5.412,1,InpICTEntryTF=M1 | InpICTBiasTF=M30 | InpICTDisplacementATR=0.6 | InpICTMinFVG_ATR=0.05 | InpICTPriority=3 | InpICTSetupExpiryBars=12
ICT,ICT0029,M1,BUY_SELL,TAT_CA,56,28,28,50.0,37.332,1.317,115.255,0.121,80.607,5,32,50.0,86.807,24,50.0,28.448,14,14,28,8,75.0,62.676,1,InpICTEntryTF=M1 | InpICTBiasTF=M15 | InpICTDisplacementATR=0.9 | InpICTMinFVG_ATR=0.1 | InpICTPriority=2 | InpICTSetupExpiryBars=24
ICT,ICT0214,M2,BUY_SELL,TAT_CA,25,14,11,56.0,37.067,1.382,72.333,0.154,85.5,5,11,63.636,30.047,14,50.0,42.286,6,7,11,9,88.889,38.646,2,InpICTEntryTF=M2 | InpICTBiasTF=M30 | InpICTDisplacementATR=0.9 | InpICTMinFVG_ATR=0.05 | InpICTPriority=3 | InpICTSetupExpiryBars=12
ICT,ICT0021,M1,BUY_SELL,TAT_CA,57,28,29,49.123,36.616,1.302,111.514,0.098,90.659,5,33,48.485,83.066,24,50.0,28.448,14,14,29,8,75.0,48.584,1,InpICTEntryTF=M1 | InpICTBiasTF=M15 | InpICTDisplacementATR=0.9 | InpICTMinFVG_ATR=0.05 | InpICTPriority=2 | InpICTSetupExpiryBars=24
ICT,ICT0025,M1,BUY_SELL,A,21,12,9,57.143,36.546,1.582,66.677,0.126,41.022,4,9,55.556,58.134,12,58.333,8.543,4,8,9,7,42.857,-12.67,2,InpICTEntryTF=M1 | InpICTBiasTF=M15 | InpICTDisplacementATR=0.9 | InpICTMinFVG_ATR=0.1 | InpICTPriority=0 | InpICTSetupExpiryBars=24
ICT,ICT0238,M2,BUY_SELL,TAT_CA,19,11,8,57.895,36.276,1.522,82.109,0.287,72.622,4,8,62.5,35.666,11,54.545,46.443,7,3,8,8,75.0,42.995,1,InpICTEntryTF=M2 | InpICTBiasTF=M30 | InpICTDisplacementATR=1.2 | InpICTMinFVG_ATR=0.1 | InpICTPriority=3 | InpICTSetupExpiryBars=12
ICT,ICT0001,M1,BUY_SELL,A,19,11,8,57.895,36.276,1.527,48.174,0.088,30.184,3,8,50.0,12.925,11,63.636,35.249,3,8,8,6,100.0,50.423,2,InpICTEntryTF=M1 | InpICTBiasTF=M15 | InpICTDisplacementATR=0.6 | InpICTMinFVG_ATR=0.05 | InpICTPriority=0 | InpICTSetupExpiryBars=24
ICT,ICT0009,M1,BUY_SELL,A,19,11,8,57.895,36.276,1.508,46.428,0.09,30.184,3,8,50.0,11.179,11,63.636,35.249,3,8,8,6,100.0,50.824,2,InpICTEntryTF=M1 | InpICTBiasTF=M15 | InpICTDisplacementATR=0.6 | InpICTMinFVG_ATR=0.1 | InpICTPriority=0 | InpICTSetupExpiryBars=24
ICT,ICT0005,M1,BUY_SELL,A,19,11,8,57.895,36.276,1.52,46.223,0.089,30.184,3,8,50.0,15.275,11,63.636,30.948,3,8,8,7,100.0,63.81,1,InpICTEntryTF=M1 | InpICTBiasTF=M15 | InpICTDisplacementATR=0.6 | InpICTMinFVG_ATR=0.05 | InpICTPriority=2 | InpICTSetupExpiryBars=24
ICT,ICT0013,M1,BUY_SELL,A,19,11,8,57.895,36.276,1.501,44.488,0.091,30.184,3,8,50.0,13.529,11,63.636,30.959,3,8,8,7,100.0,63.721,1,InpICTEntryTF=M1 | InpICTBiasTF=M15 | InpICTDisplacementATR=0.6 | InpICTMinFVG_ATR=0.1 | InpICTPriority=2 | InpICTSetupExpiryBars=24
ICT,ICT0214,M2,BUY,TAT_CA,17,10,7,58.824,36.005,1.663,78.257,0.224,75.45,4,6,83.333,55.864,11,45.455,22.393,5,4,7,9,100.0,55.791,2,InpICTEntryTF=M2 | InpICTBiasTF=M30 | InpICTDisplacementATR=0.9 | InpICTMinFVG_ATR=0.05 | InpICTPriority=3 | InpICTSetupExpiryBars=12
ICT,ICT0001,M1,BUY,AU,17,10,7,58.824,36.005,1.699,54.51,0.156,21.266,2,8,62.5,35.671,9,55.556,18.839,3,7,7,6,100.0,44.342,2,InpICTEntryTF=M1 | InpICTBiasTF=M15 | InpICTDisplacementATR=0.6 | InpICTMinFVG_ATR=0.05 | InpICTPriority=0 | InpICTSetupExpiryBars=24
ICT,ICT0025,M1,BUY,TAT_CA,37,19,18,51.351,35.895,1.492,107.705,0.176,100.997,5,22,45.455,44.795,15,60.0,62.91,9,10,18,7,85.714,75.04,1,InpICTEntryTF=M1 | InpICTBiasTF=M15 | InpICTDisplacementATR=0.9 | InpICTMinFVG_ATR=0.1 | InpICTPriority=0 | InpICTSetupExpiryBars=24
ICT,ICT0160,M2,BUY_SELL,TAT_CA,28,15,13,53.571,35.812,1.545,97.568,0.114,50.813,2,15,53.333,49.805,13,53.846,47.763,6,9,13,8,75.0,65.915,1,InpICTEntryTF=M2 | InpICTBiasTF=M15 | InpICTDisplacementATR=0.9 | InpICTMinFVG_ATR=0.05 | InpICTPriority=0 | InpICTSetupExpiryBars=12
ICT,ICT0062,M1,BUY_SELL,A,15,9,6,60.0,35.746,1.681,44.091,0.238,34.885,3,5,80.0,33.283,10,50.0,10.808,4,5,6,7,71.429,32.104,1,InpICTEntryTF=M1 | InpICTBiasTF=M30 | InpICTDisplacementATR=0.6 | InpICTMinFVG_ATR=0.1 | InpICTPriority=3 | InpICTSetupExpiryBars=12
ICT,ICT0051,M1,BUY,AU,13,8,5,61.538,35.522,1.941,57.555,0.193,21.266,2,4,50.0,11.527,9,66.667,46.028,2,5,5,8,87.5,51.362,1,InpICTEntryTF=M1 | InpICTBiasTF=M30 | InpICTDisplacementATR=0.6 | InpICTMinFVG_ATR=0.05 | InpICTPriority=1 | InpICTSetupExpiryBars=24
ICT,ICT0059,M1,BUY,AU,13,8,5,61.538,35.522,1.88,53.823,0.154,21.266,2,4,50.0,11.527,9,66.667,42.296,2,5,5,8,87.5,43.187,1,InpICTEntryTF=M1 | InpICTBiasTF=M30 | InpICTDisplacementATR=0.6 | InpICTMinFVG_ATR=0.1 | InpICTPriority=1 | InpICTSetupExpiryBars=24
ICT,ICT0052,M1,BUY_SELL,A,13,8,5,61.538,35.522,1.706,38.561,0.287,24.769,2,5,60.0,11.929,8,62.5,26.632,4,4,5,8,87.5,33.384,1,InpICTEntryTF=M1 | InpICTBiasTF=M30 | InpICTDisplacementATR=0.6 | InpICTMinFVG_ATR=0.05 | InpICTPriority=2 | InpICTSetupExpiryBars=12
ICT,ICT0060,M1,BUY_SELL,A,13,8,5,61.538,35.522,1.704,38.453,0.286,24.769,2,5,60.0,11.929,8,62.5,26.524,4,4,5,8,87.5,33.384,1,InpICTEntryTF=M1 | InpICTBiasTF=M30 | InpICTDisplacementATR=0.6 | InpICTMinFVG_ATR=0.1 | InpICTPriority=2 | InpICTSetupExpiryBars=12
ICT,ICT0022,M1,BUY,A,13,8,5,61.538,35.522,1.324,23.774,0.077,44.595,3,8,62.5,17.172,5,60.0,6.602,1,7,5,7,100.0,18.161,1,InpICTEntryTF=M1 | InpICTBiasTF=M15 | InpICTDisplacementATR=0.9 | InpICTMinFVG_ATR=0.05 | InpICTPriority=3 | InpICTSetupExpiryBars=12
ICT,ICT0030,M1,BUY,A,13,8,5,61.538,35.522,1.31,22.722,0.089,45.647,3,8,62.5,16.12,5,60.0,6.602,1,7,5,7,100.0,16.415,1,InpICTEntryTF=M1 | InpICTBiasTF=M15 | InpICTDisplacementATR=0.9 | InpICTMinFVG_ATR=0.1 | InpICTPriority=3 | InpICTSetupExpiryBars=12
ICT,ICT0021,M1,BUY,A,11,7,4,63.636,35.38,2.124,55.481,0.287,49.342,4,7,57.143,33.764,4,75.0,21.717,3,4,4,8,87.5,29.774,1,InpICTEntryTF=M1 | InpICTBiasTF=M15 | InpICTDisplacementATR=0.9 | InpICTMinFVG_ATR=0.05 | InpICTPriority=2 | InpICTSetupExpiryBars=24
ICT,ICT0029,M1,BUY,A,11,7,4,63.636,35.38,2.105,54.52,0.301,49.342,4,7,57.143,32.803,4,75.0,21.717,3,4,4,8,87.5,28.901,1,InpICTEntryTF=M1 | InpICTBiasTF=M15 | InpICTDisplacementATR=0.9 | InpICTMinFVG_ATR=0.1 | InpICTPriority=2 | InpICTSetupExpiryBars=24
ICT,ICT0025,M1,BUY,A,11,7,4,63.636,35.38,2.104,54.454,0.301,49.342,4,7,57.143,32.737,4,75.0,21.717,3,4,4,7,85.714,26.865,2,InpICTEntryTF=M1 | InpICTBiasTF=M15 | InpICTDisplacementATR=0.9 | InpICTMinFVG_ATR=0.1 | InpICTPriority=0 | InpICTSetupExpiryBars=24
ICT,ICT0050,M1,BUY,AU,11,7,4,63.636,35.38,1.989,50.579,0.181,16.624,1,4,50.0,11.505,7,71.429,39.074,1,5,4,8,87.5,39.77,1,InpICTEntryTF=M1 | InpICTBiasTF=M30 | InpICTDisplacementATR=0.6 | InpICTMinFVG_ATR=0.05 | InpICTPriority=1 | InpICTSetupExpiryBars=12
ICT,ICT0239,M2,SELL,TAT_CA,11,7,4,63.636,35.38,1.342,37.512,0.262,63.956,3,7,57.143,16.11,4,75.0,21.402,3,4,4,8,37.5,-17.281,1,InpICTEntryTF=M2 | InpICTBiasTF=M30 | InpICTDisplacementATR=1.2 | InpICTMinFVG_ATR=0.1 | InpICTPriority=3 | InpICTSetupExpiryBars=24
ICT,ICT0164,M2,BUY_SELL,TAT_CA,24,13,11,54.167,35.075,1.678,106.815,0.165,50.813,2,11,54.545,57.366,13,53.846,49.449,6,7,11,9,66.667,70.512,1,InpICTEntryTF=M2 | InpICTBiasTF=M15 | InpICTDisplacementATR=0.9 | InpICTMinFVG_ATR=0.05 | InpICTPriority=2 | InpICTSetupExpiryBars=12
ICT,ICT0296,M3,BUY_SELL,TAT_CA,22,12,10,54.545,34.659,1.588,96.761,0.204,54.152,3,15,53.333,53.903,7,57.143,42.858,4,8,10,7,85.714,61.746,1,InpICTEntryTF=M3 | InpICTBiasTF=M15 | InpICTDisplacementATR=0.6 | InpICTMinFVG_ATR=0.1 | InpICTPriority=0 | InpICTSetupExpiryBars=12
ICT,ICT0017,M1,BUY,TAT_CA,36,18,18,50.0,34.474,1.463,99.05,0.134,95.647,5,21,42.857,36.14,15,60.0,62.91,8,10,18,7,71.429,75.58,1,InpICTEntryTF=M1 | InpICTBiasTF=M15 | InpICTDisplacementATR=0.9 | InpICTMinFVG_ATR=0.05 | InpICTPriority=0 | InpICTSetupExpiryBars=24
ICT,ICT0297,M3,BUY_SELL,TAT_CA,29,15,14,51.724,34.431,1.309,73.782,0.097,98.66,5,20,45.0,5.359,9,66.667,68.423,4,11,14,7,100.0,54.745,1,InpICTEntryTF=M3 | InpICTBiasTF=M15 | InpICTDisplacementATR=0.6 | InpICTMinFVG_ATR=0.1 | InpICTPriority=0 | InpICTSetupExpiryBars=24
ICT,ICT0017,M1,BUY_SELL,A,20,11,9,55.0,34.208,1.46,52.672,0.049,41.022,4,8,50.0,44.129,12,58.333,8.543,3,8,9,7,42.857,-12.67,2,InpICTEntryTF=M1 | InpICTBiasTF=M15 | InpICTDisplacementATR=0.9 | InpICTMinFVG_ATR=0.05 | InpICTPriority=0 | InpICTSetupExpiryBars=24
ICT,ICT0313,M3,BUY_SELL,TAT_CA,27,14,13,51.852,33.985,1.335,75.166,0.095,81.79,5,18,44.444,9.397,9,66.667,65.769,3,11,13,8,75.0,29.987,1,InpICTEntryTF=M3 | InpICTBiasTF=M15 | InpICTDisplacementATR=0.9 | InpICTMinFVG_ATR=0.1 | InpICTPriority=0 | InpICTSetupExpiryBars=24
ICT,ICT0160,M2,BUY,TAT_CA,18,10,8,55.556,33.716,1.842,86.992,0.215,39.344,2,9,55.556,53.599,9,55.556,33.393,5,5,8,8,75.0,70.514,1,InpICTEntryTF=M2 | InpICTBiasTF=M15 | InpICTDisplacementATR=0.9 | InpICTMinFVG_ATR=0.05 | InpICTPriority=0 | InpICTSetupExpiryBars=12
ICT,ICT0027,M1,BUY,TAT_CA,37,18,19,48.649,33.446,1.358,84.235,0.129,124.467,5,22,40.909,21.325,15,60.0,62.91,9,9,19,8,75.0,63.575,1,InpICTEntryTF=M1 | InpICTBiasTF=M15 | InpICTDisplacementATR=0.9 | InpICTMinFVG_ATR=0.1 | InpICTPriority=1 | InpICTSetupExpiryBars=24
ICT,ICT0164,M2,BUY,TAT_CA,16,9,7,56.25,33.178,1.998,91.414,0.259,39.344,2,7,57.143,56.335,9,55.556,35.079,5,4,7,9,88.889,66.382,1,InpICTEntryTF=M2 | InpICTBiasTF=M15 | InpICTDisplacementATR=0.9 | InpICTMinFVG_ATR=0.05 | InpICTPriority=2 | InpICTSetupExpiryBars=12
ICT,ICT0021,M1,BUY,TAT_CA,35,17,18,48.571,32.994,1.497,106.331,0.157,95.655,5,22,45.455,51.164,13,53.846,55.167,10,7,18,8,75.0,72.898,1,InpICTEntryTF=M1 | InpICTBiasTF=M15 | InpICTDisplacementATR=0.9 | InpICTMinFVG_ATR=0.05 | InpICTPriority=2 | InpICTSetupExpiryBars=24
ICT,ICT0029,M1,BUY,TAT_CA,35,17,18,48.571,32.994,1.456,100.02,0.162,101.005,5,22,45.455,44.853,13,53.846,55.167,10,7,18,8,75.0,74.355,1,InpICTEntryTF=M1 | InpICTBiasTF=M15 | InpICTDisplacementATR=0.9 | InpICTMinFVG_ATR=0.1 | InpICTPriority=2 | InpICTSetupExpiryBars=24
ICT,ICT0302,M3,BUY_SELL,TAT_CA,23,12,11,52.174,32.962,1.477,96.722,0.187,91.626,4,15,46.667,4.529,8,62.5,92.193,5,7,11,7,85.714,30.867,1,InpICTEntryTF=M3 | InpICTBiasTF=M15 | InpICTDisplacementATR=0.6 | InpICTMinFVG_ATR=0.1 | InpICTPriority=3 | InpICTSetupExpiryBars=12
ICT,ICT0168,M2,BUY_SELL,TAT_CA,28,14,14,50.0,32.633,1.303,61.318,0.054,74.125,3,15,53.333,49.805,13,46.154,11.513,6,8,14,8,87.5,62.026,1,InpICTEntryTF=M2 | InpICTBiasTF=M15 | InpICTDisplacementATR=0.9 | InpICTMinFVG_ATR=0.1 | InpICTPriority=0 | InpICTSetupExpiryBars=12
ICT,ICT0017,M1,BUY,AU,14,8,6,57.143,32.59,1.885,59.222,0.216,20.102,2,6,50.0,7.121,8,62.5,52.101,4,4,6,7,100.0,35.752,2,InpICTEntryTF=M1 | InpICTBiasTF=M15 | InpICTDisplacementATR=0.9 | InpICTMinFVG_ATR=0.05 | InpICTPriority=0 | InpICTSetupExpiryBars=24
ICT,ICT0230,M2,BUY,TAT_CA,14,8,6,57.143,32.59,1.517,55.791,0.256,72.622,4,4,75.0,29.002,10,50.0,26.789,5,2,6,8,100.0,37.339,2,InpICTEntryTF=M2 | InpICTBiasTF=M30 | InpICTDisplacementATR=1.2 | InpICTMinFVG_ATR=0.05 | InpICTPriority=3 | InpICTSetupExpiryBars=12
ICT,ICT0048,M1,BUY_SELL,A,14,8,6,57.143,32.59,1.437,28.315,0.193,35.015,3,5,60.0,11.929,9,55.556,16.386,4,4,6,7,85.714,28.207,2,InpICTEntryTF=M1 | InpICTBiasTF=M30 | InpICTDisplacementATR=0.6 | InpICTMinFVG_ATR=0.05 | InpICTPriority=0 | InpICTSetupExpiryBars=12
ICT,ICT0056,M1,BUY_SELL,A,14,8,6,57.143,32.59,1.435,28.207,0.192,35.015,3,5,60.0,11.929,9,55.556,16.278,4,4,6,7,85.714,28.207,2,InpICTEntryTF=M1 | InpICTBiasTF=M30 | InpICTDisplacementATR=0.6 | InpICTMinFVG_ATR=0.1 | InpICTPriority=0 | InpICTSetupExpiryBars=12
ICT,ICT0300,M3,BUY_SELL,TAT_CA,21,11,10,52.381,32.369,1.48,82.891,0.185,54.152,3,14,50.0,40.033,7,57.143,42.858,4,7,10,8,75.0,50.008,1,InpICTEntryTF=M3 | InpICTBiasTF=M15 | InpICTDisplacementATR=0.6 | InpICTMinFVG_ATR=0.1 | InpICTPriority=2 | InpICTSetupExpiryBars=12
ICT,ICT0019,M1,BUY,TAT_CA,36,17,19,47.222,31.986,1.328,75.58,0.087,119.117,5,21,38.095,12.67,15,60.0,62.91,8,9,19,8,75.0,70.578,1,InpICTEntryTF=M1 | InpICTBiasTF=M15 | InpICTDisplacementATR=0.9 | InpICTMinFVG_ATR=0.05 | InpICTPriority=1 | InpICTSetupExpiryBars=24
ICT,ICT0351,M3,BUY,TAT_CA,12,7,5,58.333,31.951,2.316,98.339,0.3,25.496,2,6,50.0,4.329,6,66.667,94.01,4,3,5,8,75.0,68.737,1,InpICTEntryTF=M3 | InpICTBiasTF=M30 | InpICTDisplacementATR=0.6 | InpICTMinFVG_ATR=0.1 | InpICTPriority=3 | InpICTSetupExpiryBars=24
ICT,ICT0182,M2,BUY,TAT_CA,12,7,5,58.333,31.951,1.705,75.476,0.264,55.475,2,6,66.667,65.495,6,50.0,9.981,3,4,5,7,85.714,51.744,2,InpICTEntryTF=M2 | InpICTBiasTF=M15 | InpICTDisplacementATR=1.2 | InpICTMinFVG_ATR=0.05 | InpICTPriority=3 | InpICTSetupExpiryBars=12
ICT,ICT0210,M2,BUY_SELL,AU,12,7,5,58.333,31.951,1.518,49.218,0.258,46.466,2,6,50.0,5.136,6,66.667,44.082,4,2,5,10,70.0,21.882,2,InpICTEntryTF=M2 | InpICTBiasTF=M30 | InpICTDisplacementATR=0.9 | InpICTMinFVG_ATR=0.05 | InpICTPriority=1 | InpICTSetupExpiryBars=12
ICT,ICT0038,M1,BUY,AU,12,7,5,58.333,31.951,1.368,25.227,0.129,50.402,2,5,80.0,24.986,7,42.857,0.241,2,5,5,6,33.333,-18.761,1,InpICTEntryTF=M1 | InpICTBiasTF=M15 | InpICTDisplacementATR=1.2 | InpICTMinFVG_ATR=0.05 | InpICTPriority=3 | InpICTSetupExpiryBars=12
ICT,ICT0172,M2,BUY_SELL,TAT_CA,24,12,12,50.0,31.427,1.39,70.565,0.094,74.125,3,11,54.545,57.366,13,46.154,13.199,6,6,12,9,88.889,58.612,1,InpICTEntryTF=M2 | InpICTBiasTF=M15 | InpICTDisplacementATR=0.9 | InpICTMinFVG_ATR=0.1 | InpICTPriority=2 | InpICTSetupExpiryBars=12
ICT,ICT0215,M2,BUY,AU,10,6,4,60.0,31.267,2.016,60.621,0.176,49.6,3,4,75.0,34.163,6,50.0,26.458,2,3,4,9,77.778,39.099,2,InpICTEntryTF=M2 | InpICTBiasTF=M30 | InpICTDisplacementATR=0.9 | InpICTMinFVG_ATR=0.05 | InpICTPriority=3 | InpICTSetupExpiryBars=24
ICT,ICT0209,M2,BUY,AU,10,6,4,60.0,31.267,1.988,57.927,0.26,48.642,3,4,75.0,34.188,6,50.0,23.739,3,2,4,9,66.667,53.805,2,InpICTEntryTF=M2 | InpICTBiasTF=M30 | InpICTDisplacementATR=0.9 | InpICTMinFVG_ATR=0.05 | InpICTPriority=0 | InpICTSetupExpiryBars=24
ICT,ICT0211,M2,BUY,AU,10,6,4,60.0,31.267,1.985,57.86,0.26,48.734,3,4,75.0,34.213,6,50.0,23.647,3,2,4,10,70.0,52.975,2,InpICTEntryTF=M2 | InpICTBiasTF=M30 | InpICTDisplacementATR=0.9 | InpICTMinFVG_ATR=0.05 | InpICTPriority=1 | InpICTSetupExpiryBars=24
ICT,ICT0017,M1,BUY,A,10,6,4,60.0,31.267,1.82,40.449,0.165,49.342,4,6,50.0,18.732,4,75.0,21.717,2,4,4,7,85.714,28.586,2,InpICTEntryTF=M1 | InpICTBiasTF=M15 | InpICTDisplacementATR=0.9 | InpICTMinFVG_ATR=0.05 | InpICTPriority=0 | InpICTSetupExpiryBars=24
ICT,ICT0298,M3,SELL,TAT_CA,10,6,4,60.0,31.267,1.475,38.854,0.185,53.774,2,6,50.0,2.208,4,75.0,36.646,2,4,4,8,75.0,9.524,1,InpICTEntryTF=M3 | InpICTBiasTF=M15 | InpICTDisplacementATR=0.6 | InpICTMinFVG_ATR=0.1 | InpICTPriority=1 | InpICTSetupExpiryBars=12
ICT,ICT0223,M2,BUY_SELL,A,10,6,4,60.0,31.267,1.505,34.589,0.102,58.382,3,3,100.0,33.372,7,42.857,1.217,1,5,4,9,66.667,23.676,1,InpICTEntryTF=M2 | InpICTBiasTF=M30 | InpICTDisplacementATR=0.9 | InpICTMinFVG_ATR=0.1 | InpICTPriority=3 | InpICTSetupExpiryBars=24
ICT,ICT0058,M1,BUY,AU,10,6,4,60.0,31.267,1.669,34.229,0.086,16.624,1,4,50.0,11.505,6,66.667,22.724,1,5,4,8,87.5,47.945,1,InpICTEntryTF=M1 | InpICTBiasTF=M30 | InpICTDisplacementATR=0.6 | InpICTMinFVG_ATR=0.1 | InpICTPriority=1 | InpICTSetupExpiryBars=12
ICT,ICT0359,M3,BUY_SELL,AU,10,6,4,60.0,31.267,1.386,33.805,0.105,45.596,1,5,60.0,7.007,5,60.0,26.798,1,5,4,9,55.556,2.454,1,InpICTEntryTF=M3 | InpICTBiasTF=M30 | InpICTDisplacementATR=0.9 | InpICTMinFVG_ATR=0.05 | InpICTPriority=3 | InpICTSetupExpiryBars=24
ICT,ICT0337,M3,BUY_SELL,AU,10,6,4,60.0,31.267,1.419,32.211,0.172,39.222,1,6,66.667,4.759,4,50.0,27.452,2,4,4,8,62.5,10.484,2,InpICTEntryTF=M3 | InpICTBiasTF=M30 | InpICTDisplacementATR=0.6 | InpICTMinFVG_ATR=0.05 | InpICTPriority=0 | InpICTSetupExpiryBars=24
ICT,ICT0160,M2,BUY_SELL,A,10,6,4,60.0,31.267,1.499,26.395,0.108,22.482,1,4,75.0,18.988,6,50.0,7.407,1,5,4,8,62.5,22.724,2,InpICTEntryTF=M2 | InpICTBiasTF=M15 | InpICTDisplacementATR=0.9 | InpICTMinFVG_ATR=0.05 | InpICTPriority=0 | InpICTSetupExpiryBars=12
ICT,ICT0162,M2,BUY,TAT_CA,17,9,8,52.941,30.963,1.771,79.675,0.185,39.344,2,8,50.0,46.282,9,55.556,33.393,5,4,8,9,77.778,73.465,1,InpICTEntryTF=M2 | InpICTBiasTF=M15 | InpICTDisplacementATR=0.9 | InpICTMinFVG_ATR=0.05 | InpICTPriority=1 | InpICTSetupExpiryBars=12
ICT,ICT0080,M1,BUY,TAT_CA,17,9,8,52.941,30.963,1.58,61.543,0.055,75.364,4,7,57.143,22.11,10,50.0,39.433,3,6,8,7,100.0,34.679,1,InpICTEntryTF=M1 | InpICTBiasTF=M30 | InpICTDisplacementATR=1.2 | InpICTMinFVG_ATR=0.05 | InpICTPriority=0 | InpICTSetupExpiryBars=12
ICT,ICT0088,M1,BUY,TAT_CA,17,9,8,52.941,30.963,1.563,59.788,0.046,75.364,4,7,57.143,20.355,10,50.0,39.433,3,6,8,7,100.0,34.679,1,InpICTEntryTF=M1 | InpICTBiasTF=M30 | InpICTDisplacementATR=1.2 | InpICTMinFVG_ATR=0.1 | InpICTPriority=0 | InpICTSetupExpiryBars=12
ICT,ICT0165,M2,BUY_SELL,AU,17,9,8,52.941,30.963,1.333,39.581,0.141,56.904,4,8,62.5,29.146,9,44.444,10.435,5,4,8,9,77.778,25.025,2,InpICTEntryTF=M2 | InpICTBiasTF=M15 | InpICTDisplacementATR=0.9 | InpICTMinFVG_ATR=0.05 | InpICTPriority=2 | InpICTSetupExpiryBars=24
ICT,ICT0003,M1,BUY,AU,17,9,8,52.941,30.963,1.375,34.174,0.055,21.266,2,8,50.0,15.335,9,55.556,18.839,3,6,8,7,85.714,35.752,2,InpICTEntryTF=M1 | InpICTBiasTF=M15 | InpICTDisplacementATR=0.6 | InpICTMinFVG_ATR=0.05 | InpICTPriority=1 | InpICTSetupExpiryBars=24
ICT,ICT0162,M2,BUY_SELL,TAT_CA,27,13,14,48.148,30.743,1.364,70.512,0.035,56.524,3,14,42.857,22.749,13,53.846,47.763,6,7,14,9,77.778,78.841,1,InpICTEntryTF=M2 | InpICTBiasTF=M15 | InpICTDisplacementATR=0.9 | InpICTMinFVG_ATR=0.05 | InpICTPriority=1 | InpICTSetupExpiryBars=12
ICT,ICT0298,M3,BUY_SELL,TAT_CA,22,11,11,50.0,30.722,1.421,75.856,0.134,69.842,3,15,46.667,32.998,7,57.143,42.858,4,7,11,8,75.0,47.793,1,InpICTEntryTF=M3 | InpICTBiasTF=M15 | InpICTDisplacementATR=0.6 | InpICTMinFVG_ATR=0.1 | InpICTPriority=1 | InpICTSetupExpiryBars=12
ICT,ICT0144,M2,BUY_SELL,AU,15,8,7,53.333,30.117,1.355,41.348,0.108,54.508,3,9,55.556,22.336,6,50.0,19.012,4,4,7,7,71.429,21.634,2,InpICTEntryTF=M2 | InpICTBiasTF=M15 | InpICTDisplacementATR=0.6 | InpICTMinFVG_ATR=0.05 | InpICTPriority=0 | InpICTSetupExpiryBars=12
ICT,ICT0005,M1,BUY,AU,15,8,7,53.333,30.117,1.513,39.35,0.072,26.624,2,8,62.5,35.735,7,42.857,3.615,3,5,7,7,85.714,37.663,2,InpICTEntryTF=M1 | InpICTBiasTF=M15 | InpICTDisplacementATR=0.6 | InpICTMinFVG_ATR=0.05 | InpICTPriority=2 | InpICTSetupExpiryBars=24
ICT,ICT0312,M3,BUY_SELL,TAT_CA,20,10,10,50.0,29.929,1.365,61.746,0.116,54.152,3,13,46.154,21.558,7,57.143,40.188,3,7,10,8,50.0,16.249,1,InpICTEntryTF=M3 | InpICTBiasTF=M15 | InpICTDisplacementATR=0.9 | InpICTMinFVG_ATR=0.1 | InpICTPriority=0 | InpICTSetupExpiryBars=12
ICT,ICT0303,M3,BUY,TAT_CA,13,7,6,53.846,29.143,2.013,103.274,0.343,38.962,2,9,55.556,52.367,4,50.0,50.907,3,4,6,7,85.714,62.498,1,InpICTEntryTF=M3 | InpICTBiasTF=M15 | InpICTDisplacementATR=0.6 | InpICTMinFVG_ATR=0.1 | InpICTPriority=3 | InpICTSetupExpiryBars=24
ICT,ICT0343,M3,BUY,TAT_CA,13,7,6,53.846,29.143,2.016,87.197,0.199,25.496,2,6,50.0,4.329,7,57.143,82.868,4,3,6,8,75.0,50.217,1,InpICTEntryTF=M3 | InpICTBiasTF=M30 | InpICTDisplacementATR=0.6 | InpICTMinFVG_ATR=0.05 | InpICTPriority=3 | InpICTSetupExpiryBars=24
ICT,ICT0148,M2,BUY_SELL,AU,13,7,6,53.846,29.143,1.434,46.211,0.162,54.508,3,7,57.143,27.199,6,50.0,19.012,4,3,6,8,75.0,17.943,2,InpICTEntryTF=M2 | InpICTBiasTF=M15 | InpICTDisplacementATR=0.6 | InpICTMinFVG_ATR=0.05 | InpICTPriority=2 | InpICTSetupExpiryBars=12
ICT,ICT0214,M2,BUY_SELL,AU,13,7,6,53.846,29.143,1.358,39.001,0.096,49.6,3,6,50.0,2.254,7,57.143,36.747,3,3,6,9,66.667,27.643,2,InpICTEntryTF=M2 | InpICTBiasTF=M30 | InpICTDisplacementATR=0.9 | InpICTMinFVG_ATR=0.05 | InpICTPriority=3 | InpICTSetupExpiryBars=12
ICT,ICT0231,M2,BUY_SELL,AU,11,6,5,54.545,28.009,1.587,52.299,0.158,47.016,3,5,60.0,23.716,6,50.0,28.583,3,2,5,8,62.5,8.418,1,InpICTEntryTF=M2 | InpICTBiasTF=M30 | InpICTDisplacementATR=1.2 | InpICTMinFVG_ATR=0.05 | InpICTPriority=3 | InpICTSetupExpiryBars=24
ICT,ICT0199,M2,BUY,AU,11,6,5,54.545,28.009,1.519,39.099,0.069,65.322,4,4,75.0,34.163,7,42.857,4.936,2,3,5,8,87.5,27.157,2,InpICTEntryTF=M2 | InpICTBiasTF=M30 | InpICTDisplacementATR=0.6 | InpICTMinFVG_ATR=0.05 | InpICTPriority=3 | InpICTSetupExpiryBars=24
ICT,ICT0033,M1,BUY,AU,11,6,5,54.545,28.009,1.456,30.342,0.225,36.3,2,6,50.0,6.965,5,60.0,23.377,4,2,5,6,83.333,25.958,2,InpICTEntryTF=M1 | InpICTBiasTF=M15 | InpICTDisplacementATR=1.2 | InpICTMinFVG_ATR=0.05 | InpICTPriority=0 | InpICTSetupExpiryBars=24
ICT,ICT0084,M1,BUY,TAT_CA,16,8,8,50.0,27.999,1.502,53.265,0.01,75.364,4,7,57.143,22.174,9,44.444,31.091,3,5,8,8,87.5,32.217,1,InpICTEntryTF=M1 | InpICTBiasTF=M30 | InpICTDisplacementATR=1.2 | InpICTMinFVG_ATR=0.05 | InpICTPriority=2 | InpICTSetupExpiryBars=12
ICT,ICT0092,M1,BUY,TAT_CA,16,8,8,50.0,27.999,1.485,51.51,0.001,75.364,4,7,57.143,20.419,9,44.444,31.091,3,5,8,8,75.0,31.339,1,InpICTEntryTF=M1 | InpICTBiasTF=M30 | InpICTDisplacementATR=1.2 | InpICTMinFVG_ATR=0.1 | InpICTPriority=2 | InpICTSetupExpiryBars=12
ICT,ICT0313,M3,BUY,TAT_CA,14,7,7,50.0,26.799,1.704,72.326,0.192,39.912,3,10,50.0,54.689,4,50.0,17.637,2,5,7,8,87.5,34.063,2,InpICTEntryTF=M3 | InpICTBiasTF=M15 | InpICTDisplacementATR=0.9 | InpICTMinFVG_ATR=0.1 | InpICTPriority=0 | InpICTSetupExpiryBars=24
ICT,ICT0319,M3,BUY,TAT_CA,14,7,7,50.0,26.799,1.471,62.498,0.243,67.156,3,10,50.0,27.167,4,50.0,35.331,3,4,7,8,75.0,46.724,1,InpICTEntryTF=M3 | InpICTBiasTF=M15 | InpICTDisplacementATR=0.9 | InpICTMinFVG_ATR=0.1 | InpICTPriority=3 | InpICTSetupExpiryBars=24
ICT,ICT0305,M3,BUY,TAT_CA,14,7,7,50.0,26.799,1.345,35.438,-0.065,39.912,3,9,44.444,12.559,5,60.0,22.879,1,6,7,8,75.0,20.549,2,InpICTEntryTF=M3 | InpICTBiasTF=M15 | InpICTDisplacementATR=0.9 | InpICTMinFVG_ATR=0.05 | InpICTPriority=0 | InpICTSetupExpiryBars=24
ICT,ICT0302,M3,BUY,TAT_CA,12,6,6,50.0,25.378,1.753,76.714,0.288,49.453,2,8,50.0,25.807,4,50.0,50.907,3,3,6,7,85.714,35.9,1,InpICTEntryTF=M3 | InpICTBiasTF=M15 | InpICTDisplacementATR=0.6 | InpICTMinFVG_ATR=0.1 | InpICTPriority=3 | InpICTSetupExpiryBars=12
ICT,ICT0021,M1,BUY,AU,12,6,6,50.0,25.378,1.64,42.842,0.121,26.624,2,6,50.0,7.185,6,50.0,35.657,4,2,6,8,75.0,33.258,2,InpICTEntryTF=M1 | InpICTBiasTF=M15 | InpICTDisplacementATR=0.9 | InpICTMinFVG_ATR=0.05 | InpICTPriority=2 | InpICTSetupExpiryBars=24
ICT,ICT0144,M2,SELL,TAT_CA,12,6,6,50.0,25.378,1.402,34.924,-0.062,46.218,2,8,50.0,17.31,4,50.0,17.614,1,5,6,7,85.714,14.844,2,InpICTEntryTF=M2 | InpICTBiasTF=M15 | InpICTDisplacementATR=0.6 | InpICTMinFVG_ATR=0.05 | InpICTPriority=0 | InpICTSetupExpiryBars=12
ICT,ICT0006,M1,BUY_SELL,MY,15,7,8,46.667,24.809,1.339,35.006,0.191,79.192,6,11,36.364,3.017,4,75.0,31.989,3,4,8,6,50.0,8.498,1,InpICTEntryTF=M1 | InpICTBiasTF=M15 | InpICTDisplacementATR=0.6 | InpICTMinFVG_ATR=0.05 | InpICTPriority=3 | InpICTSetupExpiryBars=12
ICT,ICT0230,M2,BUY_SELL,AU,10,5,5,50.0,23.659,1.398,35.3,0.1,46.772,3,5,60.0,23.716,5,40.0,11.584,3,1,5,8,50.0,4.845,1,InpICTEntryTF=M2 | InpICTBiasTF=M30 | InpICTDisplacementATR=1.2 | InpICTMinFVG_ATR=0.05 | InpICTPriority=3 | InpICTSetupExpiryBars=12
ICT,ICT0198,M2,BUY,AU,10,5,5,50.0,23.659,1.412,31.075,-0.005,65.322,4,3,66.667,26.139,7,42.857,4.936,2,2,5,8,87.5,16.028,2,InpICTEntryTF=M2 | InpICTBiasTF=M30 | InpICTDisplacementATR=0.6 | InpICTMinFVG_ATR=0.05 | InpICTPriority=3 | InpICTSetupExpiryBars=12
ICT,ICT0165,M2,BUY,AU,10,5,5,50.0,23.659,1.46,30.764,0.179,46.856,3,4,75.0,28.115,6,33.333,2.649,4,1,5,9,88.889,30.764,2,InpICTEntryTF=M2 | InpICTBiasTF=M15 | InpICTDisplacementATR=0.9 | InpICTMinFVG_ATR=0.05 | InpICTPriority=2 | InpICTSetupExpiryBars=24
ICT,ICT0037,M1,BUY,AU,10,5,5,50.0,23.659,1.332,22.064,0.171,36.3,2,6,50.0,7.029,4,50.0,15.035,4,1,5,7,71.429,10.033,2,InpICTEntryTF=M1 | InpICTBiasTF=M15 | InpICTDisplacementATR=1.2 | InpICTMinFVG_ATR=0.05 | InpICTPriority=2 | InpICTSetupExpiryBars=24
ICT,ICT0301,M3,BUY,TAT_CA,13,6,7,46.154,23.206,1.762,74.654,0.153,37.802,3,10,50.0,56.716,3,33.333,17.938,2,4,7,8,87.5,58.897,1,InpICTEntryTF=M3 | InpICTBiasTF=M15 | InpICTDisplacementATR=0.6 | InpICTMinFVG_ATR=0.1 | InpICTPriority=2 | InpICTSetupExpiryBars=24
ICT,ICT0297,M3,BUY,TAT_CA,13,6,7,46.154,23.206,1.753,74.178,0.152,38.278,3,10,50.0,56.24,3,33.333,17.938,2,4,7,7,85.714,48.728,2,InpICTEntryTF=M3 | InpICTBiasTF=M15 | InpICTDisplacementATR=0.6 | InpICTMinFVG_ATR=0.1 | InpICTPriority=0 | InpICTSetupExpiryBars=24
ICT,ICT0317,M3,BUY,TAT_CA,13,6,7,46.154,23.206,1.58,59.324,0.153,39.436,3,10,50.0,55.165,3,33.333,4.159,2,4,7,9,88.889,42.431,1,InpICTEntryTF=M3 | InpICTBiasTF=M15 | InpICTDisplacementATR=0.9 | InpICTMinFVG_ATR=0.1 | InpICTPriority=2 | InpICTSetupExpiryBars=24
ICT,ICT0295,M3,BUY,TAT_CA,13,6,7,46.154,23.206,1.394,44.571,-0.053,44.284,3,8,50.0,10.237,5,40.0,34.334,2,4,7,7,85.714,27.093,1,InpICTEntryTF=M3 | InpICTBiasTF=M15 | InpICTDisplacementATR=0.6 | InpICTMinFVG_ATR=0.05 | InpICTPriority=3 | InpICTSetupExpiryBars=24
ICT,ICT0300,M3,BUY,TAT_CA,11,5,6,45.455,21.271,1.665,58.471,0.185,37.485,2,8,50.0,40.533,3,33.333,17.938,2,3,6,8,87.5,45.579,1,InpICTEntryTF=M3 | InpICTBiasTF=M15 | InpICTDisplacementATR=0.6 | InpICTMinFVG_ATR=0.1 | InpICTPriority=2 | InpICTSetupExpiryBars=12
ICT,ICT0316,M3,BUY,TAT_CA,11,5,6,45.455,21.271,1.46,42.431,0.185,39.119,2,8,50.0,38.889,3,33.333,3.542,2,3,6,9,77.778,32.688,1,InpICTEntryTF=M3 | InpICTBiasTF=M15 | InpICTDisplacementATR=0.9 | InpICTMinFVG_ATR=0.1 | InpICTPriority=2 | InpICTSetupExpiryBars=12
ICT,ICT0148,M2,SELL,TAT_CA,11,5,6,45.455,21.271,1.342,29.713,-0.115,56.254,3,7,42.857,12.099,4,50.0,17.614,1,4,6,8,75.0,15.293,2,InpICTEntryTF=M2 | InpICTBiasTF=M15 | InpICTDisplacementATR=0.6 | InpICTMinFVG_ATR=0.05 | InpICTPriority=2 | InpICTSetupExpiryBars=12
ICT,ICT0296,M3,BUY,TAT_CA,12,5,7,41.667,19.326,1.495,48.728,0.092,47.228,3,9,44.444,30.79,3,33.333,17.938,2,3,7,7,71.429,32.688,2,InpICTEntryTF=M3 | InpICTBiasTF=M15 | InpICTDisplacementATR=0.6 | InpICTMinFVG_ATR=0.1 | InpICTPriority=0 | InpICTSetupExpiryBars=12
ICT,ICT0312,M3,BUY,TAT_CA,12,5,7,41.667,19.326,1.318,32.688,0.092,48.862,3,9,44.444,29.146,3,33.333,3.542,2,3,7,8,62.5,16.736,2,InpICTEntryTF=M3 | InpICTBiasTF=M15 | InpICTDisplacementATR=0.9 | InpICTMinFVG_ATR=0.1 | InpICTPriority=0 | InpICTSetupExpiryBars=12
LQ,LQ0412,M4,BUY_SELL,AU,17,14,3,82.353,58.97,5.193,146.487,0.845,20.08,2,13,84.615,122.015,4,75.0,24.472,9,5,3,8,87.5,105.403,1,InpPVKhungQuetThanhKhoan=M4 | InpPVDoXuyenToiThieuGia=0.7 | InpPVDoXuyenToiDaGia=2 | InpPVSoNenThanhKhoan=6 | InpPVRauQuetTrenThan=3 | InpPVSoNenTimSL=5
LQ,LQ0080,M1,BUY_SELL,TAT_CA,32,24,8,75.0,57.893,2.884,155.591,0.488,14.738,1,19,78.947,114.354,13,69.231,41.237,9,15,8,7,100.0,120.687,2,InpPVKhungQuetThanhKhoan=M1 | InpPVDoXuyenToiThieuGia=0.7 | InpPVDoXuyenToiDaGia=1 | InpPVSoNenThanhKhoan=12 | InpPVRauQuetTrenThan=2 | InpPVSoNenTimSL=5
LQ,LQ0413,M4,BUY_SELL,AU,16,13,3,81.25,56.991,4.329,133.284,0.76,25.19,2,12,83.333,108.812,4,75.0,24.472,7,6,3,8,75.0,98.802,1,InpPVKhungQuetThanhKhoan=M4 | InpPVDoXuyenToiThieuGia=0.7 | InpPVDoXuyenToiDaGia=2 | InpPVSoNenThanhKhoan=6 | InpPVRauQuetTrenThan=3 | InpPVSoNenTimSL=10
LQ,LQ0376,M4,BUY_SELL,AU,19,15,4,78.947,56.665,4.225,144.992,0.748,22.995,2,14,78.571,111.991,5,80.0,33.001,9,6,4,9,88.889,124.763,1,InpPVKhungQuetThanhKhoan=M4 | InpPVDoXuyenToiThieuGia=0.5 | InpPVDoXuyenToiDaGia=2 | InpPVSoNenThanhKhoan=6 | InpPVRauQuetTrenThan=3 | InpPVSoNenTimSL=5
LQ,LQ0092,M1,BUY_SELL,TAT_CA,71,48,23,67.606,56.061,2.12,275.294,0.387,42.008,3,46,65.217,178.024,25,72.0,97.27,22,26,23,8,87.5,214.084,2,InpPVKhungQuetThanhKhoan=M1 | InpPVDoXuyenToiThieuGia=0.7 | InpPVDoXuyenToiDaGia=2 | InpPVSoNenThanhKhoan=12 | InpPVRauQuetTrenThan=2 | InpPVSoNenTimSL=5
LQ,LQ0089,M1,BUY,TAT_CA,30,22,8,73.333,55.552,3.096,168.682,0.53,21.141,2,20,75.0,133.851,10,70.0,34.831,10,12,8,7,85.714,98.738,1,InpPVKhungQuetThanhKhoan=M1 | InpPVDoXuyenToiThieuGia=0.7 | InpPVDoXuyenToiDaGia=2 | InpPVSoNenThanhKhoan=6 | InpPVRauQuetTrenThan=3 | InpPVSoNenTimSL=10
LQ,LQ0768,M15,SELL,TAT_CA,12,10,2,83.333,55.196,4.754,75.573,0.581,10.066,1,7,71.429,36.349,5,100.0,39.224,2,8,2,7,71.429,46.283,2,InpPVKhungQuetThanhKhoan=M15 | InpPVDoXuyenToiThieuGia=0.3 | InpPVDoXuyenToiDaGia=2 | InpPVSoNenThanhKhoan=6 | InpPVRauQuetTrenThan=1.5 | InpPVSoNenTimSL=5
LQ,LQ0840,M15,SELL,TAT_CA,12,10,2,83.333,55.196,4.74,75.288,0.581,10.066,1,7,71.429,36.064,5,100.0,39.224,2,8,2,7,85.714,45.998,1,InpPVKhungQuetThanhKhoan=M15 | InpPVDoXuyenToiThieuGia=0.7 | InpPVDoXuyenToiDaGia=2 | InpPVSoNenThanhKhoan=6 | InpPVRauQuetTrenThan=1.5 | InpPVSoNenTimSL=5
LQ,LQ0040,M1,BUY_SELL,AU,24,18,6,75.0,55.1,3.0,120.587,0.502,20.2,2,15,80.0,86.271,9,66.667,34.316,7,11,6,7,85.714,84.023,1,InpPVKhungQuetThanhKhoan=M1 | InpPVDoXuyenToiThieuGia=0.5 | InpPVDoXuyenToiDaGia=1 | InpPVSoNenThanhKhoan=6 | InpPVRauQuetTrenThan=3 | InpPVSoNenTimSL=5
LQ,LQ0041,M1,BUY_SELL,AU,24,18,6,75.0,55.1,2.999,120.576,0.5,20.2,2,15,80.0,86.26,9,66.667,34.316,7,11,6,7,85.714,84.012,1,InpPVKhungQuetThanhKhoan=M1 | InpPVDoXuyenToiThieuGia=0.5 | InpPVDoXuyenToiDaGia=1 | InpPVSoNenThanhKhoan=6 | InpPVRauQuetTrenThan=3 | InpPVSoNenTimSL=10
LQ,LQ0104,M1,BUY_SELL,TAT_CA,79,52,27,65.823,54.849,1.983,283.606,0.357,53.392,4,52,65.385,205.024,27,66.667,78.582,24,28,27,7,85.714,231.117,2,InpPVKhungQuetThanhKhoan=M1 | InpPVDoXuyenToiThieuGia=0.7 | InpPVDoXuyenToiDaGia=3 | InpPVSoNenThanhKhoan=12 | InpPVRauQuetTrenThan=2 | InpPVSoNenTimSL=5
LQ,LQ0377,M4,BUY_SELL,AU,18,14,4,77.778,54.785,3.632,131.789,0.667,28.105,2,13,76.923,98.788,5,80.0,33.001,7,7,4,9,100.0,120.509,1,InpPVKhungQuetThanhKhoan=M4 | InpPVDoXuyenToiThieuGia=0.5 | InpPVDoXuyenToiDaGia=2 | InpPVSoNenThanhKhoan=6 | InpPVRauQuetTrenThan=3 | InpPVSoNenTimSL=10
LQ,LQ0425,M4,BUY_SELL,AU,18,14,4,77.778,54.785,3.474,124.419,0.634,25.19,2,12,83.333,101.36,6,66.667,23.059,6,8,4,7,85.714,122.924,1,InpPVKhungQuetThanhKhoan=M4 | InpPVDoXuyenToiThieuGia=0.7 | InpPVDoXuyenToiDaGia=3 | InpPVSoNenThanhKhoan=6 | InpPVRauQuetTrenThan=3 | InpPVSoNenTimSL=10
LQ,LQ0078,M1,BUY_SELL,TAT_CA,40,28,12,70.0,54.57,2.244,152.835,0.384,20.734,2,25,72.0,106.548,15,66.667,46.287,10,18,12,6,83.333,146.166,2,InpPVKhungQuetThanhKhoan=M1 | InpPVDoXuyenToiThieuGia=0.7 | InpPVDoXuyenToiDaGia=1 | InpPVSoNenThanhKhoan=12 | InpPVRauQuetTrenThan=1.5 | InpPVSoNenTimSL=5
LQ,LQ0077,M1,BUY_SELL,TAT_CA,29,21,8,72.414,54.283,2.555,129.518,0.425,20.946,2,17,70.588,88.566,12,75.0,40.952,8,13,8,6,83.333,96.233,1,InpPVKhungQuetThanhKhoan=M1 | InpPVDoXuyenToiThieuGia=0.7 | InpPVDoXuyenToiDaGia=1 | InpPVSoNenThanhKhoan=6 | InpPVRauQuetTrenThan=3 | InpPVSoNenTimSL=10
LQ,LQ0423,M4,BUY_SELL,AU,26,19,7,73.077,53.917,2.691,147.717,0.52,27.026,2,15,80.0,109.915,11,63.636,37.802,7,11,7,8,87.5,101.522,1,InpPVKhungQuetThanhKhoan=M4 | InpPVDoXuyenToiThieuGia=0.7 | InpPVDoXuyenToiDaGia=3 | InpPVSoNenThanhKhoan=6 | InpPVRauQuetTrenThan=2 | InpPVSoNenTimSL=10
LQ,LQ0065,M1,BUY_SELL,AU,39,27,12,69.231,53.578,2.44,176.144,0.44,24.817,2,27,66.667,108.836,12,75.0,67.308,12,15,12,7,85.714,135.136,1,InpPVKhungQuetThanhKhoan=M1 | InpPVDoXuyenToiThieuGia=0.5 | InpPVDoXuyenToiDaGia=3 | InpPVSoNenThanhKhoan=6 | InpPVRauQuetTrenThan=3 | InpPVSoNenTimSL=10
LQ,LQ0064,M1,BUY_SELL,AU,39,27,12,69.231,53.578,2.404,171.213,0.433,24.817,2,27,66.667,103.905,12,75.0,67.308,12,15,12,7,85.714,129.478,1,InpPVKhungQuetThanhKhoan=M1 | InpPVDoXuyenToiThieuGia=0.5 | InpPVDoXuyenToiDaGia=3 | InpPVSoNenThanhKhoan=6 | InpPVRauQuetTrenThan=3 | InpPVSoNenTimSL=5
LQ,LQ0053,M1,BUY_SELL,AU,36,25,11,69.444,53.143,2.448,160.601,0.437,20.309,2,25,68.0,102.655,11,72.727,57.946,11,14,11,8,87.5,120.116,1,InpPVKhungQuetThanhKhoan=M1 | InpPVDoXuyenToiThieuGia=0.5 | InpPVDoXuyenToiDaGia=2 | InpPVSoNenThanhKhoan=6 | InpPVRauQuetTrenThan=3 | InpPVSoNenTimSL=10
LQ,LQ0052,M1,BUY_SELL,AU,36,25,11,69.444,53.143,2.407,155.67,0.43,25.251,2,25,68.0,97.724,11,72.727,57.946,11,14,11,8,87.5,117.152,1,InpPVKhungQuetThanhKhoan=M1 | InpPVDoXuyenToiThieuGia=0.5 | InpPVDoXuyenToiDaGia=2 | InpPVSoNenThanhKhoan=6 | InpPVRauQuetTrenThan=3 | InpPVSoNenTimSL=5
LQ,LQ0340,M4,BUY_SELL,AU,20,15,5,75.0,53.129,3.378,133.712,0.66,22.995,2,15,73.333,100.711,5,80.0,33.001,9,6,5,8,75.0,97.065,1,InpPVKhungQuetThanhKhoan=M4 | InpPVDoXuyenToiThieuGia=0.3 | InpPVDoXuyenToiDaGia=2 | InpPVSoNenThanhKhoan=6 | InpPVRauQuetTrenThan=3 | InpPVSoNenTimSL=5
LQ,LQ0424,M4,BUY_SELL,AU,20,15,5,75.0,53.129,3.233,126.258,0.63,20.08,2,14,78.571,103.199,6,66.667,23.059,8,7,5,7,85.714,124.419,1,InpPVKhungQuetThanhKhoan=M4 | InpPVDoXuyenToiThieuGia=0.7 | InpPVDoXuyenToiDaGia=3 | InpPVSoNenThanhKhoan=6 | InpPVRauQuetTrenThan=3 | InpPVSoNenTimSL=5
LQ,LQ0389,M4,BUY_SELL,AU,20,15,5,75.0,53.129,3.038,122.924,0.563,28.105,2,13,76.923,91.336,7,71.429,31.588,6,9,5,8,100.0,118.032,1,InpPVKhungQuetThanhKhoan=M4 | InpPVDoXuyenToiThieuGia=0.5 | InpPVDoXuyenToiDaGia=3 | InpPVSoNenThanhKhoan=6 | InpPVRauQuetTrenThan=3 | InpPVSoNenTimSL=10
LQ,LQ0075,M1,BUY_SELL,TAT_CA,41,28,13,68.293,53.016,2.084,144.938,0.338,25.499,2,27,66.667,108.899,14,71.429,36.039,10,18,13,7,85.714,129.518,1,InpPVKhungQuetThanhKhoan=M1 | InpPVDoXuyenToiThieuGia=0.7 | InpPVDoXuyenToiDaGia=1 | InpPVSoNenThanhKhoan=6 | InpPVRauQuetTrenThan=2 | InpPVSoNenTimSL=10
LQ,LQ0073,M1,BUY_SELL,TAT_CA,51,34,17,66.667,52.968,1.908,157.909,0.297,35.555,3,35,62.857,98.735,16,75.0,59.174,11,23,17,6,83.333,135.791,1,InpPVKhungQuetThanhKhoan=M1 | InpPVDoXuyenToiThieuGia=0.7 | InpPVDoXuyenToiDaGia=1 | InpPVSoNenThanhKhoan=6 | InpPVRauQuetTrenThan=1.5 | InpPVSoNenTimSL=10
LQ,LQ0387,M4,BUY_SELL,AU,28,20,8,71.429,52.94,2.569,152.708,0.5,27.026,2,16,75.0,99.891,12,66.667,52.817,8,11,8,9,100.0,124.235,1,InpPVKhungQuetThanhKhoan=M4 | InpPVDoXuyenToiThieuGia=0.5 | InpPVDoXuyenToiDaGia=3 | InpPVSoNenThanhKhoan=6 | InpPVRauQuetTrenThan=2 | InpPVSoNenTimSL=10
LQ,LQ0422,M4,BUY_SELL,AU,28,20,8,71.429,52.94,2.598,149.556,0.525,27.026,2,17,76.471,111.754,11,63.636,37.802,9,10,8,8,87.5,115.767,1,InpPVKhungQuetThanhKhoan=M4 | InpPVDoXuyenToiThieuGia=0.7 | InpPVDoXuyenToiDaGia=3 | InpPVSoNenThanhKhoan=6 | InpPVRauQuetTrenThan=2 | InpPVSoNenTimSL=5
LQ,LQ0462,M5,BUY_SELL,MY,17,13,4,76.471,52.738,2.234,72.863,0.412,20.956,1,13,76.923,54.293,4,75.0,18.57,4,9,4,7,85.714,58.76,2,InpPVKhungQuetThanhKhoan=M5 | InpPVDoXuyenToiThieuGia=0.3 | InpPVDoXuyenToiDaGia=3 | InpPVSoNenThanhKhoan=12 | InpPVRauQuetTrenThan=1.5 | InpPVSoNenTimSL=5
LQ,LQ0087,M1,BUY,TAT_CA,43,29,14,67.442,52.516,2.422,202.118,0.444,31.118,3,28,71.429,168.322,15,60.0,33.796,15,14,14,8,87.5,156.449,1,InpPVKhungQuetThanhKhoan=M1 | InpPVDoXuyenToiThieuGia=0.7 | InpPVDoXuyenToiDaGia=2 | InpPVSoNenThanhKhoan=6 | InpPVRauQuetTrenThan=2 | InpPVSoNenTimSL=10
LQ,LQ0464,M5,BUY_SELL,MY,14,11,3,78.571,52.41,2.36,58.76,0.406,20.956,1,11,81.818,55.442,3,66.667,3.318,2,9,3,8,87.5,35.011,2,InpPVKhungQuetThanhKhoan=M5 | InpPVDoXuyenToiThieuGia=0.3 | InpPVDoXuyenToiDaGia=3 | InpPVSoNenThanhKhoan=12 | InpPVRauQuetTrenThan=2 | InpPVSoNenTimSL=5
LQ,LQ0418,M4,BUY_SELL,AU,11,9,2,81.818,52.301,4.754,93.421,0.778,14.852,1,7,85.714,70.804,4,75.0,22.617,5,4,2,8,75.0,72.22,2,InpPVKhungQuetThanhKhoan=M4 | InpPVDoXuyenToiThieuGia=0.7 | InpPVDoXuyenToiDaGia=2 | InpPVSoNenThanhKhoan=12 | InpPVRauQuetTrenThan=3 | InpPVSoNenTimSL=5
LQ,LQ0076,M1,BUY_SELL,AU,11,9,2,81.818,52.301,4.465,69.465,0.631,10.038,1,7,100.0,67.855,4,50.0,1.61,3,6,2,6,100.0,66.368,1,InpPVKhungQuetThanhKhoan=M1 | InpPVDoXuyenToiThieuGia=0.7 | InpPVDoXuyenToiDaGia=1 | InpPVSoNenThanhKhoan=6 | InpPVRauQuetTrenThan=3 | InpPVSoNenTimSL=5
LQ,LQ0077,M1,BUY_SELL,AU,11,9,2,81.818,52.301,4.465,69.454,0.627,10.038,1,7,100.0,67.844,4,50.0,1.61,3,6,2,6,83.333,66.368,1,InpPVKhungQuetThanhKhoan=M1 | InpPVDoXuyenToiThieuGia=0.7 | InpPVDoXuyenToiDaGia=1 | InpPVSoNenThanhKhoan=6 | InpPVRauQuetTrenThan=3 | InpPVSoNenTimSL=10
LQ,LQ0770,M15,SELL,TAT_CA,11,9,2,81.818,52.301,4.319,66.809,0.554,10.066,1,6,66.667,27.585,5,100.0,39.224,2,7,2,8,87.5,37.491,2,InpPVKhungQuetThanhKhoan=M15 | InpPVDoXuyenToiThieuGia=0.3 | InpPVDoXuyenToiDaGia=2 | InpPVSoNenThanhKhoan=6 | InpPVRauQuetTrenThan=2 | InpPVSoNenTimSL=5
LQ,LQ0842,M15,SELL,TAT_CA,11,9,2,81.818,52.301,4.305,66.524,0.554,10.066,1,6,66.667,27.3,5,100.0,39.224,2,7,2,8,87.5,37.349,1,InpPVKhungQuetThanhKhoan=M15 | InpPVDoXuyenToiThieuGia=0.7 | InpPVDoXuyenToiDaGia=2 | InpPVSoNenThanhKhoan=6 | InpPVRauQuetTrenThan=2 | InpPVSoNenTimSL=5
LQ,LQ0769,M15,SELL,TAT_CA,11,9,2,81.818,52.301,3.943,59.246,0.497,10.066,1,6,66.667,20.022,5,100.0,39.224,1,8,2,7,71.429,46.283,2,InpPVKhungQuetThanhKhoan=M15 | InpPVDoXuyenToiThieuGia=0.3 | InpPVDoXuyenToiDaGia=2 | InpPVSoNenThanhKhoan=6 | InpPVRauQuetTrenThan=1.5 | InpPVSoNenTimSL=10
LQ,LQ0841,M15,SELL,TAT_CA,11,9,2,81.818,52.301,3.929,58.961,0.497,10.066,1,6,66.667,19.737,5,100.0,39.224,1,8,2,7,85.714,45.998,1,InpPVKhungQuetThanhKhoan=M15 | InpPVDoXuyenToiThieuGia=0.7 | InpPVDoXuyenToiDaGia=2 | InpPVSoNenThanhKhoan=6 | InpPVRauQuetTrenThan=1.5 | InpPVSoNenTimSL=10
LQ,LQ0085,M1,BUY,TAT_CA,50,33,17,66.0,52.154,2.211,210.565,0.402,41.832,4,33,66.667,153.634,17,64.706,56.931,16,17,17,7,85.714,152.592,1,InpPVKhungQuetThanhKhoan=M1 | InpPVDoXuyenToiThieuGia=0.7 | InpPVDoXuyenToiDaGia=2 | InpPVSoNenThanhKhoan=6 | InpPVRauQuetTrenThan=1.5 | InpPVSoNenTimSL=10
LQ,LQ0386,M4,BUY_SELL,AU,30,21,9,70.0,52.124,2.492,154.547,0.506,27.026,2,18,72.222,101.73,12,66.667,52.817,10,10,9,9,88.889,133.712,1,InpPVKhungQuetThanhKhoan=M4 | InpPVDoXuyenToiThieuGia=0.5 | InpPVDoXuyenToiDaGia=3 | InpPVSoNenThanhKhoan=6 | InpPVRauQuetTrenThan=2 | InpPVSoNenTimSL=5
LQ,LQ0088,M1,BUY,TAT_CA,30,21,9,70.0,52.124,2.506,136.46,0.449,21.141,2,20,70.0,101.701,10,70.0,34.759,9,12,9,7,85.714,98.738,1,InpPVKhungQuetThanhKhoan=M1 | InpPVDoXuyenToiThieuGia=0.7 | InpPVDoXuyenToiDaGia=2 | InpPVSoNenThanhKhoan=6 | InpPVRauQuetTrenThan=3 | InpPVSoNenTimSL=5
LQ,LQ0102,M1,BUY_SELL,TAT_CA,95,59,36,62.105,52.059,1.652,252.605,0.271,63.548,5,64,59.375,145.407,31,67.742,107.198,26,33,36,6,83.333,220.675,2,InpPVKhungQuetThanhKhoan=M1 | InpPVDoXuyenToiThieuGia=0.7 | InpPVDoXuyenToiDaGia=3 | InpPVSoNenThanhKhoan=12 | InpPVRauQuetTrenThan=1.5 | InpPVSoNenTimSL=5
LQ,LQ0036,M1,BUY_SELL,AU,40,27,13,67.5,52.017,2.138,143.457,0.359,25.312,3,25,76.0,121.632,15,53.333,21.825,10,17,12,7,85.714,84.023,1,InpPVKhungQuetThanhKhoan=M1 | InpPVDoXuyenToiThieuGia=0.5 | InpPVDoXuyenToiDaGia=1 | InpPVSoNenThanhKhoan=6 | InpPVRauQuetTrenThan=1.5 | InpPVSoNenTimSL=5
LQ,LQ0037,M1,BUY_SELL,AU,40,27,13,67.5,52.017,2.138,143.438,0.354,25.312,3,25,76.0,121.632,15,53.333,21.806,10,17,12,7,85.714,84.012,1,InpPVKhungQuetThanhKhoan=M1 | InpPVDoXuyenToiThieuGia=0.5 | InpPVDoXuyenToiDaGia=1 | InpPVSoNenThanhKhoan=6 | InpPVRauQuetTrenThan=1.5 | InpPVSoNenTimSL=10
LQ,LQ0087,M1,BUY_SELL,TAT_CA,90,56,34,62.222,51.9,1.713,255.205,0.269,57.359,4,59,61.017,186.167,31,64.516,69.038,25,31,34,8,87.5,189.529,1,InpPVKhungQuetThanhKhoan=M1 | InpPVDoXuyenToiThieuGia=0.7 | InpPVDoXuyenToiDaGia=2 | InpPVSoNenThanhKhoan=6 | InpPVRauQuetTrenThan=2 | InpPVSoNenTimSL=10
LQ,LQ0388,M4,BUY_SELL,AU,22,16,6,72.727,51.848,2.874,124.763,0.566,22.995,2,15,73.333,93.175,7,71.429,31.588,8,8,6,8,87.5,118.204,1,InpPVKhungQuetThanhKhoan=M4 | InpPVDoXuyenToiThieuGia=0.5 | InpPVDoXuyenToiDaGia=3 | InpPVSoNenThanhKhoan=6 | InpPVRauQuetTrenThan=3 | InpPVSoNenTimSL=5
LQ,LQ0073,M1,BUY,TAT_CA,22,16,6,72.727,51.848,2.913,118.492,0.512,21.724,2,13,76.923,83.646,9,66.667,34.846,7,9,6,6,83.333,88.763,1,InpPVKhungQuetThanhKhoan=M1 | InpPVDoXuyenToiThieuGia=0.7 | InpPVDoXuyenToiDaGia=1 | InpPVSoNenThanhKhoan=6 | InpPVRauQuetTrenThan=1.5 | InpPVSoNenTimSL=10
LQ,LQ0445,M5,BUY_SELL,MY,22,16,6,72.727,51.848,2.352,109.641,0.531,32.042,2,18,66.667,56.993,4,100.0,52.648,6,10,6,8,75.0,71.076,1,InpPVKhungQuetThanhKhoan=M5 | InpPVDoXuyenToiThieuGia=0.3 | InpPVDoXuyenToiDaGia=2 | InpPVSoNenThanhKhoan=6 | InpPVRauQuetTrenThan=1.5 | InpPVSoNenTimSL=10
LQ,LQ0046,M1,BUY_SELL,AU,22,16,6,72.727,51.848,2.594,96.543,0.44,27.612,2,13,84.615,87.563,9,55.556,8.98,6,10,6,7,85.714,95.809,2,InpPVKhungQuetThanhKhoan=M1 | InpPVDoXuyenToiThieuGia=0.5 | InpPVDoXuyenToiDaGia=1 | InpPVSoNenThanhKhoan=12 | InpPVRauQuetTrenThan=3 | InpPVSoNenTimSL=5
LQ,LQ0082,M1,BUY_SELL,TAT_CA,22,16,6,72.727,51.848,2.509,94.213,0.431,24.746,2,11,81.818,73.789,11,63.636,20.424,6,10,6,6,83.333,104.167,2,InpPVKhungQuetThanhKhoan=M1 | InpPVDoXuyenToiThieuGia=0.7 | InpPVDoXuyenToiDaGia=1 | InpPVSoNenThanhKhoan=12 | InpPVRauQuetTrenThan=3 | InpPVSoNenTimSL=5
LQ,LQ0099,M1,BUY_SELL,TAT_CA,99,61,38,61.616,51.773,1.678,271.572,0.257,63.472,5,65,61.538,212.967,34,61.765,58.605,27,34,38,7,85.714,225.599,1,InpPVKhungQuetThanhKhoan=M1 | InpPVDoXuyenToiThieuGia=0.7 | InpPVDoXuyenToiDaGia=3 | InpPVSoNenThanhKhoan=6 | InpPVRauQuetTrenThan=2 | InpPVSoNenTimSL=10
LQ,LQ0090,M1,BUY_SELL,TAT_CA,85,53,32,62.353,51.73,1.681,229.011,0.269,52.164,4,57,59.649,136.847,28,67.857,92.164,23,30,32,7,85.714,188.744,2,InpPVKhungQuetThanhKhoan=M1 | InpPVDoXuyenToiThieuGia=0.7 | InpPVDoXuyenToiDaGia=2 | InpPVSoNenThanhKhoan=12 | InpPVRauQuetTrenThan=1.5 | InpPVSoNenTimSL=5
LQ,LQ0341,M4,BUY_SELL,AU,19,14,5,73.684,51.208,2.964,120.509,0.58,28.105,2,14,71.429,87.508,5,80.0,33.001,7,7,5,8,75.0,96.145,1,InpPVKhungQuetThanhKhoan=M4 | InpPVDoXuyenToiThieuGia=0.3 | InpPVDoXuyenToiDaGia=2 | InpPVSoNenThanhKhoan=6 | InpPVRauQuetTrenThan=3 | InpPVSoNenTimSL=10
LQ,LQ0094,M1,BUY_SELL,A,19,14,5,73.684,51.208,2.517,77.294,0.403,20.712,2,11,63.636,31.007,8,87.5,46.287,4,10,5,7,85.714,63.937,2,InpPVKhungQuetThanhKhoan=M1 | InpPVDoXuyenToiThieuGia=0.7 | InpPVDoXuyenToiDaGia=2 | InpPVSoNenThanhKhoan=12 | InpPVRauQuetTrenThan=3 | InpPVSoNenTimSL=5
LQ,LQ0061,M1,BUY_SELL,AU,63,40,23,63.492,51.148,1.818,193.409,0.297,35.356,4,42,66.667,138.59,21,57.143,54.819,16,24,22,7,85.714,150.621,1,InpPVKhungQuetThanhKhoan=M1 | InpPVDoXuyenToiThieuGia=0.5 | InpPVDoXuyenToiDaGia=3 | InpPVSoNenThanhKhoan=6 | InpPVRauQuetTrenThan=1.5 | InpPVSoNenTimSL=10
LQ,LQ0099,M1,BUY,TAT_CA,51,33,18,64.706,50.986,2.116,206.492,0.376,42.502,4,33,69.697,185.224,18,55.556,21.268,17,16,18,7,85.714,158.275,1,InpPVKhungQuetThanhKhoan=M1 | InpPVDoXuyenToiThieuGia=0.7 | InpPVDoXuyenToiDaGia=3 | InpPVSoNenThanhKhoan=6 | InpPVRauQuetTrenThan=2 | InpPVSoNenTimSL=10
LQ,LQ0094,M1,BUY_SELL,TAT_CA,51,33,18,64.706,50.986,1.762,147.837,0.286,30.964,3,32,62.5,97.722,19,68.421,50.115,13,20,18,7,85.714,139.271,2,InpPVKhungQuetThanhKhoan=M1 | InpPVDoXuyenToiThieuGia=0.7 | InpPVDoXuyenToiDaGia=2 | InpPVSoNenThanhKhoan=12 | InpPVRauQuetTrenThan=3 | InpPVSoNenTimSL=5
LQ,LQ0072,M1,BUY_SELL,TAT_CA,51,33,18,64.706,50.986,1.691,126.643,0.249,49.609,3,35,60.0,67.469,16,75.0,59.174,10,23,18,6,83.333,133.254,1,InpPVKhungQuetThanhKhoan=M1 | InpPVDoXuyenToiThieuGia=0.7 | InpPVDoXuyenToiDaGia=1 | InpPVSoNenThanhKhoan=6 | InpPVRauQuetTrenThan=1.5 | InpPVSoNenTimSL=5
LQ,LQ0385,M4,BUY_SELL,AU,34,23,11,67.647,50.843,1.914,130.198,0.389,37.04,3,20,70.0,81.194,14,64.286,49.004,8,14,11,8,100.0,111.406,1,InpPVKhungQuetThanhKhoan=M4 | InpPVDoXuyenToiThieuGia=0.5 | InpPVDoXuyenToiDaGia=3 | InpPVSoNenThanhKhoan=6 | InpPVRauQuetTrenThan=1.5 | InpPVSoNenTimSL=10
LQ,LQ0374,M4,BUY_SELL,AU,24,17,7,70.833,50.832,2.676,137.438,0.59,27.026,2,15,73.333,101.979,9,66.667,35.459,11,6,7,10,90.0,120.81,1,InpPVKhungQuetThanhKhoan=M4 | InpPVDoXuyenToiThieuGia=0.5 | InpPVDoXuyenToiDaGia=2 | InpPVSoNenThanhKhoan=6 | InpPVRauQuetTrenThan=2 | InpPVSoNenTimSL=5
LQ,LQ0457,M5,BUY_SELL,MY,24,17,7,70.833,50.832,2.248,115.666,0.507,32.042,2,18,66.667,56.993,6,83.333,58.673,7,10,7,7,71.429,72.863,1,InpPVKhungQuetThanhKhoan=M5 | InpPVDoXuyenToiThieuGia=0.3 | InpPVDoXuyenToiDaGia=3 | InpPVSoNenThanhKhoan=6 | InpPVRauQuetTrenThan=1.5 | InpPVSoNenTimSL=10
LQ,LQ0089,M1,BUY_SELL,A,24,17,7,70.833,50.832,2.323,95.214,0.368,44.553,4,15,53.333,18.694,9,100.0,76.52,6,11,7,7,85.714,74.143,1,InpPVKhungQuetThanhKhoan=M1 | InpPVDoXuyenToiThieuGia=0.7 | InpPVDoXuyenToiDaGia=2 | InpPVSoNenThanhKhoan=6 | InpPVRauQuetTrenThan=3 | InpPVSoNenTimSL=10
LQ,LQ0086,M1,BUY_SELL,TAT_CA,90,55,35,61.111,50.782,1.586,214.707,0.238,57.359,4,59,59.322,145.741,31,64.516,68.966,24,31,35,8,87.5,151.14,1,InpPVKhungQuetThanhKhoan=M1 | InpPVDoXuyenToiThieuGia=0.7 | InpPVDoXuyenToiDaGia=2 | InpPVSoNenThanhKhoan=6 | InpPVRauQuetTrenThan=2 | InpPVSoNenTimSL=5
LQ,LQ0372,M4,BUY_SELL,AU,29,20,9,68.966,50.77,2.25,127.915,0.461,37.04,3,18,72.222,96.269,11,63.636,31.646,10,10,9,9,88.889,93.29,1,InpPVKhungQuetThanhKhoan=M4 | InpPVDoXuyenToiThieuGia=0.5 | InpPVDoXuyenToiDaGia=2 | InpPVSoNenThanhKhoan=6 | InpPVRauQuetTrenThan=1.5 | InpPVSoNenTimSL=5
LQ,LQ0076,M1,BUY_SELL,TAT_CA,29,20,9,68.966,50.77,2.062,98.252,0.34,30.184,3,17,64.706,57.3,12,75.0,40.952,7,13,9,6,83.333,103.943,1,InpPVKhungQuetThanhKhoan=M1 | InpPVDoXuyenToiThieuGia=0.7 | InpPVDoXuyenToiDaGia=1 | InpPVSoNenThanhKhoan=6 | InpPVRauQuetTrenThan=3 | InpPVSoNenTimSL=5
LQ,LQ0098,M1,BUY_SELL,TAT_CA,99,60,39,60.606,50.758,1.564,231.117,0.232,69.178,5,65,60.0,172.541,34,61.765,58.576,26,34,39,7,85.714,185.144,1,InpPVKhungQuetThanhKhoan=M1 | InpPVDoXuyenToiThieuGia=0.7 | InpPVDoXuyenToiDaGia=3 | InpPVSoNenThanhKhoan=6 | InpPVRauQuetTrenThan=2 | InpPVSoNenTimSL=5
LQ,LQ0097,M1,BUY,TAT_CA,60,38,22,63.333,50.683,1.908,213.617,0.345,49.856,4,39,64.103,152.096,21,61.905,61.521,19,19,22,6,83.333,172.293,1,InpPVKhungQuetThanhKhoan=M1 | InpPVDoXuyenToiThieuGia=0.7 | InpPVDoXuyenToiDaGia=3 | InpPVSoNenThanhKhoan=6 | InpPVRauQuetTrenThan=1.5 | InpPVSoNenTimSL=10
LQ,LQ0074,M1,BUY_SELL,TAT_CA,41,27,14,65.854,50.55,1.795,113.672,0.278,39.553,3,27,62.963,77.633,14,71.429,36.039,9,18,14,7,85.714,126.643,1,InpPVKhungQuetThanhKhoan=M1 | InpPVDoXuyenToiThieuGia=0.7 | InpPVDoXuyenToiDaGia=1 | InpPVSoNenThanhKhoan=6 | InpPVRauQuetTrenThan=2 | InpPVSoNenTimSL=5
LQ,LQ0450,M5,BUY_SELL,MY,16,12,4,75.0,50.501,1.935,55.244,0.344,20.956,1,13,76.923,54.293,3,66.667,0.951,3,9,4,8,75.0,40.517,2,InpPVKhungQuetThanhKhoan=M5 | InpPVDoXuyenToiThieuGia=0.3 | InpPVDoXuyenToiDaGia=2 | InpPVSoNenThanhKhoan=12 | InpPVRauQuetTrenThan=1.5 | InpPVSoNenTimSL=5
LQ,LQ0101,M1,BUY,TAT_CA,36,24,12,66.667,50.334,2.283,158.275,0.414,30.122,3,24,70.833,144.902,12,58.333,13.373,12,12,12,6,83.333,112.198,1,InpPVKhungQuetThanhKhoan=M1 | InpPVDoXuyenToiThieuGia=0.7 | InpPVDoXuyenToiDaGia=3 | InpPVSoNenThanhKhoan=6 | InpPVRauQuetTrenThan=3 | InpPVSoNenTimSL=10
LQ,LQ0384,M4,BUY_SELL,AU,36,24,12,66.667,50.334,1.988,133.712,0.373,37.04,3,22,68.182,84.708,14,64.286,49.004,9,14,12,8,100.0,120.807,1,InpPVKhungQuetThanhKhoan=M4 | InpPVDoXuyenToiThieuGia=0.5 | InpPVDoXuyenToiDaGia=3 | InpPVSoNenThanhKhoan=6 | InpPVRauQuetTrenThan=1.5 | InpPVSoNenTimSL=5
LQ,LQ0060,M1,BUY_SELL,AU,64,40,24,62.5,50.25,1.708,174.311,0.278,35.356,4,43,65.116,119.43,21,57.143,54.881,16,24,23,7,85.714,141.443,1,InpPVKhungQuetThanhKhoan=M1 | InpPVDoXuyenToiThieuGia=0.5 | InpPVDoXuyenToiDaGia=3 | InpPVSoNenThanhKhoan=6 | InpPVRauQuetTrenThan=1.5 | InpPVSoNenTimSL=5
LQ,LQ0089,M1,BUY_SELL,TAT_CA,64,40,24,62.5,50.25,1.659,168.504,0.246,47.672,3,42,57.143,90.823,22,72.727,77.681,16,24,24,7,85.714,147.837,1,InpPVKhungQuetThanhKhoan=M1 | InpPVDoXuyenToiThieuGia=0.7 | InpPVDoXuyenToiDaGia=2 | InpPVSoNenThanhKhoan=6 | InpPVRauQuetTrenThan=3 | InpPVSoNenTimSL=10
LQ,LQ0049,M1,BUY_SELL,AU,57,36,21,63.158,50.178,1.824,170.364,0.285,35.356,4,38,68.421,144.998,19,52.632,25.366,14,22,20,8,87.5,130.23,1,InpPVKhungQuetThanhKhoan=M1 | InpPVDoXuyenToiThieuGia=0.5 | InpPVDoXuyenToiDaGia=2 | InpPVSoNenThanhKhoan=6 | InpPVRauQuetTrenThan=1.5 | InpPVSoNenTimSL=10
LQ,LQ0086,M1,BUY,TAT_CA,43,28,15,65.116,50.172,2.088,165.678,0.385,31.118,3,28,67.857,131.954,15,60.0,33.724,14,14,15,8,87.5,141.84,1,InpPVKhungQuetThanhKhoan=M1 | InpPVDoXuyenToiThieuGia=0.7 | InpPVDoXuyenToiDaGia=2 | InpPVSoNenThanhKhoan=6 | InpPVRauQuetTrenThan=2 | InpPVSoNenTimSL=5
LQ,LQ0084,M1,BUY,TAT_CA,50,32,18,64.0,50.141,1.963,175.677,0.351,40.28,4,33,63.636,118.818,17,64.706,56.859,15,17,18,7,85.714,150.228,1,InpPVKhungQuetThanhKhoan=M1 | InpPVDoXuyenToiThieuGia=0.7 | InpPVDoXuyenToiDaGia=2 | InpPVSoNenThanhKhoan=6 | InpPVRauQuetTrenThan=1.5 | InpPVSoNenTimSL=5
LQ,LQ0351,M4,BUY_SELL,AU,31,21,10,67.742,50.141,2.235,146.46,0.436,27.026,2,19,68.421,93.643,12,66.667,52.817,9,11,10,8,87.5,114.816,1,InpPVKhungQuetThanhKhoan=M4 | InpPVDoXuyenToiThieuGia=0.3 | InpPVDoXuyenToiDaGia=3 | InpPVSoNenThanhKhoan=6 | InpPVRauQuetTrenThan=2 | InpPVSoNenTimSL=10
LQ,LQ0058,M1,BUY_SELL,AU,31,21,10,67.742,50.141,2.186,119.58,0.383,22.238,2,20,70.0,86.97,11,63.636,32.61,9,12,10,8,100.0,107.5,2,InpPVKhungQuetThanhKhoan=M1 | InpPVDoXuyenToiThieuGia=0.5 | InpPVDoXuyenToiDaGia=2 | InpPVSoNenThanhKhoan=12 | InpPVRauQuetTrenThan=3 | InpPVSoNenTimSL=5
LQ,LQ0410,M4,BUY_SELL,AU,21,15,6,71.429,50.043,2.631,117.385,0.578,33.942,2,14,78.571,112.003,7,57.143,5.382,9,6,6,9,77.778,93.29,1,InpPVKhungQuetThanhKhoan=M4 | InpPVDoXuyenToiThieuGia=0.7 | InpPVDoXuyenToiDaGia=2 | InpPVSoNenThanhKhoan=6 | InpPVRauQuetTrenThan=2 | InpPVSoNenTimSL=5
LQ,LQ0353,M4,BUY_SELL,AU,21,15,6,71.429,50.043,2.559,111.644,0.489,28.105,2,14,71.429,80.056,7,71.429,31.588,6,9,6,7,85.714,113.483,1,InpPVKhungQuetThanhKhoan=M4 | InpPVDoXuyenToiThieuGia=0.3 | InpPVDoXuyenToiDaGia=3 | InpPVSoNenThanhKhoan=6 | InpPVRauQuetTrenThan=3 | InpPVSoNenTimSL=10
LQ,LQ0459,M5,BUY_SELL,MY,21,15,6,71.429,50.043,2.322,101.563,0.517,20.336,1,16,68.75,58.142,5,80.0,43.421,5,10,6,8,75.0,52.344,1,InpPVKhungQuetThanhKhoan=M5 | InpPVDoXuyenToiThieuGia=0.3 | InpPVDoXuyenToiDaGia=3 | InpPVSoNenThanhKhoan=6 | InpPVRauQuetTrenThan=2 | InpPVSoNenTimSL=10
LQ,LQ0080,M1,SELL,TAT_CA,21,15,6,71.429,50.043,2.098,68.781,0.331,14.738,1,12,66.667,37.649,9,77.778,31.132,4,11,6,7,100.0,43.366,2,InpPVKhungQuetThanhKhoan=M1 | InpPVDoXuyenToiThieuGia=0.7 | InpPVDoXuyenToiDaGia=1 | InpPVSoNenThanhKhoan=12 | InpPVRauQuetTrenThan=2 | InpPVSoNenTimSL=5
LQ,LQ0092,M1,BUY_SELL,AU,26,18,8,69.231,50.011,2.554,125.431,0.48,22.608,2,17,70.588,87.504,9,66.667,37.927,9,9,8,8,100.0,116.276,2,InpPVKhungQuetThanhKhoan=M1 | InpPVDoXuyenToiThieuGia=0.7 | InpPVDoXuyenToiDaGia=2 | InpPVSoNenThanhKhoan=12 | InpPVRauQuetTrenThan=2 | InpPVSoNenTimSL=5
LQ,LQ0099,M1,BUY_SELL,AU,38,25,13,65.789,49.892,2.101,145.922,0.353,21.364,2,25,72.0,135.415,13,53.846,10.507,10,15,13,7,85.714,130.159,1,InpPVKhungQuetThanhKhoan=M1 | InpPVDoXuyenToiThieuGia=0.7 | InpPVDoXuyenToiDaGia=3 | InpPVSoNenThanhKhoan=6 | InpPVRauQuetTrenThan=2 | InpPVSoNenTimSL=10
LQ,LQ0098,M1,BUY_SELL,AU,38,25,13,65.789,49.892,2.034,136.744,0.353,21.364,2,25,72.0,126.266,13,53.846,10.478,10,15,13,7,85.714,129.478,1,InpPVKhungQuetThanhKhoan=M1 | InpPVDoXuyenToiThieuGia=0.7 | InpPVDoXuyenToiDaGia=3 | InpPVSoNenThanhKhoan=6 | InpPVRauQuetTrenThan=2 | InpPVSoNenTimSL=5
LQ,LQ0382,M4,BUY_SELL,AU,13,10,3,76.923,49.743,3.633,91.926,0.647,14.852,1,8,75.0,60.78,5,80.0,31.146,5,5,3,9,88.889,80.646,2,InpPVKhungQuetThanhKhoan=M4 | InpPVDoXuyenToiThieuGia=0.5 | InpPVDoXuyenToiDaGia=2 | InpPVSoNenThanhKhoan=12 | InpPVRauQuetTrenThan=3 | InpPVSoNenTimSL=5
LQ,LQ0202,M2,BUY_SELL,MY,13,10,3,76.923,49.743,3.622,78.907,0.602,30.098,3,10,70.0,48.366,3,100.0,30.541,4,6,3,8,75.0,46.022,2,InpPVKhungQuetThanhKhoan=M2 | InpPVDoXuyenToiThieuGia=0.7 | InpPVDoXuyenToiDaGia=2 | InpPVSoNenThanhKhoan=12 | InpPVRauQuetTrenThan=3 | InpPVSoNenTimSL=5
LQ,LQ0087,M1,BUY,A,13,10,3,76.923,49.743,3.447,77.144,0.55,11.044,1,5,80.0,40.756,8,75.0,36.388,4,6,3,8,75.0,41.74,1,InpPVKhungQuetThanhKhoan=M1 | InpPVDoXuyenToiThieuGia=0.7 | InpPVDoXuyenToiDaGia=2 | InpPVSoNenThanhKhoan=6 | InpPVRauQuetTrenThan=2 | InpPVSoNenTimSL=10
LQ,LQ0498,M5,BUY_SELL,MY,13,10,3,76.923,49.743,2.509,65.2,0.483,20.956,1,9,77.778,46.63,4,75.0,18.57,4,6,3,8,87.5,47.858,4,InpPVKhungQuetThanhKhoan=M5 | InpPVDoXuyenToiThieuGia=0.5 | InpPVDoXuyenToiDaGia=3 | InpPVSoNenThanhKhoan=12 | InpPVRauQuetTrenThan=1.5 | InpPVSoNenTimSL=5
LQ,LQ0350,M4,BUY_SELL,AU,33,22,11,66.667,49.608,2.187,148.299,0.445,27.026,2,21,66.667,95.482,12,66.667,52.817,11,10,11,8,87.5,120.474,1,InpPVKhungQuetThanhKhoan=M4 | InpPVDoXuyenToiThieuGia=0.3 | InpPVDoXuyenToiDaGia=3 | InpPVSoNenThanhKhoan=6 | InpPVRauQuetTrenThan=2 | InpPVSoNenTimSL=5
LQ,LQ0092,M1,BUY,TAT_CA,33,22,11,66.667,49.608,2.315,147.22,0.445,30.122,3,21,71.429,117.336,12,58.333,29.884,12,10,11,8,87.5,122.979,2,InpPVKhungQuetThanhKhoan=M1 | InpPVDoXuyenToiThieuGia=0.7 | InpPVDoXuyenToiDaGia=2 | InpPVSoNenThanhKhoan=12 | InpPVRauQuetTrenThan=2 | InpPVSoNenTimSL=5
LQ,LQ0097,M1,BUY_SELL,AU,47,30,17,63.83,49.536,1.831,150.621,0.309,39.804,3,32,65.625,107.944,15,60.0,42.677,12,18,17,6,83.333,141.451,1,InpPVKhungQuetThanhKhoan=M1 | InpPVDoXuyenToiThieuGia=0.7 | InpPVDoXuyenToiDaGia=3 | InpPVSoNenThanhKhoan=6 | InpPVRauQuetTrenThan=1.5 | InpPVSoNenTimSL=10
LQ,LQ0096,M1,BUY_SELL,AU,47,30,17,63.83,49.536,1.782,141.443,0.309,39.804,3,32,65.625,98.795,15,60.0,42.648,12,18,17,6,83.333,139.102,1,InpPVKhungQuetThanhKhoan=M1 | InpPVDoXuyenToiThieuGia=0.7 | InpPVDoXuyenToiDaGia=3 | InpPVSoNenThanhKhoan=6 | InpPVRauQuetTrenThan=1.5 | InpPVSoNenTimSL=5
LQ,LQ0097,M1,BUY_SELL,TAT_CA,116,68,48,58.621,49.522,1.443,225.599,0.185,77.445,6,79,56.962,144.98,37,62.162,80.619,28,40,48,6,83.333,202.717,1,InpPVKhungQuetThanhKhoan=M1 | InpPVDoXuyenToiThieuGia=0.7 | InpPVDoXuyenToiDaGia=3 | InpPVSoNenThanhKhoan=6 | InpPVRauQuetTrenThan=1.5 | InpPVSoNenTimSL=10
LQ,LQ0102,M1,BUY_SELL,AU,40,26,14,65.0,49.506,1.938,141.46,0.363,39.804,3,27,62.963,72.065,13,69.231,69.395,12,14,14,6,100.0,135.801,2,InpPVKhungQuetThanhKhoan=M1 | InpPVDoXuyenToiThieuGia=0.7 | InpPVDoXuyenToiDaGia=3 | InpPVSoNenThanhKhoan=12 | InpPVRauQuetTrenThan=1.5 | InpPVSoNenTimSL=5
LQ,LQ0092,M1,SELL,TAT_CA,40,26,14,65.0,49.506,1.7,107.808,0.268,30.242,3,26,57.692,50.494,14,78.571,57.314,10,16,14,8,87.5,63.649,2,InpPVKhungQuetThanhKhoan=M1 | InpPVDoXuyenToiThieuGia=0.7 | InpPVDoXuyenToiDaGia=2 | InpPVSoNenThanhKhoan=12 | InpPVRauQuetTrenThan=2 | InpPVSoNenTimSL=5
LQ,LQ0085,M1,BUY_SELL,TAT_CA,105,62,43,59.048,49.484,1.47,210.554,0.188,62.244,5,72,56.944,136.62,33,63.636,73.934,25,37,43,7,85.714,170.056,1,InpPVKhungQuetThanhKhoan=M1 | InpPVDoXuyenToiThieuGia=0.7 | InpPVDoXuyenToiDaGia=2 | InpPVSoNenThanhKhoan=6 | InpPVRauQuetTrenThan=1.5 | InpPVSoNenTimSL=10
LQ,LQ0373,M4,BUY_SELL,AU,28,19,9,67.857,49.339,2.177,126.485,0.435,37.04,3,17,70.588,94.839,11,63.636,31.646,9,10,9,9,88.889,87.691,1,InpPVKhungQuetThanhKhoan=M4 | InpPVDoXuyenToiThieuGia=0.5 | InpPVDoXuyenToiDaGia=2 | InpPVSoNenThanhKhoan=6 | InpPVRauQuetTrenThan=1.5 | InpPVSoNenTimSL=10
LQ,LQ0101,M1,BUY_SELL,AU,28,19,9,67.857,49.339,2.323,122.095,0.418,21.364,2,19,68.421,90.42,9,66.667,31.675,8,11,9,6,83.333,111.853,1,InpPVKhungQuetThanhKhoan=M1 | InpPVDoXuyenToiThieuGia=0.7 | InpPVDoXuyenToiDaGia=3 | InpPVSoNenThanhKhoan=6 | InpPVRauQuetTrenThan=3 | InpPVSoNenTimSL=10
LQ,LQ0100,M1,BUY_SELL,AU,28,19,9,67.857,49.339,2.273,117.092,0.411,21.364,2,19,68.421,85.489,9,66.667,31.603,8,11,9,6,83.333,111.853,1,InpPVKhungQuetThanhKhoan=M1 | InpPVDoXuyenToiThieuGia=0.7 | InpPVDoXuyenToiDaGia=3 | InpPVSoNenThanhKhoan=6 | InpPVRauQuetTrenThan=3 | InpPVSoNenTimSL=5
LQ,LQ0092,M1,BUY_SELL,A,28,19,9,67.857,49.339,2.021,94.478,0.34,30.334,3,17,58.824,29.116,11,81.818,65.362,7,12,9,8,87.5,57.583,2,InpPVKhungQuetThanhKhoan=M1 | InpPVDoXuyenToiThieuGia=0.7 | InpPVDoXuyenToiDaGia=2 | InpPVSoNenThanhKhoan=12 | InpPVRauQuetTrenThan=2 | InpPVSoNenTimSL=5
LQ,LQ0058,M1,BUY_SELL,TAT_CA,76,46,30,60.526,49.286,1.533,167.774,0.218,41.901,4,49,59.184,115.174,27,62.963,52.6,19,27,30,8,87.5,153.851,2,InpPVKhungQuetThanhKhoan=M1 | InpPVDoXuyenToiThieuGia=0.5 | InpPVDoXuyenToiDaGia=2 | InpPVSoNenThanhKhoan=12 | InpPVRauQuetTrenThan=3 | InpPVSoNenTimSL=5
LQ,LQ0048,M1,BUY_SELL,AU,58,36,22,62.069,49.203,1.699,151.223,0.259,35.356,4,39,66.667,125.838,19,52.632,25.385,14,22,21,8,87.5,125.619,1,InpPVKhungQuetThanhKhoan=M1 | InpPVDoXuyenToiThieuGia=0.5 | InpPVDoXuyenToiDaGia=2 | InpPVSoNenThanhKhoan=6 | InpPVRauQuetTrenThan=1.5 | InpPVSoNenTimSL=5
LQ,LQ0375,M4,BUY_SELL,AU,23,16,7,69.565,49.134,2.426,124.235,0.52,28.105,2,14,71.429,88.776,9,66.667,35.459,9,7,7,10,90.0,111.085,1,InpPVKhungQuetThanhKhoan=M4 | InpPVDoXuyenToiThieuGia=0.5 | InpPVDoXuyenToiDaGia=2 | InpPVSoNenThanhKhoan=6 | InpPVRauQuetTrenThan=2 | InpPVSoNenTimSL=10
LQ,LQ0352,M4,BUY_SELL,AU,23,16,7,69.565,49.134,2.458,113.483,0.498,22.995,2,16,68.75,81.895,7,71.429,31.588,8,8,7,7,85.714,111.644,1,InpPVKhungQuetThanhKhoan=M4 | InpPVDoXuyenToiThieuGia=0.3 | InpPVDoXuyenToiDaGia=3 | InpPVSoNenThanhKhoan=6 | InpPVRauQuetTrenThan=3 | InpPVSoNenTimSL=5
LQ,LQ0444,M5,BUY_SELL,MY,23,16,7,69.565,49.134,2.102,93.326,0.431,31.768,2,19,63.158,53.365,4,100.0,39.961,5,11,7,8,87.5,62.918,1,InpPVKhungQuetThanhKhoan=M5 | InpPVDoXuyenToiThieuGia=0.3 | InpPVDoXuyenToiDaGia=2 | InpPVSoNenThanhKhoan=6 | InpPVRauQuetTrenThan=1.5 | InpPVSoNenTimSL=5
LQ,LQ0106,M1,BUY_SELL,A,23,16,7,69.565,49.134,2.105,79.991,0.351,20.712,2,14,64.286,45.088,9,77.778,34.903,5,11,7,6,83.333,66.858,2,InpPVKhungQuetThanhKhoan=M1 | InpPVDoXuyenToiThieuGia=0.7 | InpPVDoXuyenToiDaGia=3 | InpPVSoNenThanhKhoan=12 | InpPVRauQuetTrenThan=3 | InpPVSoNenTimSL=5
LQ,LQ0075,M1,BUY,TAT_CA,18,13,5,72.222,49.127,2.968,98.981,0.508,20.11,2,11,81.818,87.27,7,57.143,11.711,6,7,5,7,71.429,66.831,1,InpPVKhungQuetThanhKhoan=M1 | InpPVDoXuyenToiThieuGia=0.7 | InpPVDoXuyenToiDaGia=1 | InpPVSoNenThanhKhoan=6 | InpPVRauQuetTrenThan=2 | InpPVSoNenTimSL=10
LQ,LQ0447,M5,BUY_SELL,MY,18,13,5,72.222,49.127,2.332,86.907,0.527,20.336,1,15,66.667,49.511,3,100.0,37.396,4,9,5,9,88.889,37.297,1,InpPVKhungQuetThanhKhoan=M5 | InpPVDoXuyenToiThieuGia=0.3 | InpPVDoXuyenToiDaGia=2 | InpPVSoNenThanhKhoan=6 | InpPVRauQuetTrenThan=2 | InpPVSoNenTimSL=10
LQ,LQ0053,M1,BUY_SELL,TAT_CA,91,54,37,59.341,49.069,1.455,178.811,0.191,77.83,5,58,56.897,109.448,33,63.636,69.363,22,32,37,8,87.5,144.653,1,InpPVKhungQuetThanhKhoan=M1 | InpPVDoXuyenToiThieuGia=0.5 | InpPVDoXuyenToiDaGia=2 | InpPVSoNenThanhKhoan=6 | InpPVRauQuetTrenThan=3 | InpPVSoNenTimSL=10
LQ,LQ0098,M1,BUY,TAT_CA,51,32,19,62.745,49.025,1.872,170.095,0.332,42.502,4,33,66.667,148.856,18,55.556,21.239,16,16,19,7,85.714,152.676,1,InpPVKhungQuetThanhKhoan=M1 | InpPVDoXuyenToiThieuGia=0.7 | InpPVDoXuyenToiDaGia=3 | InpPVSoNenThanhKhoan=6 | InpPVRauQuetTrenThan=2 | InpPVSoNenTimSL=5
LQ,LQ0096,M1,BUY,TAT_CA,60,37,23,61.667,49.017,1.733,178.772,0.307,49.856,4,39,61.538,117.28,21,61.905,61.492,18,19,23,6,83.333,162.229,1,InpPVKhungQuetThanhKhoan=M1 | InpPVDoXuyenToiThieuGia=0.7 | InpPVDoXuyenToiDaGia=3 | InpPVSoNenThanhKhoan=6 | InpPVRauQuetTrenThan=1.5 | InpPVSoNenTimSL=5
LQ,LQ0424,M4,SELL,AU,10,8,2,80.0,49.016,3.603,68.249,0.71,14.852,1,6,83.333,49.968,4,75.0,18.281,4,4,2,7,71.429,58.225,2,InpPVKhungQuetThanhKhoan=M4 | InpPVDoXuyenToiThieuGia=0.7 | InpPVDoXuyenToiDaGia=3 | InpPVSoNenThanhKhoan=6 | InpPVRauQuetTrenThan=3 | InpPVSoNenTimSL=5
LQ,LQ0214,M2,BUY,MY,10,8,2,80.0,49.016,4.386,68.193,0.672,10.074,1,6,83.333,47.726,4,75.0,20.467,3,5,2,7,85.714,48.033,2,InpPVKhungQuetThanhKhoan=M2 | InpPVDoXuyenToiThieuGia=0.7 | InpPVDoXuyenToiDaGia=3 | InpPVSoNenThanhKhoan=12 | InpPVRauQuetTrenThan=3 | InpPVSoNenTimSL=5
LQ,LQ0497,M5,BUY,AU,10,8,2,80.0,49.016,3.3,67.154,0.7,18.942,1,4,75.0,16.353,6,83.333,50.801,4,4,2,8,100.0,48.339,1,InpPVKhungQuetThanhKhoan=M5 | InpPVDoXuyenToiThieuGia=0.5 | InpPVDoXuyenToiDaGia=3 | InpPVSoNenThanhKhoan=6 | InpPVRauQuetTrenThan=3 | InpPVSoNenTimSL=10
LQ,LQ0771,M15,SELL,TAT_CA,10,8,2,80.0,49.016,3.508,50.482,0.459,13.717,1,5,60.0,11.258,5,100.0,39.224,1,7,2,8,87.5,37.491,2,InpPVKhungQuetThanhKhoan=M15 | InpPVDoXuyenToiThieuGia=0.3 | InpPVDoXuyenToiDaGia=2 | InpPVSoNenThanhKhoan=6 | InpPVRauQuetTrenThan=2 | InpPVSoNenTimSL=10
LQ,LQ0843,M15,SELL,TAT_CA,10,8,2,80.0,49.016,3.494,50.197,0.459,13.717,1,5,60.0,10.973,5,100.0,39.224,1,7,2,8,87.5,37.349,1,InpPVKhungQuetThanhKhoan=M15 | InpPVDoXuyenToiThieuGia=0.7 | InpPVDoXuyenToiDaGia=2 | InpPVSoNenThanhKhoan=6 | InpPVRauQuetTrenThan=2 | InpPVSoNenTimSL=10
LQ,LQ0450,M5,SELL,MY,10,8,2,80.0,49.016,2.046,38.501,0.373,20.956,1,7,85.714,37.55,3,66.667,0.951,2,6,2,8,87.5,26.946,4,InpPVKhungQuetThanhKhoan=M5 | InpPVDoXuyenToiThieuGia=0.3 | InpPVDoXuyenToiDaGia=2 | InpPVSoNenThanhKhoan=12 | InpPVRauQuetTrenThan=1.5 | InpPVSoNenTimSL=5
LQ,LQ0104,M1,SELL,TAT_CA,44,28,16,63.636,48.866,1.665,115.703,0.261,40.28,4,29,58.621,65.631,15,73.333,50.072,11,17,16,7,85.714,83.016,2,InpPVKhungQuetThanhKhoan=M1 | InpPVDoXuyenToiThieuGia=0.7 | InpPVDoXuyenToiDaGia=3 | InpPVSoNenThanhKhoan=12 | InpPVRauQuetTrenThan=2 | InpPVSoNenTimSL=5
LQ,LQ0101,M1,BUY_SELL,TAT_CA,73,44,29,60.274,48.807,1.539,166.33,0.213,59.026,4,48,56.25,100.745,25,68.0,65.585,18,26,29,6,83.333,153.888,1,InpPVKhungQuetThanhKhoan=M1 | InpPVDoXuyenToiThieuGia=0.7 | InpPVDoXuyenToiDaGia=3 | InpPVSoNenThanhKhoan=6 | InpPVRauQuetTrenThan=3 | InpPVSoNenTimSL=10
LQ,LQ0104,M1,BUY_SELL,AU,30,20,10,66.667,48.78,2.275,130.159,0.425,21.364,2,20,70.0,99.536,10,60.0,30.623,10,10,10,7,100.0,125.431,2,InpPVKhungQuetThanhKhoan=M1 | InpPVDoXuyenToiThieuGia=0.7 | InpPVDoXuyenToiDaGia=3 | InpPVSoNenThanhKhoan=12 | InpPVRauQuetTrenThan=2 | InpPVSoNenTimSL=5
LQ,LQ0090,M1,BUY,TAT_CA,37,24,13,64.865,48.759,2.138,150.228,0.405,31.187,3,24,66.667,105.292,13,61.538,44.936,13,11,13,7,85.714,147.22,2,InpPVKhungQuetThanhKhoan=M1 | InpPVDoXuyenToiThieuGia=0.7 | InpPVDoXuyenToiDaGia=2 | InpPVSoNenThanhKhoan=12 | InpPVRauQuetTrenThan=1.5 | InpPVSoNenTimSL=5
LQ,LQ0349,M4,BUY_SELL,AU,37,24,13,64.865,48.759,1.757,123.95,0.344,37.04,3,23,65.217,74.946,14,64.286,49.004,9,14,13,7,100.0,120.237,1,InpPVKhungQuetThanhKhoan=M4 | InpPVDoXuyenToiThieuGia=0.3 | InpPVDoXuyenToiDaGia=3 | InpPVSoNenThanhKhoan=6 | InpPVRauQuetTrenThan=1.5 | InpPVSoNenTimSL=10
LQ,LQ0042,M1,BUY_SELL,AU,37,24,13,64.865,48.759,1.964,121.754,0.33,37.632,3,22,77.273,117.35,15,46.667,4.404,10,14,12,7,100.0,95.809,2,InpPVKhungQuetThanhKhoan=M1 | InpPVDoXuyenToiThieuGia=0.5 | InpPVDoXuyenToiDaGia=1 | InpPVSoNenThanhKhoan=12 | InpPVRauQuetTrenThan=1.5 | InpPVSoNenTimSL=5
LQ,LQ0065,M1,BUY_SELL,TAT_CA,99,58,41,58.586,48.74,1.429,186.869,0.184,82.589,5,64,56.25,119.37,35,62.857,67.499,24,34,41,7,85.714,159.208,1,InpPVKhungQuetThanhKhoan=M1 | InpPVDoXuyenToiThieuGia=0.5 | InpPVDoXuyenToiDaGia=3 | InpPVSoNenThanhKhoan=6 | InpPVRauQuetTrenThan=3 | InpPVSoNenTimSL=10
LQ,LQ0088,M1,BUY_SELL,TAT_CA,64,39,25,60.938,48.692,1.499,132.224,0.203,46.788,3,42,54.762,54.615,22,72.727,77.609,15,24,25,7,85.714,147.837,1,InpPVKhungQuetThanhKhoan=M1 | InpPVDoXuyenToiThieuGia=0.7 | InpPVDoXuyenToiDaGia=2 | InpPVSoNenThanhKhoan=6 | InpPVRauQuetTrenThan=3 | InpPVSoNenTimSL=5
LQ,LQ0056,M1,BUY_SELL,TAT_CA,101,59,42,58.416,48.668,1.494,213.461,0.211,62.108,5,65,60.0,175.424,36,55.556,38.037,28,31,41,9,88.889,188.744,2,InpPVKhungQuetThanhKhoan=M1 | InpPVDoXuyenToiThieuGia=0.5 | InpPVDoXuyenToiDaGia=2 | InpPVSoNenThanhKhoan=12 | InpPVRauQuetTrenThan=2 | InpPVSoNenTimSL=5
LQ,LQ0096,M1,BUY_SELL,TAT_CA,116,67,49,57.759,48.663,1.357,185.144,0.164,108.722,6,79,55.696,104.554,37,62.162,80.59,27,40,49,6,83.333,197.828,1,InpPVKhungQuetThanhKhoan=M1 | InpPVDoXuyenToiThieuGia=0.7 | InpPVDoXuyenToiDaGia=3 | InpPVSoNenThanhKhoan=6 | InpPVRauQuetTrenThan=1.5 | InpPVSoNenTimSL=5
LQ,LQ0066,M1,BUY_SELL,AU,55,34,21,61.818,48.609,1.7,151.522,0.282,33.209,3,36,63.889,97.07,19,57.895,54.452,15,19,20,7,100.0,131.512,2,InpPVKhungQuetThanhKhoan=M1 | InpPVDoXuyenToiThieuGia=0.5 | InpPVDoXuyenToiDaGia=3 | InpPVSoNenThanhKhoan=12 | InpPVRauQuetTrenThan=1.5 | InpPVSoNenTimSL=5
LQ,LQ0084,M1,BUY_SELL,TAT_CA,105,61,44,58.095,48.536,1.372,170.056,0.161,68.89,5,72,55.556,96.194,33,63.636,73.862,24,37,44,7,85.714,185.144,1,InpPVKhungQuetThanhKhoan=M1 | InpPVDoXuyenToiThieuGia=0.7 | InpPVDoXuyenToiDaGia=2 | InpPVSoNenThanhKhoan=6 | InpPVRauQuetTrenThan=1.5 | InpPVSoNenTimSL=5
LQ,LQ0104,M1,BUY,TAT_CA,39,25,14,64.103,48.418,2.054,152.676,0.39,32.436,3,26,69.231,134.238,13,53.846,18.438,14,11,14,7,85.714,147.22,2,InpPVKhungQuetThanhKhoan=M1 | InpPVDoXuyenToiThieuGia=0.7 | InpPVDoXuyenToiDaGia=3 | InpPVSoNenThanhKhoan=12 | InpPVRauQuetTrenThan=2 | InpPVSoNenTimSL=5
LQ,LQ0348,M4,BUY_SELL,AU,39,25,14,64.103,48.418,1.814,127.464,0.331,37.04,3,25,64.0,78.46,14,64.286,49.004,10,14,14,7,85.714,121.667,1,InpPVKhungQuetThanhKhoan=M4 | InpPVDoXuyenToiThieuGia=0.3 | InpPVDoXuyenToiDaGia=3 | InpPVSoNenThanhKhoan=6 | InpPVRauQuetTrenThan=1.5 | InpPVSoNenTimSL=5
LQ,LQ0068,M1,BUY_SELL,TAT_CA,109,63,46,57.798,48.416,1.467,221.773,0.202,73.492,6,71,60.563,202.424,38,52.632,19.349,30,33,45,8,87.5,212.9,2,InpPVKhungQuetThanhKhoan=M1 | InpPVDoXuyenToiThieuGia=0.5 | InpPVDoXuyenToiDaGia=3 | InpPVSoNenThanhKhoan=12 | InpPVRauQuetTrenThan=2 | InpPVSoNenTimSL=5
LQ,LQ0089,M1,BUY_SELL,AU,25,17,8,68.0,48.41,2.317,106.614,0.412,21.227,2,17,70.588,84.239,8,62.5,22.375,7,10,8,7,85.714,101.611,1,InpPVKhungQuetThanhKhoan=M1 | InpPVDoXuyenToiThieuGia=0.7 | InpPVDoXuyenToiDaGia=2 | InpPVSoNenThanhKhoan=6 | InpPVRauQuetTrenThan=3 | InpPVSoNenTimSL=10
LQ,LQ0088,M1,BUY_SELL,AU,25,17,8,68.0,48.41,2.26,101.611,0.403,24.24,2,17,70.588,79.308,8,62.5,22.303,7,10,8,7,85.714,106.614,1,InpPVKhungQuetThanhKhoan=M1 | InpPVDoXuyenToiThieuGia=0.7 | InpPVDoXuyenToiDaGia=2 | InpPVSoNenThanhKhoan=6 | InpPVRauQuetTrenThan=3 | InpPVSoNenTimSL=5
LQ,LQ0392,M4,BUY_SELL,AU,25,17,8,68.0,48.41,2.077,100.812,0.38,27.026,2,12,75.0,69.717,13,61.538,31.095,5,11,8,9,88.889,93.5,2,InpPVKhungQuetThanhKhoan=M4 | InpPVDoXuyenToiThieuGia=0.5 | InpPVDoXuyenToiDaGia=3 | InpPVSoNenThanhKhoan=12 | InpPVRauQuetTrenThan=2 | InpPVSoNenTimSL=5
LQ,LQ0456,M5,BUY_SELL,MY,25,17,8,68.0,48.41,2.059,100.609,0.416,31.768,2,19,63.158,53.365,6,83.333,47.244,6,11,8,7,100.0,72.863,1,InpPVKhungQuetThanhKhoan=M5 | InpPVDoXuyenToiThieuGia=0.3 | InpPVDoXuyenToiDaGia=3 | InpPVSoNenThanhKhoan=6 | InpPVRauQuetTrenThan=1.5 | InpPVSoNenTimSL=5
LQ,LQ0425,M4,SELL,TAT_CA,25,17,8,68.0,48.41,1.921,83.057,0.326,36.972,3,18,66.667,51.732,7,71.429,31.325,5,12,8,7,57.143,36.533,1,InpPVKhungQuetThanhKhoan=M4 | InpPVDoXuyenToiThieuGia=0.7 | InpPVDoXuyenToiDaGia=3 | InpPVSoNenThanhKhoan=6 | InpPVRauQuetTrenThan=3 | InpPVSoNenTimSL=10
LQ,LQ0424,M4,SELL,TAT_CA,25,17,8,68.0,48.41,1.889,80.13,0.337,36.972,3,18,66.667,48.731,7,71.429,31.399,5,12,8,7,71.429,36.533,1,InpPVKhungQuetThanhKhoan=M4 | InpPVDoXuyenToiThieuGia=0.7 | InpPVDoXuyenToiDaGia=3 | InpPVSoNenThanhKhoan=6 | InpPVRauQuetTrenThan=3 | InpPVSoNenTimSL=5
LQ,LQ0336,M4,BUY_SELL,AU,32,21,11,65.625,48.311,1.984,121.667,0.402,37.04,3,21,66.667,90.021,11,63.636,31.646,11,10,11,8,75.0,105.841,1,InpPVKhungQuetThanhKhoan=M4 | InpPVDoXuyenToiThieuGia=0.3 | InpPVDoXuyenToiDaGia=2 | InpPVSoNenThanhKhoan=6 | InpPVRauQuetTrenThan=1.5 | InpPVSoNenTimSL=5
LQ,LQ0104,M1,BUY_SELL,A,32,21,11,65.625,48.311,1.853,97.175,0.31,40.372,4,20,60.0,43.197,12,75.0,53.978,8,13,11,7,85.714,56.871,2,InpPVKhungQuetThanhKhoan=M1 | InpPVDoXuyenToiThieuGia=0.7 | InpPVDoXuyenToiDaGia=3 | InpPVSoNenThanhKhoan=12 | InpPVRauQuetTrenThan=2 | InpPVSoNenTimSL=5
LQ,LQ0106,M1,BUY_SELL,TAT_CA,59,36,23,61.017,48.266,1.564,139.271,0.233,42.348,3,38,60.526,107.844,21,61.905,31.427,15,21,23,6,83.333,143.554,2,InpPVKhungQuetThanhKhoan=M1 | InpPVDoXuyenToiThieuGia=0.7 | InpPVDoXuyenToiDaGia=3 | InpPVSoNenThanhKhoan=12 | InpPVRauQuetTrenThan=3 | InpPVSoNenTimSL=5
LQ,LQ0085,M1,BUY_SELL,AU,41,26,15,63.415,48.12,1.852,128.948,0.298,20.406,2,28,67.857,114.352,13,53.846,14.596,10,16,15,7,85.714,121.45,1,InpPVKhungQuetThanhKhoan=M1 | InpPVDoXuyenToiThieuGia=0.7 | InpPVDoXuyenToiDaGia=2 | InpPVSoNenThanhKhoan=6 | InpPVRauQuetTrenThan=1.5 | InpPVSoNenTimSL=10
LQ,LQ0084,M1,BUY_SELL,AU,41,26,15,63.415,48.12,1.792,119.727,0.29,20.304,2,28,67.857,105.203,13,53.846,14.524,10,16,15,7,85.714,121.45,1,InpPVKhungQuetThanhKhoan=M1 | InpPVDoXuyenToiThieuGia=0.7 | InpPVDoXuyenToiDaGia=2 | InpPVSoNenThanhKhoan=6 | InpPVRauQuetTrenThan=1.5 | InpPVSoNenTimSL=5
LQ,LQ0411,M4,BUY_SELL,AU,20,14,6,70.0,48.102,2.352,104.182,0.497,33.942,2,13,76.923,98.8,7,57.143,5.382,7,7,6,9,77.778,80.087,1,InpPVKhungQuetThanhKhoan=M4 | InpPVDoXuyenToiThieuGia=0.7 | InpPVDoXuyenToiDaGia=2 | InpPVSoNenThanhKhoan=6 | InpPVRauQuetTrenThan=2 | InpPVSoNenTimSL=10
LQ,LQ0078,M1,BUY_SELL,AU,20,14,6,70.0,48.102,2.475,89.376,0.448,13.71,1,12,83.333,77.296,8,50.0,12.08,6,8,6,6,100.0,85.979,2,InpPVKhungQuetThanhKhoan=M1 | InpPVDoXuyenToiThieuGia=0.7 | InpPVDoXuyenToiDaGia=1 | InpPVSoNenThanhKhoan=12 | InpPVRauQuetTrenThan=1.5 | InpPVSoNenTimSL=5
LQ,LQ0072,M1,BUY_SELL,AU,20,14,6,70.0,48.102,2.366,82.582,0.413,10.168,1,14,78.571,75.948,6,50.0,6.634,5,9,6,6,100.0,85.974,1,InpPVKhungQuetThanhKhoan=M1 | InpPVDoXuyenToiThieuGia=0.7 | InpPVDoXuyenToiDaGia=1 | InpPVSoNenThanhKhoan=6 | InpPVRauQuetTrenThan=1.5 | InpPVSoNenTimSL=5
LQ,LQ0073,M1,BUY_SELL,AU,20,14,6,70.0,48.102,2.366,82.571,0.41,10.168,1,14,78.571,75.937,6,50.0,6.634,5,9,6,6,83.333,85.979,1,InpPVKhungQuetThanhKhoan=M1 | InpPVDoXuyenToiThieuGia=0.7 | InpPVDoXuyenToiDaGia=1 | InpPVSoNenThanhKhoan=6 | InpPVRauQuetTrenThan=1.5 | InpPVSoNenTimSL=10
LQ,LQ0423,M4,BUY,AU,15,11,4,73.333,48.049,3.387,108.541,0.583,35.23,3,10,80.0,79.97,5,60.0,28.571,5,5,4,8,87.5,73.2,1,InpPVKhungQuetThanhKhoan=M4 | InpPVDoXuyenToiThieuGia=0.7 | InpPVDoXuyenToiDaGia=3 | InpPVSoNenThanhKhoan=6 | InpPVRauQuetTrenThan=2 | InpPVSoNenTimSL=10
LQ,LQ0422,M4,BUY,AU,15,11,4,73.333,48.049,3.599,104.913,0.63,30.12,3,10,80.0,76.342,5,60.0,28.571,6,4,4,8,87.5,76.296,1,InpPVKhungQuetThanhKhoan=M4 | InpPVDoXuyenToiThieuGia=0.7 | InpPVDoXuyenToiDaGia=3 | InpPVSoNenThanhKhoan=6 | InpPVRauQuetTrenThan=2 | InpPVSoNenTimSL=5
LQ,LQ0078,M1,BUY,TAT_CA,15,11,4,73.333,48.049,3.231,89.632,0.597,20.11,2,9,88.889,74.547,6,50.0,15.085,6,5,4,6,83.333,77.219,2,InpPVKhungQuetThanhKhoan=M1 | InpPVDoXuyenToiThieuGia=0.7 | InpPVDoXuyenToiDaGia=1 | InpPVSoNenThanhKhoan=12 | InpPVRauQuetTrenThan=1.5 | InpPVSoNenTimSL=5
LQ,LQ0077,M1,BUY,TAT_CA,15,11,4,73.333,48.049,3.099,84.342,0.512,20.11,2,8,87.5,72.631,7,57.143,11.711,5,6,4,6,83.333,46.997,1,InpPVKhungQuetThanhKhoan=M1 | InpPVDoXuyenToiThieuGia=0.7 | InpPVDoXuyenToiDaGia=1 | InpPVSoNenThanhKhoan=6 | InpPVRauQuetTrenThan=3 | InpPVSoNenTimSL=10
LQ,LQ0089,M1,BUY,AU,15,11,4,73.333,48.049,3.048,82.474,0.537,11.179,1,11,81.818,80.021,4,50.0,2.453,5,6,4,7,85.714,52.404,1,InpPVKhungQuetThanhKhoan=M1 | InpPVDoXuyenToiThieuGia=0.7 | InpPVDoXuyenToiDaGia=2 | InpPVSoNenThanhKhoan=6 | InpPVRauQuetTrenThan=3 | InpPVSoNenTimSL=10
LQ,LQ0088,M1,BUY,AU,15,11,4,73.333,48.049,3.047,82.413,0.543,11.179,1,11,81.818,80.032,4,50.0,2.381,5,6,4,7,85.714,51.257,1,InpPVKhungQuetThanhKhoan=M1 | InpPVDoXuyenToiThieuGia=0.7 | InpPVDoXuyenToiDaGia=2 | InpPVSoNenThanhKhoan=6 | InpPVRauQuetTrenThan=3 | InpPVSoNenTimSL=5
LQ,LQ0430,M4,BUY_SELL,AU,15,11,4,73.333,48.049,2.724,80.192,0.5,15.945,1,8,75.0,51.988,7,71.429,28.204,4,7,4,7,71.429,80.192,2,InpPVKhungQuetThanhKhoan=M4 | InpPVDoXuyenToiThieuGia=0.7 | InpPVDoXuyenToiDaGia=3 | InpPVSoNenThanhKhoan=12 | InpPVRauQuetTrenThan=3 | InpPVSoNenTimSL=5
LQ,LQ0080,M1,BUY_SELL,AU,15,11,4,73.333,48.049,2.981,80.078,0.535,10.278,1,9,88.889,73.048,6,50.0,7.03,5,6,4,7,100.0,80.078,2,InpPVKhungQuetThanhKhoan=M1 | InpPVDoXuyenToiThieuGia=0.7 | InpPVDoXuyenToiDaGia=1 | InpPVSoNenThanhKhoan=12 | InpPVRauQuetTrenThan=2 | InpPVSoNenTimSL=5
LQ,LQ0210,M2,BUY,MY,15,11,4,73.333,48.049,2.793,75.402,0.489,22.016,2,10,70.0,42.551,5,80.0,32.851,3,8,4,7,85.714,45.329,2,InpPVKhungQuetThanhKhoan=M2 | InpPVDoXuyenToiThieuGia=0.7 | InpPVDoXuyenToiDaGia=3 | InpPVSoNenThanhKhoan=12 | InpPVRauQuetTrenThan=1.5 | InpPVSoNenTimSL=5
LQ,LQ0085,M1,BUY,A,15,11,4,73.333,48.049,2.725,74.5,0.47,11.66,1,7,71.429,38.112,8,75.0,36.388,4,7,4,7,85.714,40.33,1,InpPVKhungQuetThanhKhoan=M1 | InpPVDoXuyenToiThieuGia=0.7 | InpPVDoXuyenToiDaGia=2 | InpPVSoNenThanhKhoan=6 | InpPVRauQuetTrenThan=1.5 | InpPVSoNenTimSL=10
LQ,LQ0517,M5,BUY_SELL,MY,15,11,4,73.333,48.049,2.26,68.233,0.498,28.542,2,11,63.636,15.585,4,100.0,52.648,4,7,4,8,75.0,49.23,1,InpPVKhungQuetThanhKhoan=M5 | InpPVDoXuyenToiThieuGia=0.7 | InpPVDoXuyenToiDaGia=2 | InpPVSoNenThanhKhoan=6 | InpPVRauQuetTrenThan=1.5 | InpPVSoNenTimSL=10
LQ,LQ0052,M1,BUY_SELL,TAT_CA,91,53,38,58.242,47.977,1.375,148.493,0.161,76.946,5,58,55.172,73.24,33,63.636,75.253,21,32,38,8,87.5,129.137,1,InpPVKhungQuetThanhKhoan=M1 | InpPVDoXuyenToiThieuGia=0.5 | InpPVDoXuyenToiDaGia=2 | InpPVSoNenThanhKhoan=6 | InpPVRauQuetTrenThan=3 | InpPVSoNenTimSL=5
LQ,LQ0066,M1,BUY_SELL,TAT_CA,131,74,57,56.489,47.934,1.357,212.338,0.166,83.648,7,88,57.955,174.485,43,53.488,37.853,34,40,56,7,85.714,212.338,2,InpPVKhungQuetThanhKhoan=M1 | InpPVDoXuyenToiThieuGia=0.5 | InpPVDoXuyenToiDaGia=3 | InpPVSoNenThanhKhoan=12 | InpPVRauQuetTrenThan=1.5 | InpPVSoNenTimSL=5
LQ,LQ0090,M1,BUY_SELL,AU,34,22,12,64.706,47.914,2.004,121.45,0.355,28.406,2,23,65.217,78.473,11,63.636,42.977,10,12,12,7,100.0,121.45,2,InpPVKhungQuetThanhKhoan=M1 | InpPVDoXuyenToiThieuGia=0.7 | InpPVDoXuyenToiDaGia=2 | InpPVSoNenThanhKhoan=12 | InpPVRauQuetTrenThan=1.5 | InpPVSoNenTimSL=5
LQ,LQ0070,M1,BUY_SELL,AU,34,22,12,64.706,47.914,1.969,118.457,0.343,20.202,2,22,68.182,93.151,12,58.333,25.306,10,12,12,7,100.0,118.457,2,InpPVKhungQuetThanhKhoan=M1 | InpPVDoXuyenToiThieuGia=0.5 | InpPVDoXuyenToiDaGia=3 | InpPVSoNenThanhKhoan=12 | InpPVRauQuetTrenThan=3 | InpPVSoNenTimSL=5
LQ,LQ0030,M1,BUY_SELL,TAT_CA,162,90,72,55.556,47.863,1.321,239.485,0.152,78.659,4,106,57.547,201.358,56,51.786,38.127,42,48,71,6,83.333,214.115,2,InpPVKhungQuetThanhKhoan=M1 | InpPVDoXuyenToiThieuGia=0.3 | InpPVDoXuyenToiDaGia=3 | InpPVSoNenThanhKhoan=12 | InpPVRauQuetTrenThan=1.5 | InpPVSoNenTimSL=5
LQ,LQ0338,M4,BUY_SELL,AU,27,18,9,66.667,47.824,2.27,131.19,0.506,27.026,2,18,66.667,95.731,9,66.667,35.459,12,6,9,9,88.889,117.987,1,InpPVKhungQuetThanhKhoan=M4 | InpPVDoXuyenToiThieuGia=0.3 | InpPVDoXuyenToiDaGia=2 | InpPVSoNenThanhKhoan=6 | InpPVRauQuetTrenThan=2 | InpPVSoNenTimSL=5
LQ,LQ0356,M4,BUY_SELL,AU,27,18,9,66.667,47.824,1.997,104.566,0.37,27.026,2,14,71.429,73.471,13,61.538,31.095,6,11,9,8,87.5,98.006,2,InpPVKhungQuetThanhKhoan=M4 | InpPVDoXuyenToiThieuGia=0.3 | InpPVDoXuyenToiDaGia=3 | InpPVSoNenThanhKhoan=12 | InpPVRauQuetTrenThan=2 | InpPVSoNenTimSL=5
LQ,LQ0064,M1,BUY_SELL,TAT_CA,99,57,42,57.576,47.736,1.357,156.551,0.156,81.705,5,64,54.688,83.162,35,62.857,73.389,23,34,42,7,85.714,148.493,1,InpPVKhungQuetThanhKhoan=M1 | InpPVDoXuyenToiThieuGia=0.5 | InpPVDoXuyenToiDaGia=3 | InpPVSoNenThanhKhoan=6 | InpPVRauQuetTrenThan=3 | InpPVSoNenTimSL=5
LQ,LQ0020,M1,BUY_SELL,TAT_CA,124,70,54,56.452,47.661,1.386,213.591,0.173,57.119,4,78,60.256,210.954,46,50.0,2.637,33,37,53,8,87.5,191.564,2,InpPVKhungQuetThanhKhoan=M1 | InpPVDoXuyenToiThieuGia=0.3 | InpPVDoXuyenToiDaGia=2 | InpPVSoNenThanhKhoan=12 | InpPVRauQuetTrenThan=2 | InpPVSoNenTimSL=5
LQ,LQ0070,M1,BUY_SELL,TAT_CA,84,49,35,58.333,47.652,1.433,159.208,0.187,52.402,4,55,58.182,125.296,29,58.621,33.912,21,28,35,7,85.714,159.208,2,InpPVKhungQuetThanhKhoan=M1 | InpPVDoXuyenToiThieuGia=0.5 | InpPVDoXuyenToiDaGia=3 | InpPVSoNenThanhKhoan=12 | InpPVRauQuetTrenThan=3 | InpPVSoNenTimSL=5
LQ,LQ0102,M1,BUY,TAT_CA,45,28,17,62.222,47.63,1.842,154.362,0.356,49.856,4,30,63.333,103.754,15,60.0,50.608,16,12,17,6,83.333,151.452,2,InpPVKhungQuetThanhKhoan=M1 | InpPVDoXuyenToiThieuGia=0.7 | InpPVDoXuyenToiDaGia=3 | InpPVSoNenThanhKhoan=12 | InpPVRauQuetTrenThan=1.5 | InpPVSoNenTimSL=5
LQ,LQ0100,M1,BUY,TAT_CA,36,23,13,63.889,47.575,1.944,126.053,0.346,30.122,3,24,66.667,112.752,12,58.333,13.301,11,12,13,6,83.333,117.402,1,InpPVKhungQuetThanhKhoan=M1 | InpPVDoXuyenToiThieuGia=0.7 | InpPVDoXuyenToiDaGia=3 | InpPVSoNenThanhKhoan=6 | InpPVRauQuetTrenThan=3 | InpPVSoNenTimSL=5
LQ,LQ0100,M1,BUY_SELL,TAT_CA,73,43,30,58.904,47.449,1.409,130.05,0.176,64.777,4,48,54.167,64.537,25,68.0,65.513,17,26,30,6,83.333,147.911,1,InpPVKhungQuetThanhKhoan=M1 | InpPVDoXuyenToiThieuGia=0.7 | InpPVDoXuyenToiDaGia=3 | InpPVSoNenThanhKhoan=6 | InpPVRauQuetTrenThan=3 | InpPVSoNenTimSL=5
LQ,LQ0101,M1,BUY_SELL,A,29,19,10,65.517,47.345,1.848,87.699,0.283,35.644,3,18,55.556,32.575,11,81.818,55.124,7,12,10,6,83.333,78.395,1,InpPVKhungQuetThanhKhoan=M1 | InpPVDoXuyenToiThieuGia=0.7 | InpPVDoXuyenToiDaGia=3 | InpPVSoNenThanhKhoan=6 | InpPVRauQuetTrenThan=3 | InpPVSoNenTimSL=10
LQ,LQ0018,M1,BUY_SELL,TAT_CA,152,84,68,55.263,47.326,1.311,215.891,0.143,67.275,4,99,57.576,192.798,53,50.943,23.093,39,45,67,7,85.714,188.744,2,InpPVKhungQuetThanhKhoan=M1 | InpPVDoXuyenToiThieuGia=0.3 | InpPVDoXuyenToiDaGia=2 | InpPVSoNenThanhKhoan=12 | InpPVRauQuetTrenThan=1.5 | InpPVSoNenTimSL=5
LQ,LQ0072,M1,BUY,TAT_CA,22,15,7,68.182,47.318,2.246,87.894,0.399,20.226,2,13,69.231,53.048,9,66.667,34.846,6,9,7,6,83.333,78.232,1,InpPVKhungQuetThanhKhoan=M1 | InpPVDoXuyenToiThieuGia=0.7 | InpPVDoXuyenToiDaGia=1 | InpPVSoNenThanhKhoan=6 | InpPVRauQuetTrenThan=1.5 | InpPVSoNenTimSL=5
LQ,LQ0428,M4,BUY_SELL,AU,22,15,7,68.182,47.318,2.036,86.621,0.367,27.026,2,10,80.0,70.541,12,58.333,16.08,4,10,7,8,87.5,78.923,2,InpPVKhungQuetThanhKhoan=M4 | InpPVDoXuyenToiThieuGia=0.7 | InpPVDoXuyenToiDaGia=3 | InpPVSoNenThanhKhoan=12 | InpPVRauQuetTrenThan=2 | InpPVSoNenTimSL=5
LQ,LQ0458,M5,BUY_SELL,MY,22,15,7,68.182,47.318,2.093,86.506,0.413,27.106,2,17,64.706,54.514,5,80.0,31.992,4,11,7,8,100.0,45.396,1,InpPVKhungQuetThanhKhoan=M5 | InpPVDoXuyenToiThieuGia=0.3 | InpPVDoXuyenToiDaGia=3 | InpPVSoNenThanhKhoan=6 | InpPVRauQuetTrenThan=2 | InpPVSoNenTimSL=5
LQ,LQ0413,M4,SELL,TAT_CA,22,15,7,68.182,47.318,1.977,76.953,0.341,36.972,3,16,68.75,54.465,6,66.667,22.488,5,10,7,8,50.0,13.656,1,InpPVKhungQuetThanhKhoan=M4 | InpPVDoXuyenToiThieuGia=0.7 | InpPVDoXuyenToiDaGia=2 | InpPVSoNenThanhKhoan=6 | InpPVRauQuetTrenThan=3 | InpPVSoNenTimSL=10
LQ,LQ0412,M4,SELL,TAT_CA,22,15,7,68.182,47.318,1.94,74.026,0.353,36.972,3,16,68.75,51.464,6,66.667,22.562,5,10,7,8,62.5,18.272,1,InpPVKhungQuetThanhKhoan=M4 | InpPVDoXuyenToiThieuGia=0.7 | InpPVDoXuyenToiDaGia=2 | InpPVSoNenThanhKhoan=6 | InpPVRauQuetTrenThan=3 | InpPVSoNenTimSL=5
LQ,LQ0054,M1,BUY_SELL,TAT_CA,121,68,53,56.198,47.302,1.348,188.744,0.155,72.264,6,81,58.025,165.925,40,52.5,22.819,31,37,52,8,87.5,200.541,2,InpPVKhungQuetThanhKhoan=M1 | InpPVDoXuyenToiThieuGia=0.5 | InpPVDoXuyenToiDaGia=2 | InpPVSoNenThanhKhoan=12 | InpPVRauQuetTrenThan=1.5 | InpPVSoNenTimSL=5
LQ,LQ0022,M1,BUY_SELL,TAT_CA,98,56,42,57.143,47.258,1.39,169.666,0.171,51.915,3,62,58.065,141.29,36,55.556,28.376,25,31,42,7,85.714,161.1,2,InpPVKhungQuetThanhKhoan=M1 | InpPVDoXuyenToiThieuGia=0.3 | InpPVDoXuyenToiDaGia=2 | InpPVSoNenThanhKhoan=12 | InpPVRauQuetTrenThan=3 | InpPVSoNenTimSL=5
LQ,LQ0063,M1,BUY_SELL,AU,49,30,19,61.224,47.246,1.791,148.584,0.28,35.356,4,31,67.742,133.725,18,50.0,14.859,13,17,18,8,87.5,126.848,1,InpPVKhungQuetThanhKhoan=M1 | InpPVDoXuyenToiThieuGia=0.5 | InpPVDoXuyenToiDaGia=3 | InpPVSoNenThanhKhoan=6 | InpPVRauQuetTrenThan=2 | InpPVSoNenTimSL=10
LQ,LQ0029,M1,BUY_SELL,AU,49,30,19,61.224,47.246,1.701,135.136,0.266,30.072,3,32,65.625,118.172,17,52.941,16.964,13,17,19,6,83.333,115.894,1,InpPVKhungQuetThanhKhoan=M1 | InpPVDoXuyenToiThieuGia=0.3 | InpPVDoXuyenToiDaGia=3 | InpPVSoNenThanhKhoan=6 | InpPVRauQuetTrenThan=3 | InpPVSoNenTimSL=10
LQ,LQ0054,M1,BUY_SELL,AU,49,30,19,61.224,47.246,1.705,131.512,0.267,32.913,3,32,65.625,103.478,17,52.941,28.034,13,17,18,8,100.0,121.602,2,InpPVKhungQuetThanhKhoan=M1 | InpPVDoXuyenToiThieuGia=0.5 | InpPVDoXuyenToiDaGia=2 | InpPVSoNenThanhKhoan=12 | InpPVRauQuetTrenThan=1.5 | InpPVSoNenTimSL=5
LQ,LQ0028,M1,BUY_SELL,AU,49,30,19,61.224,47.246,1.677,130.205,0.261,30.072,3,32,65.625,113.241,17,52.941,16.964,13,17,19,6,83.333,103.876,1,InpPVKhungQuetThanhKhoan=M1 | InpPVDoXuyenToiThieuGia=0.3 | InpPVDoXuyenToiDaGia=3 | InpPVSoNenThanhKhoan=6 | InpPVRauQuetTrenThan=3 | InpPVSoNenTimSL=5
LQ,LQ0046,M1,BUY_SELL,TAT_CA,49,30,19,61.224,47.246,1.569,110.082,0.226,34.306,3,29,65.517,97.343,20,55.0,12.739,12,18,19,7,85.714,101.97,2,InpPVKhungQuetThanhKhoan=M1 | InpPVDoXuyenToiThieuGia=0.5 | InpPVDoXuyenToiDaGia=1 | InpPVSoNenThanhKhoan=12 | InpPVRauQuetTrenThan=3 | InpPVSoNenTimSL=5
LQ,LQ0337,M4,BUY_SELL,AU,31,20,11,64.516,46.948,1.934,120.237,0.377,37.04,3,20,65.0,88.591,11,63.636,31.646,10,10,11,8,75.0,104.716,1,InpPVKhungQuetThanhKhoan=M4 | InpPVDoXuyenToiThieuGia=0.3 | InpPVDoXuyenToiDaGia=2 | InpPVSoNenThanhKhoan=6 | InpPVRauQuetTrenThan=1.5 | InpPVSoNenTimSL=10
LQ,LQ0421,M4,BUY_SELL,AU,31,20,11,64.516,46.948,1.694,98.862,0.325,37.04,3,18,66.667,64.873,13,61.538,33.989,7,12,11,7,100.0,80.087,1,InpPVKhungQuetThanhKhoan=M4 | InpPVDoXuyenToiThieuGia=0.7 | InpPVDoXuyenToiDaGia=3 | InpPVSoNenThanhKhoan=6 | InpPVRauQuetTrenThan=1.5 | InpPVSoNenTimSL=10
LQ,LQ0390,M4,BUY_SELL,AU,31,20,11,64.516,46.948,1.766,95.003,0.293,27.026,2,16,62.5,42.584,15,66.667,52.419,6,13,11,8,87.5,91.347,2,InpPVKhungQuetThanhKhoan=M4 | InpPVDoXuyenToiThieuGia=0.5 | InpPVDoXuyenToiDaGia=3 | InpPVSoNenThanhKhoan=12 | InpPVRauQuetTrenThan=1.5 | InpPVSoNenTimSL=5
LQ,LQ0006,M1,BUY_SELL,TAT_CA,120,67,53,55.833,46.904,1.309,165.879,0.139,79.862,4,74,60.811,161.659,46,47.826,4.22,29,38,52,6,66.667,131.365,2,InpPVKhungQuetThanhKhoan=M1 | InpPVDoXuyenToiThieuGia=0.3 | InpPVDoXuyenToiDaGia=1 | InpPVSoNenThanhKhoan=12 | InpPVRauQuetTrenThan=1.5 | InpPVSoNenTimSL=5
LQ,LQ0101,M1,BUY,AU,17,12,5,70.588,46.866,2.716,88.593,0.503,11.354,1,13,76.923,86.202,4,50.0,2.391,6,6,5,6,83.333,77.889,1,InpPVKhungQuetThanhKhoan=M1 | InpPVDoXuyenToiThieuGia=0.7 | InpPVDoXuyenToiDaGia=3 | InpPVSoNenThanhKhoan=6 | InpPVRauQuetTrenThan=3 | InpPVSoNenTimSL=10
LQ,LQ0100,M1,BUY,AU,17,12,5,70.588,46.866,2.715,88.532,0.508,11.354,1,13,76.923,86.213,4,50.0,2.319,6,6,5,6,83.333,75.74,1,InpPVKhungQuetThanhKhoan=M1 | InpPVDoXuyenToiThieuGia=0.7 | InpPVDoXuyenToiDaGia=3 | InpPVSoNenThanhKhoan=6 | InpPVRauQuetTrenThan=3 | InpPVSoNenTimSL=5
LQ,LQ0394,M4,BUY_SELL,AU,17,12,5,70.588,46.866,2.392,78.697,0.432,15.945,1,9,66.667,41.964,8,75.0,36.733,4,8,5,8,87.5,79.445,2,InpPVKhungQuetThanhKhoan=M4 | InpPVDoXuyenToiThieuGia=0.5 | InpPVDoXuyenToiDaGia=3 | InpPVSoNenThanhKhoan=12 | InpPVRauQuetTrenThan=3 | InpPVSoNenTimSL=5
LQ,LQ0529,M5,BUY_SELL,MY,17,12,5,70.588,46.866,2.129,74.258,0.469,28.542,2,11,63.636,15.585,6,83.333,58.673,5,7,5,7,85.714,58.161,1,InpPVKhungQuetThanhKhoan=M5 | InpPVDoXuyenToiThieuGia=0.7 | InpPVDoXuyenToiDaGia=3 | InpPVSoNenThanhKhoan=6 | InpPVRauQuetTrenThan=1.5 | InpPVSoNenTimSL=10
LQ,LQ0377,M4,BUY,AU,12,9,3,75.0,46.769,3.636,92.861,0.643,35.224,3,9,77.778,79.338,3,66.667,13.523,5,4,3,9,100.0,75.159,1,InpPVKhungQuetThanhKhoan=M4 | InpPVDoXuyenToiThieuGia=0.5 | InpPVDoXuyenToiDaGia=2 | InpPVSoNenThanhKhoan=6 | InpPVRauQuetTrenThan=3 | InpPVSoNenTimSL=10
LQ,LQ0543,M6,BUY,TAT_CA,12,9,3,75.0,46.769,3.974,90.046,0.557,10.166,1,6,83.333,57.937,6,66.667,32.109,4,5,3,8,87.5,34.548,1,InpPVKhungQuetThanhKhoan=M6 | InpPVDoXuyenToiThieuGia=0.3 | InpPVDoXuyenToiDaGia=1 | InpPVSoNenThanhKhoan=6 | InpPVRauQuetTrenThan=2 | InpPVSoNenTimSL=10
LQ,LQ0376,M4,BUY,AU,12,9,3,75.0,46.769,3.963,89.233,0.701,30.114,3,9,77.778,75.71,3,66.667,13.523,6,3,3,9,88.889,71.531,1,InpPVKhungQuetThanhKhoan=M4 | InpPVDoXuyenToiThieuGia=0.5 | InpPVDoXuyenToiDaGia=2 | InpPVSoNenThanhKhoan=6 | InpPVRauQuetTrenThan=3 | InpPVSoNenTimSL=5
LQ,LQ0130,M2,BUY,MY,12,9,3,75.0,46.769,3.398,72.487,0.604,20.196,2,9,66.667,41.946,3,100.0,30.541,4,5,3,8,87.5,46.762,2,InpPVKhungQuetThanhKhoan=M2 | InpPVDoXuyenToiThieuGia=0.3 | InpPVDoXuyenToiDaGia=2 | InpPVSoNenThanhKhoan=12 | InpPVRauQuetTrenThan=3 | InpPVSoNenTimSL=5
LQ,LQ0212,M2,BUY,MY,12,9,3,75.0,46.769,3.31,69.702,0.548,10.074,1,8,75.0,49.235,4,75.0,20.467,3,6,3,8,87.5,54.137,2,InpPVKhungQuetThanhKhoan=M2 | InpPVDoXuyenToiThieuGia=0.7 | InpPVDoXuyenToiDaGia=3 | InpPVSoNenThanhKhoan=12 | InpPVRauQuetTrenThan=2 | InpPVSoNenTimSL=5
LQ,LQ0077,M1,BUY_SELL,A,12,9,3,75.0,46.769,2.749,55.341,0.414,20.946,2,7,57.143,25.821,5,100.0,29.52,3,6,3,6,66.667,26.504,1,InpPVKhungQuetThanhKhoan=M1 | InpPVDoXuyenToiThieuGia=0.7 | InpPVDoXuyenToiDaGia=1 | InpPVSoNenThanhKhoan=6 | InpPVRauQuetTrenThan=3 | InpPVSoNenTimSL=10
LQ,LQ0665,M10,SELL,TAT_CA,12,9,3,75.0,46.769,2.576,49.251,0.408,11.156,1,9,77.778,43.557,3,66.667,5.694,2,7,3,8,87.5,37.075,1,InpPVKhungQuetThanhKhoan=M10 | InpPVDoXuyenToiThieuGia=0.3 | InpPVDoXuyenToiDaGia=2 | InpPVSoNenThanhKhoan=6 | InpPVRauQuetTrenThan=3 | InpPVSoNenTimSL=10
LQ,LQ0486,M5,BUY_SELL,MY,12,9,3,75.0,46.769,2.101,47.581,0.398,20.956,1,9,77.778,46.63,3,66.667,0.951,3,6,3,9,77.778,40.852,4,InpPVKhungQuetThanhKhoan=M5 | InpPVDoXuyenToiThieuGia=0.5 | InpPVDoXuyenToiDaGia=2 | InpPVSoNenThanhKhoan=12 | InpPVRauQuetTrenThan=1.5 | InpPVSoNenTimSL=5
LQ,LQ0461,M5,BUY_SELL,AU,24,16,8,66.667,46.706,1.929,95.285,0.397,29.028,2,12,75.0,74.304,12,58.333,20.981,8,8,8,7,100.0,73.62,1,InpPVKhungQuetThanhKhoan=M5 | InpPVDoXuyenToiThieuGia=0.3 | InpPVDoXuyenToiDaGia=3 | InpPVSoNenThanhKhoan=6 | InpPVRauQuetTrenThan=3 | InpPVSoNenTimSL=10
LQ,LQ0420,M4,BUY_SELL,AU,33,21,12,63.636,46.616,1.844,114.149,0.342,37.04,3,20,65.0,80.16,13,61.538,33.989,9,11,12,7,85.714,93.29,1,InpPVKhungQuetThanhKhoan=M4 | InpPVDoXuyenToiThieuGia=0.7 | InpPVDoXuyenToiDaGia=3 | InpPVSoNenThanhKhoan=6 | InpPVRauQuetTrenThan=1.5 | InpPVSoNenTimSL=5
LQ,LQ0354,M4,BUY_SELL,AU,33,21,12,63.636,46.616,1.73,98.757,0.291,27.026,2,18,61.111,46.338,15,66.667,52.419,7,13,12,7,85.714,95.003,2,InpPVKhungQuetThanhKhoan=M4 | InpPVDoXuyenToiThieuGia=0.3 | InpPVDoXuyenToiDaGia=3 | InpPVSoNenThanhKhoan=12 | InpPVRauQuetTrenThan=1.5 | InpPVSoNenTimSL=5
LQ,LQ0024,M1,BUY_SELL,AU,80,46,34,57.5,46.569,1.339,117.489,0.151,55.416,6,52,61.538,100.451,28,50.0,17.038,16,30,33,6,83.333,93.745,1,InpPVKhungQuetThanhKhoan=M1 | InpPVDoXuyenToiThieuGia=0.3 | InpPVDoXuyenToiDaGia=3 | InpPVSoNenThanhKhoan=6 | InpPVRauQuetTrenThan=1.5 | InpPVSoNenTimSL=5
LQ,LQ0017,M1,BUY_SELL,AU,46,28,18,60.87,46.457,1.66,119.655,0.253,30.072,3,30,66.667,111.991,16,50.0,7.664,12,16,18,7,85.714,87.828,1,InpPVKhungQuetThanhKhoan=M1 | InpPVDoXuyenToiThieuGia=0.3 | InpPVDoXuyenToiDaGia=2 | InpPVSoNenThanhKhoan=6 | InpPVRauQuetTrenThan=3 | InpPVSoNenTimSL=10
LQ,LQ0016,M1,BUY_SELL,AU,46,28,18,60.87,46.457,1.634,114.724,0.247,30.072,3,30,66.667,107.06,16,50.0,7.664,12,16,18,7,85.714,84.322,1,InpPVKhungQuetThanhKhoan=M1 | InpPVDoXuyenToiThieuGia=0.3 | InpPVDoXuyenToiDaGia=2 | InpPVSoNenThanhKhoan=6 | InpPVRauQuetTrenThan=3 | InpPVSoNenTimSL=5
LQ,LQ0087,M1,BUY_SELL,A,35,22,13,62.857,46.337,1.69,92.268,0.248,49.208,3,22,50.0,6.675,13,84.615,85.593,9,13,13,8,87.5,54.865,1,InpPVKhungQuetThanhKhoan=M1 | InpPVDoXuyenToiThieuGia=0.7 | InpPVDoXuyenToiDaGia=2 | InpPVSoNenThanhKhoan=6 | InpPVRauQuetTrenThan=2 | InpPVSoNenTimSL=10
LQ,LQ0339,M4,BUY_SELL,AU,26,17,9,65.385,46.22,2.089,117.987,0.441,28.105,2,17,64.706,82.528,9,66.667,35.459,10,7,9,9,88.889,120.237,1,InpPVKhungQuetThanhKhoan=M4 | InpPVDoXuyenToiThieuGia=0.3 | InpPVDoXuyenToiDaGia=2 | InpPVSoNenThanhKhoan=6 | InpPVRauQuetTrenThan=2 | InpPVSoNenTimSL=10
LQ,LQ0094,M1,BUY,TAT_CA,26,17,9,65.385,46.22,2.091,98.738,0.373,30.122,3,17,70.588,87.929,9,55.556,10.809,8,9,9,7,100.0,98.343,2,InpPVKhungQuetThanhKhoan=M1 | InpPVDoXuyenToiThieuGia=0.7 | InpPVDoXuyenToiDaGia=2 | InpPVSoNenThanhKhoan=12 | InpPVRauQuetTrenThan=3 | InpPVSoNenTimSL=5
LQ,LQ0062,M1,BUY_SELL,AU,50,30,20,60.0,46.181,1.656,129.478,0.253,35.356,4,32,65.625,114.576,18,50.0,14.902,13,17,19,8,87.5,130.159,1,InpPVKhungQuetThanhKhoan=M1 | InpPVDoXuyenToiThieuGia=0.5 | InpPVDoXuyenToiDaGia=3 | InpPVSoNenThanhKhoan=6 | InpPVRauQuetTrenThan=2 | InpPVSoNenTimSL=5
LQ,LQ0034,M1,BUY_SELL,TAT_CA,106,59,47,55.66,46.17,1.33,161.1,0.15,63.299,3,68,57.353,151.412,38,52.632,9.688,27,32,47,6,83.333,160.154,2,InpPVKhungQuetThanhKhoan=M1 | InpPVDoXuyenToiThieuGia=0.3 | InpPVDoXuyenToiDaGia=3 | InpPVSoNenThanhKhoan=12 | InpPVRauQuetTrenThan=3 | InpPVSoNenTimSL=5
LQ,LQ0056,M1,BUY_SELL,AU,37,23,14,62.162,46.1,1.872,118.846,0.319,30.142,3,22,68.182,95.862,15,53.333,22.984,11,12,13,9,100.0,118.846,2,InpPVKhungQuetThanhKhoan=M1 | InpPVDoXuyenToiThieuGia=0.5 | InpPVDoXuyenToiDaGia=2 | InpPVSoNenThanhKhoan=12 | InpPVRauQuetTrenThan=2 | InpPVSoNenTimSL=5
LQ,LQ0056,M1,SELL,TAT_CA,52,31,21,59.615,46.067,1.456,100.156,0.192,31.002,2,34,55.882,54.791,18,66.667,45.365,13,18,20,9,88.889,68.396,2,InpPVKhungQuetThanhKhoan=M1 | InpPVDoXuyenToiThieuGia=0.5 | InpPVDoXuyenToiDaGia=2 | InpPVSoNenThanhKhoan=12 | InpPVRauQuetTrenThan=2 | InpPVSoNenTimSL=5
LQ,LQ0380,M4,BUY_SELL,AU,19,13,6,68.421,46.01,2.298,93.5,0.487,27.026,2,9,77.778,69.966,10,60.0,23.534,7,6,6,10,80.0,89.809,2,InpPVKhungQuetThanhKhoan=M4 | InpPVDoXuyenToiThieuGia=0.5 | InpPVDoXuyenToiDaGia=2 | InpPVSoNenThanhKhoan=12 | InpPVRauQuetTrenThan=2 | InpPVSoNenTimSL=5
LQ,LQ0252,M3,BUY_SELL,AU,19,13,6,68.421,46.01,2.185,71.343,0.368,35.036,3,11,54.545,13.632,8,87.5,57.711,4,9,6,8,87.5,35.239,2,InpPVKhungQuetThanhKhoan=M3 | InpPVDoXuyenToiThieuGia=0.5 | InpPVDoXuyenToiDaGia=1 | InpPVSoNenThanhKhoan=6 | InpPVRauQuetTrenThan=1.5 | InpPVSoNenTimSL=5
LQ,LQ0446,M5,BUY_SELL,MY,19,13,6,68.421,46.01,2.026,70.592,0.407,27.106,2,16,62.5,45.883,3,100.0,24.709,3,10,6,9,88.889,32.51,1,InpPVKhungQuetThanhKhoan=M5 | InpPVDoXuyenToiThieuGia=0.3 | InpPVDoXuyenToiDaGia=2 | InpPVSoNenThanhKhoan=6 | InpPVRauQuetTrenThan=2 | InpPVSoNenTimSL=5
LQ,LQ0805,M15,BUY_SELL,TAT_CA,19,13,6,68.421,46.01,1.929,68.483,0.273,40.48,2,11,63.636,31.08,8,75.0,37.403,2,11,6,8,87.5,58.067,1,InpPVKhungQuetThanhKhoan=M15 | InpPVDoXuyenToiThieuGia=0.5 | InpPVDoXuyenToiDaGia=2 | InpPVSoNenThanhKhoan=6 | InpPVRauQuetTrenThan=1.5 | InpPVSoNenTimSL=10
LQ,LQ0025,M1,BUY_SELL,AU,79,45,34,56.962,45.972,1.337,117.041,0.14,55.416,6,51,60.784,100.065,28,50.0,16.976,16,29,33,6,83.333,103.096,1,InpPVKhungQuetThanhKhoan=M1 | InpPVDoXuyenToiThieuGia=0.3 | InpPVDoXuyenToiDaGia=3 | InpPVSoNenThanhKhoan=6 | InpPVRauQuetTrenThan=1.5 | InpPVSoNenTimSL=10
LQ,LQ0102,M1,SELL,TAT_CA,54,32,22,59.259,45.967,1.354,83.016,0.152,50.31,5,37,54.054,36.498,17,70.588,46.518,11,21,22,6,66.667,62.682,2,InpPVKhungQuetThanhKhoan=M1 | InpPVDoXuyenToiThieuGia=0.7 | InpPVDoXuyenToiDaGia=3 | InpPVSoNenThanhKhoan=12 | InpPVRauQuetTrenThan=1.5 | InpPVSoNenTimSL=5
LQ,LQ0068,M1,SELL,TAT_CA,56,33,23,58.929,45.877,1.451,108.051,0.191,33.108,3,37,56.757,69.928,19,63.158,38.123,14,19,22,8,87.5,74.989,2,InpPVKhungQuetThanhKhoan=M1 | InpPVDoXuyenToiThieuGia=0.5 | InpPVDoXuyenToiDaGia=3 | InpPVSoNenThanhKhoan=12 | InpPVRauQuetTrenThan=2 | InpPVSoNenTimSL=5
LQ,LQ0041,M1,BUY_SELL,TAT_CA,60,35,25,58.333,45.728,1.352,91.712,0.152,61.162,6,35,57.143,61.943,25,60.0,29.769,13,22,25,7,71.429,66.336,1,InpPVKhungQuetThanhKhoan=M1 | InpPVDoXuyenToiThieuGia=0.5 | InpPVDoXuyenToiDaGia=1 | InpPVSoNenThanhKhoan=6 | InpPVRauQuetTrenThan=3 | InpPVSoNenTimSL=10
LQ,LQ0068,M1,BUY_SELL,AU,41,25,16,60.976,45.727,1.784,123.574,0.295,30.082,3,25,68.0,107.894,16,50.0,15.68,12,13,15,8,100.0,121.21,2,InpPVKhungQuetThanhKhoan=M1 | InpPVDoXuyenToiThieuGia=0.5 | InpPVDoXuyenToiDaGia=3 | InpPVSoNenThanhKhoan=12 | InpPVRauQuetTrenThan=2 | InpPVSoNenTimSL=5
LQ,LQ0025,M1,SELL,AU,41,25,16,60.976,45.727,1.551,86.131,0.205,32.382,3,26,61.538,59.385,15,60.0,26.746,7,18,15,6,83.333,67.795,1,InpPVKhungQuetThanhKhoan=M1 | InpPVDoXuyenToiThieuGia=0.3 | InpPVDoXuyenToiDaGia=3 | InpPVSoNenThanhKhoan=6 | InpPVRauQuetTrenThan=1.5 | InpPVSoNenTimSL=10
LQ,LQ0024,M1,SELL,AU,41,25,16,60.976,45.727,1.52,81.189,0.198,32.382,3,26,61.538,54.443,15,60.0,26.746,7,18,15,6,83.333,65.324,1,InpPVKhungQuetThanhKhoan=M1 | InpPVDoXuyenToiThieuGia=0.3 | InpPVDoXuyenToiDaGia=3 | InpPVSoNenThanhKhoan=6 | InpPVRauQuetTrenThan=1.5 | InpPVSoNenTimSL=5
LQ,LQ0051,M1,BUY_SELL,AU,45,27,18,60.0,45.452,1.704,124.217,0.262,40.375,4,28,67.857,121.693,17,47.059,2.524,12,15,17,9,88.889,118.846,1,InpPVKhungQuetThanhKhoan=M1 | InpPVDoXuyenToiThieuGia=0.5 | InpPVDoXuyenToiDaGia=2 | InpPVSoNenThanhKhoan=6 | InpPVRauQuetTrenThan=2 | InpPVSoNenTimSL=10
LQ,LQ0373,M4,BUY,AU,21,14,7,66.667,45.373,2.389,105.116,0.426,45.264,4,13,76.923,100.57,8,50.0,4.546,7,7,7,9,88.889,70.281,1,InpPVKhungQuetThanhKhoan=M4 | InpPVDoXuyenToiThieuGia=0.5 | InpPVDoXuyenToiDaGia=2 | InpPVSoNenThanhKhoan=6 | InpPVRauQuetTrenThan=1.5 | InpPVSoNenTimSL=10
LQ,LQ0372,M4,BUY,AU,21,14,7,66.667,45.373,2.438,101.488,0.459,40.154,4,13,76.923,96.942,8,50.0,4.546,8,6,7,9,88.889,66.653,1,InpPVKhungQuetThanhKhoan=M4 | InpPVDoXuyenToiThieuGia=0.5 | InpPVDoXuyenToiDaGia=2 | InpPVSoNenThanhKhoan=6 | InpPVRauQuetTrenThan=1.5 | InpPVSoNenTimSL=5
LQ,LQ0344,M4,BUY_SELL,AU,21,14,7,66.667,45.373,2.168,97.254,0.465,27.026,2,11,72.727,73.72,10,60.0,23.534,8,6,7,9,77.778,91.445,2,InpPVKhungQuetThanhKhoan=M4 | InpPVDoXuyenToiThieuGia=0.3 | InpPVDoXuyenToiDaGia=2 | InpPVSoNenThanhKhoan=12 | InpPVRauQuetTrenThan=2 | InpPVSoNenTimSL=5
LQ,LQ0804,M15,BUY_SELL,TAT_CA,21,14,7,66.667,45.373,1.995,81.43,0.317,41.497,2,12,66.667,60.264,9,66.667,21.166,4,10,7,8,87.5,64.237,1,InpPVKhungQuetThanhKhoan=M15 | InpPVDoXuyenToiThieuGia=0.5 | InpPVDoXuyenToiDaGia=2 | InpPVSoNenThanhKhoan=6 | InpPVRauQuetTrenThan=1.5 | InpPVSoNenTimSL=5
LQ,LQ0102,M1,SELL,AU,21,14,7,66.667,45.373,2.056,74.549,0.356,20.04,2,13,61.538,32.302,8,75.0,42.247,5,9,7,6,100.0,66.059,2,InpPVKhungQuetThanhKhoan=M1 | InpPVDoXuyenToiThieuGia=0.7 | InpPVDoXuyenToiDaGia=3 | InpPVSoNenThanhKhoan=12 | InpPVRauQuetTrenThan=1.5 | InpPVSoNenTimSL=5
LQ,LQ0541,M6,BUY,TAT_CA,14,10,4,71.429,45.35,3.234,93.528,0.513,21.65,2,7,71.429,46.357,7,71.429,47.171,5,5,4,7,71.429,54.385,1,InpPVKhungQuetThanhKhoan=M6 | InpPVDoXuyenToiThieuGia=0.3 | InpPVDoXuyenToiDaGia=1 | InpPVSoNenThanhKhoan=6 | InpPVRauQuetTrenThan=1.5 | InpPVSoNenTimSL=10
LQ,LQ0346,M4,BUY_SELL,AU,14,10,4,71.429,45.35,2.746,80.646,0.529,14.852,1,9,66.667,49.5,5,80.0,31.146,5,5,4,8,87.5,74.032,2,InpPVKhungQuetThanhKhoan=M4 | InpPVDoXuyenToiThieuGia=0.3 | InpPVDoXuyenToiDaGia=2 | InpPVSoNenThanhKhoan=12 | InpPVRauQuetTrenThan=3 | InpPVSoNenTimSL=5
LQ,LQ0092,M1,SELL,AU,14,10,4,71.429,45.35,2.835,74.174,0.531,11.429,1,8,62.5,31.287,6,83.333,42.887,5,5,4,8,100.0,56.736,2,InpPVKhungQuetThanhKhoan=M1 | InpPVDoXuyenToiThieuGia=0.7 | InpPVDoXuyenToiDaGia=2 | InpPVSoNenThanhKhoan=12 | InpPVRauQuetTrenThan=2 | InpPVSoNenTimSL=5
LQ,LQ0142,M2,BUY,MY,14,10,4,71.429,45.35,2.73,69.7,0.496,20.196,2,10,70.0,49.233,4,75.0,20.467,4,6,4,7,85.714,48.033,2,InpPVKhungQuetThanhKhoan=M2 | InpPVDoXuyenToiThieuGia=0.3 | InpPVDoXuyenToiDaGia=3 | InpPVSoNenThanhKhoan=12 | InpPVRauQuetTrenThan=3 | InpPVSoNenTimSL=5
LQ,LQ0214,M2,BUY_SELL,MY,14,10,4,71.429,45.35,2.731,69.534,0.49,30.098,3,10,70.0,49.067,4,75.0,20.467,4,6,4,7,71.429,48.506,2,InpPVKhungQuetThanhKhoan=M2 | InpPVDoXuyenToiThieuGia=0.7 | InpPVDoXuyenToiDaGia=3 | InpPVSoNenThanhKhoan=12 | InpPVRauQuetTrenThan=3 | InpPVSoNenTimSL=5
LQ,LQ0810,M15,BUY_SELL,TAT_CA,14,10,4,71.429,45.35,2.116,53.992,0.372,39.612,2,7,57.143,10.64,7,85.714,43.352,2,8,4,8,87.5,48.208,2,InpPVKhungQuetThanhKhoan=M15 | InpPVDoXuyenToiThieuGia=0.5 | InpPVDoXuyenToiDaGia=2 | InpPVSoNenThanhKhoan=12 | InpPVRauQuetTrenThan=1.5 | InpPVSoNenTimSL=5
LQ,LQ0000,M1,SELL,AU,32,20,12,62.5,45.254,1.644,74.616,0.233,38.794,4,21,66.667,70.752,11,54.545,3.864,6,14,11,6,100.0,57.191,2,InpPVKhungQuetThanhKhoan=M1 | InpPVDoXuyenToiThieuGia=0.3 | InpPVDoXuyenToiDaGia=1 | InpPVSoNenThanhKhoan=6 | InpPVRauQuetTrenThan=1.5 | InpPVSoNenTimSL=5
LQ,LQ0053,M1,BUY_SELL,A,34,21,13,61.765,45.041,1.536,74.143,0.215,57.013,4,19,52.632,21.334,15,73.333,52.809,8,13,13,8,75.0,48.673,1,InpPVKhungQuetThanhKhoan=M1 | InpPVDoXuyenToiThieuGia=0.5 | InpPVDoXuyenToiDaGia=2 | InpPVSoNenThanhKhoan=6 | InpPVRauQuetTrenThan=3 | InpPVSoNenTimSL=10
LQ,LQ0044,M1,SELL,TAT_CA,34,21,13,61.765,45.041,1.534,68.396,0.203,24.597,2,20,60.0,41.946,14,64.286,26.45,7,14,12,8,100.0,57.113,2,InpPVKhungQuetThanhKhoan=M1 | InpPVDoXuyenToiThieuGia=0.5 | InpPVDoXuyenToiDaGia=1 | InpPVSoNenThanhKhoan=12 | InpPVRauQuetTrenThan=2 | InpPVSoNenTimSL=5
LQ,LQ0337,M4,BUY,AU,23,15,8,65.217,44.89,2.254,109.026,0.411,45.264,4,15,73.333,104.324,8,50.0,4.702,8,7,8,8,87.5,72.654,1,InpPVKhungQuetThanhKhoan=M4 | InpPVDoXuyenToiThieuGia=0.3 | InpPVDoXuyenToiDaGia=2 | InpPVSoNenThanhKhoan=6 | InpPVRauQuetTrenThan=1.5 | InpPVSoNenTimSL=10
LQ,LQ0336,M4,BUY,AU,23,15,8,65.217,44.89,2.287,105.398,0.441,40.154,4,15,73.333,100.696,8,50.0,4.702,9,6,8,8,75.0,70.84,1,InpPVKhungQuetThanhKhoan=M4 | InpPVDoXuyenToiThieuGia=0.3 | InpPVDoXuyenToiDaGia=2 | InpPVSoNenThanhKhoan=6 | InpPVRauQuetTrenThan=1.5 | InpPVSoNenTimSL=5
LQ,LQ0768,M15,BUY_SELL,TAT_CA,23,15,8,65.217,44.89,1.974,90.782,0.311,41.497,3,13,61.538,48.85,10,70.0,41.932,5,10,8,7,85.714,57.069,1,InpPVKhungQuetThanhKhoan=M15 | InpPVDoXuyenToiThieuGia=0.3 | InpPVDoXuyenToiDaGia=2 | InpPVSoNenThanhKhoan=6 | InpPVRauQuetTrenThan=1.5 | InpPVSoNenTimSL=5
LQ,LQ0496,M5,BUY_SELL,AU,23,15,8,65.217,44.89,2.012,89.935,0.352,31.719,2,11,72.727,66.323,12,58.333,23.612,7,8,8,8,100.0,69.092,1,InpPVKhungQuetThanhKhoan=M5 | InpPVDoXuyenToiThieuGia=0.5 | InpPVDoXuyenToiDaGia=3 | InpPVSoNenThanhKhoan=6 | InpPVRauQuetTrenThan=3 | InpPVSoNenTimSL=5
LQ,LQ0052,M1,BUY,AU,23,15,8,65.217,44.89,2.056,85.065,0.366,24.493,2,17,70.588,78.334,6,50.0,6.731,7,8,8,8,87.5,70.734,1,InpPVKhungQuetThanhKhoan=M1 | InpPVDoXuyenToiThieuGia=0.5 | InpPVDoXuyenToiDaGia=2 | InpPVSoNenThanhKhoan=6 | InpPVRauQuetTrenThan=3 | InpPVSoNenTimSL=5
LQ,LQ0053,M1,BUY,AU,23,15,8,65.217,44.89,2.056,85.054,0.364,24.493,2,17,70.588,78.323,6,50.0,6.731,7,8,8,8,87.5,70.728,1,InpPVKhungQuetThanhKhoan=M1 | InpPVDoXuyenToiThieuGia=0.5 | InpPVDoXuyenToiDaGia=2 | InpPVSoNenThanhKhoan=6 | InpPVRauQuetTrenThan=3 | InpPVSoNenTimSL=10
LQ,LQ0497,M5,BUY_SELL,AU,23,15,8,65.217,44.89,1.78,80.064,0.348,29.028,2,11,72.727,59.179,12,58.333,20.885,7,8,8,8,100.0,61.325,1,InpPVKhungQuetThanhKhoan=M5 | InpPVDoXuyenToiThieuGia=0.5 | InpPVDoXuyenToiDaGia=3 | InpPVSoNenThanhKhoan=6 | InpPVRauQuetTrenThan=3 | InpPVSoNenTimSL=10
LQ,LQ0046,M1,SELL,TAT_CA,23,15,8,65.217,44.89,1.695,57.48,0.253,30.172,3,14,57.143,26.125,9,77.778,31.355,5,10,8,7,85.714,45.335,2,InpPVKhungQuetThanhKhoan=M1 | InpPVDoXuyenToiThieuGia=0.5 | InpPVDoXuyenToiDaGia=1 | InpPVSoNenThanhKhoan=12 | InpPVRauQuetTrenThan=3 | InpPVSoNenTimSL=5
LQ,LQ0492,M5,BUY_SELL,AU,38,23,15,60.526,44.718,1.499,80.924,0.189,36.66,3,21,52.381,23.168,17,70.588,57.756,8,15,15,8,87.5,51.924,1,InpPVKhungQuetThanhKhoan=M5 | InpPVDoXuyenToiThieuGia=0.5 | InpPVDoXuyenToiDaGia=3 | InpPVSoNenThanhKhoan=6 | InpPVRauQuetTrenThan=1.5 | InpPVSoNenTimSL=5
LQ,LQ0065,M1,BUY_SELL,A,38,23,15,60.526,44.718,1.481,76.798,0.203,54.663,4,22,54.545,35.215,16,68.75,41.583,9,14,15,7,85.714,51.411,1,InpPVKhungQuetThanhKhoan=M1 | InpPVDoXuyenToiThieuGia=0.5 | InpPVDoXuyenToiDaGia=3 | InpPVSoNenThanhKhoan=6 | InpPVRauQuetTrenThan=3 | InpPVSoNenTimSL=10
LQ,LQ0493,M5,BUY_SELL,AU,38,23,15,60.526,44.718,1.319,60.431,0.188,58.92,3,21,52.381,2.716,17,70.588,57.715,8,15,15,8,87.5,44.787,1,InpPVKhungQuetThanhKhoan=M5 | InpPVDoXuyenToiThieuGia=0.5 | InpPVDoXuyenToiDaGia=3 | InpPVSoNenThanhKhoan=6 | InpPVRauQuetTrenThan=1.5 | InpPVSoNenTimSL=10
LQ,LQ0099,M1,BUY_SELL,A,40,24,16,60.0,44.596,1.513,84.753,0.202,57.439,3,25,52.0,20.556,15,73.333,64.197,10,14,16,7,85.714,53.476,1,InpPVKhungQuetThanhKhoan=M1 | InpPVDoXuyenToiThieuGia=0.7 | InpPVDoXuyenToiDaGia=3 | InpPVSoNenThanhKhoan=6 | InpPVRauQuetTrenThan=2 | InpPVSoNenTimSL=10
LQ,LQ0013,M1,SELL,AU,40,24,16,60.0,44.596,1.491,76.769,0.187,32.382,3,26,61.538,59.385,14,57.143,17.384,7,17,15,7,100.0,63.977,1,InpPVKhungQuetThanhKhoan=M1 | InpPVDoXuyenToiThieuGia=0.3 | InpPVDoXuyenToiDaGia=2 | InpPVSoNenThanhKhoan=6 | InpPVRauQuetTrenThan=1.5 | InpPVSoNenTimSL=10
LQ,LQ0012,M1,SELL,AU,40,24,16,60.0,44.596,1.46,71.827,0.18,32.382,3,26,61.538,54.443,14,57.143,17.384,7,17,15,7,100.0,59.035,1,InpPVKhungQuetThanhKhoan=M1 | InpPVDoXuyenToiThieuGia=0.3 | InpPVDoXuyenToiDaGia=2 | InpPVSoNenThanhKhoan=6 | InpPVRauQuetTrenThan=1.5 | InpPVSoNenTimSL=5
LQ,LQ0457,M5,BUY_SELL,AU,40,24,16,60.0,44.596,1.33,65.648,0.191,48.34,3,23,52.174,7.837,17,70.588,57.811,9,15,16,7,71.429,60.431,1,InpPVKhungQuetThanhKhoan=M5 | InpPVDoXuyenToiThieuGia=0.3 | InpPVDoXuyenToiDaGia=3 | InpPVSoNenThanhKhoan=6 | InpPVRauQuetTrenThan=1.5 | InpPVSoNenTimSL=10
LQ,LQ0384,M4,BUY,AU,25,16,9,64.0,44.518,2.078,99.329,0.361,40.154,4,15,73.333,86.262,10,50.0,13.067,7,8,9,8,87.5,84.533,1,InpPVKhungQuetThanhKhoan=M4 | InpPVDoXuyenToiThieuGia=0.5 | InpPVDoXuyenToiDaGia=3 | InpPVSoNenThanhKhoan=6 | InpPVRauQuetTrenThan=1.5 | InpPVSoNenTimSL=5
LQ,LQ0460,M5,BUY_SELL,AU,25,16,9,64.0,44.518,1.961,95.048,0.344,31.719,2,13,69.231,71.34,12,58.333,23.708,8,8,9,7,100.0,80.077,1,InpPVKhungQuetThanhKhoan=M5 | InpPVDoXuyenToiThieuGia=0.3 | InpPVDoXuyenToiDaGia=3 | InpPVSoNenThanhKhoan=6 | InpPVRauQuetTrenThan=3 | InpPVSoNenTimSL=5
LQ,LQ0408,M4,BUY_SELL,AU,25,16,9,64.0,44.518,1.912,93.29,0.389,43.956,3,16,68.75,91.721,9,55.556,1.569,9,7,9,8,75.0,67.683,1,InpPVKhungQuetThanhKhoan=M4 | InpPVDoXuyenToiThieuGia=0.7 | InpPVDoXuyenToiDaGia=2 | InpPVSoNenThanhKhoan=6 | InpPVRauQuetTrenThan=1.5 | InpPVSoNenTimSL=5
LQ,LQ0064,M1,BUY,AU,25,16,9,64.0,44.518,1.992,91.184,0.356,20.2,2,19,68.421,84.515,6,50.0,6.669,8,8,9,7,85.714,77.417,1,InpPVKhungQuetThanhKhoan=M1 | InpPVDoXuyenToiThieuGia=0.5 | InpPVDoXuyenToiDaGia=3 | InpPVSoNenThanhKhoan=6 | InpPVRauQuetTrenThan=3 | InpPVSoNenTimSL=5
LQ,LQ0065,M1,BUY,AU,25,16,9,64.0,44.518,1.992,91.173,0.354,20.2,2,19,68.421,84.504,6,50.0,6.669,8,8,9,7,85.714,77.417,1,InpPVKhungQuetThanhKhoan=M1 | InpPVDoXuyenToiThieuGia=0.5 | InpPVDoXuyenToiDaGia=3 | InpPVSoNenThanhKhoan=6 | InpPVRauQuetTrenThan=3 | InpPVSoNenTimSL=10
LQ,LQ0385,M4,BUY,AU,25,16,9,64.0,44.518,1.809,89.509,0.333,45.264,4,15,73.333,76.442,10,50.0,13.067,6,9,9,8,100.0,81.578,1,InpPVKhungQuetThanhKhoan=M4 | InpPVDoXuyenToiThieuGia=0.5 | InpPVDoXuyenToiDaGia=3 | InpPVSoNenThanhKhoan=6 | InpPVRauQuetTrenThan=1.5 | InpPVSoNenTimSL=10
LQ,LQ0378,M4,BUY_SELL,AU,25,16,9,64.0,44.518,1.857,87.691,0.354,27.026,2,13,61.538,42.833,12,66.667,44.858,8,8,9,9,77.778,87.691,2,InpPVKhungQuetThanhKhoan=M4 | InpPVDoXuyenToiThieuGia=0.5 | InpPVDoXuyenToiDaGia=2 | InpPVSoNenThanhKhoan=12 | InpPVRauQuetTrenThan=1.5 | InpPVSoNenTimSL=5
LQ,LQ0074,M1,SELL,TAT_CA,25,16,9,64.0,44.518,1.468,43.366,0.176,24.615,2,16,56.25,22.513,9,77.778,20.853,4,12,9,7,100.0,25.166,1,InpPVKhungQuetThanhKhoan=M1 | InpPVDoXuyenToiThieuGia=0.7 | InpPVDoXuyenToiDaGia=1 | InpPVSoNenThanhKhoan=6 | InpPVRauQuetTrenThan=2 | InpPVSoNenTimSL=5
LQ,LQ0075,M1,SELL,TAT_CA,25,16,9,64.0,44.518,1.454,42.482,0.175,25.499,2,16,56.25,21.629,9,77.778,20.853,4,12,9,7,85.714,24.282,1,InpPVKhungQuetThanhKhoan=M1 | InpPVDoXuyenToiThieuGia=0.7 | InpPVDoXuyenToiDaGia=1 | InpPVSoNenThanhKhoan=6 | InpPVRauQuetTrenThan=2 | InpPVSoNenTimSL=10
LQ,LQ0124,M2,BUY,MY,16,11,5,68.75,44.404,2.941,97.717,0.611,33.453,3,13,61.538,67.172,3,100.0,30.545,6,5,5,8,75.0,67.944,1,InpPVKhungQuetThanhKhoan=M2 | InpPVDoXuyenToiThieuGia=0.3 | InpPVDoXuyenToiDaGia=2 | InpPVSoNenThanhKhoan=6 | InpPVRauQuetTrenThan=3 | InpPVSoNenTimSL=5
LQ,LQ0125,M2,BUY,MY,16,11,5,68.75,44.404,2.7,90.494,0.566,36.335,3,13,61.538,59.949,3,100.0,30.545,5,6,5,8,75.0,61.369,1,InpPVKhungQuetThanhKhoan=M2 | InpPVDoXuyenToiThieuGia=0.3 | InpPVDoXuyenToiDaGia=2 | InpPVSoNenThanhKhoan=6 | InpPVRauQuetTrenThan=3 | InpPVSoNenTimSL=10
LQ,LQ0099,M1,BUY,A,16,11,5,68.75,44.404,2.337,70.758,0.416,29.347,2,6,83.333,55.766,10,60.0,14.992,5,6,5,7,71.429,42.122,1,InpPVKhungQuetThanhKhoan=M1 | InpPVDoXuyenToiThieuGia=0.7 | InpPVDoXuyenToiDaGia=3 | InpPVSoNenThanhKhoan=6 | InpPVRauQuetTrenThan=2 | InpPVSoNenTimSL=10
LQ,LQ0065,M1,SELL,AU,16,11,5,68.75,44.404,2.281,64.761,0.392,10.36,1,8,62.5,24.332,8,75.0,40.429,4,7,5,7,85.714,53.721,1,InpPVKhungQuetThanhKhoan=M1 | InpPVDoXuyenToiThieuGia=0.5 | InpPVDoXuyenToiDaGia=3 | InpPVSoNenThanhKhoan=6 | InpPVRauQuetTrenThan=3 | InpPVSoNenTimSL=10
LQ,LQ0064,M1,SELL,AU,16,11,5,68.75,44.404,2.191,59.819,0.374,10.11,1,8,62.5,19.39,8,75.0,40.429,4,7,5,7,85.714,48.779,1,InpPVKhungQuetThanhKhoan=M1 | InpPVDoXuyenToiThieuGia=0.5 | InpPVDoXuyenToiDaGia=3 | InpPVSoNenThanhKhoan=6 | InpPVRauQuetTrenThan=3 | InpPVSoNenTimSL=5
LQ,LQ0481,M5,BUY_SELL,MY,16,11,5,68.75,44.404,1.809,54.749,0.405,37.652,2,12,58.333,2.101,4,100.0,52.648,4,7,5,9,77.778,47.581,1,InpPVKhungQuetThanhKhoan=M5 | InpPVDoXuyenToiThieuGia=0.5 | InpPVDoXuyenToiDaGia=2 | InpPVSoNenThanhKhoan=6 | InpPVRauQuetTrenThan=1.5 | InpPVSoNenTimSL=10
LQ,LQ0569,M6,BUY_SELL,AU,16,11,5,68.75,44.404,1.716,54.247,0.321,30.206,1,9,66.667,16.89,7,71.429,37.357,2,8,5,7,100.0,44.079,2,InpPVKhungQuetThanhKhoan=M6 | InpPVDoXuyenToiThieuGia=0.3 | InpPVDoXuyenToiDaGia=3 | InpPVSoNenThanhKhoan=6 | InpPVRauQuetTrenThan=3 | InpPVSoNenTimSL=10
LQ,LQ0516,M5,BUY_SELL,MY,16,11,5,68.75,44.404,1.866,50.878,0.357,28.836,2,12,58.333,10.917,4,100.0,39.961,3,8,5,8,87.5,44.217,1,InpPVKhungQuetThanhKhoan=M5 | InpPVDoXuyenToiThieuGia=0.7 | InpPVDoXuyenToiDaGia=2 | InpPVSoNenThanhKhoan=6 | InpPVRauQuetTrenThan=1.5 | InpPVSoNenTimSL=5
LQ,LQ0075,M1,BUY_SELL,A,16,11,5,68.75,44.404,1.941,48.739,0.269,25.499,2,11,54.545,19.219,5,100.0,29.52,3,8,5,7,71.429,26.291,1,InpPVKhungQuetThanhKhoan=M1 | InpPVDoXuyenToiThieuGia=0.7 | InpPVDoXuyenToiDaGia=1 | InpPVSoNenThanhKhoan=6 | InpPVRauQuetTrenThan=2 | InpPVSoNenTimSL=10
LQ,LQ0076,M1,SELL,TAT_CA,16,11,5,68.75,44.404,1.814,42.585,0.269,20.062,2,9,55.556,16.819,7,85.714,25.766,3,8,5,6,66.667,36.924,1,InpPVKhungQuetThanhKhoan=M1 | InpPVDoXuyenToiThieuGia=0.7 | InpPVDoXuyenToiDaGia=1 | InpPVSoNenThanhKhoan=6 | InpPVRauQuetTrenThan=3 | InpPVSoNenTimSL=5
LQ,LQ0077,M1,SELL,TAT_CA,16,11,5,68.75,44.404,1.784,41.701,0.269,20.946,2,9,55.556,15.935,7,85.714,25.766,3,8,5,6,66.667,35.354,1,InpPVKhungQuetThanhKhoan=M1 | InpPVDoXuyenToiThieuGia=0.7 | InpPVDoXuyenToiDaGia=1 | InpPVSoNenThanhKhoan=6 | InpPVRauQuetTrenThan=3 | InpPVSoNenTimSL=10
LQ,LQ0050,M1,BUY_SELL,AU,46,27,19,58.696,44.339,1.564,105.068,0.226,40.375,4,29,65.517,102.544,17,47.059,2.524,12,15,18,9,88.889,118.846,1,InpPVKhungQuetThanhKhoan=M1 | InpPVDoXuyenToiThieuGia=0.5 | InpPVDoXuyenToiDaGia=2 | InpPVSoNenThanhKhoan=6 | InpPVRauQuetTrenThan=2 | InpPVSoNenTimSL=5
LQ,LQ0020,M1,BUY_SELL,A,48,28,20,58.333,44.281,1.383,77.814,0.166,51.426,5,30,60.0,61.797,18,55.556,16.017,11,17,20,8,75.0,55.548,2,InpPVKhungQuetThanhKhoan=M1 | InpPVDoXuyenToiThieuGia=0.3 | InpPVDoXuyenToiDaGia=2 | InpPVSoNenThanhKhoan=12 | InpPVRauQuetTrenThan=2 | InpPVSoNenTimSL=5
LQ,LQ0348,M4,BUY,AU,27,17,10,62.963,44.229,1.998,103.239,0.353,40.154,4,17,70.588,90.016,10,50.0,13.223,8,8,10,7,71.429,93.419,1,InpPVKhungQuetThanhKhoan=M4 | InpPVDoXuyenToiThieuGia=0.3 | InpPVDoXuyenToiDaGia=3 | InpPVSoNenThanhKhoan=6 | InpPVRauQuetTrenThan=1.5 | InpPVSoNenTimSL=5
LQ,LQ0349,M4,BUY,AU,27,17,10,62.963,44.229,1.766,93.419,0.327,45.264,4,17,70.588,80.196,10,50.0,13.223,7,9,10,7,100.0,89.509,1,InpPVKhungQuetThanhKhoan=M4 | InpPVDoXuyenToiThieuGia=0.3 | InpPVDoXuyenToiDaGia=3 | InpPVSoNenThanhKhoan=6 | InpPVRauQuetTrenThan=1.5 | InpPVSoNenTimSL=10
LQ,LQ0342,M4,BUY_SELL,AU,27,17,10,62.963,44.229,1.805,91.445,0.347,34.99,2,15,60.0,46.587,12,66.667,44.858,9,8,10,8,75.0,89.568,2,InpPVKhungQuetThanhKhoan=M4 | InpPVDoXuyenToiThieuGia=0.3 | InpPVDoXuyenToiDaGia=2 | InpPVSoNenThanhKhoan=12 | InpPVRauQuetTrenThan=1.5 | InpPVSoNenTimSL=5
LQ,LQ0426,M4,BUY_SELL,AU,27,17,10,62.963,44.229,1.682,77.653,0.266,27.026,2,13,61.538,40.249,14,64.286,37.404,5,11,10,7,71.429,77.653,2,InpPVKhungQuetThanhKhoan=M4 | InpPVDoXuyenToiThieuGia=0.7 | InpPVDoXuyenToiDaGia=3 | InpPVSoNenThanhKhoan=12 | InpPVRauQuetTrenThan=1.5 | InpPVSoNenTimSL=5
LQ,LQ0066,M1,SELL,AU,27,17,10,62.963,44.229,1.776,74.553,0.277,15.304,2,17,64.706,48.92,10,60.0,25.633,6,11,9,7,100.0,65.375,2,InpPVKhungQuetThanhKhoan=M1 | InpPVDoXuyenToiThieuGia=0.5 | InpPVDoXuyenToiDaGia=3 | InpPVSoNenThanhKhoan=12 | InpPVRauQuetTrenThan=1.5 | InpPVSoNenTimSL=5
LQ,LQ0078,M1,SELL,TAT_CA,27,17,10,62.963,44.229,1.417,42.937,0.162,23.682,2,17,58.824,21.807,10,70.0,21.13,4,13,10,6,83.333,46.015,2,InpPVKhungQuetThanhKhoan=M1 | InpPVDoXuyenToiThieuGia=0.7 | InpPVDoXuyenToiDaGia=1 | InpPVSoNenThanhKhoan=12 | InpPVRauQuetTrenThan=1.5 | InpPVSoNenTimSL=5
LQ,LQ0032,M1,BUY_SELL,A,52,30,22,57.692,44.194,1.359,80.511,0.161,51.426,5,33,60.606,75.878,19,52.632,4.633,12,18,22,7,85.714,65.115,2,InpPVKhungQuetThanhKhoan=M1 | InpPVDoXuyenToiThieuGia=0.3 | InpPVDoXuyenToiDaGia=3 | InpPVSoNenThanhKhoan=12 | InpPVRauQuetTrenThan=2 | InpPVSoNenTimSL=5
LQ,LQ0018,M1,BUY_SELL,A,56,32,24,57.143,44.137,1.402,97.73,0.178,56.475,4,35,57.143,61.746,21,57.143,35.984,15,17,24,7,71.429,77.814,2,InpPVKhungQuetThanhKhoan=M1 | InpPVDoXuyenToiThieuGia=0.3 | InpPVDoXuyenToiDaGia=2 | InpPVSoNenThanhKhoan=12 | InpPVRauQuetTrenThan=1.5 | InpPVSoNenTimSL=5
LQ,LQ0030,M1,BUY_SELL,A,60,34,26,56.667,44.103,1.379,100.427,0.173,61.213,4,38,57.895,75.827,22,54.545,24.6,16,18,26,6,83.333,49.842,2,InpPVKhungQuetThanhKhoan=M1 | InpPVDoXuyenToiThieuGia=0.3 | InpPVDoXuyenToiDaGia=3 | InpPVSoNenThanhKhoan=12 | InpPVRauQuetTrenThan=1.5 | InpPVSoNenTimSL=5
LQ,LQ0066,M1,BUY,AU,29,18,11,62.069,44.002,1.765,92.018,0.329,29.794,2,20,65.0,63.199,9,55.556,28.819,10,8,11,7,85.714,73.248,2,InpPVKhungQuetThanhKhoan=M1 | InpPVDoXuyenToiThieuGia=0.5 | InpPVDoXuyenToiDaGia=3 | InpPVSoNenThanhKhoan=12 | InpPVRauQuetTrenThan=1.5 | InpPVSoNenTimSL=5
LQ,LQ0100,M1,BUY_SELL,A,29,18,11,62.069,44.002,1.501,56.422,0.197,65.11,4,18,50.0,1.298,11,81.818,55.124,6,12,11,6,83.333,58.707,1,InpPVKhungQuetThanhKhoan=M1 | InpPVDoXuyenToiThieuGia=0.7 | InpPVDoXuyenToiDaGia=3 | InpPVSoNenThanhKhoan=6 | InpPVRauQuetTrenThan=3 | InpPVSoNenTimSL=5
LQ,LQ0494,M5,BUY_SELL,AU,31,19,12,61.29,43.824,1.657,84.968,0.24,31.719,2,17,58.824,46.027,14,64.286,38.941,8,11,12,9,100.0,68.403,1,InpPVKhungQuetThanhKhoan=M5 | InpPVDoXuyenToiThieuGia=0.5 | InpPVDoXuyenToiDaGia=3 | InpPVSoNenThanhKhoan=6 | InpPVRauQuetTrenThan=2 | InpPVSoNenTimSL=5
LQ,LQ0061,M1,SELL,AU,31,19,12,61.29,43.824,1.631,73.339,0.23,15.304,2,20,65.0,58.242,11,54.545,15.097,6,13,11,7,85.714,63.977,1,InpPVKhungQuetThanhKhoan=M1 | InpPVDoXuyenToiThieuGia=0.5 | InpPVDoXuyenToiDaGia=3 | InpPVSoNenThanhKhoan=6 | InpPVRauQuetTrenThan=1.5 | InpPVSoNenTimSL=10
LQ,LQ0495,M5,BUY_SELL,AU,31,19,12,61.29,43.824,1.457,68.403,0.237,30.839,2,17,58.824,32.189,14,64.286,36.214,8,11,12,9,100.0,60.431,1,InpPVKhungQuetThanhKhoan=M5 | InpPVDoXuyenToiThieuGia=0.5 | InpPVDoXuyenToiDaGia=3 | InpPVSoNenThanhKhoan=6 | InpPVRauQuetTrenThan=2 | InpPVSoNenTimSL=10
LQ,LQ0060,M1,SELL,AU,31,19,12,61.29,43.824,1.59,68.397,0.221,15.304,2,20,65.0,53.3,11,54.545,15.097,6,13,11,7,85.714,59.035,1,InpPVKhungQuetThanhKhoan=M1 | InpPVDoXuyenToiThieuGia=0.5 | InpPVDoXuyenToiDaGia=3 | InpPVSoNenThanhKhoan=6 | InpPVRauQuetTrenThan=1.5 | InpPVSoNenTimSL=5
LQ,LQ0389,M4,SELL,TAT_CA,31,19,12,61.29,43.824,1.486,63.473,0.2,35.06,3,22,59.091,27.127,9,66.667,36.346,6,13,12,8,62.5,37.232,1,InpPVKhungQuetThanhKhoan=M4 | InpPVDoXuyenToiThieuGia=0.5 | InpPVDoXuyenToiDaGia=3 | InpPVSoNenThanhKhoan=6 | InpPVRauQuetTrenThan=3 | InpPVSoNenTimSL=10
LQ,LQ0388,M4,SELL,TAT_CA,31,19,12,61.29,43.824,1.464,60.59,0.209,35.06,3,22,59.091,24.17,9,66.667,36.42,6,13,12,8,75.0,37.875,1,InpPVKhungQuetThanhKhoan=M4 | InpPVDoXuyenToiThieuGia=0.5 | InpPVDoXuyenToiDaGia=3 | InpPVSoNenThanhKhoan=6 | InpPVRauQuetTrenThan=3 | InpPVSoNenTimSL=5
LQ,LQ0387,M4,BUY,AU,18,12,6,66.667,43.749,2.474,96.85,0.421,45.264,4,10,80.0,79.97,8,50.0,16.88,5,6,6,9,100.0,87.697,1,InpPVKhungQuetThanhKhoan=M4 | InpPVDoXuyenToiThieuGia=0.5 | InpPVDoXuyenToiDaGia=3 | InpPVSoNenThanhKhoan=6 | InpPVRauQuetTrenThan=2 | InpPVSoNenTimSL=10
LQ,LQ0136,M2,BUY,MY,18,12,6,66.667,43.749,2.571,94.93,0.526,33.453,3,14,64.286,74.459,4,75.0,20.471,6,6,6,7,71.429,69.7,1,InpPVKhungQuetThanhKhoan=M2 | InpPVDoXuyenToiThieuGia=0.3 | InpPVDoXuyenToiDaGia=3 | InpPVSoNenThanhKhoan=6 | InpPVRauQuetTrenThan=3 | InpPVSoNenTimSL=5
LQ,LQ0386,M4,BUY,AU,18,12,6,66.667,43.749,2.539,93.222,0.46,40.154,4,10,80.0,76.342,8,50.0,16.88,6,5,6,9,88.889,84.069,1,InpPVKhungQuetThanhKhoan=M4 | InpPVDoXuyenToiThieuGia=0.5 | InpPVDoXuyenToiDaGia=3 | InpPVSoNenThanhKhoan=6 | InpPVRauQuetTrenThan=2 | InpPVSoNenTimSL=5
LQ,LQ0137,M2,BUY,MY,18,12,6,66.667,43.749,2.386,87.707,0.486,36.335,3,14,64.286,67.236,4,75.0,20.471,5,7,6,7,71.429,65.61,1,InpPVKhungQuetThanhKhoan=M2 | InpPVDoXuyenToiThieuGia=0.3 | InpPVDoXuyenToiDaGia=3 | InpPVSoNenThanhKhoan=6 | InpPVRauQuetTrenThan=3 | InpPVSoNenTimSL=10
LQ,LQ0042,M1,BUY,AU,18,12,6,66.667,43.749,2.193,71.951,0.4,37.632,3,10,80.0,60.188,8,50.0,11.763,6,6,6,7,100.0,46.844,2,InpPVKhungQuetThanhKhoan=M1 | InpPVDoXuyenToiThieuGia=0.5 | InpPVDoXuyenToiDaGia=1 | InpPVSoNenThanhKhoan=12 | InpPVRauQuetTrenThan=1.5 | InpPVSoNenTimSL=5
LQ,LQ0097,M1,BUY,A,18,12,6,66.667,43.749,2.055,68.114,0.364,29.347,2,8,75.0,53.122,10,60.0,14.992,5,7,6,6,83.333,43.118,1,InpPVKhungQuetThanhKhoan=M1 | InpPVDoXuyenToiThieuGia=0.7 | InpPVDoXuyenToiDaGia=3 | InpPVSoNenThanhKhoan=6 | InpPVRauQuetTrenThan=1.5 | InpPVSoNenTimSL=10
LQ,LQ0358,M4,BUY_SELL,AU,18,12,6,66.667,43.749,1.994,67.417,0.352,15.945,1,10,60.0,30.684,8,75.0,36.733,4,8,6,7,85.714,78.697,2,InpPVKhungQuetThanhKhoan=M4 | InpPVDoXuyenToiThieuGia=0.3 | InpPVDoXuyenToiDaGia=3 | InpPVSoNenThanhKhoan=12 | InpPVRauQuetTrenThan=3 | InpPVSoNenTimSL=5
LQ,LQ0074,M1,BUY,TAT_CA,18,12,6,66.667,43.749,2.106,66.831,0.371,20.226,2,11,72.727,55.12,7,57.143,11.711,5,7,6,7,71.429,66.544,1,InpPVKhungQuetThanhKhoan=M1 | InpPVDoXuyenToiThieuGia=0.7 | InpPVDoXuyenToiDaGia=1 | InpPVSoNenThanhKhoan=6 | InpPVRauQuetTrenThan=2 | InpPVSoNenTimSL=5
LQ,LQ0493,M5,BUY_SELL,MY,18,12,6,66.667,43.749,1.767,60.774,0.387,37.652,2,12,58.333,2.101,6,83.333,58.673,5,7,6,8,87.5,51.442,1,InpPVKhungQuetThanhKhoan=M5 | InpPVDoXuyenToiThieuGia=0.5 | InpPVDoXuyenToiDaGia=3 | InpPVSoNenThanhKhoan=6 | InpPVRauQuetTrenThan=1.5 | InpPVSoNenTimSL=10
LQ,LQ0841,M15,BUY_SELL,TAT_CA,18,12,6,66.667,43.749,1.801,59.065,0.245,40.48,2,10,60.0,21.662,8,75.0,37.403,2,10,6,7,85.714,44.574,1,InpPVKhungQuetThanhKhoan=M15 | InpPVDoXuyenToiThieuGia=0.7 | InpPVDoXuyenToiDaGia=2 | InpPVSoNenThanhKhoan=6 | InpPVRauQuetTrenThan=1.5 | InpPVSoNenTimSL=10
LQ,LQ0528,M5,BUY_SELL,MY,18,12,6,66.667,43.749,1.841,58.161,0.345,28.836,2,12,58.333,10.917,6,83.333,47.244,4,8,6,7,100.0,48.135,1,InpPVKhungQuetThanhKhoan=M5 | InpPVDoXuyenToiThieuGia=0.7 | InpPVDoXuyenToiDaGia=3 | InpPVSoNenThanhKhoan=6 | InpPVRauQuetTrenThan=1.5 | InpPVSoNenTimSL=5
LQ,LQ0459,M5,BUY_SELL,AU,33,20,13,60.606,43.683,1.461,73.62,0.239,30.14,3,19,57.895,37.31,14,64.286,36.31,9,11,13,8,100.0,67.025,1,InpPVKhungQuetThanhKhoan=M5 | InpPVDoXuyenToiThieuGia=0.3 | InpPVDoXuyenToiDaGia=3 | InpPVSoNenThanhKhoan=6 | InpPVRauQuetTrenThan=2 | InpPVSoNenTimSL=10
LQ,LQ0022,M1,BUY_SELL,AU,37,22,15,59.459,43.486,1.558,84.322,0.226,30.072,3,22,63.636,66.762,15,53.333,17.56,10,12,15,7,85.714,83.199,2,InpPVKhungQuetThanhKhoan=M1 | InpPVDoXuyenToiThieuGia=0.3 | InpPVDoXuyenToiDaGia=2 | InpPVSoNenThanhKhoan=12 | InpPVRauQuetTrenThan=3 | InpPVSoNenTimSL=5
LQ,LQ0058,M1,SELL,TAT_CA,37,22,15,59.459,43.486,1.33,54.167,0.145,46.31,3,24,50.0,3.897,13,76.923,50.27,8,14,15,8,87.5,44.443,2,InpPVKhungQuetThanhKhoan=M1 | InpPVDoXuyenToiThieuGia=0.5 | InpPVDoXuyenToiDaGia=2 | InpPVSoNenThanhKhoan=12 | InpPVRauQuetTrenThan=3 | InpPVSoNenTimSL=5
LQ,LQ0780,M15,BUY_SELL,AU,11,8,3,72.727,43.435,3.012,66.974,0.408,12.166,1,7,71.429,42.478,4,75.0,24.496,2,6,3,6,83.333,64.714,2,InpPVKhungQuetThanhKhoan=M15 | InpPVDoXuyenToiThieuGia=0.3 | InpPVDoXuyenToiDaGia=3 | InpPVSoNenThanhKhoan=6 | InpPVRauQuetTrenThan=1.5 | InpPVSoNenTimSL=5
LQ,LQ0496,M5,BUY,AU,11,8,3,72.727,43.435,3.089,63.719,0.543,10.25,1,4,75.0,25.275,7,71.429,38.444,4,4,3,8,100.0,47.353,1,InpPVKhungQuetThanhKhoan=M5 | InpPVDoXuyenToiThieuGia=0.5 | InpPVDoXuyenToiDaGia=3 | InpPVSoNenThanhKhoan=6 | InpPVRauQuetTrenThan=3 | InpPVSoNenTimSL=5
LQ,LQ0332,M4,BUY_SELL,AU,11,8,3,72.727,43.435,2.641,59.316,0.575,14.852,1,7,71.429,41.42,4,75.0,17.896,4,4,3,8,100.0,31.304,2,InpPVKhungQuetThanhKhoan=M4 | InpPVDoXuyenToiThieuGia=0.3 | InpPVDoXuyenToiDaGia=1 | InpPVSoNenThanhKhoan=12 | InpPVRauQuetTrenThan=2 | InpPVSoNenTimSL=5
LQ,LQ0352,M4,SELL,AU,11,8,3,72.727,43.435,2.607,58.225,0.554,14.852,1,7,71.429,39.944,4,75.0,18.281,4,4,3,7,85.714,50.438,4,InpPVKhungQuetThanhKhoan=M4 | InpPVDoXuyenToiThieuGia=0.3 | InpPVDoXuyenToiDaGia=3 | InpPVSoNenThanhKhoan=6 | InpPVRauQuetTrenThan=3 | InpPVSoNenTimSL=5
LQ,LQ0461,M5,BUY,AU,11,8,3,72.727,43.435,2.458,57.206,0.546,28.986,2,5,60.0,6.309,6,83.333,50.897,4,4,3,7,100.0,27.708,1,InpPVKhungQuetThanhKhoan=M5 | InpPVDoXuyenToiThieuGia=0.3 | InpPVDoXuyenToiDaGia=3 | InpPVSoNenThanhKhoan=6 | InpPVRauQuetTrenThan=3 | InpPVSoNenTimSL=10
LQ,LQ0530,M5,BUY,AU,11,8,3,72.727,43.435,2.859,56.277,0.474,10.25,1,4,50.0,0.24,7,85.714,56.037,3,5,3,8,100.0,40.862,1,InpPVKhungQuetThanhKhoan=M5 | InpPVDoXuyenToiThieuGia=0.7 | InpPVDoXuyenToiDaGia=3 | InpPVSoNenThanhKhoan=6 | InpPVRauQuetTrenThan=2 | InpPVSoNenTimSL=5
LQ,LQ0072,M1,BUY_SELL,MY,11,8,3,72.727,43.435,2.552,49.047,0.446,20.258,2,6,66.667,26.027,5,80.0,23.02,3,5,3,6,66.667,35.47,2,InpPVKhungQuetThanhKhoan=M1 | InpPVDoXuyenToiThieuGia=0.7 | InpPVDoXuyenToiDaGia=1 | InpPVSoNenThanhKhoan=6 | InpPVRauQuetTrenThan=1.5 | InpPVSoNenTimSL=5
LQ,LQ0058,M1,SELL,AU,11,8,3,72.727,43.435,2.592,48.282,0.441,10.278,1,6,66.667,22.403,5,80.0,25.879,3,5,3,8,87.5,42.875,2,InpPVKhungQuetThanhKhoan=M1 | InpPVDoXuyenToiThieuGia=0.5 | InpPVDoXuyenToiDaGia=2 | InpPVSoNenThanhKhoan=12 | InpPVRauQuetTrenThan=3 | InpPVSoNenTimSL=5
LQ,LQ0500,M5,BUY_SELL,MY,11,8,3,72.727,43.435,1.816,35.249,0.306,20.956,1,8,75.0,31.931,3,66.667,3.318,2,6,3,9,88.889,26.985,4,InpPVKhungQuetThanhKhoan=M5 | InpPVDoXuyenToiThieuGia=0.5 | InpPVDoXuyenToiDaGia=3 | InpPVSoNenThanhKhoan=12 | InpPVRauQuetTrenThan=2 | InpPVSoNenTimSL=5
LQ,LQ0061,M1,BUY,AU,39,23,16,58.974,43.418,1.531,90.608,0.221,33.247,2,26,61.538,65.179,13,53.846,25.429,11,12,16,7,85.714,71.03,1,InpPVKhungQuetThanhKhoan=M1 | InpPVDoXuyenToiThieuGia=0.5 | InpPVDoXuyenToiDaGia=3 | InpPVSoNenThanhKhoan=6 | InpPVRauQuetTrenThan=1.5 | InpPVSoNenTimSL=10
LQ,LQ0060,M1,BUY,AU,39,23,16,58.974,43.418,1.507,86.452,0.231,33.247,2,26,61.538,60.961,13,53.846,25.491,11,12,16,7,85.714,66.831,1,InpPVKhungQuetThanhKhoan=M1 | InpPVDoXuyenToiThieuGia=0.5 | InpPVDoXuyenToiDaGia=3 | InpPVSoNenThanhKhoan=6 | InpPVRauQuetTrenThan=1.5 | InpPVSoNenTimSL=5
LQ,LQ0456,M5,BUY_SELL,AU,41,24,17,58.537,43.367,1.417,76.033,0.163,42.882,4,24,50.0,18.181,17,70.588,57.852,9,15,17,7,85.714,65.648,1,InpPVKhungQuetThanhKhoan=M5 | InpPVDoXuyenToiThieuGia=0.3 | InpPVDoXuyenToiDaGia=3 | InpPVSoNenThanhKhoan=6 | InpPVRauQuetTrenThan=1.5 | InpPVSoNenTimSL=5
LQ,LQ0006,M1,BUY_SELL,A,43,25,18,58.14,43.328,1.433,78.707,0.184,61.297,4,26,61.538,58.922,17,52.941,19.785,11,14,18,6,50.0,13.985,2,InpPVKhungQuetThanhKhoan=M1 | InpPVDoXuyenToiThieuGia=0.3 | InpPVDoXuyenToiDaGia=1 | InpPVSoNenThanhKhoan=12 | InpPVRauQuetTrenThan=1.5 | InpPVSoNenTimSL=5
LQ,LQ0351,M4,BUY,AU,20,13,7,65.0,43.285,2.307,100.604,0.404,45.264,4,12,75.0,83.724,8,50.0,16.88,6,6,7,8,87.5,77.665,1,InpPVKhungQuetThanhKhoan=M4 | InpPVDoXuyenToiThieuGia=0.3 | InpPVDoXuyenToiDaGia=3 | InpPVSoNenThanhKhoan=6 | InpPVRauQuetTrenThan=2 | InpPVSoNenTimSL=10
LQ,LQ0350,M4,BUY,AU,20,13,7,65.0,43.285,2.349,96.976,0.439,40.154,4,12,75.0,80.096,8,50.0,16.88,7,5,7,8,87.5,74.037,1,InpPVKhungQuetThanhKhoan=M4 | InpPVDoXuyenToiThieuGia=0.3 | InpPVDoXuyenToiDaGia=3 | InpPVSoNenThanhKhoan=6 | InpPVRauQuetTrenThan=2 | InpPVSoNenTimSL=5
LQ,LQ0543,M6,BUY_SELL,TAT_CA,20,13,7,65.0,43.285,2.234,95.556,0.316,32.342,3,12,66.667,69.142,8,62.5,26.414,5,8,7,8,62.5,34.348,1,InpPVKhungQuetThanhKhoan=M6 | InpPVDoXuyenToiThieuGia=0.3 | InpPVDoXuyenToiDaGia=1 | InpPVSoNenThanhKhoan=6 | InpPVRauQuetTrenThan=2 | InpPVSoNenTimSL=10
LQ,LQ0822,M15,BUY_SELL,TAT_CA,20,13,7,65.0,43.285,2.005,92.773,0.31,46.754,3,8,62.5,57.323,12,66.667,35.45,4,9,7,7,85.714,81.359,2,InpPVKhungQuetThanhKhoan=M15 | InpPVDoXuyenToiThieuGia=0.5 | InpPVDoXuyenToiDaGia=3 | InpPVSoNenThanhKhoan=12 | InpPVRauQuetTrenThan=1.5 | InpPVSoNenTimSL=5
LQ,LQ0094,M1,BUY_SELL,AU,20,13,7,65.0,43.285,2.041,73.468,0.364,21.227,2,13,69.231,58.506,7,57.143,14.962,6,7,7,7,100.0,73.468,2,InpPVKhungQuetThanhKhoan=M1 | InpPVDoXuyenToiThieuGia=0.7 | InpPVDoXuyenToiDaGia=2 | InpPVSoNenThanhKhoan=12 | InpPVRauQuetTrenThan=3 | InpPVSoNenTimSL=5
LQ,LQ0840,M15,BUY_SELL,TAT_CA,20,13,7,65.0,43.285,1.88,72.012,0.294,41.497,2,11,63.636,50.846,9,66.667,21.166,4,9,7,7,100.0,50.572,1,InpPVKhungQuetThanhKhoan=M15 | InpPVDoXuyenToiThieuGia=0.7 | InpPVDoXuyenToiDaGia=2 | InpPVSoNenThanhKhoan=6 | InpPVRauQuetTrenThan=1.5 | InpPVSoNenTimSL=5
LQ,LQ0058,M1,BUY,AU,20,13,7,65.0,43.285,2.012,71.298,0.352,24.493,2,14,71.429,64.567,6,50.0,6.731,6,7,7,8,87.5,58.674,2,InpPVKhungQuetThanhKhoan=M1 | InpPVDoXuyenToiThieuGia=0.5 | InpPVDoXuyenToiDaGia=2 | InpPVSoNenThanhKhoan=12 | InpPVRauQuetTrenThan=3 | InpPVSoNenTimSL=5
LQ,LQ0090,M1,SELL,AU,20,13,7,65.0,43.285,1.923,65.187,0.327,20.04,2,13,61.538,32.302,7,71.429,32.885,5,8,7,7,100.0,65.187,2,InpPVKhungQuetThanhKhoan=M1 | InpPVDoXuyenToiThieuGia=0.7 | InpPVDoXuyenToiDaGia=2 | InpPVSoNenThanhKhoan=12 | InpPVRauQuetTrenThan=1.5 | InpPVSoNenTimSL=5
LQ,LQ0532,M5,BUY_SELL,AU,20,13,7,65.0,43.285,1.739,58.121,0.305,31.719,2,9,66.667,24.273,11,63.636,33.848,5,8,7,7,85.714,51.937,1,InpPVKhungQuetThanhKhoan=M5 | InpPVDoXuyenToiThieuGia=0.7 | InpPVDoXuyenToiDaGia=3 | InpPVSoNenThanhKhoan=6 | InpPVRauQuetTrenThan=3 | InpPVSoNenTimSL=5
LQ,LQ0769,M15,BUY_SELL,TAT_CA,20,13,7,65.0,43.285,1.67,57.069,0.209,51.894,3,12,58.333,19.666,8,75.0,37.403,2,11,7,7,85.714,60.458,1,InpPVKhungQuetThanhKhoan=M15 | InpPVDoXuyenToiThieuGia=0.3 | InpPVDoXuyenToiDaGia=2 | InpPVSoNenThanhKhoan=6 | InpPVRauQuetTrenThan=1.5 | InpPVSoNenTimSL=10
LQ,LQ0533,M5,BUY_SELL,AU,20,13,7,65.0,43.285,1.593,51.937,0.297,29.028,2,9,66.667,15.359,11,63.636,36.578,5,8,7,7,71.429,40.276,1,InpPVKhungQuetThanhKhoan=M5 | InpPVDoXuyenToiThieuGia=0.7 | InpPVDoXuyenToiDaGia=3 | InpPVSoNenThanhKhoan=6 | InpPVRauQuetTrenThan=3 | InpPVSoNenTimSL=10
LQ,LQ0070,M1,BUY,AU,22,14,8,63.636,42.951,1.946,77.417,0.342,20.2,2,16,68.75,70.748,6,50.0,6.669,7,7,8,7,85.714,71.298,2,InpPVKhungQuetThanhKhoan=M1 | InpPVDoXuyenToiThieuGia=0.5 | InpPVDoXuyenToiDaGia=3 | InpPVSoNenThanhKhoan=12 | InpPVRauQuetTrenThan=3 | InpPVSoNenTimSL=5
LQ,LQ0036,M1,BUY,AU,22,14,8,63.636,42.951,1.827,66.537,0.302,37.632,3,13,69.231,46.965,9,55.556,19.572,6,8,8,7,85.714,46.133,1,InpPVKhungQuetThanhKhoan=M1 | InpPVDoXuyenToiThieuGia=0.5 | InpPVDoXuyenToiDaGia=1 | InpPVSoNenThanhKhoan=6 | InpPVRauQuetTrenThan=1.5 | InpPVSoNenTimSL=5
LQ,LQ0037,M1,BUY,AU,22,14,8,63.636,42.951,1.827,66.518,0.294,37.632,3,13,69.231,46.965,9,55.556,19.553,6,8,8,7,85.714,46.114,1,InpPVKhungQuetThanhKhoan=M1 | InpPVDoXuyenToiThieuGia=0.5 | InpPVDoXuyenToiDaGia=1 | InpPVSoNenThanhKhoan=6 | InpPVRauQuetTrenThan=1.5 | InpPVSoNenTimSL=10
LQ,LQ0054,M1,BUY,AU,24,15,9,62.5,42.71,1.899,81.37,0.335,36.005,3,16,68.75,69.607,8,50.0,11.763,8,7,9,8,87.5,64.055,2,InpPVKhungQuetThanhKhoan=M1 | InpPVDoXuyenToiThieuGia=0.5 | InpPVDoXuyenToiDaGia=2 | InpPVSoNenThanhKhoan=12 | InpPVRauQuetTrenThan=1.5 | InpPVSoNenTimSL=5
LQ,LQ0409,M4,BUY_SELL,AU,24,15,9,62.5,42.71,1.746,80.087,0.314,43.956,3,15,66.667,78.518,9,55.556,1.569,7,8,9,8,75.0,74.285,1,InpPVKhungQuetThanhKhoan=M4 | InpPVDoXuyenToiThieuGia=0.7 | InpPVDoXuyenToiDaGia=2 | InpPVSoNenThanhKhoan=6 | InpPVRauQuetTrenThan=1.5 | InpPVSoNenTimSL=10
LQ,LQ0541,M6,BUY_SELL,TAT_CA,26,16,10,61.538,42.535,2.05,118.47,0.3,38.986,3,14,57.143,47.472,12,66.667,70.998,8,8,10,7,71.429,38.927,1,InpPVKhungQuetThanhKhoan=M6 | InpPVDoXuyenToiThieuGia=0.3 | InpPVDoXuyenToiDaGia=1 | InpPVSoNenThanhKhoan=6 | InpPVRauQuetTrenThan=1.5 | InpPVSoNenTimSL=10
LQ,LQ0054,M1,SELL,AU,26,16,10,61.538,42.535,1.679,65.191,0.251,15.304,2,17,64.706,48.92,9,55.556,16.271,6,10,9,8,100.0,65.024,2,InpPVKhungQuetThanhKhoan=M1 | InpPVDoXuyenToiThieuGia=0.5 | InpPVDoXuyenToiDaGia=2 | InpPVSoNenThanhKhoan=12 | InpPVRauQuetTrenThan=1.5 | InpPVSoNenTimSL=5
LQ,LQ0008,M1,SELL,A,26,16,10,61.538,42.535,1.495,50.036,0.194,33.108,3,17,58.824,25.723,9,66.667,24.313,6,10,10,7,85.714,34.36,2,InpPVKhungQuetThanhKhoan=M1 | InpPVDoXuyenToiThieuGia=0.3 | InpPVDoXuyenToiDaGia=1 | InpPVSoNenThanhKhoan=12 | InpPVRauQuetTrenThan=2 | InpPVSoNenTimSL=5
LQ,LQ0097,M1,BUY,AU,28,17,11,60.714,42.409,1.64,76.988,0.263,29.794,2,19,63.158,53.607,9,55.556,23.381,8,9,11,6,83.333,69.832,1,InpPVKhungQuetThanhKhoan=M1 | InpPVDoXuyenToiThieuGia=0.7 | InpPVDoXuyenToiDaGia=3 | InpPVSoNenThanhKhoan=6 | InpPVRauQuetTrenThan=1.5 | InpPVSoNenTimSL=10
LQ,LQ0096,M1,BUY,AU,28,17,11,60.714,42.409,1.605,72.752,0.272,29.794,2,19,63.158,49.4,9,55.556,23.352,8,9,11,6,83.333,67.989,1,InpPVKhungQuetThanhKhoan=M1 | InpPVDoXuyenToiThieuGia=0.7 | InpPVDoXuyenToiDaGia=3 | InpPVSoNenThanhKhoan=6 | InpPVRauQuetTrenThan=1.5 | InpPVSoNenTimSL=5
LQ,LQ0377,M4,SELL,TAT_CA,28,17,11,60.714,42.409,1.482,57.369,0.198,35.06,3,20,60.0,29.86,8,62.5,27.509,6,11,11,9,55.556,25.454,1,InpPVKhungQuetThanhKhoan=M4 | InpPVDoXuyenToiThieuGia=0.5 | InpPVDoXuyenToiDaGia=2 | InpPVSoNenThanhKhoan=6 | InpPVRauQuetTrenThan=3 | InpPVSoNenTimSL=10
LQ,LQ0376,M4,SELL,TAT_CA,28,17,11,60.714,42.409,1.457,54.486,0.208,35.06,3,20,60.0,26.903,8,62.5,27.583,6,11,11,9,55.556,25.454,1,InpPVKhungQuetThanhKhoan=M4 | InpPVDoXuyenToiThieuGia=0.5 | InpPVDoXuyenToiDaGia=2 | InpPVSoNenThanhKhoan=6 | InpPVRauQuetTrenThan=3 | InpPVSoNenTimSL=5
LQ,LQ0530,M5,BUY_SELL,AU,28,17,11,60.714,42.409,1.446,53.154,0.194,31.719,2,15,53.333,3.977,13,69.231,49.177,6,11,11,8,87.5,41.846,1,InpPVKhungQuetThanhKhoan=M5 | InpPVDoXuyenToiThieuGia=0.7 | InpPVDoXuyenToiDaGia=3 | InpPVSoNenThanhKhoan=6 | InpPVRauQuetTrenThan=2 | InpPVSoNenTimSL=5
LQ,LQ0457,M5,BUY,MY,13,9,4,69.231,42.369,2.853,92.188,0.719,20.336,1,9,66.667,55.422,4,75.0,36.766,6,3,4,7,85.714,42.001,1,InpPVKhungQuetThanhKhoan=M5 | InpPVDoXuyenToiThieuGia=0.3 | InpPVDoXuyenToiDaGia=3 | InpPVSoNenThanhKhoan=6 | InpPVRauQuetTrenThan=1.5 | InpPVSoNenTimSL=10
LQ,LQ0456,M5,BUY,MY,13,9,4,69.231,42.369,3.032,86.635,0.656,16.878,1,9,66.667,61.298,4,75.0,25.337,5,4,4,7,100.0,52.718,1,InpPVKhungQuetThanhKhoan=M5 | InpPVDoXuyenToiThieuGia=0.3 | InpPVDoXuyenToiDaGia=3 | InpPVSoNenThanhKhoan=6 | InpPVRauQuetTrenThan=1.5 | InpPVSoNenTimSL=5
LQ,LQ0341,M4,BUY,AU,13,9,4,69.231,42.369,2.754,81.581,0.517,35.224,3,10,70.0,68.058,3,66.667,13.523,5,4,4,8,87.5,53.294,1,InpPVKhungQuetThanhKhoan=M4 | InpPVDoXuyenToiThieuGia=0.3 | InpPVDoXuyenToiDaGia=2 | InpPVSoNenThanhKhoan=6 | InpPVRauQuetTrenThan=3 | InpPVSoNenTimSL=10
LQ,LQ0340,M4,BUY,AU,13,9,4,69.231,42.369,2.883,77.953,0.57,30.114,3,10,70.0,64.43,3,66.667,13.523,6,3,4,8,87.5,51.48,1,InpPVKhungQuetThanhKhoan=M4 | InpPVDoXuyenToiThieuGia=0.3 | InpPVDoXuyenToiDaGia=2 | InpPVSoNenThanhKhoan=6 | InpPVRauQuetTrenThan=3 | InpPVSoNenTimSL=5
LQ,LQ0389,M4,BUY,AU,13,9,4,69.231,42.369,2.653,75.159,0.474,35.224,3,9,77.778,71.886,4,50.0,3.273,4,5,4,8,100.0,69.343,1,InpPVKhungQuetThanhKhoan=M4 | InpPVDoXuyenToiThieuGia=0.5 | InpPVDoXuyenToiDaGia=3 | InpPVSoNenThanhKhoan=6 | InpPVRauQuetTrenThan=3 | InpPVSoNenTimSL=10
LQ,LQ0388,M4,BUY,AU,13,9,4,69.231,42.369,2.772,71.531,0.527,30.114,3,9,77.778,68.258,4,50.0,3.273,5,4,4,8,87.5,68.378,1,InpPVKhungQuetThanhKhoan=M4 | InpPVDoXuyenToiThieuGia=0.5 | InpPVDoXuyenToiDaGia=3 | InpPVSoNenThanhKhoan=6 | InpPVRauQuetTrenThan=3 | InpPVSoNenTimSL=5
LQ,LQ0080,M1,BUY,TAT_CA,13,9,4,69.231,42.369,2.656,66.544,0.512,20.11,2,8,87.5,66.511,5,40.0,0.033,5,4,4,7,85.714,66.544,2,InpPVKhungQuetThanhKhoan=M1 | InpPVDoXuyenToiThieuGia=0.7 | InpPVDoXuyenToiDaGia=1 | InpPVSoNenThanhKhoan=12 | InpPVRauQuetTrenThan=2 | InpPVSoNenTimSL=5
LQ,LQ0542,M6,BUY,TAT_CA,13,9,4,69.231,42.369,2.643,66.466,0.434,20.22,2,7,85.714,55.486,6,50.0,10.98,4,5,4,8,100.0,24.274,1,InpPVKhungQuetThanhKhoan=M6 | InpPVDoXuyenToiThieuGia=0.3 | InpPVDoXuyenToiDaGia=1 | InpPVSoNenThanhKhoan=6 | InpPVRauQuetTrenThan=2 | InpPVSoNenTimSL=5
LQ,LQ0198,M2,BUY,MY,13,9,4,69.231,42.369,2.345,56.572,0.444,22.016,2,8,62.5,23.721,5,80.0,32.851,3,6,4,8,75.0,41.858,2,InpPVKhungQuetThanhKhoan=M2 | InpPVDoXuyenToiThieuGia=0.7 | InpPVDoXuyenToiDaGia=2 | InpPVSoNenThanhKhoan=12 | InpPVRauQuetTrenThan=1.5 | InpPVSoNenTimSL=5
LQ,LQ0094,M1,SELL,A,13,9,4,69.231,42.369,2.109,45.388,0.344,11.135,1,9,55.556,9.877,4,100.0,35.511,3,6,4,7,85.714,44.459,2,InpPVKhungQuetThanhKhoan=M1 | InpPVDoXuyenToiThieuGia=0.7 | InpPVDoXuyenToiDaGia=2 | InpPVSoNenThanhKhoan=12 | InpPVRauQuetTrenThan=3 | InpPVSoNenTimSL=5
LQ,LQ0086,M1,BUY,A,13,9,4,69.231,42.369,2.08,44.983,0.357,11.044,1,5,60.0,8.595,8,75.0,36.388,3,6,4,8,62.5,33.409,1,InpPVKhungQuetThanhKhoan=M1 | InpPVDoXuyenToiThieuGia=0.7 | InpPVDoXuyenToiDaGia=2 | InpPVSoNenThanhKhoan=6 | InpPVRauQuetTrenThan=2 | InpPVSoNenTimSL=5
LQ,LQ0846,M15,BUY_SELL,TAT_CA,13,9,4,69.231,42.369,1.921,44.574,0.342,39.612,2,6,50.0,1.222,7,85.714,43.352,2,7,4,7,85.714,44.574,2,InpPVKhungQuetThanhKhoan=M15 | InpPVDoXuyenToiThieuGia=0.7 | InpPVDoXuyenToiDaGia=2 | InpPVSoNenThanhKhoan=12 | InpPVRauQuetTrenThan=1.5 | InpPVSoNenTimSL=5
LQ,LQ0677,M10,SELL,TAT_CA,13,9,4,69.231,42.369,1.949,39.193,0.299,11.156,1,10,70.0,33.499,3,66.667,5.694,2,7,4,7,100.0,26.629,1,InpPVKhungQuetThanhKhoan=M10 | InpPVDoXuyenToiThieuGia=0.3 | InpPVDoXuyenToiDaGia=3 | InpPVSoNenThanhKhoan=6 | InpPVRauQuetTrenThan=3 | InpPVSoNenTimSL=10
LQ,LQ0664,M10,SELL,TAT_CA,13,9,4,69.231,42.369,1.837,36.687,0.299,12.564,1,10,70.0,30.993,3,66.667,5.694,2,7,4,8,87.5,32.046,1,InpPVKhungQuetThanhKhoan=M10 | InpPVDoXuyenToiThieuGia=0.3 | InpPVDoXuyenToiDaGia=2 | InpPVSoNenThanhKhoan=6 | InpPVRauQuetTrenThan=3 | InpPVSoNenTimSL=5
LQ,LQ0082,M1,SELL,TAT_CA,13,9,4,69.231,42.369,1.756,32.146,0.253,14.738,1,6,66.667,21.827,7,71.429,10.319,2,7,4,6,83.333,37.366,2,InpPVKhungQuetThanhKhoan=M1 | InpPVDoXuyenToiThieuGia=0.7 | InpPVDoXuyenToiDaGia=1 | InpPVSoNenThanhKhoan=12 | InpPVRauQuetTrenThan=3 | InpPVSoNenTimSL=5
LQ,LQ0306,M3,SELL,AU,13,9,4,69.231,42.369,1.644,31.245,0.305,26.401,2,7,71.429,18.406,6,66.667,12.839,2,7,4,8,100.0,26.137,2,InpPVKhungQuetThanhKhoan=M3 | InpPVDoXuyenToiThieuGia=0.7 | InpPVDoXuyenToiDaGia=2 | InpPVSoNenThanhKhoan=12 | InpPVRauQuetTrenThan=1.5 | InpPVSoNenTimSL=5
LQ,LQ0817,M15,BUY_SELL,TAT_CA,30,18,12,60.0,42.32,1.631,106.525,0.193,53.625,3,15,60.0,79.764,15,60.0,26.761,6,12,12,7,71.429,92.773,1,InpPVKhungQuetThanhKhoan=M15 | InpPVDoXuyenToiThieuGia=0.5 | InpPVDoXuyenToiDaGia=3 | InpPVSoNenThanhKhoan=6 | InpPVRauQuetTrenThan=1.5 | InpPVSoNenTimSL=10
LQ,LQ0049,M1,SELL,AU,30,18,12,60.0,42.32,1.55,63.977,0.207,15.304,2,20,65.0,58.242,10,50.0,5.735,6,12,11,8,87.5,62.113,1,InpPVKhungQuetThanhKhoan=M1 | InpPVDoXuyenToiThieuGia=0.5 | InpPVDoXuyenToiDaGia=2 | InpPVSoNenThanhKhoan=6 | InpPVRauQuetTrenThan=1.5 | InpPVSoNenTimSL=10
LQ,LQ0048,M1,SELL,AU,30,18,12,60.0,42.32,1.509,59.035,0.197,15.304,2,20,65.0,53.3,10,50.0,5.735,6,12,11,8,87.5,64.584,1,InpPVKhungQuetThanhKhoan=M1 | InpPVDoXuyenToiThieuGia=0.5 | InpPVDoXuyenToiDaGia=2 | InpPVSoNenThanhKhoan=6 | InpPVRauQuetTrenThan=1.5 | InpPVSoNenTimSL=5
LQ,LQ0040,M1,SELL,TAT_CA,30,18,12,60.0,42.32,1.37,45.335,0.153,45.121,4,16,50.0,6.061,14,71.429,39.274,6,12,12,7,85.714,20.325,1,InpPVKhungQuetThanhKhoan=M1 | InpPVDoXuyenToiThieuGia=0.5 | InpPVDoXuyenToiDaGia=1 | InpPVSoNenThanhKhoan=6 | InpPVRauQuetTrenThan=3 | InpPVSoNenTimSL=5
LQ,LQ0816,M15,BUY_SELL,TAT_CA,32,19,13,59.375,42.26,1.547,95.499,0.212,53.625,3,16,62.5,80.886,16,56.25,14.613,7,12,13,7,85.714,86.081,1,InpPVKhungQuetThanhKhoan=M15 | InpPVDoXuyenToiThieuGia=0.5 | InpPVDoXuyenToiDaGia=3 | InpPVSoNenThanhKhoan=6 | InpPVRauQuetTrenThan=1.5 | InpPVSoNenTimSL=5
LQ,LQ0006,M1,SELL,A,32,19,13,59.375,42.26,1.496,65.033,0.205,43.164,3,21,52.381,10.597,11,72.727,54.436,9,10,13,6,50.0,21.008,2,InpPVKhungQuetThanhKhoan=M1 | InpPVDoXuyenToiThieuGia=0.3 | InpPVDoXuyenToiDaGia=1 | InpPVSoNenThanhKhoan=12 | InpPVRauQuetTrenThan=1.5 | InpPVSoNenTimSL=5
LQ,LQ0780,M15,BUY_SELL,TAT_CA,34,20,14,58.824,42.221,1.563,104.851,0.214,53.625,3,17,58.824,69.472,17,58.824,35.379,8,12,14,6,66.667,86.071,1,InpPVKhungQuetThanhKhoan=M15 | InpPVDoXuyenToiThieuGia=0.3 | InpPVDoXuyenToiDaGia=3 | InpPVSoNenThanhKhoan=6 | InpPVRauQuetTrenThan=1.5 | InpPVSoNenTimSL=5
LQ,LQ0458,M5,BUY_SELL,AU,34,20,14,58.824,42.221,1.536,80.077,0.204,31.719,3,20,55.0,41.04,14,64.286,39.037,9,11,14,8,100.0,74.827,1,InpPVKhungQuetThanhKhoan=M5 | InpPVDoXuyenToiThieuGia=0.3 | InpPVDoXuyenToiDaGia=3 | InpPVSoNenThanhKhoan=6 | InpPVRauQuetTrenThan=2 | InpPVSoNenTimSL=5
LQ,LQ0030,M1,SELL,AU,34,20,14,58.824,42.221,1.457,62.251,0.184,32.382,3,22,59.091,41.073,12,58.333,21.178,7,13,13,6,100.0,57.57,2,InpPVKhungQuetThanhKhoan=M1 | InpPVDoXuyenToiThieuGia=0.3 | InpPVDoXuyenToiDaGia=3 | InpPVSoNenThanhKhoan=12 | InpPVRauQuetTrenThan=1.5 | InpPVSoNenTimSL=5
LQ,LQ0016,M1,BUY_SELL,A,42,24,18,57.143,42.206,1.311,56.51,0.133,56.331,3,25,52.0,17.883,17,64.706,38.627,9,15,18,7,57.143,48.756,1,InpPVKhungQuetThanhKhoan=M1 | InpPVDoXuyenToiThieuGia=0.3 | InpPVDoXuyenToiDaGia=2 | InpPVSoNenThanhKhoan=6 | InpPVRauQuetTrenThan=3 | InpPVSoNenTimSL=5
LQ,LQ0022,M1,BUY_SELL,A,36,21,15,58.333,42.2,1.412,62.418,0.171,41.006,4,22,54.545,35.165,14,64.286,27.253,8,13,15,7,85.714,56.51,2,InpPVKhungQuetThanhKhoan=M1 | InpPVDoXuyenToiThieuGia=0.3 | InpPVDoXuyenToiDaGia=2 | InpPVSoNenThanhKhoan=12 | InpPVRauQuetTrenThan=3 | InpPVSoNenTimSL=5
LQ,LQ0102,M1,BUY_SELL,A,36,21,15,58.333,42.2,1.369,56.871,0.164,40.372,4,23,52.174,13.049,13,69.231,43.822,8,13,15,6,83.333,36.673,2,InpPVKhungQuetThanhKhoan=M1 | InpPVDoXuyenToiThieuGia=0.7 | InpPVDoXuyenToiDaGia=3 | InpPVSoNenThanhKhoan=12 | InpPVRauQuetTrenThan=1.5 | InpPVSoNenTimSL=5
LQ,LQ0034,M1,BUY_SELL,AU,40,23,17,57.5,42.195,1.482,83.199,0.203,30.072,3,24,62.5,72.943,16,50.0,10.256,11,12,17,6,83.333,83.761,2,InpPVKhungQuetThanhKhoan=M1 | InpPVDoXuyenToiThieuGia=0.3 | InpPVDoXuyenToiDaGia=3 | InpPVSoNenThanhKhoan=12 | InpPVRauQuetTrenThan=3 | InpPVSoNenTimSL=5
LQ,LQ0034,M1,BUY_SELL,A,40,23,17,57.5,42.195,1.377,65.115,0.165,41.006,4,25,56.0,49.246,15,60.0,15.869,9,14,17,6,83.333,60.792,2,InpPVKhungQuetThanhKhoan=M1 | InpPVDoXuyenToiThieuGia=0.3 | InpPVDoXuyenToiDaGia=3 | InpPVSoNenThanhKhoan=12 | InpPVRauQuetTrenThan=3 | InpPVSoNenTimSL=5
LQ,LQ0064,M1,BUY_SELL,A,38,22,16,57.895,42.192,1.315,51.411,0.137,84.129,5,22,50.0,3.938,16,68.75,47.473,8,14,16,7,85.714,51.286,1,InpPVKhungQuetThanhKhoan=M1 | InpPVDoXuyenToiThieuGia=0.5 | InpPVDoXuyenToiDaGia=3 | InpPVSoNenThanhKhoan=6 | InpPVRauQuetTrenThan=3 | InpPVSoNenTimSL=5
LQ,LQ0375,M4,BUY,AU,15,10,5,66.667,41.713,2.582,87.697,0.48,45.264,4,9,77.778,79.338,6,50.0,8.359,6,4,5,10,100.0,84.198,1,InpPVKhungQuetThanhKhoan=M4 | InpPVDoXuyenToiThieuGia=0.5 | InpPVDoXuyenToiDaGia=2 | InpPVSoNenThanhKhoan=6 | InpPVRauQuetTrenThan=2 | InpPVSoNenTimSL=10
LQ,LQ0374,M4,BUY,AU,15,10,5,66.667,41.713,2.67,84.069,0.526,40.154,4,9,77.778,75.71,6,50.0,8.359,7,3,5,10,90.0,84.198,1,InpPVKhungQuetThanhKhoan=M4 | InpPVDoXuyenToiThieuGia=0.5 | InpPVDoXuyenToiDaGia=2 | InpPVSoNenThanhKhoan=6 | InpPVRauQuetTrenThan=2 | InpPVSoNenTimSL=5
LQ,LQ0540,M6,BUY,TAT_CA,15,10,5,66.667,41.713,2.415,71.466,0.41,20.22,2,8,75.0,45.424,7,57.143,26.042,5,5,5,7,71.429,30.441,1,InpPVKhungQuetThanhKhoan=M6 | InpPVDoXuyenToiThieuGia=0.3 | InpPVDoXuyenToiDaGia=1 | InpPVSoNenThanhKhoan=6 | InpPVRauQuetTrenThan=1.5 | InpPVSoNenTimSL=5
LQ,LQ0104,M1,SELL,AU,15,10,5,66.667,41.713,2.326,66.932,0.448,11.715,1,8,62.5,31.287,7,71.429,35.645,5,5,5,7,100.0,65.375,2,InpPVKhungQuetThanhKhoan=M1 | InpPVDoXuyenToiThieuGia=0.7 | InpPVDoXuyenToiDaGia=3 | InpPVSoNenThanhKhoan=12 | InpPVRauQuetTrenThan=2 | InpPVSoNenTimSL=5
LQ,LQ0053,M1,SELL,AU,15,10,5,66.667,41.713,2.096,55.399,0.356,10.36,1,8,62.5,24.332,7,71.429,31.067,4,6,5,8,87.5,49.37,1,InpPVKhungQuetThanhKhoan=M1 | InpPVDoXuyenToiThieuGia=0.5 | InpPVDoXuyenToiDaGia=2 | InpPVSoNenThanhKhoan=6 | InpPVRauQuetTrenThan=3 | InpPVSoNenTimSL=10
LQ,LQ0076,M1,BUY,TAT_CA,15,10,5,66.667,41.713,2.038,52.192,0.348,20.11,2,8,75.0,40.481,7,57.143,11.711,4,6,5,6,66.667,54.316,1,InpPVKhungQuetThanhKhoan=M1 | InpPVDoXuyenToiThieuGia=0.7 | InpPVDoXuyenToiDaGia=1 | InpPVSoNenThanhKhoan=6 | InpPVRauQuetTrenThan=3 | InpPVSoNenTimSL=5
LQ,LQ0046,M1,BUY,AU,15,10,5,66.667,41.713,2.031,51.833,0.345,27.612,2,9,77.778,45.102,6,50.0,6.731,4,6,5,7,85.714,41.813,2,InpPVKhungQuetThanhKhoan=M1 | InpPVDoXuyenToiThieuGia=0.5 | InpPVDoXuyenToiDaGia=1 | InpPVSoNenThanhKhoan=12 | InpPVRauQuetTrenThan=3 | InpPVSoNenTimSL=5
LQ,LQ0052,M1,SELL,AU,15,10,5,66.667,41.713,2.005,50.457,0.336,10.11,1,8,62.5,19.39,7,71.429,31.067,4,6,5,8,87.5,48.674,1,InpPVKhungQuetThanhKhoan=M1 | InpPVDoXuyenToiThieuGia=0.5 | InpPVDoXuyenToiDaGia=2 | InpPVSoNenThanhKhoan=6 | InpPVRauQuetTrenThan=3 | InpPVSoNenTimSL=5
LQ,LQ0106,M1,SELL,A,15,10,5,66.667,41.713,1.872,44.459,0.292,20.228,2,11,54.545,8.948,4,100.0,35.511,3,7,5,6,83.333,44.463,2,InpPVKhungQuetThanhKhoan=M1 | InpPVDoXuyenToiThieuGia=0.7 | InpPVDoXuyenToiDaGia=3 | InpPVSoNenThanhKhoan=12 | InpPVRauQuetTrenThan=3 | InpPVSoNenTimSL=5
LQ,LQ0531,M5,BUY_SELL,MY,15,10,5,66.667,41.713,1.674,44.307,0.338,26.984,2,10,60.0,0.886,5,80.0,43.421,3,7,5,8,87.5,28.93,1,InpPVKhungQuetThanhKhoan=M5 | InpPVDoXuyenToiThieuGia=0.7 | InpPVDoXuyenToiDaGia=3 | InpPVSoNenThanhKhoan=6 | InpPVRauQuetTrenThan=2 | InpPVSoNenTimSL=10
LQ,LQ0084,M1,BUY,A,15,10,5,66.667,41.713,1.848,43.891,0.302,11.214,1,7,57.143,7.503,8,75.0,36.388,3,7,5,7,71.429,37.505,1,InpPVKhungQuetThanhKhoan=M1 | InpPVDoXuyenToiThieuGia=0.7 | InpPVDoXuyenToiDaGia=2 | InpPVSoNenThanhKhoan=6 | InpPVRauQuetTrenThan=1.5 | InpPVSoNenTimSL=5
LQ,LQ0300,M3,SELL,AU,15,10,5,66.667,41.713,1.399,23.346,0.201,26.702,2,9,66.667,15.845,6,66.667,7.501,1,9,5,8,75.0,16.799,1,InpPVKhungQuetThanhKhoan=M3 | InpPVDoXuyenToiThieuGia=0.7 | InpPVDoXuyenToiDaGia=2 | InpPVSoNenThanhKhoan=6 | InpPVRauQuetTrenThan=1.5 | InpPVSoNenTimSL=5
LQ,LQ0339,M4,BUY,AU,17,11,6,64.706,41.3,2.37,91.451,0.453,45.264,4,11,72.727,83.092,6,50.0,8.359,7,4,6,9,77.778,81.581,1,InpPVKhungQuetThanhKhoan=M4 | InpPVDoXuyenToiThieuGia=0.3 | InpPVDoXuyenToiDaGia=2 | InpPVSoNenThanhKhoan=6 | InpPVRauQuetTrenThan=2 | InpPVSoNenTimSL=10
LQ,LQ0338,M4,BUY,AU,17,11,6,64.706,41.3,2.425,87.823,0.494,40.154,4,11,72.727,79.464,6,50.0,8.359,8,3,6,9,77.778,77.953,1,InpPVKhungQuetThanhKhoan=M4 | InpPVDoXuyenToiThieuGia=0.3 | InpPVDoXuyenToiDaGia=2 | InpPVSoNenThanhKhoan=6 | InpPVRauQuetTrenThan=2 | InpPVSoNenTimSL=5
LQ,LQ0579,M6,BUY_SELL,TAT_CA,17,11,6,64.706,41.3,2.307,85.264,0.298,25.112,2,9,77.778,83.961,8,50.0,1.303,4,7,6,9,55.556,25.325,1,InpPVKhungQuetThanhKhoan=M6 | InpPVDoXuyenToiThieuGia=0.5 | InpPVDoXuyenToiDaGia=1 | InpPVSoNenThanhKhoan=6 | InpPVRauQuetTrenThan=2 | InpPVSoNenTimSL=10
LQ,LQ0056,M1,SELL,AU,17,11,6,64.706,41.3,2.303,72.617,0.428,15.304,2,9,66.667,46.344,8,62.5,26.273,6,5,5,9,100.0,53.996,2,InpPVKhungQuetThanhKhoan=M1 | InpPVDoXuyenToiThieuGia=0.5 | InpPVDoXuyenToiDaGia=2 | InpPVSoNenThanhKhoan=12 | InpPVRauQuetTrenThan=2 | InpPVSoNenTimSL=5
LQ,LQ0449,M5,BUY_SELL,AU,17,11,6,64.706,41.3,1.837,64.689,0.389,38.266,3,9,66.667,46.249,8,62.5,18.44,6,5,6,8,87.5,42.303,1,InpPVKhungQuetThanhKhoan=M5 | InpPVDoXuyenToiThieuGia=0.3 | InpPVDoXuyenToiDaGia=2 | InpPVSoNenThanhKhoan=6 | InpPVRauQuetTrenThan=3 | InpPVSoNenTimSL=10
LQ,LQ0166,M2,BUY_SELL,MY,17,11,6,64.706,41.3,1.958,57.879,0.336,30.932,2,13,61.538,37.504,4,75.0,20.375,4,7,6,9,66.667,15.746,2,InpPVKhungQuetThanhKhoan=M2 | InpPVDoXuyenToiThieuGia=0.5 | InpPVDoXuyenToiDaGia=2 | InpPVSoNenThanhKhoan=12 | InpPVRauQuetTrenThan=3 | InpPVSoNenTimSL=5
LQ,LQ0040,M1,BUY,AU,17,11,6,64.706,41.3,1.838,50.541,0.297,27.612,2,11,72.727,43.81,6,50.0,6.731,4,7,6,7,85.714,40.548,1,InpPVKhungQuetThanhKhoan=M1 | InpPVDoXuyenToiThieuGia=0.5 | InpPVDoXuyenToiDaGia=1 | InpPVSoNenThanhKhoan=6 | InpPVRauQuetTrenThan=3 | InpPVSoNenTimSL=5
LQ,LQ0041,M1,BUY,AU,17,11,6,64.706,41.3,1.838,50.53,0.294,27.612,2,11,72.727,43.799,6,50.0,6.731,4,7,6,7,85.714,40.537,1,InpPVKhungQuetThanhKhoan=M1 | InpPVDoXuyenToiThieuGia=0.5 | InpPVDoXuyenToiDaGia=1 | InpPVSoNenThanhKhoan=6 | InpPVRauQuetTrenThan=3 | InpPVSoNenTimSL=10
LQ,LQ0809,M15,BUY_SELL,TAT_CA,17,11,6,64.706,41.3,1.642,48.284,0.205,57.856,2,10,60.0,20.525,7,71.429,27.759,2,9,6,8,87.5,35.815,1,InpPVKhungQuetThanhKhoan=M15 | InpPVDoXuyenToiThieuGia=0.5 | InpPVDoXuyenToiDaGia=2 | InpPVSoNenThanhKhoan=6 | InpPVRauQuetTrenThan=3 | InpPVSoNenTimSL=10
LQ,LQ0092,M1,SELL,A,17,11,6,64.706,41.3,1.752,45.91,0.266,30.334,3,13,53.846,10.399,4,100.0,35.511,4,7,6,8,87.5,32.518,2,InpPVKhungQuetThanhKhoan=M1 | InpPVDoXuyenToiThieuGia=0.7 | InpPVDoXuyenToiDaGia=2 | InpPVSoNenThanhKhoan=12 | InpPVRauQuetTrenThan=2 | InpPVSoNenTimSL=5
LQ,LQ0480,M5,BUY_SELL,MY,17,11,6,64.706,41.3,1.594,40.852,0.277,38.862,3,13,53.846,0.891,4,100.0,39.961,3,8,6,9,88.889,48.135,1,InpPVKhungQuetThanhKhoan=M5 | InpPVDoXuyenToiThieuGia=0.5 | InpPVDoXuyenToiDaGia=2 | InpPVSoNenThanhKhoan=6 | InpPVRauQuetTrenThan=1.5 | InpPVSoNenTimSL=5
LQ,LQ0312,M3,SELL,AU,17,11,6,64.706,41.3,1.39,27.223,0.206,30.137,2,10,60.0,4.635,7,71.429,22.588,2,9,6,7,57.143,15.86,1,InpPVKhungQuetThanhKhoan=M3 | InpPVDoXuyenToiThieuGia=0.7 | InpPVDoXuyenToiDaGia=3 | InpPVSoNenThanhKhoan=6 | InpPVRauQuetTrenThan=1.5 | InpPVSoNenTimSL=5
LQ,LQ0858,M15,BUY_SELL,TAT_CA,19,12,7,63.158,41.039,1.903,83.355,0.286,46.754,3,7,57.143,47.905,12,66.667,35.45,4,8,7,6,100.0,63.965,2,InpPVKhungQuetThanhKhoan=M15 | InpPVDoXuyenToiThieuGia=0.7 | InpPVDoXuyenToiDaGia=3 | InpPVSoNenThanhKhoan=12 | InpPVRauQuetTrenThan=1.5 | InpPVSoNenTimSL=5
LQ,LQ0420,M4,BUY,AU,19,12,7,63.158,41.039,2.106,79.556,0.37,30.12,3,12,66.667,54.798,7,57.143,24.758,6,5,7,7,85.714,66.653,1,InpPVKhungQuetThanhKhoan=M4 | InpPVDoXuyenToiThieuGia=0.7 | InpPVDoXuyenToiDaGia=3 | InpPVSoNenThanhKhoan=6 | InpPVRauQuetTrenThan=1.5 | InpPVSoNenTimSL=5
LQ,LQ0421,M4,BUY,AU,19,12,7,63.158,41.039,1.771,69.736,0.334,35.23,3,12,66.667,44.978,7,57.143,24.758,5,6,7,7,85.714,70.281,1,InpPVKhungQuetThanhKhoan=M4 | InpPVDoXuyenToiThieuGia=0.7 | InpPVDoXuyenToiDaGia=3 | InpPVSoNenThanhKhoan=6 | InpPVRauQuetTrenThan=1.5 | InpPVSoNenTimSL=10
LQ,LQ0102,M1,BUY,AU,19,12,7,63.158,41.039,1.835,66.911,0.37,29.794,2,14,64.286,39.763,5,60.0,27.148,7,5,7,6,83.333,65.069,2,InpPVKhungQuetThanhKhoan=M1 | InpPVDoXuyenToiThieuGia=0.7 | InpPVDoXuyenToiDaGia=3 | InpPVSoNenThanhKhoan=12 | InpPVRauQuetTrenThan=1.5 | InpPVSoNenTimSL=5
LQ,LQ0029,M1,SELL,AU,19,12,7,63.158,41.039,1.761,53.721,0.272,13.138,1,10,60.0,23.298,9,66.667,30.423,4,8,7,6,83.333,46.569,1,InpPVKhungQuetThanhKhoan=M1 | InpPVDoXuyenToiThieuGia=0.3 | InpPVDoXuyenToiDaGia=3 | InpPVSoNenThanhKhoan=6 | InpPVRauQuetTrenThan=3 | InpPVSoNenTimSL=10
LQ,LQ0028,M1,SELL,AU,19,12,7,63.158,41.039,1.694,48.779,0.257,12.81,1,10,60.0,18.356,9,66.667,30.423,4,8,7,6,83.333,46.569,1,InpPVKhungQuetThanhKhoan=M1 | InpPVDoXuyenToiThieuGia=0.3 | InpPVDoXuyenToiDaGia=3 | InpPVSoNenThanhKhoan=6 | InpPVRauQuetTrenThan=3 | InpPVSoNenTimSL=5
LQ,LQ0492,M5,BUY_SELL,MY,19,12,7,63.158,41.039,1.608,48.135,0.274,38.862,3,13,53.846,0.891,6,83.333,47.244,4,8,7,8,100.0,49.507,1,InpPVKhungQuetThanhKhoan=M5 | InpPVDoXuyenToiThieuGia=0.5 | InpPVDoXuyenToiDaGia=3 | InpPVSoNenThanhKhoan=6 | InpPVRauQuetTrenThan=1.5 | InpPVSoNenTimSL=5
LQ,LQ0104,M1,SELL,A,19,12,7,63.158,41.039,1.633,44.981,0.233,40.372,4,15,53.333,9.47,4,100.0,35.511,4,8,7,7,85.714,39.63,2,InpPVKhungQuetThanhKhoan=M1 | InpPVDoXuyenToiThieuGia=0.7 | InpPVDoXuyenToiDaGia=3 | InpPVSoNenThanhKhoan=12 | InpPVRauQuetTrenThan=2 | InpPVSoNenTimSL=5
LQ,LQ0807,M15,BUY_SELL,TAT_CA,19,12,7,63.158,41.039,1.515,44.499,0.168,61.926,3,11,54.545,9.634,8,75.0,34.865,2,10,7,9,77.778,36.076,1,InpPVKhungQuetThanhKhoan=M15 | InpPVDoXuyenToiThieuGia=0.5 | InpPVDoXuyenToiDaGia=2 | InpPVSoNenThanhKhoan=6 | InpPVRauQuetTrenThan=2 | InpPVSoNenTimSL=10
LQ,LQ0786,M15,BUY_SELL,TAT_CA,21,13,8,61.905,40.878,1.784,81.359,0.248,46.754,3,9,55.556,45.909,12,66.667,35.45,4,9,8,6,83.333,61.969,2,InpPVKhungQuetThanhKhoan=M15 | InpPVDoXuyenToiThieuGia=0.3 | InpPVDoXuyenToiDaGia=3 | InpPVSoNenThanhKhoan=12 | InpPVRauQuetTrenThan=1.5 | InpPVSoNenTimSL=5
LQ,LQ0806,M15,BUY_SELL,TAT_CA,21,13,8,61.905,40.878,1.652,59.99,0.222,41.497,2,12,58.333,41.362,9,66.667,18.628,4,9,8,9,88.889,44.499,1,InpPVKhungQuetThanhKhoan=M15 | InpPVDoXuyenToiThieuGia=0.5 | InpPVDoXuyenToiDaGia=2 | InpPVSoNenThanhKhoan=6 | InpPVRauQuetTrenThan=2 | InpPVSoNenTimSL=5
LQ,LQ0032,M1,SELL,A,35,20,15,57.143,40.857,1.312,47.267,0.137,58.986,5,26,53.846,22.954,9,66.667,24.313,8,12,15,7,85.714,42.05,2,InpPVKhungQuetThanhKhoan=M1 | InpPVDoXuyenToiThieuGia=0.3 | InpPVDoXuyenToiDaGia=3 | InpPVSoNenThanhKhoan=12 | InpPVRauQuetTrenThan=2 | InpPVSoNenTimSL=5
LQ,LQ0530,M5,BUY,TAT_CA,33,19,14,57.576,40.807,1.337,54.426,0.163,40.081,2,17,52.941,16.231,16,62.5,38.195,6,13,14,8,100.0,24.649,1,InpPVKhungQuetThanhKhoan=M5 | InpPVDoXuyenToiThieuGia=0.7 | InpPVDoXuyenToiDaGia=3 | InpPVSoNenThanhKhoan=6 | InpPVRauQuetTrenThan=2 | InpPVSoNenTimSL=5
LQ,LQ0018,M1,SELL,AU,33,19,14,57.576,40.807,1.388,52.889,0.161,32.382,3,22,59.091,41.073,11,54.545,11.816,7,12,13,7,100.0,52.889,2,InpPVKhungQuetThanhKhoan=M1 | InpPVDoXuyenToiThieuGia=0.3 | InpPVDoXuyenToiDaGia=2 | InpPVSoNenThanhKhoan=12 | InpPVRauQuetTrenThan=1.5 | InpPVSoNenTimSL=5
LQ,LQ0020,M1,SELL,A,33,19,14,57.576,40.807,1.341,48.196,0.148,48.948,4,24,54.167,23.883,9,66.667,24.313,8,11,14,8,87.5,45.123,2,InpPVKhungQuetThanhKhoan=M1 | InpPVDoXuyenToiThieuGia=0.3 | InpPVDoXuyenToiDaGia=2 | InpPVSoNenThanhKhoan=12 | InpPVRauQuetTrenThan=2 | InpPVSoNenTimSL=5
LQ,LQ0577,M6,BUY_SELL,TAT_CA,23,14,9,60.87,40.785,2.075,108.178,0.285,21.67,2,11,63.636,62.291,12,58.333,45.887,7,7,9,8,50.0,14.316,1,InpPVKhungQuetThanhKhoan=M6 | InpPVDoXuyenToiThieuGia=0.5 | InpPVDoXuyenToiDaGia=1 | InpPVSoNenThanhKhoan=6 | InpPVRauQuetTrenThan=1.5 | InpPVSoNenTimSL=10
LQ,LQ0106,M1,BUY_SELL,AU,23,14,9,60.87,40.785,1.786,72.345,0.306,21.364,2,15,66.667,64.687,8,50.0,7.658,7,7,9,6,100.0,95.28,2,InpPVKhungQuetThanhKhoan=M1 | InpPVDoXuyenToiThieuGia=0.7 | InpPVDoXuyenToiDaGia=3 | InpPVSoNenThanhKhoan=12 | InpPVRauQuetTrenThan=3 | InpPVSoNenTimSL=5
LQ,LQ0097,M1,SELL,AU,23,14,9,60.87,40.785,1.556,50.644,0.212,20.04,2,15,60.0,34.231,8,62.5,16.413,4,10,9,6,83.333,47.665,1,InpPVKhungQuetThanhKhoan=M1 | InpPVDoXuyenToiThieuGia=0.7 | InpPVDoXuyenToiDaGia=3 | InpPVSoNenThanhKhoan=6 | InpPVRauQuetTrenThan=1.5 | InpPVSoNenTimSL=10
LQ,LQ0096,M1,SELL,AU,23,14,9,60.87,40.785,1.503,45.702,0.2,20.04,2,15,60.0,29.289,8,62.5,16.413,4,10,9,6,83.333,47.665,1,InpPVKhungQuetThanhKhoan=M1 | InpPVDoXuyenToiThieuGia=0.7 | InpPVDoXuyenToiDaGia=3 | InpPVSoNenThanhKhoan=6 | InpPVRauQuetTrenThan=1.5 | InpPVSoNenTimSL=5
LQ,LQ0781,M15,BUY_SELL,TAT_CA,31,18,13,58.065,40.766,1.527,95.111,0.155,53.625,3,16,56.25,68.35,15,60.0,26.761,6,12,13,6,66.667,69.214,1,InpPVKhungQuetThanhKhoan=M15 | InpPVDoXuyenToiThieuGia=0.3 | InpPVDoXuyenToiDaGia=3 | InpPVSoNenThanhKhoan=6 | InpPVRauQuetTrenThan=1.5 | InpPVSoNenTimSL=10
LQ,LQ0852,M15,BUY_SELL,TAT_CA,31,18,13,58.065,40.766,1.493,86.081,0.194,53.625,3,15,60.0,71.468,16,56.25,14.613,7,11,13,6,83.333,77.684,1,InpPVKhungQuetThanhKhoan=M15 | InpPVDoXuyenToiThieuGia=0.7 | InpPVDoXuyenToiDaGia=3 | InpPVSoNenThanhKhoan=6 | InpPVRauQuetTrenThan=1.5 | InpPVSoNenTimSL=5
LQ,LQ0531,M5,BUY,TAT_CA,31,18,13,58.065,40.766,1.347,60.226,0.204,49.193,2,16,56.25,24.653,15,60.0,35.573,7,11,13,8,100.0,23.133,1,InpPVKhungQuetThanhKhoan=M5 | InpPVDoXuyenToiThieuGia=0.7 | InpPVDoXuyenToiDaGia=3 | InpPVSoNenThanhKhoan=6 | InpPVRauQuetTrenThan=2 | InpPVSoNenTimSL=10
LQ,LQ0070,M1,BUY_SELL,A,31,18,13,58.065,40.766,1.386,51.286,0.168,38.916,3,19,52.632,21.492,12,66.667,29.794,7,11,13,7,85.714,51.286,2,InpPVKhungQuetThanhKhoan=M1 | InpPVDoXuyenToiThieuGia=0.5 | InpPVDoXuyenToiDaGia=3 | InpPVSoNenThanhKhoan=12 | InpPVRauQuetTrenThan=3 | InpPVSoNenTimSL=5
LQ,LQ0853,M15,BUY_SELL,TAT_CA,29,17,12,58.621,40.738,1.575,97.107,0.174,53.625,3,14,57.143,70.346,15,60.0,26.761,6,11,12,6,83.333,71.21,1,InpPVKhungQuetThanhKhoan=M15 | InpPVDoXuyenToiThieuGia=0.7 | InpPVDoXuyenToiDaGia=3 | InpPVSoNenThanhKhoan=6 | InpPVRauQuetTrenThan=1.5 | InpPVSoNenTimSL=10
LQ,LQ0110,M2,BUY_SELL,AU,27,16,11,59.259,40.726,1.549,60.745,0.225,50.394,5,14,64.286,53.562,13,53.846,7.183,7,9,11,8,100.0,24.618,1,InpPVKhungQuetThanhKhoan=M2 | InpPVDoXuyenToiThieuGia=0.3 | InpPVDoXuyenToiDaGia=1 | InpPVSoNenThanhKhoan=6 | InpPVRauQuetTrenThan=2 | InpPVSoNenTimSL=5
LQ,LQ0058,M1,BUY_SELL,A,27,16,11,59.259,40.726,1.436,48.589,0.177,30.852,3,16,50.0,7.411,11,72.727,41.178,6,10,11,8,75.0,48.673,2,InpPVKhungQuetThanhKhoan=M1 | InpPVDoXuyenToiThieuGia=0.5 | InpPVDoXuyenToiDaGia=2 | InpPVSoNenThanhKhoan=12 | InpPVRauQuetTrenThan=3 | InpPVSoNenTimSL=5
LQ,LQ0111,M2,BUY_SELL,AU,27,16,11,59.259,40.726,1.358,46.41,0.194,59.826,5,14,64.286,40.561,13,53.846,5.849,6,10,11,8,62.5,11.299,1,InpPVKhungQuetThanhKhoan=M2 | InpPVDoXuyenToiThieuGia=0.3 | InpPVDoXuyenToiDaGia=1 | InpPVSoNenThanhKhoan=6 | InpPVRauQuetTrenThan=2 | InpPVSoNenTimSL=10
LQ,LQ0781,M15,BUY_SELL,AU,10,7,3,70.0,39.677,3.366,78.785,0.452,12.166,1,6,66.667,54.289,4,75.0,24.496,3,4,3,6,83.333,53.575,2,InpPVKhungQuetThanhKhoan=M15 | InpPVDoXuyenToiThieuGia=0.3 | InpPVDoXuyenToiDaGia=3 | InpPVSoNenThanhKhoan=6 | InpPVRauQuetTrenThan=1.5 | InpPVSoNenTimSL=10
LQ,LQ0579,M6,BUY,TAT_CA,10,7,3,70.0,39.677,3.236,67.717,0.445,10.166,1,5,80.0,50.637,5,60.0,17.08,3,4,3,9,88.889,16.994,1,InpPVKhungQuetThanhKhoan=M6 | InpPVDoXuyenToiThieuGia=0.5 | InpPVDoXuyenToiDaGia=1 | InpPVSoNenThanhKhoan=6 | InpPVRauQuetTrenThan=2 | InpPVSoNenTimSL=10
LQ,LQ0572,M6,BUY,AU,10,7,3,70.0,39.677,2.925,63.487,0.409,20.292,2,6,83.333,51.731,4,50.0,11.756,2,4,3,8,100.0,33.857,4,InpPVKhungQuetThanhKhoan=M6 | InpPVDoXuyenToiThieuGia=0.3 | InpPVDoXuyenToiDaGia=3 | InpPVSoNenThanhKhoan=12 | InpPVRauQuetTrenThan=2 | InpPVSoNenTimSL=5
LQ,LQ0577,M6,BUY_SELL,AU,10,7,3,70.0,39.677,2.511,60.663,0.462,14.852,1,3,66.667,27.712,7,71.429,32.951,3,4,3,8,75.0,32.417,1,InpPVKhungQuetThanhKhoan=M6 | InpPVDoXuyenToiThieuGia=0.5 | InpPVDoXuyenToiDaGia=1 | InpPVSoNenThanhKhoan=6 | InpPVRauQuetTrenThan=1.5 | InpPVSoNenTimSL=10
LQ,LQ0852,M15,BUY_SELL,AU,10,7,3,70.0,39.677,2.729,57.556,0.372,12.166,1,6,66.667,33.06,4,75.0,24.496,2,5,3,6,100.0,55.296,1,InpPVKhungQuetThanhKhoan=M15 | InpPVDoXuyenToiThieuGia=0.7 | InpPVDoXuyenToiDaGia=3 | InpPVSoNenThanhKhoan=6 | InpPVRauQuetTrenThan=1.5 | InpPVSoNenTimSL=5
LQ,LQ0546,M6,BUY,TAT_CA,10,7,3,70.0,39.677,2.796,54.385,0.509,10.166,1,5,80.0,27.98,5,60.0,26.405,4,3,3,7,85.714,32.056,2,InpPVKhungQuetThanhKhoan=M6 | InpPVDoXuyenToiThieuGia=0.3 | InpPVDoXuyenToiDaGia=1 | InpPVSoNenThanhKhoan=12 | InpPVRauQuetTrenThan=1.5 | InpPVSoNenTimSL=5
LQ,LQ0324,M4,BUY,AU,10,7,3,70.0,39.677,2.71,53.856,0.551,11.535,1,6,83.333,50.329,4,50.0,3.527,4,3,3,7,85.714,32.323,2,InpPVKhungQuetThanhKhoan=M4 | InpPVDoXuyenToiThieuGia=0.3 | InpPVDoXuyenToiDaGia=1 | InpPVSoNenThanhKhoan=6 | InpPVRauQuetTrenThan=1.5 | InpPVSoNenTimSL=5
LQ,LQ0166,M2,BUY,MY,10,7,3,70.0,39.677,2.681,50.82,0.501,20.196,2,7,57.143,20.279,3,100.0,30.541,3,4,3,9,88.889,48.033,2,InpPVKhungQuetThanhKhoan=M2 | InpPVDoXuyenToiThieuGia=0.5 | InpPVDoXuyenToiDaGia=2 | InpPVSoNenThanhKhoan=12 | InpPVRauQuetTrenThan=3 | InpPVSoNenTimSL=5
LQ,LQ0358,M4,SELL,AU,10,7,3,70.0,39.677,2.392,50.438,0.536,14.852,1,6,66.667,32.157,4,75.0,18.281,4,3,3,7,71.429,50.438,4,InpPVKhungQuetThanhKhoan=M4 | InpPVDoXuyenToiThieuGia=0.3 | InpPVDoXuyenToiDaGia=3 | InpPVSoNenThanhKhoan=12 | InpPVRauQuetTrenThan=3 | InpPVSoNenTimSL=5
LQ,LQ0072,M1,BUY,AU,10,7,3,70.0,39.677,2.509,45.496,0.455,10.104,1,6,83.333,35.404,4,50.0,10.092,3,4,3,6,83.333,46.165,1,InpPVKhungQuetThanhKhoan=M1 | InpPVDoXuyenToiThieuGia=0.7 | InpPVDoXuyenToiDaGia=1 | InpPVSoNenThanhKhoan=6 | InpPVRauQuetTrenThan=1.5 | InpPVSoNenTimSL=5
LQ,LQ0073,M1,BUY,AU,10,7,3,70.0,39.677,2.509,45.485,0.45,10.104,1,6,83.333,35.393,4,50.0,10.092,3,4,3,6,83.333,46.17,1,InpPVKhungQuetThanhKhoan=M1 | InpPVDoXuyenToiThieuGia=0.7 | InpPVDoXuyenToiDaGia=1 | InpPVSoNenThanhKhoan=6 | InpPVRauQuetTrenThan=1.5 | InpPVSoNenTimSL=10
LQ,LQ0700,M10,SELL,TAT_CA,10,7,3,70.0,39.677,2.22,38.167,0.379,11.156,1,7,71.429,32.473,3,66.667,5.694,2,5,3,9,88.889,36.687,4,InpPVKhungQuetThanhKhoan=M10 | InpPVDoXuyenToiThieuGia=0.5 | InpPVDoXuyenToiDaGia=2 | InpPVSoNenThanhKhoan=6 | InpPVRauQuetTrenThan=3 | InpPVSoNenTimSL=5
LQ,LQ0116,M2,SELL,AU,10,7,3,70.0,39.677,2.145,34.504,0.345,10.096,1,7,71.429,29.6,3,66.667,4.904,2,5,3,8,100.0,26.677,2,InpPVKhungQuetThanhKhoan=M2 | InpPVDoXuyenToiThieuGia=0.3 | InpPVDoXuyenToiDaGia=1 | InpPVSoNenThanhKhoan=12 | InpPVRauQuetTrenThan=2 | InpPVSoNenTimSL=5
LQ,LQ0076,M1,SELL,A,10,7,3,70.0,39.677,1.946,29.105,0.296,20.062,2,6,50.0,4.666,4,100.0,24.439,2,5,3,6,83.333,21.365,1,InpPVKhungQuetThanhKhoan=M1 | InpPVDoXuyenToiThieuGia=0.7 | InpPVDoXuyenToiDaGia=1 | InpPVSoNenThanhKhoan=6 | InpPVRauQuetTrenThan=3 | InpPVSoNenTimSL=5
LQ,LQ0077,M1,SELL,A,10,7,3,70.0,39.677,1.892,28.221,0.295,20.946,2,6,50.0,3.782,4,100.0,24.439,2,5,3,6,83.333,21.285,1,InpPVKhungQuetThanhKhoan=M1 | InpPVDoXuyenToiThieuGia=0.7 | InpPVDoXuyenToiDaGia=1 | InpPVSoNenThanhKhoan=6 | InpPVRauQuetTrenThan=3 | InpPVSoNenTimSL=10
LQ,LQ0030,M1,BUY,AU,36,20,16,55.556,39.581,1.376,64.127,0.188,30.058,3,23,60.87,50.344,13,46.154,13.783,11,9,16,6,83.333,58.803,2,InpPVKhungQuetThanhKhoan=M1 | InpPVDoXuyenToiThieuGia=0.3 | InpPVDoXuyenToiDaGia=3 | InpPVSoNenThanhKhoan=12 | InpPVRauQuetTrenThan=1.5 | InpPVSoNenTimSL=5
LQ,LQ0459,M5,BUY,MY,12,8,4,66.667,39.062,2.526,75.931,0.648,20.336,1,8,62.5,39.165,4,75.0,36.766,5,3,4,8,87.5,22.72,1,InpPVKhungQuetThanhKhoan=M5 | InpPVDoXuyenToiThieuGia=0.3 | InpPVDoXuyenToiDaGia=3 | InpPVSoNenThanhKhoan=6 | InpPVRauQuetTrenThan=2 | InpPVSoNenTimSL=10
LQ,LQ0577,M6,BUY,TAT_CA,12,8,4,66.667,39.062,2.701,71.199,0.413,21.65,2,6,66.667,39.057,6,66.667,32.142,4,4,4,8,75.0,31.249,1,InpPVKhungQuetThanhKhoan=M6 | InpPVDoXuyenToiThieuGia=0.5 | InpPVDoXuyenToiDaGia=1 | InpPVSoNenThanhKhoan=6 | InpPVRauQuetTrenThan=1.5 | InpPVSoNenTimSL=10
LQ,LQ0458,M5,BUY,MY,12,8,4,66.667,39.062,2.651,70.378,0.581,16.878,1,8,62.5,45.041,4,75.0,25.337,4,4,4,8,100.0,21.493,1,InpPVKhungQuetThanhKhoan=M5 | InpPVDoXuyenToiThieuGia=0.3 | InpPVDoXuyenToiDaGia=3 | InpPVSoNenThanhKhoan=6 | InpPVRauQuetTrenThan=2 | InpPVSoNenTimSL=5
LQ,LQ0044,M1,SELL,AU,12,8,4,66.667,39.062,2.514,53.996,0.452,15.304,2,6,83.333,51.353,6,50.0,2.643,4,4,3,8,100.0,46.498,2,InpPVKhungQuetThanhKhoan=M1 | InpPVDoXuyenToiThieuGia=0.5 | InpPVDoXuyenToiDaGia=1 | InpPVSoNenThanhKhoan=12 | InpPVRauQuetTrenThan=2 | InpPVSoNenTimSL=5
LQ,LQ0178,M2,BUY,MY,12,8,4,66.667,39.062,2.192,48.033,0.392,20.196,2,8,62.5,27.566,4,75.0,20.467,3,5,4,8,87.5,49.427,2,InpPVKhungQuetThanhKhoan=M2 | InpPVDoXuyenToiThieuGia=0.5 | InpPVDoXuyenToiDaGia=3 | InpPVSoNenThanhKhoan=12 | InpPVRauQuetTrenThan=3 | InpPVSoNenTimSL=5
LQ,LQ0252,M3,BUY,AU,12,8,4,66.667,39.062,2.127,45.258,0.377,25.146,2,5,60.0,13.514,7,71.429,31.744,3,5,4,8,87.5,26.564,3,InpPVKhungQuetThanhKhoan=M3 | InpPVDoXuyenToiThieuGia=0.5 | InpPVDoXuyenToiDaGia=1 | InpPVSoNenThanhKhoan=6 | InpPVRauQuetTrenThan=1.5 | InpPVSoNenTimSL=5
LQ,LQ0253,M3,BUY,AU,12,8,4,66.667,39.062,2.031,43.354,0.377,27.05,2,5,60.0,13.514,7,71.429,29.84,3,5,4,8,87.5,26.59,3,InpPVKhungQuetThanhKhoan=M3 | InpPVDoXuyenToiThieuGia=0.5 | InpPVDoXuyenToiDaGia=1 | InpPVSoNenThanhKhoan=6 | InpPVRauQuetTrenThan=1.5 | InpPVSoNenTimSL=10
LQ,LQ0078,M1,SELL,AU,12,8,4,66.667,39.062,2.049,42.532,0.356,13.71,1,8,75.0,40.544,4,50.0,1.988,3,5,4,6,100.0,47.396,2,InpPVKhungQuetThanhKhoan=M1 | InpPVDoXuyenToiThieuGia=0.7 | InpPVDoXuyenToiDaGia=1 | InpPVSoNenThanhKhoan=12 | InpPVRauQuetTrenThan=1.5 | InpPVSoNenTimSL=5
LQ,LQ0070,M1,SELL,AU,12,8,4,66.667,39.062,2.017,41.04,0.344,11.715,1,6,66.667,22.403,6,66.667,18.637,3,5,4,7,85.714,41.04,2,InpPVKhungQuetThanhKhoan=M1 | InpPVDoXuyenToiThieuGia=0.5 | InpPVDoXuyenToiDaGia=3 | InpPVSoNenThanhKhoan=12 | InpPVRauQuetTrenThan=3 | InpPVSoNenTimSL=5
LQ,LQ0004,M1,SELL,AU,12,8,4,66.667,39.062,1.973,38.964,0.325,20.032,2,7,71.429,31.423,5,60.0,7.541,3,5,4,6,100.0,34.201,2,InpPVKhungQuetThanhKhoan=M1 | InpPVDoXuyenToiThieuGia=0.3 | InpPVDoXuyenToiDaGia=1 | InpPVSoNenThanhKhoan=6 | InpPVRauQuetTrenThan=3 | InpPVSoNenTimSL=5
LQ,LQ0366,M4,BUY_SELL,AU,12,8,4,66.667,39.062,1.86,38.677,0.36,14.986,1,8,62.5,20.781,4,75.0,17.896,3,5,4,8,87.5,40.632,2,InpPVKhungQuetThanhKhoan=M4 | InpPVDoXuyenToiThieuGia=0.5 | InpPVDoXuyenToiDaGia=1 | InpPVSoNenThanhKhoan=12 | InpPVRauQuetTrenThan=1.5 | InpPVSoNenTimSL=5
LQ,LQ0090,M1,BUY,A,12,8,4,66.667,39.062,1.927,38.496,0.333,24.56,2,4,75.0,18.717,8,62.5,19.779,3,5,4,7,71.429,38.496,4,InpPVKhungQuetThanhKhoan=M1 | InpPVDoXuyenToiThieuGia=0.7 | InpPVDoXuyenToiDaGia=2 | InpPVSoNenThanhKhoan=12 | InpPVRauQuetTrenThan=1.5 | InpPVSoNenTimSL=5
LQ,LQ0812,M15,BUY_SELL,TAT_CA,12,8,4,66.667,39.062,1.746,36.076,0.299,48.376,4,6,50.0,1.876,6,83.333,34.2,2,6,4,9,88.889,26.658,2,InpPVKhungQuetThanhKhoan=M15 | InpPVDoXuyenToiThieuGia=0.5 | InpPVDoXuyenToiDaGia=2 | InpPVSoNenThanhKhoan=12 | InpPVRauQuetTrenThan=2 | InpPVSoNenTimSL=5
LQ,LQ0734,M10,SELL,TAT_CA,12,8,4,66.667,39.062,1.825,34.275,0.285,14.88,1,9,66.667,28.581,3,66.667,5.694,2,6,4,9,77.778,23.553,1,InpPVKhungQuetThanhKhoan=M10 | InpPVDoXuyenToiThieuGia=0.7 | InpPVDoXuyenToiDaGia=2 | InpPVSoNenThanhKhoan=6 | InpPVRauQuetTrenThan=2 | InpPVSoNenTimSL=5
LQ,LQ0735,M10,SELL,TAT_CA,12,8,4,66.667,39.062,1.824,34.238,0.279,14.88,1,9,66.667,28.544,3,66.667,5.694,2,6,4,9,77.778,23.516,1,InpPVKhungQuetThanhKhoan=M10 | InpPVDoXuyenToiThieuGia=0.7 | InpPVDoXuyenToiDaGia=2 | InpPVSoNenThanhKhoan=6 | InpPVRauQuetTrenThan=2 | InpPVSoNenTimSL=10
LQ,LQ0300,M3,SELL,MY,12,8,4,66.667,39.062,1.528,26.985,0.214,20.956,2,7,71.429,26.479,5,60.0,0.506,2,6,4,8,50.0,1.831,1,InpPVKhungQuetThanhKhoan=M3 | InpPVDoXuyenToiThieuGia=0.7 | InpPVDoXuyenToiDaGia=2 | InpPVSoNenThanhKhoan=6 | InpPVRauQuetTrenThan=1.5 | InpPVSoNenTimSL=5
LQ,LQ0034,M1,BUY,AU,26,15,11,57.692,38.948,1.555,62.189,0.231,20.2,2,17,64.706,60.564,9,44.444,1.625,8,7,11,6,83.333,59.13,2,InpPVKhungQuetThanhKhoan=M1 | InpPVDoXuyenToiThieuGia=0.3 | InpPVDoXuyenToiDaGia=3 | InpPVSoNenThanhKhoan=12 | InpPVRauQuetTrenThan=3 | InpPVSoNenTimSL=5
LQ,LQ0027,M1,SELL,AU,26,15,11,57.692,38.948,1.559,59.244,0.22,25.31,3,13,61.538,47.207,13,53.846,12.037,6,9,10,7,100.0,53.721,1,InpPVKhungQuetThanhKhoan=M1 | InpPVDoXuyenToiThieuGia=0.3 | InpPVDoXuyenToiDaGia=3 | InpPVSoNenThanhKhoan=6 | InpPVRauQuetTrenThan=2 | InpPVSoNenTimSL=10
LQ,LQ0026,M1,SELL,AU,26,15,11,57.692,38.948,1.514,54.302,0.209,25.31,3,13,61.538,42.265,13,53.846,12.037,6,9,10,7,100.0,48.779,1,InpPVKhungQuetThanhKhoan=M1 | InpPVDoXuyenToiThieuGia=0.3 | InpPVDoXuyenToiDaGia=3 | InpPVSoNenThanhKhoan=6 | InpPVRauQuetTrenThan=2 | InpPVSoNenTimSL=5
LQ,LQ0034,M1,SELL,A,26,15,11,57.692,38.948,1.448,49.875,0.189,48.95,3,19,47.368,3.919,7,85.714,45.956,7,8,11,6,83.333,45.867,2,InpPVKhungQuetThanhKhoan=M1 | InpPVDoXuyenToiThieuGia=0.3 | InpPVDoXuyenToiDaGia=3 | InpPVSoNenThanhKhoan=12 | InpPVRauQuetTrenThan=3 | InpPVSoNenTimSL=5
LQ,LQ0602,M6,BUY_SELL,AU,26,15,11,57.692,38.948,1.306,46.121,0.157,40.424,2,13,61.538,46.107,13,53.846,0.014,5,9,11,9,88.889,36.109,1,InpPVKhungQuetThanhKhoan=M6 | InpPVDoXuyenToiThieuGia=0.5 | InpPVDoXuyenToiDaGia=3 | InpPVSoNenThanhKhoan=6 | InpPVRauQuetTrenThan=2 | InpPVSoNenTimSL=5
LQ,LQ0022,M1,BUY,AU,24,14,10,58.333,38.834,1.557,56.07,0.23,24.493,2,15,66.667,54.383,9,44.444,1.687,7,7,10,7,85.714,56.07,2,InpPVKhungQuetThanhKhoan=M1 | InpPVDoXuyenToiThieuGia=0.3 | InpPVDoXuyenToiDaGia=2 | InpPVSoNenThanhKhoan=12 | InpPVRauQuetTrenThan=3 | InpPVSoNenTimSL=5
LQ,LQ0022,M1,SELL,A,24,14,10,58.333,38.834,1.502,50.804,0.209,38.912,3,17,47.059,4.848,7,85.714,45.956,7,7,10,7,85.714,45.395,2,InpPVKhungQuetThanhKhoan=M1 | InpPVDoXuyenToiThieuGia=0.3 | InpPVDoXuyenToiDaGia=2 | InpPVSoNenThanhKhoan=12 | InpPVRauQuetTrenThan=3 | InpPVSoNenTimSL=5
LQ,LQ0056,M1,SELL,A,24,14,10,58.333,38.834,1.4,40.559,0.166,43.447,4,18,50.0,0.383,6,83.333,40.176,6,8,10,9,88.889,39.63,2,InpPVKhungQuetThanhKhoan=M1 | InpPVDoXuyenToiThieuGia=0.5 | InpPVDoXuyenToiDaGia=2 | InpPVSoNenThanhKhoan=12 | InpPVRauQuetTrenThan=2 | InpPVSoNenTimSL=5
LQ,LQ0126,M2,SELL,AU,24,14,10,58.333,38.834,1.306,32.753,0.163,50.312,3,17,58.824,29.941,7,57.143,2.812,5,9,10,8,100.0,22.189,2,InpPVKhungQuetThanhKhoan=M2 | InpPVDoXuyenToiThieuGia=0.3 | InpPVDoXuyenToiDaGia=2 | InpPVSoNenThanhKhoan=12 | InpPVRauQuetTrenThan=1.5 | InpPVSoNenTimSL=5
LQ,LQ0409,M4,BUY,AU,14,9,5,64.286,38.764,2.267,70.281,0.39,35.23,3,10,70.0,69.106,4,50.0,1.175,5,4,5,8,87.5,40.882,1,InpPVKhungQuetThanhKhoan=M4 | InpPVDoXuyenToiThieuGia=0.7 | InpPVDoXuyenToiDaGia=2 | InpPVSoNenThanhKhoan=6 | InpPVRauQuetTrenThan=1.5 | InpPVSoNenTimSL=10
LQ,LQ0408,M4,BUY,AU,14,9,5,64.286,38.764,2.323,66.653,0.439,30.12,3,10,70.0,65.478,4,50.0,1.175,6,3,5,8,75.0,42.696,1,InpPVKhungQuetThanhKhoan=M4 | InpPVDoXuyenToiThieuGia=0.7 | InpPVDoXuyenToiDaGia=2 | InpPVSoNenThanhKhoan=6 | InpPVRauQuetTrenThan=1.5 | InpPVSoNenTimSL=5
LQ,LQ0353,M4,BUY,AU,14,9,5,64.286,38.764,2.126,63.879,0.368,35.224,3,10,70.0,60.606,4,50.0,3.273,4,5,5,7,85.714,60.251,1,InpPVKhungQuetThanhKhoan=M4 | InpPVDoXuyenToiThieuGia=0.3 | InpPVDoXuyenToiDaGia=3 | InpPVSoNenThanhKhoan=6 | InpPVRauQuetTrenThan=3 | InpPVSoNenTimSL=10
LQ,LQ0352,M4,BUY,AU,14,9,5,64.286,38.764,2.167,60.251,0.418,30.114,3,10,70.0,56.978,4,50.0,3.273,5,4,5,7,85.714,63.879,1,InpPVKhungQuetThanhKhoan=M4 | InpPVDoXuyenToiThieuGia=0.3 | InpPVDoXuyenToiDaGia=3 | InpPVSoNenThanhKhoan=6 | InpPVRauQuetTrenThan=3 | InpPVSoNenTimSL=5
LQ,LQ0090,M1,BUY,AU,14,9,5,64.286,38.764,2.118,56.263,0.395,21.225,2,10,70.0,46.171,4,50.0,10.092,5,4,5,7,85.714,53.131,2,InpPVKhungQuetThanhKhoan=M1 | InpPVDoXuyenToiThieuGia=0.7 | InpPVDoXuyenToiDaGia=2 | InpPVSoNenThanhKhoan=12 | InpPVRauQuetTrenThan=1.5 | InpPVSoNenTimSL=5
LQ,LQ0494,M5,BUY,AU,14,9,5,64.286,38.764,2.01,51.042,0.336,30.27,3,5,60.0,15.275,9,66.667,35.767,4,5,5,9,100.0,34.196,1,InpPVKhungQuetThanhKhoan=M5 | InpPVDoXuyenToiThieuGia=0.5 | InpPVDoXuyenToiDaGia=3 | InpPVSoNenThanhKhoan=6 | InpPVRauQuetTrenThan=2 | InpPVSoNenTimSL=5
LQ,LQ0200,M2,BUY_SELL,MY,14,9,5,64.286,38.764,1.884,44.389,0.312,40.16,4,11,54.545,13.848,3,100.0,30.541,3,6,5,9,66.667,29.955,2,InpPVKhungQuetThanhKhoan=M2 | InpPVDoXuyenToiThieuGia=0.7 | InpPVDoXuyenToiDaGia=2 | InpPVSoNenThanhKhoan=12 | InpPVRauQuetTrenThan=2 | InpPVSoNenTimSL=5
LQ,LQ0330,M4,BUY_SELL,AU,14,9,5,64.286,38.764,1.757,42.587,0.345,14.986,1,10,60.0,24.535,4,75.0,18.052,4,5,5,7,85.714,38.677,2,InpPVKhungQuetThanhKhoan=M4 | InpPVDoXuyenToiThieuGia=0.3 | InpPVDoXuyenToiDaGia=1 | InpPVSoNenThanhKhoan=12 | InpPVRauQuetTrenThan=1.5 | InpPVSoNenTimSL=5
LQ,LQ0102,M1,BUY,A,14,9,5,64.286,38.764,1.796,42.122,0.321,35.944,2,5,80.0,33.727,9,55.556,8.395,4,5,5,6,83.333,38.001,4,InpPVKhungQuetThanhKhoan=M1 | InpPVDoXuyenToiThieuGia=0.7 | InpPVDoXuyenToiDaGia=3 | InpPVSoNenThanhKhoan=12 | InpPVRauQuetTrenThan=1.5 | InpPVSoNenTimSL=5
LQ,LQ0567,M6,BUY,AU,14,9,5,64.286,38.764,1.316,27.938,0.256,40.829,2,7,71.429,21.525,7,57.143,6.413,2,6,5,8,75.0,25.923,2,InpPVKhungQuetThanhKhoan=M6 | InpPVDoXuyenToiThieuGia=0.3 | InpPVDoXuyenToiDaGia=3 | InpPVSoNenThanhKhoan=6 | InpPVRauQuetTrenThan=2 | InpPVSoNenTimSL=10
LQ,LQ0676,M10,SELL,TAT_CA,14,9,5,64.286,38.764,1.494,26.629,0.206,22.622,2,11,63.636,20.935,3,66.667,5.694,2,7,5,7,85.714,28.109,1,InpPVKhungQuetThanhKhoan=M10 | InpPVDoXuyenToiThieuGia=0.3 | InpPVDoXuyenToiDaGia=3 | InpPVSoNenThanhKhoan=6 | InpPVRauQuetTrenThan=3 | InpPVSoNenTimSL=5
LQ,LQ0318,M3,SELL,AU,14,9,5,64.286,38.764,1.335,20.035,0.211,26.401,2,8,62.5,7.196,6,66.667,12.839,2,7,5,7,85.714,27.223,2,InpPVKhungQuetThanhKhoan=M3 | InpPVDoXuyenToiThieuGia=0.7 | InpPVDoXuyenToiDaGia=3 | InpPVSoNenThanhKhoan=12 | InpPVRauQuetTrenThan=1.5 | InpPVSoNenTimSL=5
LQ,LQ0063,M1,SELL,AU,22,13,9,59.091,38.734,1.737,63.37,0.279,15.304,2,11,63.636,48.273,11,54.545,15.097,6,7,8,8,100.0,58.836,1,InpPVKhungQuetThanhKhoan=M1 | InpPVDoXuyenToiThieuGia=0.5 | InpPVDoXuyenToiDaGia=3 | InpPVSoNenThanhKhoan=6 | InpPVRauQuetTrenThan=2 | InpPVSoNenTimSL=10
LQ,LQ0542,M6,BUY_SELL,TAT_CA,22,13,9,59.091,38.734,1.632,60.298,0.194,30.094,3,14,64.286,55.013,8,50.0,5.285,5,8,9,8,62.5,14.69,1,InpPVKhungQuetThanhKhoan=M6 | InpPVDoXuyenToiThieuGia=0.3 | InpPVDoXuyenToiDaGia=1 | InpPVSoNenThanhKhoan=6 | InpPVRauQuetTrenThan=2 | InpPVSoNenTimSL=5
LQ,LQ0062,M1,SELL,AU,22,13,9,59.091,38.734,1.682,58.428,0.266,15.304,2,11,63.636,43.331,11,54.545,15.097,6,7,8,8,100.0,57.061,1,InpPVKhungQuetThanhKhoan=M1 | InpPVDoXuyenToiThieuGia=0.5 | InpPVDoXuyenToiDaGia=3 | InpPVSoNenThanhKhoan=6 | InpPVRauQuetTrenThan=2 | InpPVSoNenTimSL=5
LQ,LQ0606,M6,BUY_SELL,AU,22,13,9,59.091,38.734,1.443,48.969,0.185,39.894,3,11,63.636,34.606,11,54.545,14.363,4,8,9,8,100.0,32.243,2,InpPVKhungQuetThanhKhoan=M6 | InpPVDoXuyenToiThieuGia=0.5 | InpPVDoXuyenToiDaGia=3 | InpPVSoNenThanhKhoan=12 | InpPVRauQuetTrenThan=1.5 | InpPVSoNenTimSL=5
LQ,LQ0770,M15,BUY_SELL,TAT_CA,22,13,9,59.091,38.734,1.47,48.576,0.166,50.401,3,13,53.846,29.948,9,66.667,18.628,4,9,9,8,75.0,28.874,1,InpPVKhungQuetThanhKhoan=M15 | InpPVDoXuyenToiThieuGia=0.3 | InpPVDoXuyenToiDaGia=2 | InpPVSoNenThanhKhoan=6 | InpPVRauQuetTrenThan=2 | InpPVSoNenTimSL=5
LQ,LQ0210,M2,BUY_SELL,MY,22,13,9,59.091,38.734,1.516,47.796,0.207,62.606,6,16,56.25,25.005,6,66.667,22.791,4,9,9,7,57.143,29.955,2,InpPVKhungQuetThanhKhoan=M2 | InpPVDoXuyenToiThieuGia=0.7 | InpPVDoXuyenToiDaGia=3 | InpPVSoNenThanhKhoan=12 | InpPVRauQuetTrenThan=1.5 | InpPVSoNenTimSL=5
LQ,LQ0085,M1,SELL,AU,22,13,9,59.091,38.734,1.453,41.282,0.179,20.04,2,15,60.0,34.231,7,57.143,7.051,4,9,9,7,100.0,40.267,1,InpPVKhungQuetThanhKhoan=M1 | InpPVDoXuyenToiThieuGia=0.7 | InpPVDoXuyenToiDaGia=2 | InpPVSoNenThanhKhoan=6 | InpPVRauQuetTrenThan=1.5 | InpPVSoNenTimSL=10
LQ,LQ0084,M1,SELL,AU,22,13,9,59.091,38.734,1.4,36.34,0.166,20.04,2,15,60.0,29.289,7,57.143,7.051,4,9,9,7,100.0,41.282,1,InpPVKhungQuetThanhKhoan=M1 | InpPVDoXuyenToiThieuGia=0.7 | InpPVDoXuyenToiDaGia=2 | InpPVSoNenThanhKhoan=6 | InpPVRauQuetTrenThan=1.5 | InpPVSoNenTimSL=5
LQ,LQ0780,M15,BUY,TAT_CA,20,12,8,60.0,38.658,2.058,106.209,0.276,55.869,3,10,60.0,68.148,10,60.0,38.061,6,6,8,6,100.0,58.233,1,InpPVKhungQuetThanhKhoan=M15 | InpPVDoXuyenToiThieuGia=0.3 | InpPVDoXuyenToiDaGia=3 | InpPVSoNenThanhKhoan=6 | InpPVRauQuetTrenThan=1.5 | InpPVSoNenTimSL=5
LQ,LQ0414,M4,BUY_SELL,AU,20,12,8,60.0,38.658,1.599,55.279,0.272,29.16,2,10,60.0,40.498,10,60.0,14.781,6,6,8,8,75.0,59.763,2,InpPVKhungQuetThanhKhoan=M4 | InpPVDoXuyenToiThieuGia=0.7 | InpPVDoXuyenToiDaGia=2 | InpPVSoNenThanhKhoan=12 | InpPVRauQuetTrenThan=1.5 | InpPVSoNenTimSL=5
LQ,LQ0842,M15,BUY_SELL,TAT_CA,20,12,8,60.0,38.658,1.55,50.572,0.194,41.497,2,11,54.545,31.944,9,66.667,18.628,4,8,8,8,87.5,31.209,1,InpPVKhungQuetThanhKhoan=M15 | InpPVDoXuyenToiThieuGia=0.7 | InpPVDoXuyenToiDaGia=2 | InpPVSoNenThanhKhoan=6 | InpPVRauQuetTrenThan=2 | InpPVSoNenTimSL=5
LQ,LQ0817,M15,BUY,TAT_CA,16,10,6,62.5,38.641,2.408,117.553,0.308,60.355,3,8,62.5,88.11,8,62.5,29.443,5,5,6,7,85.714,65.61,1,InpPVKhungQuetThanhKhoan=M15 | InpPVDoXuyenToiThieuGia=0.5 | InpPVDoXuyenToiDaGia=3 | InpPVSoNenThanhKhoan=6 | InpPVRauQuetTrenThan=1.5 | InpPVSoNenTimSL=10
LQ,LQ0594,M6,BUY_SELL,AU,16,10,6,62.5,38.641,1.727,56.595,0.321,27.698,2,7,57.143,23.62,9,66.667,32.975,5,5,6,9,77.778,33.147,2,InpPVKhungQuetThanhKhoan=M6 | InpPVDoXuyenToiThieuGia=0.5 | InpPVDoXuyenToiDaGia=2 | InpPVSoNenThanhKhoan=12 | InpPVRauQuetTrenThan=1.5 | InpPVSoNenTimSL=5
LQ,LQ0568,M6,BUY_SELL,AU,16,10,6,62.5,38.641,1.757,51.692,0.251,24.157,2,9,66.667,35.411,7,57.143,16.281,3,6,6,7,100.0,36.109,2,InpPVKhungQuetThanhKhoan=M6 | InpPVDoXuyenToiThieuGia=0.3 | InpPVDoXuyenToiDaGia=3 | InpPVSoNenThanhKhoan=6 | InpPVRauQuetTrenThan=3 | InpPVSoNenTimSL=5
LQ,LQ0485,M5,BUY_SELL,AU,16,10,6,62.5,38.641,1.64,49.468,0.318,38.266,3,8,62.5,31.124,8,62.5,18.344,5,5,6,9,77.778,35.383,1,InpPVKhungQuetThanhKhoan=M5 | InpPVDoXuyenToiThieuGia=0.5 | InpPVDoXuyenToiDaGia=2 | InpPVSoNenThanhKhoan=6 | InpPVRauQuetTrenThan=3 | InpPVSoNenTimSL=10
LQ,LQ0845,M15,BUY_SELL,TAT_CA,16,10,6,62.5,38.641,1.52,39.151,0.17,57.856,2,9,55.556,11.392,7,71.429,27.759,2,8,6,7,85.714,25.627,1,InpPVKhungQuetThanhKhoan=M15 | InpPVDoXuyenToiThieuGia=0.7 | InpPVDoXuyenToiDaGia=2 | InpPVSoNenThanhKhoan=6 | InpPVRauQuetTrenThan=3 | InpPVSoNenTimSL=10
LQ,LQ0256,M3,BUY_SELL,AU,16,10,6,62.5,38.641,1.647,38.945,0.243,35.036,3,9,55.556,7.201,7,71.429,31.744,3,7,6,8,75.0,13.94,1,InpPVKhungQuetThanhKhoan=M3 | InpPVDoXuyenToiThieuGia=0.5 | InpPVDoXuyenToiDaGia=1 | InpPVSoNenThanhKhoan=6 | InpPVRauQuetTrenThan=3 | InpPVSoNenTimSL=5
LQ,LQ0098,M1,BUY,A,16,10,6,62.5,38.641,1.612,38.597,0.259,29.347,2,6,66.667,23.605,10,60.0,14.992,4,6,6,7,71.429,37.505,1,InpPVKhungQuetThanhKhoan=M1 | InpPVDoXuyenToiThieuGia=0.7 | InpPVDoXuyenToiDaGia=3 | InpPVSoNenThanhKhoan=6 | InpPVRauQuetTrenThan=2 | InpPVSoNenTimSL=5
LQ,LQ0257,M3,BUY_SELL,AU,16,10,6,62.5,38.641,1.596,37.041,0.244,35.036,3,9,55.556,7.201,7,71.429,29.84,3,7,6,8,87.5,7.608,1,InpPVKhungQuetThanhKhoan=M3 | InpPVDoXuyenToiThieuGia=0.5 | InpPVDoXuyenToiDaGia=1 | InpPVSoNenThanhKhoan=6 | InpPVRauQuetTrenThan=3 | InpPVSoNenTimSL=10
LQ,LQ0816,M15,BUY,TAT_CA,18,11,7,61.111,38.619,2.088,96.857,0.279,55.869,3,9,66.667,79.562,9,55.556,17.295,5,6,7,7,100.0,65.674,1,InpPVKhungQuetThanhKhoan=M15 | InpPVDoXuyenToiThieuGia=0.5 | InpPVDoXuyenToiDaGia=3 | InpPVSoNenThanhKhoan=6 | InpPVRauQuetTrenThan=1.5 | InpPVSoNenTimSL=5
LQ,LQ0068,M1,SELL,AU,18,11,7,61.111,38.619,1.994,65.375,0.364,15.304,2,9,66.667,46.344,9,55.556,19.031,6,5,6,8,100.0,61.902,2,InpPVKhungQuetThanhKhoan=M1 | InpPVDoXuyenToiThieuGia=0.5 | InpPVDoXuyenToiDaGia=3 | InpPVSoNenThanhKhoan=12 | InpPVRauQuetTrenThan=2 | InpPVSoNenTimSL=5
LQ,LQ0212,M2,BUY_SELL,MY,18,11,7,61.111,38.619,1.737,52.156,0.267,50.654,5,14,57.143,31.689,4,75.0,20.467,4,7,7,8,87.5,46.092,2,InpPVKhungQuetThanhKhoan=M2 | InpPVDoXuyenToiThieuGia=0.7 | InpPVDoXuyenToiDaGia=3 | InpPVSoNenThanhKhoan=12 | InpPVRauQuetTrenThan=2 | InpPVSoNenTimSL=5
LQ,LQ0099,M1,SELL,AU,18,11,7,61.111,38.619,1.7,49.629,0.266,12.871,1,10,60.0,33.216,8,62.5,16.413,4,7,7,7,100.0,44.687,1,InpPVKhungQuetThanhKhoan=M1 | InpPVDoXuyenToiThieuGia=0.7 | InpPVDoXuyenToiDaGia=3 | InpPVSoNenThanhKhoan=6 | InpPVRauQuetTrenThan=2 | InpPVSoNenTimSL=10
LQ,LQ0608,M6,BUY_SELL,AU,18,11,7,61.111,38.619,1.551,48.512,0.21,27.698,2,9,66.667,31.749,9,55.556,16.763,3,7,7,9,100.0,38.508,2,InpPVKhungQuetThanhKhoan=M6 | InpPVDoXuyenToiThieuGia=0.5 | InpPVDoXuyenToiDaGia=3 | InpPVSoNenThanhKhoan=12 | InpPVRauQuetTrenThan=2 | InpPVSoNenTimSL=5
LQ,LQ0178,M2,BUY_SELL,MY,18,11,7,61.111,38.619,1.688,48.506,0.264,30.932,2,13,61.538,38.205,5,60.0,10.301,4,7,7,8,75.0,22.902,2,InpPVKhungQuetThanhKhoan=M2 | InpPVDoXuyenToiThieuGia=0.5 | InpPVDoXuyenToiDaGia=3 | InpPVSoNenThanhKhoan=12 | InpPVRauQuetTrenThan=3 | InpPVSoNenTimSL=5
LQ,LQ0196,M2,BUY_SELL,MY,18,11,7,61.111,38.619,1.677,47.654,0.261,43.435,4,14,50.0,8.11,4,100.0,39.544,4,7,7,8,62.5,23.105,2,InpPVKhungQuetThanhKhoan=M2 | InpPVDoXuyenToiThieuGia=0.7 | InpPVDoXuyenToiDaGia=2 | InpPVSoNenThanhKhoan=6 | InpPVRauQuetTrenThan=3 | InpPVSoNenTimSL=5
LQ,LQ0098,M1,SELL,AU,18,11,7,61.111,38.619,1.633,44.687,0.249,14.442,1,10,60.0,28.274,8,62.5,16.413,4,7,7,7,100.0,45.702,1,InpPVKhungQuetThanhKhoan=M1 | InpPVDoXuyenToiThieuGia=0.7 | InpPVDoXuyenToiDaGia=3 | InpPVSoNenThanhKhoan=6 | InpPVRauQuetTrenThan=2 | InpPVSoNenTimSL=5
LQ,LQ0017,M1,SELL,AU,18,11,7,61.111,38.619,1.628,44.359,0.235,13.138,1,10,60.0,23.298,8,62.5,21.061,4,7,7,7,85.714,39.417,1,InpPVKhungQuetThanhKhoan=M1 | InpPVDoXuyenToiThieuGia=0.3 | InpPVDoXuyenToiDaGia=2 | InpPVSoNenThanhKhoan=6 | InpPVRauQuetTrenThan=3 | InpPVSoNenTimSL=10
LQ,LQ0016,M1,SELL,AU,18,11,7,61.111,38.619,1.561,39.417,0.219,12.81,1,10,60.0,18.356,8,62.5,21.061,4,7,7,7,85.714,44.359,1,InpPVKhungQuetThanhKhoan=M1 | InpPVDoXuyenToiThieuGia=0.3 | InpPVDoXuyenToiDaGia=2 | InpPVSoNenThanhKhoan=6 | InpPVRauQuetTrenThan=3 | InpPVSoNenTimSL=5
LQ,LQ0096,M1,BUY,A,18,11,7,61.111,38.619,1.513,37.505,0.224,29.347,2,8,62.5,22.513,10,60.0,14.992,4,7,7,6,83.333,40.36,1,InpPVKhungQuetThanhKhoan=M1 | InpPVDoXuyenToiThieuGia=0.7 | InpPVDoXuyenToiDaGia=3 | InpPVSoNenThanhKhoan=6 | InpPVRauQuetTrenThan=1.5 | InpPVSoNenTimSL=5
LQ,LQ0773,M15,BUY_SELL,TAT_CA,18,11,7,61.111,38.619,1.425,36.87,0.138,69.27,3,11,54.545,9.111,7,71.429,27.759,2,9,7,7,100.0,23.346,1,InpPVKhungQuetThanhKhoan=M15 | InpPVDoXuyenToiThieuGia=0.3 | InpPVDoXuyenToiDaGia=2 | InpPVSoNenThanhKhoan=6 | InpPVRauQuetTrenThan=3 | InpPVSoNenTimSL=10
LQ,LQ0843,M15,BUY_SELL,TAT_CA,18,11,7,61.111,38.619,1.406,35.081,0.135,61.926,3,10,50.0,0.216,8,75.0,34.865,2,9,7,8,75.0,36.238,1,InpPVKhungQuetThanhKhoan=M15 | InpPVDoXuyenToiThieuGia=0.7 | InpPVDoXuyenToiDaGia=2 | InpPVSoNenThanhKhoan=6 | InpPVRauQuetTrenThan=2 | InpPVSoNenTimSL=10
LQ,LQ0277,M3,BUY,A,31,17,14,54.839,37.772,1.458,69.074,0.165,69.019,4,17,58.824,48.046,14,50.0,21.028,9,8,14,8,75.0,42.129,1,InpPVKhungQuetThanhKhoan=M3 | InpPVDoXuyenToiThieuGia=0.5 | InpPVDoXuyenToiDaGia=3 | InpPVSoNenThanhKhoan=6 | InpPVRauQuetTrenThan=1.5 | InpPVSoNenTimSL=10
LQ,LQ0276,M3,BUY,A,31,17,14,54.839,37.772,1.359,53.959,0.16,68.453,4,17,58.824,52.796,14,50.0,1.163,9,8,14,8,75.0,24.639,1,InpPVKhungQuetThanhKhoan=M3 | InpPVDoXuyenToiThieuGia=0.5 | InpPVDoXuyenToiDaGia=3 | InpPVSoNenThanhKhoan=6 | InpPVRauQuetTrenThan=1.5 | InpPVSoNenTimSL=5
LQ,LQ0132,M2,BUY,MY,27,15,12,55.556,37.313,1.559,68.525,0.249,59.877,5,22,50.0,35.67,5,80.0,32.855,7,8,12,7,100.0,39.936,1,InpPVKhungQuetThanhKhoan=M2 | InpPVDoXuyenToiThieuGia=0.3 | InpPVDoXuyenToiDaGia=3 | InpPVSoNenThanhKhoan=6 | InpPVRauQuetTrenThan=1.5 | InpPVSoNenTimSL=5
LQ,LQ0133,M2,BUY,MY,27,15,12,55.556,37.313,1.489,61.302,0.223,62.759,5,22,50.0,28.447,5,80.0,32.855,6,9,12,7,100.0,39.936,1,InpPVKhungQuetThanhKhoan=M2 | InpPVDoXuyenToiThieuGia=0.3 | InpPVDoXuyenToiDaGia=3 | InpPVSoNenThanhKhoan=6 | InpPVRauQuetTrenThan=1.5 | InpPVSoNenTimSL=10
LQ,LQ0124,M2,BUY_SELL,MY,25,14,11,56.0,37.067,1.605,66.927,0.268,63.599,6,20,50.0,37.437,5,80.0,29.49,7,7,11,8,62.5,18.63,1,InpPVKhungQuetThanhKhoan=M2 | InpPVDoXuyenToiThieuGia=0.3 | InpPVDoXuyenToiDaGia=2 | InpPVSoNenThanhKhoan=6 | InpPVRauQuetTrenThan=3 | InpPVSoNenTimSL=5
LQ,LQ0015,M1,SELL,AU,25,14,11,56.0,37.067,1.47,49.882,0.192,25.31,3,13,61.538,47.207,12,50.0,2.675,6,8,10,8,100.0,48.748,1,InpPVKhungQuetThanhKhoan=M1 | InpPVDoXuyenToiThieuGia=0.3 | InpPVDoXuyenToiDaGia=2 | InpPVSoNenThanhKhoan=6 | InpPVRauQuetTrenThan=2 | InpPVSoNenTimSL=10
LQ,LQ0014,M1,SELL,AU,25,14,11,56.0,37.067,1.425,44.94,0.18,25.31,3,13,61.538,42.265,12,50.0,2.675,6,8,10,8,100.0,49.474,1,InpPVKhungQuetThanhKhoan=M1 | InpPVDoXuyenToiThieuGia=0.3 | InpPVDoXuyenToiDaGia=2 | InpPVSoNenThanhKhoan=6 | InpPVRauQuetTrenThan=2 | InpPVSoNenTimSL=5
LQ,LQ0134,M2,BUY,MY,23,13,10,56.522,36.811,1.724,72.833,0.303,50.352,5,19,52.632,52.362,4,75.0,20.471,7,6,10,8,87.5,54.161,1,InpPVKhungQuetThanhKhoan=M2 | InpPVDoXuyenToiThieuGia=0.3 | InpPVDoXuyenToiDaGia=3 | InpPVSoNenThanhKhoan=6 | InpPVRauQuetTrenThan=2 | InpPVSoNenTimSL=5
LQ,LQ0135,M2,BUY,MY,23,13,10,56.522,36.811,1.634,65.61,0.272,53.234,5,19,52.632,45.139,4,75.0,20.471,6,7,10,8,87.5,50.549,1,InpPVKhungQuetThanhKhoan=M2 | InpPVDoXuyenToiThieuGia=0.3 | InpPVDoXuyenToiDaGia=3 | InpPVSoNenThanhKhoan=6 | InpPVRauQuetTrenThan=2 | InpPVSoNenTimSL=10
LQ,LQ0246,M3,BUY,A,23,13,10,56.522,36.811,1.402,43.343,0.162,38.535,3,13,53.846,23.907,10,60.0,19.436,6,7,10,7,71.429,26.112,2,InpPVKhungQuetThanhKhoan=M3 | InpPVDoXuyenToiThieuGia=0.3 | InpPVDoXuyenToiDaGia=3 | InpPVSoNenThanhKhoan=12 | InpPVRauQuetTrenThan=1.5 | InpPVSoNenTimSL=5
LQ,LQ0570,M6,BUY_SELL,AU,23,13,10,56.522,36.811,1.323,38.965,0.134,39.894,3,11,63.636,34.606,12,50.0,4.359,4,8,10,7,100.0,38.508,2,InpPVKhungQuetThanhKhoan=M6 | InpPVDoXuyenToiThieuGia=0.3 | InpPVDoXuyenToiDaGia=3 | InpPVSoNenThanhKhoan=12 | InpPVRauQuetTrenThan=1.5 | InpPVSoNenTimSL=5
LQ,LQ0216,M3,BUY_SELL,AU,23,13,10,56.522,36.811,1.372,37.311,0.156,45.116,3,12,50.0,3.552,11,63.636,33.759,5,8,10,7,85.714,18.149,1,InpPVKhungQuetThanhKhoan=M3 | InpPVDoXuyenToiThieuGia=0.3 | InpPVDoXuyenToiDaGia=1 | InpPVSoNenThanhKhoan=6 | InpPVRauQuetTrenThan=1.5 | InpPVSoNenTimSL=5
LQ,LQ0248,M3,BUY,A,23,13,10,56.522,36.811,1.304,32.787,0.116,44.637,3,13,53.846,13.373,10,60.0,19.414,5,8,10,8,62.5,12.482,2,InpPVKhungQuetThanhKhoan=M3 | InpPVDoXuyenToiThieuGia=0.3 | InpPVDoXuyenToiDaGia=3 | InpPVSoNenThanhKhoan=12 | InpPVRauQuetTrenThan=2 | InpPVSoNenTimSL=5
LQ,LQ0020,M1,BUY,MY,21,12,9,57.143,36.546,1.726,65.602,0.309,35.287,3,18,55.556,55.315,3,66.667,10.287,8,4,9,8,100.0,45.32,2,InpPVKhungQuetThanhKhoan=M1 | InpPVDoXuyenToiThieuGia=0.3 | InpPVDoXuyenToiDaGia=2 | InpPVSoNenThanhKhoan=12 | InpPVRauQuetTrenThan=2 | InpPVSoNenTimSL=5
LQ,LQ0160,M2,BUY_SELL,MY,21,12,9,57.143,36.546,1.638,57.803,0.272,63.599,6,17,47.059,18.259,4,100.0,39.544,5,7,9,9,66.667,16.73,1,InpPVKhungQuetThanhKhoan=M2 | InpPVDoXuyenToiThieuGia=0.5 | InpPVDoXuyenToiDaGia=2 | InpPVSoNenThanhKhoan=6 | InpPVRauQuetTrenThan=3 | InpPVSoNenTimSL=5
LQ,LQ0051,M1,SELL,AU,21,12,9,57.143,36.546,1.628,54.008,0.248,15.304,2,11,63.636,48.273,10,50.0,5.735,6,6,8,9,100.0,49.882,1,InpPVKhungQuetThanhKhoan=M1 | InpPVDoXuyenToiThieuGia=0.5 | InpPVDoXuyenToiDaGia=2 | InpPVSoNenThanhKhoan=6 | InpPVRauQuetTrenThan=2 | InpPVSoNenTimSL=10
LQ,LQ0050,M1,SELL,AU,21,12,9,57.143,36.546,1.573,49.066,0.234,15.304,2,11,63.636,43.331,10,50.0,5.735,6,6,8,9,100.0,50.457,1,InpPVKhungQuetThanhKhoan=M1 | InpPVDoXuyenToiThieuGia=0.5 | InpPVDoXuyenToiDaGia=2 | InpPVSoNenThanhKhoan=6 | InpPVRauQuetTrenThan=2 | InpPVSoNenTimSL=5
LQ,LQ0138,M2,BUY,MY,21,12,9,57.143,36.546,1.433,39.936,0.184,44.756,4,16,50.0,7.085,5,80.0,32.851,4,8,9,7,85.714,39.936,2,InpPVKhungQuetThanhKhoan=M2 | InpPVDoXuyenToiThieuGia=0.3 | InpPVDoXuyenToiDaGia=3 | InpPVSoNenThanhKhoan=12 | InpPVRauQuetTrenThan=1.5 | InpPVSoNenTimSL=5
LQ,LQ0020,M1,SELL,AU,19,11,8,57.895,36.276,1.693,52.555,0.278,25.31,3,10,60.0,36.288,9,55.556,16.267,6,5,7,8,100.0,45.127,2,InpPVKhungQuetThanhKhoan=M1 | InpPVDoXuyenToiThieuGia=0.3 | InpPVDoXuyenToiDaGia=2 | InpPVSoNenThanhKhoan=12 | InpPVRauQuetTrenThan=2 | InpPVSoNenTimSL=5
LQ,LQ0006,M1,BUY,MY,19,11,8,57.895,36.276,1.609,48.97,0.258,30.18,3,15,60.0,48.795,4,50.0,0.175,6,5,8,6,83.333,33.964,2,InpPVKhungQuetThanhKhoan=M1 | InpPVDoXuyenToiThieuGia=0.3 | InpPVDoXuyenToiDaGia=1 | InpPVSoNenThanhKhoan=12 | InpPVRauQuetTrenThan=1.5 | InpPVSoNenTimSL=5
LQ,LQ0354,M4,BUY,AU,19,11,8,57.895,36.276,1.523,42.971,0.158,20.076,2,10,60.0,31.422,9,55.556,11.549,3,7,8,7,71.429,41.864,2,InpPVKhungQuetThanhKhoan=M4 | InpPVDoXuyenToiThieuGia=0.3 | InpPVDoXuyenToiDaGia=3 | InpPVSoNenThanhKhoan=12 | InpPVRauQuetTrenThan=1.5 | InpPVSoNenTimSL=5
LQ,LQ0572,M6,BUY_SELL,AU,19,11,8,57.895,36.276,1.392,38.508,0.146,33.679,3,9,66.667,31.749,10,50.0,6.759,3,7,8,8,100.0,31.017,2,InpPVKhungQuetThanhKhoan=M6 | InpPVDoXuyenToiThieuGia=0.3 | InpPVDoXuyenToiDaGia=3 | InpPVSoNenThanhKhoan=12 | InpPVRauQuetTrenThan=2 | InpPVSoNenTimSL=5
LQ,LQ0010,M1,BUY,AU,19,11,8,57.895,36.276,1.455,36.605,0.192,30.384,3,10,70.0,34.918,9,44.444,1.687,5,6,8,6,83.333,36.125,2,InpPVKhungQuetThanhKhoan=M1 | InpPVDoXuyenToiThieuGia=0.3 | InpPVDoXuyenToiDaGia=1 | InpPVSoNenThanhKhoan=12 | InpPVRauQuetTrenThan=3 | InpPVSoNenTimSL=5
LQ,LQ0204,M2,BUY,MY,19,11,8,57.895,36.276,1.427,35.124,0.174,45.405,4,14,50.0,2.269,5,80.0,32.855,3,8,8,7,85.714,29.424,2,InpPVKhungQuetThanhKhoan=M2 | InpPVDoXuyenToiThieuGia=0.7 | InpPVDoXuyenToiDaGia=3 | InpPVSoNenThanhKhoan=6 | InpPVRauQuetTrenThan=1.5 | InpPVSoNenTimSL=5
LQ,LQ0234,M3,BUY,A,19,11,8,57.895,36.276,1.393,33.501,0.189,36.017,2,11,54.545,11.412,8,62.5,22.089,5,6,8,8,62.5,13.543,2,InpPVKhungQuetThanhKhoan=M3 | InpPVDoXuyenToiThieuGia=0.3 | InpPVDoXuyenToiDaGia=2 | InpPVSoNenThanhKhoan=12 | InpPVRauQuetTrenThan=1.5 | InpPVSoNenTimSL=5
LQ,LQ0536,M5,BUY,TAT_CA,19,11,8,57.895,36.276,1.349,32.571,0.15,22.732,2,12,58.333,26.163,7,57.143,6.408,4,7,8,8,87.5,9.24,2,InpPVKhungQuetThanhKhoan=M5 | InpPVDoXuyenToiThieuGia=0.7 | InpPVDoXuyenToiDaGia=3 | InpPVSoNenThanhKhoan=12 | InpPVRauQuetTrenThan=2 | InpPVSoNenTimSL=5
LQ,LQ0198,M2,BUY_SELL,MY,19,11,8,57.895,36.276,1.364,29.955,0.164,52.112,5,13,53.846,7.164,6,66.667,22.791,3,8,8,8,62.5,17.399,2,InpPVKhungQuetThanhKhoan=M2 | InpPVDoXuyenToiThieuGia=0.7 | InpPVDoXuyenToiDaGia=2 | InpPVSoNenThanhKhoan=12 | InpPVRauQuetTrenThan=1.5 | InpPVSoNenTimSL=5
LQ,LQ0781,M15,BUY,TAT_CA,17,10,7,58.824,36.005,2.118,106.139,0.23,60.355,3,9,55.556,76.696,8,62.5,29.443,5,5,7,6,66.667,30.725,1,InpPVKhungQuetThanhKhoan=M15 | InpPVDoXuyenToiThieuGia=0.3 | InpPVDoXuyenToiDaGia=3 | InpPVSoNenThanhKhoan=6 | InpPVRauQuetTrenThan=1.5 | InpPVSoNenTimSL=10
LQ,LQ0852,M15,BUY,TAT_CA,17,10,7,58.824,36.005,1.985,87.724,0.25,55.869,3,8,62.5,70.429,9,55.556,17.295,5,5,7,6,83.333,61.076,1,InpPVKhungQuetThanhKhoan=M15 | InpPVDoXuyenToiThieuGia=0.7 | InpPVDoXuyenToiDaGia=3 | InpPVSoNenThanhKhoan=6 | InpPVRauQuetTrenThan=1.5 | InpPVSoNenTimSL=5
LQ,LQ0558,M6,BUY_SELL,AU,17,10,7,58.824,36.005,1.53,46.591,0.243,27.698,2,7,57.143,23.62,10,60.0,22.971,5,5,7,8,75.0,28.978,2,InpPVKhungQuetThanhKhoan=M6 | InpPVDoXuyenToiThieuGia=0.3 | InpPVDoXuyenToiDaGia=2 | InpPVSoNenThanhKhoan=12 | InpPVRauQuetTrenThan=1.5 | InpPVSoNenTimSL=5
LQ,LQ0140,M2,BUY,MY,17,10,7,58.824,36.005,1.628,44.244,0.242,40.296,4,13,53.846,23.777,4,75.0,20.467,4,6,7,8,87.5,42.09,2,InpPVKhungQuetThanhKhoan=M2 | InpPVDoXuyenToiThieuGia=0.3 | InpPVDoXuyenToiDaGia=3 | InpPVSoNenThanhKhoan=12 | InpPVRauQuetTrenThan=2 | InpPVSoNenTimSL=5
LQ,LQ0044,M1,BUY_SELL,MY,17,10,7,58.824,36.005,1.567,40.571,0.239,21.4,2,12,58.333,35.688,5,60.0,4.883,5,5,7,8,75.0,36.29,2,InpPVKhungQuetThanhKhoan=M1 | InpPVDoXuyenToiThieuGia=0.5 | InpPVDoXuyenToiDaGia=1 | InpPVSoNenThanhKhoan=12 | InpPVRauQuetTrenThan=2 | InpPVSoNenTimSL=5
LQ,LQ0087,M1,SELL,AU,17,10,7,58.824,36.005,1.568,40.267,0.226,12.871,1,10,60.0,33.216,7,57.143,7.051,4,6,7,8,100.0,38.304,1,InpPVKhungQuetThanhKhoan=M1 | InpPVDoXuyenToiThieuGia=0.7 | InpPVDoXuyenToiDaGia=2 | InpPVSoNenThanhKhoan=6 | InpPVRauQuetTrenThan=2 | InpPVSoNenTimSL=10
LQ,LQ0644,M6,BUY_SELL,AU,17,10,7,58.824,36.005,1.455,40.117,0.185,29.688,2,8,62.5,23.354,9,55.556,16.763,3,6,7,8,100.0,23.204,2,InpPVKhungQuetThanhKhoan=M6 | InpPVDoXuyenToiThieuGia=0.7 | InpPVDoXuyenToiDaGia=3 | InpPVSoNenThanhKhoan=12 | InpPVRauQuetTrenThan=2 | InpPVSoNenTimSL=5
LQ,LQ0390,M4,BUY,AU,17,10,7,58.824,36.005,1.551,39.061,0.147,20.076,2,8,62.5,27.668,9,55.556,11.393,2,7,7,8,87.5,38.586,2,InpPVKhungQuetThanhKhoan=M4 | InpPVDoXuyenToiThieuGia=0.5 | InpPVDoXuyenToiDaGia=3 | InpPVSoNenThanhKhoan=12 | InpPVRauQuetTrenThan=1.5 | InpPVSoNenTimSL=5
LQ,LQ0426,M4,SELL,AU,17,10,7,58.824,36.005,1.443,36.884,0.266,27.026,2,9,55.556,22.57,8,62.5,14.314,5,5,7,7,85.714,28.928,2,InpPVKhungQuetThanhKhoan=M4 | InpPVDoXuyenToiThieuGia=0.7 | InpPVDoXuyenToiDaGia=3 | InpPVSoNenThanhKhoan=12 | InpPVRauQuetTrenThan=1.5 | InpPVSoNenTimSL=5
LQ,LQ0086,M1,SELL,AU,17,10,7,58.824,36.005,1.5,35.325,0.209,14.442,1,10,60.0,28.274,7,57.143,7.051,4,6,7,8,100.0,38.304,1,InpPVKhungQuetThanhKhoan=M1 | InpPVDoXuyenToiThieuGia=0.7 | InpPVDoXuyenToiDaGia=2 | InpPVSoNenThanhKhoan=6 | InpPVRauQuetTrenThan=2 | InpPVSoNenTimSL=5
LQ,LQ0010,M1,SELL,A,17,10,7,58.824,36.005,1.484,34.36,0.205,40.206,4,11,45.455,4.645,6,83.333,29.715,5,5,7,6,83.333,31.656,2,InpPVKhungQuetThanhKhoan=M1 | InpPVDoXuyenToiThieuGia=0.3 | InpPVDoXuyenToiDaGia=1 | InpPVSoNenThanhKhoan=12 | InpPVRauQuetTrenThan=3 | InpPVSoNenTimSL=5
LQ,LQ0808,M15,BUY_SELL,TAT_CA,17,10,7,58.824,36.005,1.368,29.682,0.169,63.382,3,10,60.0,23.788,7,57.143,5.894,3,7,7,8,100.0,29.018,1,InpPVKhungQuetThanhKhoan=M15 | InpPVDoXuyenToiThieuGia=0.5 | InpPVDoXuyenToiDaGia=2 | InpPVSoNenThanhKhoan=6 | InpPVRauQuetTrenThan=3 | InpPVSoNenTimSL=5
LQ,LQ0220,M3,BUY_SELL,AU,17,10,7,58.824,36.005,1.411,28.909,0.17,41.495,3,9,55.556,7.201,8,62.5,21.708,3,7,7,7,71.429,9.655,1,InpPVKhungQuetThanhKhoan=M3 | InpPVDoXuyenToiThieuGia=0.3 | InpPVDoXuyenToiDaGia=1 | InpPVSoNenThanhKhoan=6 | InpPVRauQuetTrenThan=3 | InpPVSoNenTimSL=5
LQ,LQ0540,M6,BUY_SELL,TAT_CA,28,15,13,53.571,35.812,1.37,50.211,0.117,45.279,3,16,56.25,34.861,12,50.0,15.35,7,8,13,7,71.429,29.019,1,InpPVKhungQuetThanhKhoan=M6 | InpPVDoXuyenToiThieuGia=0.3 | InpPVDoXuyenToiDaGia=1 | InpPVSoNenThanhKhoan=6 | InpPVRauQuetTrenThan=1.5 | InpPVSoNenTimSL=5
LQ,LQ0853,M15,BUY,TAT_CA,15,9,6,60.0,35.746,2.299,108.42,0.277,60.355,3,7,57.143,78.977,8,62.5,29.443,5,4,6,6,66.667,33.006,1,InpPVKhungQuetThanhKhoan=M15 | InpPVDoXuyenToiThieuGia=0.7 | InpPVDoXuyenToiDaGia=3 | InpPVSoNenThanhKhoan=6 | InpPVRauQuetTrenThan=1.5 | InpPVSoNenTimSL=10
LQ,LQ0172,M2,BUY,MY,15,9,6,60.0,35.746,1.964,58.246,0.382,33.453,3,11,54.545,37.775,4,75.0,20.471,4,5,6,8,75.0,43.0,1,InpPVKhungQuetThanhKhoan=M2 | InpPVDoXuyenToiThieuGia=0.5 | InpPVDoXuyenToiDaGia=3 | InpPVSoNenThanhKhoan=6 | InpPVRauQuetTrenThan=3 | InpPVSoNenTimSL=5
LQ,LQ0173,M2,BUY,MY,15,9,6,60.0,35.746,1.875,55.364,0.382,36.335,3,11,54.545,34.893,4,75.0,20.471,4,5,6,8,75.0,43.0,1,InpPVKhungQuetThanhKhoan=M2 | InpPVDoXuyenToiThieuGia=0.5 | InpPVDoXuyenToiDaGia=3 | InpPVSoNenThanhKhoan=6 | InpPVRauQuetTrenThan=3 | InpPVSoNenTimSL=10
LQ,LQ0356,M4,BUY,AU,15,9,6,60.0,35.746,1.677,41.864,0.193,21.88,2,7,71.429,36.672,8,50.0,5.192,2,6,6,8,87.5,39.987,2,InpPVKhungQuetThanhKhoan=M4 | InpPVDoXuyenToiThieuGia=0.3 | InpPVDoXuyenToiDaGia=3 | InpPVSoNenThanhKhoan=12 | InpPVRauQuetTrenThan=2 | InpPVSoNenTimSL=5
LQ,LQ0746,M10,SELL,TAT_CA,15,9,6,60.0,35.746,1.336,21.254,0.151,16.418,1,12,58.333,15.56,3,66.667,5.694,2,7,6,8,75.0,15.91,1,InpPVKhungQuetThanhKhoan=M10 | InpPVDoXuyenToiThieuGia=0.7 | InpPVDoXuyenToiDaGia=3 | InpPVSoNenThanhKhoan=6 | InpPVRauQuetTrenThan=2 | InpPVSoNenTimSL=5
LQ,LQ0747,M10,SELL,TAT_CA,15,9,6,60.0,35.746,1.336,21.217,0.146,16.418,1,12,58.333,15.523,3,66.667,5.694,2,7,6,8,75.0,15.892,1,InpPVKhungQuetThanhKhoan=M10 | InpPVDoXuyenToiThieuGia=0.7 | InpPVDoXuyenToiDaGia=3 | InpPVSoNenThanhKhoan=6 | InpPVRauQuetTrenThan=2 | InpPVSoNenTimSL=10
LQ,LQ0160,M2,BUY,MY,13,8,5,61.538,35.522,2.212,61.033,0.464,33.453,3,10,50.0,30.488,3,100.0,30.545,4,4,5,9,77.778,40.754,1,InpPVKhungQuetThanhKhoan=M2 | InpPVDoXuyenToiThieuGia=0.5 | InpPVDoXuyenToiDaGia=2 | InpPVSoNenThanhKhoan=6 | InpPVRauQuetTrenThan=3 | InpPVSoNenTimSL=5
LQ,LQ0161,M2,BUY,MY,13,8,5,61.538,35.522,2.092,58.151,0.464,36.335,3,10,50.0,27.606,3,100.0,30.545,4,4,5,9,77.778,40.754,1,InpPVKhungQuetThanhKhoan=M2 | InpPVDoXuyenToiThieuGia=0.5 | InpPVDoXuyenToiDaGia=2 | InpPVSoNenThanhKhoan=6 | InpPVRauQuetTrenThan=3 | InpPVSoNenTimSL=10
LQ,LQ0460,M5,BUY,AU,13,8,5,61.538,35.522,1.862,43.663,0.305,30.172,3,6,50.0,5.123,7,71.429,38.54,4,4,5,7,100.0,20.892,1,InpPVKhungQuetThanhKhoan=M5 | InpPVDoXuyenToiThieuGia=0.3 | InpPVDoXuyenToiDaGia=3 | InpPVSoNenThanhKhoan=6 | InpPVRauQuetTrenThan=3 | InpPVSoNenTimSL=5
LQ,LQ0392,M4,BUY,AU,13,8,5,61.538,35.522,1.753,38.11,0.184,21.88,2,5,80.0,32.918,8,50.0,5.192,1,6,5,9,88.889,39.061,2,InpPVKhungQuetThanhKhoan=M4 | InpPVDoXuyenToiThieuGia=0.5 | InpPVDoXuyenToiDaGia=3 | InpPVSoNenThanhKhoan=12 | InpPVRauQuetTrenThan=2 | InpPVSoNenTimSL=5
LQ,LQ0208,M2,BUY,MY,13,8,5,61.538,35.522,1.754,37.967,0.285,23.401,2,9,55.556,17.496,4,75.0,20.471,3,5,5,7,85.714,37.967,2,InpPVKhungQuetThanhKhoan=M2 | InpPVDoXuyenToiThieuGia=0.7 | InpPVDoXuyenToiDaGia=3 | InpPVSoNenThanhKhoan=6 | InpPVRauQuetTrenThan=3 | InpPVSoNenTimSL=5
LQ,LQ0638,M6,BUY,AU,13,8,5,61.538,35.522,1.513,35.977,0.213,34.822,2,6,66.667,30.794,7,57.143,5.183,2,5,5,8,100.0,21.147,1,InpPVKhungQuetThanhKhoan=M6 | InpPVDoXuyenToiThieuGia=0.7 | InpPVDoXuyenToiDaGia=3 | InpPVSoNenThanhKhoan=6 | InpPVRauQuetTrenThan=2 | InpPVSoNenTimSL=5
LQ,LQ0220,M3,BUY,AU,13,8,5,61.538,35.522,1.702,35.222,0.271,35.182,3,5,60.0,13.514,8,62.5,21.708,3,5,5,7,71.429,15.968,1,InpPVKhungQuetThanhKhoan=M3 | InpPVDoXuyenToiThieuGia=0.3 | InpPVDoXuyenToiDaGia=1 | InpPVSoNenThanhKhoan=6 | InpPVRauQuetTrenThan=3 | InpPVSoNenTimSL=5
LQ,LQ0114,M2,SELL,AU,13,8,5,61.538,35.522,1.585,29.423,0.226,25.176,2,9,55.556,9.396,4,75.0,20.027,3,5,5,7,100.0,29.533,2,InpPVKhungQuetThanhKhoan=M2 | InpPVDoXuyenToiThieuGia=0.3 | InpPVDoXuyenToiDaGia=1 | InpPVSoNenThanhKhoan=12 | InpPVRauQuetTrenThan=1.5 | InpPVSoNenTimSL=5
LQ,LQ0022,M1,SELL,AU,13,8,5,61.538,35.522,1.561,28.252,0.219,10.278,1,7,57.143,12.379,6,66.667,15.873,3,5,5,7,85.714,28.252,2,InpPVKhungQuetThanhKhoan=M1 | InpPVDoXuyenToiThieuGia=0.3 | InpPVDoXuyenToiDaGia=2 | InpPVSoNenThanhKhoan=12 | InpPVRauQuetTrenThan=3 | InpPVSoNenTimSL=5
LQ,LQ0640,M6,BUY_SELL,AU,13,8,5,61.538,35.522,1.455,26.458,0.222,13.981,1,7,57.143,0.001,6,66.667,26.457,2,5,5,7,85.714,20.887,1,InpPVKhungQuetThanhKhoan=M6 | InpPVDoXuyenToiThieuGia=0.7 | InpPVDoXuyenToiDaGia=3 | InpPVSoNenThanhKhoan=6 | InpPVRauQuetTrenThan=3 | InpPVSoNenTimSL=5
LQ,LQ0698,M10,SELL,TAT_CA,13,8,5,61.538,35.522,1.469,24.209,0.186,24.946,2,10,60.0,18.515,3,66.667,5.694,2,6,5,10,80.0,11.765,1,InpPVKhungQuetThanhKhoan=M10 | InpPVDoXuyenToiThieuGia=0.5 | InpPVDoXuyenToiDaGia=2 | InpPVSoNenThanhKhoan=6 | InpPVRauQuetTrenThan=2 | InpPVSoNenTimSL=5
LQ,LQ0699,M10,SELL,TAT_CA,13,8,5,61.538,35.522,1.468,24.172,0.18,24.946,2,10,60.0,18.478,3,66.667,5.694,2,6,5,10,80.0,12.279,1,InpPVKhungQuetThanhKhoan=M10 | InpPVDoXuyenToiThieuGia=0.5 | InpPVDoXuyenToiDaGia=2 | InpPVSoNenThanhKhoan=6 | InpPVRauQuetTrenThan=2 | InpPVSoNenTimSL=10
LQ,LQ0732,M10,SELL,TAT_CA,13,8,5,61.538,35.522,1.451,23.553,0.186,25.602,2,10,60.0,17.859,3,66.667,5.694,2,6,5,8,62.5,5.906,1,InpPVKhungQuetThanhKhoan=M10 | InpPVDoXuyenToiThieuGia=0.7 | InpPVDoXuyenToiDaGia=2 | InpPVSoNenThanhKhoan=6 | InpPVRauQuetTrenThan=1.5 | InpPVSoNenTimSL=5
LQ,LQ0733,M10,SELL,TAT_CA,13,8,5,61.538,35.522,1.45,23.516,0.18,25.602,2,10,60.0,17.822,3,66.667,5.694,2,6,5,8,62.5,5.887,1,InpPVKhungQuetThanhKhoan=M10 | InpPVDoXuyenToiThieuGia=0.7 | InpPVDoXuyenToiDaGia=2 | InpPVSoNenThanhKhoan=6 | InpPVRauQuetTrenThan=1.5 | InpPVSoNenTimSL=10
LQ,LQ0313,M3,BUY,A,26,14,12,53.846,35.458,1.512,66.786,0.192,53.869,4,16,56.25,37.656,10,50.0,29.13,9,5,12,7,71.429,41.884,1,InpPVKhungQuetThanhKhoan=M3 | InpPVDoXuyenToiThieuGia=0.7 | InpPVDoXuyenToiDaGia=3 | InpPVSoNenThanhKhoan=6 | InpPVRauQuetTrenThan=1.5 | InpPVSoNenTimSL=10
LQ,LQ0312,M3,BUY,A,26,14,12,53.846,35.458,1.361,46.921,0.164,53.303,4,16,56.25,37.656,10,50.0,9.265,8,6,12,7,71.429,31.267,1,InpPVKhungQuetThanhKhoan=M3 | InpPVDoXuyenToiThieuGia=0.7 | InpPVDoXuyenToiDaGia=3 | InpPVSoNenThanhKhoan=6 | InpPVRauQuetTrenThan=1.5 | InpPVSoNenTimSL=5
LQ,LQ0541,M6,BUY_SELL,AU,11,7,4,63.636,35.38,1.924,48.403,0.329,23.84,2,4,50.0,15.452,7,71.429,32.951,3,4,4,7,71.429,30.854,1,InpPVKhungQuetThanhKhoan=M6 | InpPVDoXuyenToiThieuGia=0.3 | InpPVDoXuyenToiDaGia=1 | InpPVSoNenThanhKhoan=6 | InpPVRauQuetTrenThan=1.5 | InpPVSoNenTimSL=10
LQ,LQ0557,M6,BUY_SELL,AU,11,7,4,63.636,35.38,1.971,44.079,0.239,22.748,2,7,57.143,21.898,4,75.0,22.181,2,5,4,8,87.5,34.271,2,InpPVKhungQuetThanhKhoan=M6 | InpPVDoXuyenToiThieuGia=0.3 | InpPVDoXuyenToiDaGia=2 | InpPVSoNenThanhKhoan=6 | InpPVRauQuetTrenThan=3 | InpPVSoNenTimSL=10
LQ,LQ0082,M1,BUY,TAT_CA,11,7,4,63.636,35.38,2.04,41.801,0.38,20.11,2,6,83.333,41.768,5,40.0,0.033,4,3,4,6,83.333,46.997,2,InpPVKhungQuetThanhKhoan=M1 | InpPVDoXuyenToiThieuGia=0.7 | InpPVDoXuyenToiDaGia=1 | InpPVSoNenThanhKhoan=12 | InpPVRauQuetTrenThan=3 | InpPVSoNenTimSL=5
LQ,LQ0196,M2,BUY,MY,11,7,4,63.636,35.38,2.011,40.754,0.364,23.401,2,8,50.0,10.209,3,100.0,30.545,3,4,4,8,87.5,31.847,2,InpPVKhungQuetThanhKhoan=M2 | InpPVDoXuyenToiThieuGia=0.7 | InpPVDoXuyenToiDaGia=2 | InpPVSoNenThanhKhoan=6 | InpPVRauQuetTrenThan=3 | InpPVSoNenTimSL=5
LQ,LQ0428,M4,BUY,AU,11,7,4,63.636,35.38,1.984,39.767,0.233,23.146,2,5,80.0,32.918,6,50.0,6.849,1,5,4,8,87.5,36.434,2,InpPVKhungQuetThanhKhoan=M4 | InpPVDoXuyenToiThieuGia=0.7 | InpPVDoXuyenToiDaGia=3 | InpPVSoNenThanhKhoan=12 | InpPVRauQuetTrenThan=2 | InpPVSoNenTimSL=5
LQ,LQ0712,M10,SELL,TAT_CA,11,7,4,63.636,35.38,1.68,28.109,0.253,11.156,1,8,62.5,22.415,3,66.667,5.694,2,5,4,8,100.0,27.369,4,InpPVKhungQuetThanhKhoan=M10 | InpPVDoXuyenToiThieuGia=0.5 | InpPVDoXuyenToiDaGia=3 | InpPVSoNenThanhKhoan=6 | InpPVRauQuetTrenThan=3 | InpPVSoNenTimSL=5
LQ,LQ0615,M6,BUY_SELL,TAT_CA,11,7,4,63.636,35.38,1.563,25.325,0.257,24.934,2,6,66.667,14.712,5,60.0,10.613,2,5,4,8,50.0,0.927,1,InpPVKhungQuetThanhKhoan=M6 | InpPVDoXuyenToiThieuGia=0.7 | InpPVDoXuyenToiDaGia=1 | InpPVSoNenThanhKhoan=6 | InpPVRauQuetTrenThan=2 | InpPVSoNenTimSL=10
LQ,LQ0614,M6,BUY_SELL,TAT_CA,11,7,4,63.636,35.38,1.561,25.272,0.257,24.934,2,6,66.667,14.712,5,60.0,10.56,2,5,4,8,62.5,2.023,1,InpPVKhungQuetThanhKhoan=M6 | InpPVDoXuyenToiThieuGia=0.7 | InpPVDoXuyenToiDaGia=1 | InpPVSoNenThanhKhoan=6 | InpPVRauQuetTrenThan=2 | InpPVSoNenTimSL=5
LQ,LQ0308,M3,SELL,AU,11,7,4,63.636,35.38,1.403,19.566,0.254,32.527,2,6,66.667,12.853,5,60.0,6.713,2,5,4,9,77.778,19.566,2,InpPVKhungQuetThanhKhoan=M3 | InpPVDoXuyenToiThieuGia=0.7 | InpPVDoXuyenToiDaGia=2 | InpPVSoNenThanhKhoan=12 | InpPVRauQuetTrenThan=2 | InpPVSoNenTimSL=5
LQ,LQ0120,M2,BUY,MY,24,13,11,54.167,35.075,1.558,61.647,0.257,50.352,5,19,47.368,28.792,5,80.0,32.855,7,6,11,8,100.0,37.765,1,InpPVKhungQuetThanhKhoan=M2 | InpPVDoXuyenToiThieuGia=0.3 | InpPVDoXuyenToiDaGia=2 | InpPVSoNenThanhKhoan=6 | InpPVRauQuetTrenThan=1.5 | InpPVSoNenTimSL=5
LQ,LQ0121,M2,BUY,MY,24,13,11,54.167,35.075,1.48,54.424,0.227,53.234,5,19,47.368,21.569,5,80.0,32.855,6,7,11,8,100.0,38.98,1,InpPVKhungQuetThanhKhoan=M2 | InpPVDoXuyenToiThieuGia=0.3 | InpPVDoXuyenToiDaGia=2 | InpPVSoNenThanhKhoan=6 | InpPVRauQuetTrenThan=1.5 | InpPVSoNenTimSL=10
LQ,LQ0018,M1,BUY,MY,24,13,11,54.167,35.075,1.476,52.653,0.219,35.287,3,20,55.0,52.478,4,50.0,0.175,8,5,11,7,100.0,42.513,2,InpPVKhungQuetThanhKhoan=M1 | InpPVDoXuyenToiThieuGia=0.3 | InpPVDoXuyenToiDaGia=2 | InpPVSoNenThanhKhoan=12 | InpPVRauQuetTrenThan=1.5 | InpPVSoNenTimSL=5
LQ,LQ0281,M3,BUY,A,24,13,11,54.167,35.075,1.381,44.587,0.108,60.307,4,12,50.0,2.125,12,58.333,42.462,6,7,11,8,50.0,8.705,1,InpPVKhungQuetThanhKhoan=M3 | InpPVDoXuyenToiThieuGia=0.5 | InpPVDoXuyenToiDaGia=3 | InpPVSoNenThanhKhoan=6 | InpPVRauQuetTrenThan=3 | InpPVSoNenTimSL=10
LQ,LQ0032,M1,BUY,MY,22,12,10,54.545,34.659,1.552,55.462,0.249,45.427,3,19,52.632,45.175,3,66.667,10.287,8,4,10,7,100.0,42.513,2,InpPVKhungQuetThanhKhoan=M1 | InpPVDoXuyenToiThieuGia=0.3 | InpPVDoXuyenToiDaGia=3 | InpPVSoNenThanhKhoan=12 | InpPVRauQuetTrenThan=2 | InpPVSoNenTimSL=5
LQ,LQ0122,M2,BUY,MY,20,11,9,55.0,34.208,1.708,64.077,0.32,50.352,5,17,47.059,33.532,3,100.0,30.545,7,4,9,9,88.889,56.854,1,InpPVKhungQuetThanhKhoan=M2 | InpPVDoXuyenToiThieuGia=0.3 | InpPVDoXuyenToiDaGia=2 | InpPVSoNenThanhKhoan=6 | InpPVRauQuetTrenThan=2 | InpPVSoNenTimSL=5
LQ,LQ0123,M2,BUY,MY,20,11,9,55.0,34.208,1.609,56.854,0.285,53.234,5,17,47.059,26.309,3,100.0,30.545,6,5,9,9,88.889,54.424,1,InpPVKhungQuetThanhKhoan=M2 | InpPVDoXuyenToiThieuGia=0.3 | InpPVDoXuyenToiDaGia=2 | InpPVSoNenThanhKhoan=6 | InpPVRauQuetTrenThan=2 | InpPVSoNenTimSL=10
LQ,LQ0317,M3,BUY,A,20,11,9,55.0,34.208,1.545,52.689,0.171,60.307,4,12,50.0,2.125,8,62.5,50.564,6,5,9,7,57.143,5.087,1,InpPVKhungQuetThanhKhoan=M3 | InpPVDoXuyenToiThieuGia=0.7 | InpPVDoXuyenToiDaGia=3 | InpPVSoNenThanhKhoan=6 | InpPVRauQuetTrenThan=3 | InpPVSoNenTimSL=10
LQ,LQ0032,M1,SELL,AU,20,11,9,55.0,34.208,1.528,45.313,0.228,25.31,3,10,60.0,36.288,10,50.0,9.025,6,5,8,7,100.0,52.555,2,InpPVKhungQuetThanhKhoan=M1 | InpPVDoXuyenToiThieuGia=0.3 | InpPVDoXuyenToiDaGia=3 | InpPVSoNenThanhKhoan=12 | InpPVRauQuetTrenThan=2 | InpPVSoNenTimSL=5
LQ,LQ0301,M3,BUY,A,20,11,9,55.0,34.208,1.433,41.884,0.218,52.875,4,13,61.538,35.997,7,42.857,5.887,7,4,9,8,62.5,21.4,1,InpPVKhungQuetThanhKhoan=M3 | InpPVDoXuyenToiThieuGia=0.7 | InpPVDoXuyenToiDaGia=2 | InpPVSoNenThanhKhoan=6 | InpPVRauQuetTrenThan=1.5 | InpPVSoNenTimSL=10
LQ,LQ0300,M3,BUY,A,20,11,9,55.0,34.208,1.416,40.064,0.218,52.309,4,13,61.538,35.997,7,42.857,4.067,7,4,9,8,62.5,20.49,1,InpPVKhungQuetThanhKhoan=M3 | InpPVDoXuyenToiThieuGia=0.7 | InpPVDoXuyenToiDaGia=2 | InpPVSoNenThanhKhoan=6 | InpPVRauQuetTrenThan=1.5 | InpPVSoNenTimSL=5
LQ,LQ0316,M3,BUY,A,20,11,9,55.0,34.208,1.342,32.824,0.134,60.307,4,12,50.0,2.125,8,62.5,30.699,5,6,9,7,57.143,3.267,1,InpPVKhungQuetThanhKhoan=M3 | InpPVDoXuyenToiThieuGia=0.7 | InpPVDoXuyenToiDaGia=3 | InpPVSoNenThanhKhoan=6 | InpPVRauQuetTrenThan=3 | InpPVSoNenTimSL=5
LQ,LQ0022,M1,BUY,MY,18,10,8,55.556,33.716,1.531,42.703,0.233,35.287,3,15,53.333,32.416,3,66.667,10.287,6,4,8,7,85.714,37.137,2,InpPVKhungQuetThanhKhoan=M1 | InpPVDoXuyenToiThieuGia=0.3 | InpPVDoXuyenToiDaGia=2 | InpPVSoNenThanhKhoan=12 | InpPVRauQuetTrenThan=3 | InpPVSoNenTimSL=5
LQ,LQ0108,M2,SELL,AU,18,10,8,55.556,33.716,1.367,29.533,0.164,25.176,2,12,58.333,29.53,6,50.0,0.003,5,5,8,7,85.714,25.944,1,InpPVKhungQuetThanhKhoan=M2 | InpPVDoXuyenToiThieuGia=0.3 | InpPVDoXuyenToiDaGia=1 | InpPVSoNenThanhKhoan=6 | InpPVRauQuetTrenThan=1.5 | InpPVSoNenTimSL=5
LQ,LQ0208,M2,BUY_SELL,MY,18,10,8,55.556,33.716,1.364,29.282,0.157,43.435,4,14,50.0,8.811,4,75.0,20.471,4,6,8,7,71.429,29.282,2,InpPVKhungQuetThanhKhoan=M2 | InpPVDoXuyenToiThieuGia=0.7 | InpPVDoXuyenToiDaGia=3 | InpPVSoNenThanhKhoan=6 | InpPVRauQuetTrenThan=3 | InpPVSoNenTimSL=5
LQ,LQ0315,M3,BUY,A,25,13,12,52.0,33.498,1.392,51.132,0.137,59.971,4,15,53.333,22.002,10,50.0,29.13,8,5,12,8,62.5,28.749,1,InpPVKhungQuetThanhKhoan=M3 | InpPVDoXuyenToiThieuGia=0.7 | InpPVDoXuyenToiDaGia=3 | InpPVSoNenThanhKhoan=6 | InpPVRauQuetTrenThan=2 | InpPVSoNenTimSL=10
LQ,LQ0136,M2,BUY_SELL,MY,25,13,12,52.0,33.498,1.402,48.555,0.193,65.735,6,20,50.0,38.138,5,60.0,10.417,7,6,12,7,57.143,3.141,1,InpPVKhungQuetThanhKhoan=M2 | InpPVDoXuyenToiThieuGia=0.3 | InpPVDoXuyenToiDaGia=3 | InpPVSoNenThanhKhoan=6 | InpPVRauQuetTrenThan=3 | InpPVSoNenTimSL=5
LQ,LQ0030,M1,BUY,MY,25,13,12,52.0,33.498,1.352,42.513,0.17,45.427,3,21,52.381,42.338,4,50.0,0.175,8,5,12,6,100.0,41.224,2,InpPVKhungQuetThanhKhoan=M1 | InpPVDoXuyenToiThieuGia=0.3 | InpPVDoXuyenToiDaGia=3 | InpPVSoNenThanhKhoan=12 | InpPVRauQuetTrenThan=1.5 | InpPVSoNenTimSL=5
LQ,LQ0008,M1,BUY,MY,16,9,7,56.25,33.178,1.639,44.966,0.281,35.249,3,13,53.846,34.679,3,66.667,10.287,6,3,7,7,85.714,37.137,2,InpPVKhungQuetThanhKhoan=M1 | InpPVDoXuyenToiThieuGia=0.3 | InpPVDoXuyenToiDaGia=1 | InpPVSoNenThanhKhoan=12 | InpPVRauQuetTrenThan=2 | InpPVSoNenTimSL=5
LQ,LQ0342,M4,BUY,AU,16,9,7,56.25,33.178,1.607,43.615,0.214,21.512,2,9,55.556,30.79,7,57.143,12.825,5,4,7,8,75.0,41.107,2,InpPVKhungQuetThanhKhoan=M4 | InpPVDoXuyenToiThieuGia=0.3 | InpPVDoXuyenToiDaGia=2 | InpPVSoNenThanhKhoan=12 | InpPVRauQuetTrenThan=1.5 | InpPVSoNenTimSL=5
LQ,LQ0206,M2,BUY,MY,16,9,7,56.25,33.178,1.418,29.424,0.16,33.453,3,12,50.0,8.953,4,75.0,20.471,3,6,7,8,87.5,32.274,2,InpPVKhungQuetThanhKhoan=M2 | InpPVDoXuyenToiThieuGia=0.7 | InpPVDoXuyenToiDaGia=3 | InpPVSoNenThanhKhoan=6 | InpPVRauQuetTrenThan=2 | InpPVSoNenTimSL=5
LQ,LQ0378,M4,BUY,AU,14,8,6,57.143,32.59,1.655,39.705,0.208,21.617,2,7,57.143,27.036,7,57.143,12.669,4,4,6,9,77.778,38.754,2,InpPVKhungQuetThanhKhoan=M4 | InpPVDoXuyenToiThieuGia=0.5 | InpPVDoXuyenToiDaGia=2 | InpPVSoNenThanhKhoan=12 | InpPVRauQuetTrenThan=1.5 | InpPVSoNenTimSL=5
LQ,LQ0010,M1,BUY,MY,14,8,6,57.143,32.59,1.616,37.137,0.265,35.267,3,11,54.545,26.85,3,66.667,10.287,5,3,6,6,83.333,34.258,2,InpPVKhungQuetThanhKhoan=M1 | InpPVDoXuyenToiThieuGia=0.3 | InpPVDoXuyenToiDaGia=1 | InpPVSoNenThanhKhoan=12 | InpPVRauQuetTrenThan=3 | InpPVSoNenTimSL=5
LQ,LQ0128,M2,BUY,MY,14,8,6,57.143,32.59,1.588,35.488,0.253,40.296,4,11,45.455,4.947,3,100.0,30.541,4,4,6,9,88.889,35.488,2,InpPVKhungQuetThanhKhoan=M2 | InpPVDoXuyenToiThieuGia=0.3 | InpPVDoXuyenToiDaGia=2 | InpPVSoNenThanhKhoan=12 | InpPVRauQuetTrenThan=2 | InpPVSoNenTimSL=5
LQ,LQ0630,M6,BUY_SELL,AU,14,8,6,57.143,32.59,1.426,33.147,0.214,37.73,3,5,40.0,0.172,9,66.667,32.975,4,4,6,8,75.0,24.398,2,InpPVKhungQuetThanhKhoan=M6 | InpPVDoXuyenToiThieuGia=0.7 | InpPVDoXuyenToiDaGia=2 | InpPVSoNenThanhKhoan=12 | InpPVRauQuetTrenThan=1.5 | InpPVSoNenTimSL=5
LQ,LQ0216,M3,BUY,AU,14,8,6,57.143,32.59,1.52,31.312,0.224,38.5,3,5,60.0,13.514,9,55.556,17.798,4,4,6,7,85.714,16.979,2,InpPVKhungQuetThanhKhoan=M3 | InpPVDoXuyenToiThieuGia=0.3 | InpPVDoXuyenToiDaGia=1 | InpPVSoNenThanhKhoan=6 | InpPVRauQuetTrenThan=1.5 | InpPVSoNenTimSL=5
LQ,LQ0414,M4,SELL,AU,14,8,6,57.143,32.59,1.402,28.928,0.276,27.026,2,7,57.143,23.451,7,57.143,5.477,5,3,6,8,87.5,25.851,2,InpPVKhungQuetThanhKhoan=M4 | InpPVDoXuyenToiThieuGia=0.7 | InpPVDoXuyenToiDaGia=2 | InpPVSoNenThanhKhoan=12 | InpPVRauQuetTrenThan=1.5 | InpPVSoNenTimSL=5
LQ,LQ0426,M4,BUY,AU,14,8,6,57.143,32.59,1.424,25.71,0.083,23.146,2,7,57.143,12.66,7,57.143,13.05,1,6,6,7,85.714,25.71,2,InpPVKhungQuetThanhKhoan=M4 | InpPVDoXuyenToiThieuGia=0.7 | InpPVDoXuyenToiDaGia=3 | InpPVSoNenThanhKhoan=12 | InpPVRauQuetTrenThan=1.5 | InpPVSoNenTimSL=5
LQ,LQ0034,M1,SELL,AU,14,8,6,57.143,32.59,1.348,21.01,0.151,15.782,1,7,57.143,12.379,7,57.143,8.631,3,5,6,6,83.333,34.646,2,InpPVKhungQuetThanhKhoan=M1 | InpPVDoXuyenToiThieuGia=0.3 | InpPVDoXuyenToiDaGia=3 | InpPVSoNenThanhKhoan=12 | InpPVRauQuetTrenThan=3 | InpPVSoNenTimSL=5
LQ,LQ0172,M2,BUY_SELL,MY,21,11,10,52.381,32.369,1.392,39.431,0.183,63.599,6,17,47.059,18.96,4,75.0,20.471,5,6,10,8,50.0,13.82,1,InpPVKhungQuetThanhKhoan=M2 | InpPVDoXuyenToiThieuGia=0.5 | InpPVDoXuyenToiDaGia=3 | InpPVSoNenThanhKhoan=6 | InpPVRauQuetTrenThan=3 | InpPVSoNenTimSL=5
LQ,LQ0577,M6,SELL,TAT_CA,12,7,5,58.333,31.951,1.917,53.868,0.275,28.558,2,6,66.667,40.123,6,50.0,13.745,4,3,5,8,62.5,7.429,1,InpPVKhungQuetThanhKhoan=M6 | InpPVDoXuyenToiThieuGia=0.5 | InpPVDoXuyenToiDaGia=1 | InpPVSoNenThanhKhoan=6 | InpPVRauQuetTrenThan=1.5 | InpPVSoNenTimSL=10
LQ,LQ0344,M4,BUY,AU,12,7,5,58.333,31.951,1.824,42.508,0.277,21.617,2,6,66.667,36.04,6,50.0,6.468,4,3,5,9,88.889,41.864,2,InpPVKhungQuetThanhKhoan=M4 | InpPVDoXuyenToiThieuGia=0.3 | InpPVDoXuyenToiDaGia=2 | InpPVSoNenThanhKhoan=12 | InpPVRauQuetTrenThan=2 | InpPVSoNenTimSL=5
LQ,LQ0570,M6,BUY,AU,12,7,5,58.333,31.951,1.738,40.955,0.174,24.886,2,7,71.429,39.535,5,40.0,1.42,2,4,5,7,85.714,40.955,4,InpPVKhungQuetThanhKhoan=M6 | InpPVDoXuyenToiThieuGia=0.3 | InpPVDoXuyenToiDaGia=3 | InpPVSoNenThanhKhoan=12 | InpPVRauQuetTrenThan=1.5 | InpPVSoNenTimSL=5
LQ,LQ0576,M6,BUY,TAT_CA,12,7,5,58.333,31.951,1.603,30.441,0.2,20.22,2,6,66.667,19.428,6,50.0,11.013,3,4,5,8,75.0,28.749,1,InpPVKhungQuetThanhKhoan=M6 | InpPVDoXuyenToiThieuGia=0.5 | InpPVDoXuyenToiDaGia=1 | InpPVSoNenThanhKhoan=6 | InpPVRauQuetTrenThan=1.5 | InpPVSoNenTimSL=5
LQ,LQ0821,M15,BUY,TAT_CA,12,7,5,58.333,31.951,1.413,29.843,0.181,61.345,3,5,60.0,9.552,7,57.143,20.291,3,4,5,7,85.714,18.429,1,InpPVKhungQuetThanhKhoan=M15 | InpPVDoXuyenToiThieuGia=0.5 | InpPVDoXuyenToiDaGia=3 | InpPVSoNenThanhKhoan=6 | InpPVRauQuetTrenThan=3 | InpPVSoNenTimSL=10
LQ,LQ0101,M1,SELL,AU,12,7,5,58.333,31.951,1.46,23.392,0.18,13.224,1,6,50.0,4.218,6,66.667,19.174,2,5,5,6,83.333,16.709,1,InpPVKhungQuetThanhKhoan=M1 | InpPVDoXuyenToiThieuGia=0.7 | InpPVDoXuyenToiDaGia=3 | InpPVSoNenThanhKhoan=6 | InpPVRauQuetTrenThan=3 | InpPVSoNenTimSL=10
LQ,LQ0034,M1,BUY,MY,19,10,9,52.632,31.707,1.36,32.563,0.168,45.427,3,16,50.0,22.276,3,66.667,10.287,6,4,9,6,83.333,37.633,2,InpPVKhungQuetThanhKhoan=M1 | InpPVDoXuyenToiThieuGia=0.3 | InpPVDoXuyenToiDaGia=3 | InpPVSoNenThanhKhoan=12 | InpPVRauQuetTrenThan=3 | InpPVSoNenTimSL=5
LQ,LQ0786,M15,BUY,TAT_CA,10,6,4,60.0,31.267,1.952,54.196,0.277,45.516,3,4,50.0,32.874,6,66.667,21.322,3,3,4,6,66.667,28.57,2,InpPVKhungQuetThanhKhoan=M15 | InpPVDoXuyenToiThieuGia=0.3 | InpPVDoXuyenToiDaGia=3 | InpPVSoNenThanhKhoan=12 | InpPVRauQuetTrenThan=1.5 | InpPVSoNenTimSL=5
LQ,LQ0493,M5,BUY,MY,10,6,4,60.0,31.267,1.844,42.001,0.436,25.716,2,6,50.0,5.235,4,75.0,36.766,4,2,4,8,87.5,36.212,1,InpPVKhungQuetThanhKhoan=M5 | InpPVDoXuyenToiThieuGia=0.5 | InpPVDoXuyenToiDaGia=3 | InpPVSoNenThanhKhoan=6 | InpPVRauQuetTrenThan=1.5 | InpPVSoNenTimSL=10
LQ,LQ0576,M6,BUY_SELL,AU,10,6,4,60.0,31.267,1.906,40.866,0.3,25.225,2,3,66.667,25.348,7,57.143,15.518,3,3,4,8,62.5,23.243,1,InpPVKhungQuetThanhKhoan=M6 | InpPVDoXuyenToiThieuGia=0.5 | InpPVDoXuyenToiDaGia=1 | InpPVSoNenThanhKhoan=6 | InpPVRauQuetTrenThan=1.5 | InpPVSoNenTimSL=5
LQ,LQ0380,M4,BUY,AU,10,6,4,60.0,31.267,1.961,38.754,0.282,21.617,2,4,75.0,32.286,6,50.0,6.468,3,3,4,10,90.0,38.432,2,InpPVKhungQuetThanhKhoan=M4 | InpPVDoXuyenToiThieuGia=0.5 | InpPVDoXuyenToiDaGia=2 | InpPVSoNenThanhKhoan=12 | InpPVRauQuetTrenThan=2 | InpPVSoNenTimSL=5
LQ,LQ0492,M5,BUY,MY,10,6,4,60.0,31.267,1.855,36.448,0.355,22.258,2,6,50.0,11.111,4,75.0,25.337,3,3,4,8,100.0,36.108,1,InpPVKhungQuetThanhKhoan=M5 | InpPVDoXuyenToiThieuGia=0.5 | InpPVDoXuyenToiDaGia=3 | InpPVSoNenThanhKhoan=6 | InpPVRauQuetTrenThan=1.5 | InpPVSoNenTimSL=5
LQ,LQ0553,M6,BUY,AU,10,6,4,60.0,31.267,1.533,31.658,0.265,25.138,1,4,50.0,16.969,6,66.667,14.689,3,3,4,8,62.5,20.421,2,InpPVKhungQuetThanhKhoan=M6 | InpPVDoXuyenToiThieuGia=0.3 | InpPVDoXuyenToiDaGia=2 | InpPVSoNenThanhKhoan=6 | InpPVRauQuetTrenThan=1.5 | InpPVSoNenTimSL=10
LQ,LQ0814,M15,BUY_SELL,TAT_CA,10,6,4,60.0,31.267,1.477,23.057,0.231,48.376,4,6,50.0,1.591,4,75.0,21.466,2,4,4,8,87.5,23.715,2,InpPVKhungQuetThanhKhoan=M15 | InpPVDoXuyenToiThieuGia=0.5 | InpPVDoXuyenToiDaGia=2 | InpPVSoNenThanhKhoan=12 | InpPVRauQuetTrenThan=3 | InpPVSoNenTimSL=5
LQ,LQ0541,M6,SELL,TAT_CA,15,8,7,53.333,30.117,1.482,39.049,0.136,28.558,2,9,55.556,25.304,6,50.0,13.745,4,4,7,7,57.143,2.103,1,InpPVKhungQuetThanhKhoan=M6 | InpPVDoXuyenToiThieuGia=0.3 | InpPVDoXuyenToiDaGia=1 | InpPVSoNenThanhKhoan=6 | InpPVRauQuetTrenThan=1.5 | InpPVSoNenTimSL=10
LQ,LQ0818,M15,BUY,TAT_CA,15,8,7,53.333,30.117,1.318,28.333,0.131,55.869,3,7,57.143,20.19,8,50.0,8.143,4,4,7,8,87.5,18.934,1,InpPVKhungQuetThanhKhoan=M15 | InpPVDoXuyenToiThieuGia=0.5 | InpPVDoXuyenToiDaGia=3 | InpPVSoNenThanhKhoan=6 | InpPVRauQuetTrenThan=2 | InpPVSoNenTimSL=5
LQ,LQ0176,M2,BUY,MY,15,8,7,53.333,30.117,1.321,22.577,0.125,40.296,4,11,45.455,2.11,4,75.0,20.467,3,5,7,9,88.889,22.577,2,InpPVKhungQuetThanhKhoan=M2 | InpPVDoXuyenToiThieuGia=0.5 | InpPVDoXuyenToiDaGia=3 | InpPVSoNenThanhKhoan=12 | InpPVRauQuetTrenThan=2 | InpPVSoNenTimSL=5
LQ,LQ0540,M6,BUY_SELL,A,13,7,6,53.846,29.143,1.377,22.75,0.124,20.333,2,9,55.556,12.908,4,50.0,9.842,4,3,6,7,28.571,-14.475,1,InpPVKhungQuetThanhKhoan=M6 | InpPVDoXuyenToiThieuGia=0.3 | InpPVDoXuyenToiDaGia=1 | InpPVSoNenThanhKhoan=6 | InpPVRauQuetTrenThan=1.5 | InpPVSoNenTimSL=5
LQ,LQ0437,M5,BUY_SELL,AU,11,6,5,54.545,28.009,1.749,40.527,0.261,23.916,2,6,50.0,28.737,5,60.0,11.79,4,2,5,7,85.714,17.52,1,InpPVKhungQuetThanhKhoan=M5 | InpPVDoXuyenToiThieuGia=0.3 | InpPVDoXuyenToiDaGia=1 | InpPVSoNenThanhKhoan=6 | InpPVRauQuetTrenThan=3 | InpPVSoNenTimSL=10
LQ,LQ0642,M6,BUY,AU,11,6,5,54.545,28.009,1.587,32.56,0.132,24.886,2,6,66.667,31.14,5,40.0,1.42,2,3,5,7,100.0,32.56,2,InpPVKhungQuetThanhKhoan=M6 | InpPVDoXuyenToiThieuGia=0.7 | InpPVDoXuyenToiDaGia=3 | InpPVSoNenThanhKhoan=12 | InpPVRauQuetTrenThan=1.5 | InpPVSoNenTimSL=5
LQ,LQ0540,M6,BUY_SELL,AU,11,6,5,54.545,28.009,1.56,30.854,0.181,25.225,2,4,50.0,15.336,7,57.143,15.518,3,3,5,7,57.143,35.864,1,InpPVKhungQuetThanhKhoan=M6 | InpPVDoXuyenToiThieuGia=0.3 | InpPVDoXuyenToiDaGia=1 | InpPVSoNenThanhKhoan=6 | InpPVRauQuetTrenThan=1.5 | InpPVSoNenTimSL=5
LQ,LQ0556,M6,BUY_SELL,AU,11,6,5,54.545,28.009,1.429,23.86,0.138,22.802,2,7,57.143,22.755,4,50.0,1.105,3,3,5,8,75.0,30.541,2,InpPVKhungQuetThanhKhoan=M6 | InpPVDoXuyenToiThieuGia=0.3 | InpPVDoXuyenToiDaGia=2 | InpPVSoNenThanhKhoan=6 | InpPVRauQuetTrenThan=3 | InpPVSoNenTimSL=5
LQ,LQ0780,M15,BUY_SELL,A,16,8,8,50.0,27.999,1.459,46.764,0.118,47.278,3,7,42.857,35.235,9,55.556,11.529,5,3,8,6,50.0,0.279,1,InpPVKhungQuetThanhKhoan=M15 | InpPVDoXuyenToiThieuGia=0.3 | InpPVDoXuyenToiDaGia=3 | InpPVSoNenThanhKhoan=6 | InpPVRauQuetTrenThan=1.5 | InpPVSoNenTimSL=5
LQ,LQ0817,M15,BUY_SELL,A,12,6,6,50.0,25.378,1.385,31.912,-0.021,57.208,4,5,40.0,27.059,7,57.143,4.853,2,4,6,7,57.143,11.975,2,InpPVKhungQuetThanhKhoan=M15 | InpPVDoXuyenToiThieuGia=0.5 | InpPVDoXuyenToiDaGia=3 | InpPVSoNenThanhKhoan=6 | InpPVRauQuetTrenThan=1.5 | InpPVSoNenTimSL=10
LQ,LQ0541,M6,BUY_SELL,A,12,6,6,50.0,25.378,1.417,25.201,0.085,20.333,2,8,50.0,15.359,4,50.0,9.842,4,2,6,7,57.143,10.102,1,InpPVKhungQuetThanhKhoan=M6 | InpPVDoXuyenToiThieuGia=0.3 | InpPVDoXuyenToiDaGia=1 | InpPVSoNenThanhKhoan=6 | InpPVRauQuetTrenThan=1.5 | InpPVSoNenTimSL=10
LQ,LQ0780,M15,BUY,A,11,5,6,45.455,21.271,1.496,37.747,0.068,64.676,5,5,40.0,29.61,6,50.0,8.137,4,1,6,6,50.0,4.95,1,InpPVKhungQuetThanhKhoan=M15 | InpPVDoXuyenToiThieuGia=0.3 | InpPVDoXuyenToiDaGia=3 | InpPVSoNenThanhKhoan=6 | InpPVRauQuetTrenThan=1.5 | InpPVSoNenTimSL=5
PIN,PIN0075,M1,BUY_SELL,TAT_CA,44,29,15,65.909,51.139,2.174,199.033,0.432,43.143,4,33,63.636,168.725,11,72.727,30.308,16,13,15,6,100.0,135.719,1,InpPVKhungPinBar=M1 | InpPVRauChinhTrenThan=3.4 | InpPVPinQuetSoNen=3 | InpPVPinMinATR=1 | InpPVPinMaxATR=2.5 | InpPVSoNenTimSL=10
PIN,PIN0074,M1,BUY_SELL,TAT_CA,44,29,15,65.909,51.139,2.147,192.89,0.437,41.727,4,33,63.636,162.582,11,72.727,30.308,16,13,15,6,100.0,133.502,1,InpPVKhungPinBar=M1 | InpPVRauChinhTrenThan=3.4 | InpPVPinQuetSoNen=3 | InpPVPinMinATR=1 | InpPVPinMaxATR=2.5 | InpPVSoNenTimSL=5
PIN,PIN0010,M1,SELL,AU,16,12,4,75.0,50.501,3.255,91.255,0.57,20.25,2,11,81.818,79.531,5,60.0,11.724,6,6,4,7,85.714,71.174,4,InpPVKhungPinBar=M1 | InpPVRauChinhTrenThan=1.8 | InpPVPinQuetSoNen=6 | InpPVPinMinATR=1 | InpPVPinMaxATR=2.5 | InpPVSoNenTimSL=5
PIN,PIN0082,M1,BUY_SELL,TAT_CA,35,23,12,65.714,49.152,1.938,129.476,0.368,31.693,3,26,61.538,98.89,9,77.778,30.586,12,11,12,7,100.0,94.337,2,InpPVKhungPinBar=M1 | InpPVRauChinhTrenThan=3.4 | InpPVPinQuetSoNen=6 | InpPVPinMinATR=1 | InpPVPinMaxATR=2.5 | InpPVSoNenTimSL=5
PIN,PIN0079,M1,BUY_SELL,TAT_CA,18,13,5,72.222,49.127,2.648,101.998,0.51,21.407,2,13,69.231,82.895,5,80.0,19.103,5,8,5,6,100.0,76.22,1,InpPVKhungPinBar=M1 | InpPVRauChinhTrenThan=3.4 | InpPVPinQuetSoNen=3 | InpPVPinMinATR=1.3 | InpPVPinMaxATR=2.5 | InpPVSoNenTimSL=10
PIN,PIN0080,M1,BUY,TAT_CA,18,13,5,72.222,49.127,3.015,101.434,0.564,11.339,1,14,64.286,66.75,4,100.0,34.684,7,6,5,7,100.0,66.295,2,InpPVKhungPinBar=M1 | InpPVRauChinhTrenThan=3.4 | InpPVPinQuetSoNen=6 | InpPVPinMinATR=1 | InpPVPinMaxATR=1.8 | InpPVSoNenTimSL=5
PIN,PIN0078,M1,BUY_SELL,TAT_CA,18,13,5,72.222,49.127,2.527,94.439,0.52,21.349,2,13,69.231,75.336,5,80.0,19.103,5,8,5,6,100.0,74.223,1,InpPVKhungPinBar=M1 | InpPVRauChinhTrenThan=3.4 | InpPVPinQuetSoNen=3 | InpPVPinMinATR=1.3 | InpPVPinMaxATR=2.5 | InpPVSoNenTimSL=5
PIN,PIN0082,M1,BUY,TAT_CA,20,14,6,70.0,48.102,2.758,106.309,0.532,21.479,2,16,62.5,71.625,4,100.0,34.684,8,6,6,7,100.0,71.17,2,InpPVKhungPinBar=M1 | InpPVRauChinhTrenThan=3.4 | InpPVPinQuetSoNen=6 | InpPVPinMinATR=1 | InpPVPinMaxATR=2.5 | InpPVSoNenTimSL=5
PIN,PIN0086,M1,BUY_SELL,TAT_CA,15,11,4,73.333,48.049,2.119,58.001,0.383,20.956,2,10,70.0,38.898,5,80.0,19.103,3,8,4,7,100.0,54.007,2,InpPVKhungPinBar=M1 | InpPVRauChinhTrenThan=3.4 | InpPVPinQuetSoNen=6 | InpPVPinMinATR=1.3 | InpPVPinMaxATR=2.5 | InpPVSoNenTimSL=5
PIN,PIN0075,M1,BUY,TAT_CA,27,18,9,66.667,47.824,2.669,153.657,0.539,33.011,3,21,61.905,119.251,6,83.333,34.406,11,7,9,6,100.0,107.448,1,InpPVKhungPinBar=M1 | InpPVRauChinhTrenThan=3.4 | InpPVPinQuetSoNen=3 | InpPVPinMinATR=1 | InpPVPinMaxATR=2.5 | InpPVSoNenTimSL=10
PIN,PIN0074,M1,BUY,TAT_CA,27,18,9,66.667,47.824,2.629,147.514,0.546,31.537,3,21,61.905,113.108,6,83.333,34.406,11,7,9,6,100.0,102.267,1,InpPVKhungPinBar=M1 | InpPVRauChinhTrenThan=3.4 | InpPVPinQuetSoNen=3 | InpPVPinMinATR=1 | InpPVPinMaxATR=2.5 | InpPVSoNenTimSL=5
PIN,PIN0080,M1,BUY_SELL,TAT_CA,29,19,10,65.517,47.345,1.895,104.894,0.362,29.055,2,21,61.905,90.549,8,75.0,14.345,10,9,10,7,100.0,69.755,2,InpPVKhungPinBar=M1 | InpPVRauChinhTrenThan=3.4 | InpPVPinQuetSoNen=6 | InpPVPinMinATR=1 | InpPVPinMaxATR=1.8 | InpPVSoNenTimSL=5
PIN,PIN0072,M1,BUY_SELL,TAT_CA,38,24,14,63.158,47.284,1.909,143.039,0.376,31.587,3,28,60.714,128.972,10,70.0,14.067,13,11,14,6,100.0,91.301,1,InpPVKhungPinBar=M1 | InpPVRauChinhTrenThan=3.4 | InpPVPinQuetSoNen=3 | InpPVPinMinATR=1 | InpPVPinMaxATR=1.8 | InpPVSoNenTimSL=5
PIN,PIN0073,M1,BUY_SELL,TAT_CA,38,24,14,63.158,47.284,1.894,141.961,0.371,33.003,3,28,60.714,127.894,10,70.0,14.067,13,11,14,6,100.0,92.871,1,InpPVKhungPinBar=M1 | InpPVRauChinhTrenThan=3.4 | InpPVPinQuetSoNen=3 | InpPVPinMinATR=1 | InpPVPinMaxATR=1.8 | InpPVSoNenTimSL=10
PIN,PIN0072,M1,BUY,TAT_CA,24,16,8,66.667,46.706,2.584,127.408,0.531,21.397,2,18,61.111,93.002,6,83.333,34.406,9,7,8,6,100.0,83.334,1,InpPVKhungPinBar=M1 | InpPVRauChinhTrenThan=3.4 | InpPVPinQuetSoNen=3 | InpPVPinMinATR=1 | InpPVPinMaxATR=1.8 | InpPVSoNenTimSL=5
PIN,PIN0073,M1,BUY,TAT_CA,24,16,8,66.667,46.706,2.542,126.33,0.523,22.871,2,18,61.111,91.924,6,83.333,34.406,9,7,8,6,100.0,104.723,1,InpPVKhungPinBar=M1 | InpPVRauChinhTrenThan=3.4 | InpPVPinQuetSoNen=3 | InpPVPinMinATR=1 | InpPVPinMaxATR=1.8 | InpPVSoNenTimSL=10
PIN,PIN0051,M1,BUY_SELL,A,19,13,6,68.421,46.01,2.838,111.952,0.547,20.106,2,15,66.667,93.702,4,75.0,18.25,9,4,6,7,85.714,74.85,1,InpPVKhungPinBar=M1 | InpPVRauChinhTrenThan=2.8 | InpPVPinQuetSoNen=3 | InpPVPinMinATR=1 | InpPVPinMaxATR=2.5 | InpPVSoNenTimSL=10
PIN,PIN0050,M1,BUY_SELL,A,19,13,6,68.421,46.01,2.722,104.789,0.547,20.048,2,15,66.667,86.539,4,75.0,18.25,9,4,6,7,85.714,74.908,1,InpPVKhungPinBar=M1 | InpPVRauChinhTrenThan=2.8 | InpPVPinQuetSoNen=3 | InpPVPinMinATR=1 | InpPVPinMaxATR=2.5 | InpPVSoNenTimSL=5
PIN,PIN0075,M1,BUY_SELL,A,19,13,6,68.421,46.01,2.71,104.123,0.506,20.106,2,15,66.667,85.873,4,75.0,18.25,8,5,6,6,100.0,65.756,1,InpPVKhungPinBar=M1 | InpPVRauChinhTrenThan=3.4 | InpPVPinQuetSoNen=3 | InpPVPinMinATR=1 | InpPVPinMaxATR=2.5 | InpPVSoNenTimSL=10
PIN,PIN0074,M1,BUY_SELL,A,19,13,6,68.421,46.01,2.594,96.96,0.506,20.048,2,15,66.667,78.71,4,75.0,18.25,8,5,6,6,83.333,65.785,1,InpPVKhungPinBar=M1 | InpPVRauChinhTrenThan=3.4 | InpPVPinQuetSoNen=3 | InpPVPinMinATR=1 | InpPVPinMaxATR=2.5 | InpPVSoNenTimSL=5
PIN,PIN0003,M1,SELL,AU,19,13,6,68.421,46.01,2.455,88.138,0.454,20.25,2,14,71.429,76.414,5,60.0,11.724,7,6,6,6,83.333,63.359,1,InpPVKhungPinBar=M1 | InpPVRauChinhTrenThan=1.8 | InpPVPinQuetSoNen=3 | InpPVPinMinATR=1 | InpPVPinMaxATR=2.5 | InpPVSoNenTimSL=10
PIN,PIN0002,M1,SELL,AU,19,13,6,68.421,46.01,2.329,80.498,0.424,20.25,2,14,71.429,68.774,5,60.0,11.724,6,7,6,6,83.333,59.539,1,InpPVKhungPinBar=M1 | InpPVRauChinhTrenThan=1.8 | InpPVPinQuetSoNen=3 | InpPVPinMinATR=1 | InpPVPinMaxATR=2.5 | InpPVSoNenTimSL=5
PIN,PIN0090,M1,BUY_SELL,TAT_CA,30,19,11,63.333,45.513,1.738,94.337,0.312,21.521,2,22,59.091,71.302,8,75.0,23.035,10,9,11,6,83.333,60.103,2,InpPVKhungPinBar=M1 | InpPVRauChinhTrenThan=3.4 | InpPVPinQuetSoNen=10 | InpPVPinMinATR=1 | InpPVPinMaxATR=2.5 | InpPVSoNenTimSL=5
PIN,PIN0169,M2,BUY,TAT_CA,21,14,7,66.667,45.373,2.421,108.011,0.374,26.679,2,11,54.545,11.762,10,80.0,96.249,6,8,7,7,100.0,79.817,1,InpPVKhungPinBar=M2 | InpPVRauChinhTrenThan=3.4 | InpPVPinQuetSoNen=3 | InpPVPinMinATR=1 | InpPVPinMaxATR=1.8 | InpPVSoNenTimSL=10
PIN,PIN0058,M1,BUY_SELL,A,14,10,4,71.429,45.35,2.949,79.516,0.563,10.7,1,11,63.636,51.246,3,100.0,28.27,6,4,4,8,87.5,64.678,4,InpPVKhungPinBar=M1 | InpPVRauChinhTrenThan=2.8 | InpPVPinQuetSoNen=6 | InpPVPinMinATR=1 | InpPVPinMaxATR=2.5 | InpPVSoNenTimSL=5
PIN,PIN0008,M1,SELL,AU,14,10,4,71.429,45.35,2.759,71.174,0.508,20.25,2,9,77.778,59.45,5,60.0,11.724,5,5,4,7,85.714,60.417,4,InpPVKhungPinBar=M1 | InpPVRauChinhTrenThan=1.8 | InpPVPinQuetSoNen=6 | InpPVPinMinATR=1 | InpPVPinMaxATR=1.8 | InpPVSoNenTimSL=5
PIN,PIN0094,M1,BUY_SELL,TAT_CA,14,10,4,71.429,45.35,1.974,50.45,0.356,20.956,2,10,70.0,38.898,4,75.0,11.552,3,7,4,6,100.0,48.453,2,InpPVKhungPinBar=M1 | InpPVRauChinhTrenThan=3.4 | InpPVPinQuetSoNen=10 | InpPVPinMinATR=1.3 | InpPVPinMaxATR=2.5 | InpPVSoNenTimSL=5
PIN,PIN0038,M1,BUY_SELL,TAT_CA,32,20,12,62.5,45.254,1.712,94.169,0.291,45.453,4,22,59.091,64.585,10,70.0,29.584,9,11,12,8,100.0,77.521,1,InpPVKhungPinBar=M1 | InpPVRauChinhTrenThan=2.2 | InpPVPinQuetSoNen=6 | InpPVPinMinATR=1.3 | InpPVPinMaxATR=2.5 | InpPVSoNenTimSL=5
PIN,PIN0039,M1,BUY_SELL,TAT_CA,32,20,12,62.5,45.254,1.712,94.126,0.282,45.453,4,22,59.091,64.585,10,70.0,29.541,9,11,12,8,100.0,77.499,1,InpPVKhungPinBar=M1 | InpPVRauChinhTrenThan=2.2 | InpPVPinQuetSoNen=6 | InpPVPinMinATR=1.3 | InpPVPinMaxATR=2.5 | InpPVSoNenTimSL=10
PIN,PIN0031,M1,BUY_SELL,TAT_CA,36,22,14,61.111,44.864,1.841,128.065,0.318,45.533,4,26,57.692,98.524,10,70.0,29.541,11,11,14,7,100.0,94.126,1,InpPVKhungPinBar=M1 | InpPVRauChinhTrenThan=2.2 | InpPVPinQuetSoNen=3 | InpPVPinMinATR=1.3 | InpPVPinMaxATR=2.5 | InpPVSoNenTimSL=10
PIN,PIN0030,M1,BUY_SELL,TAT_CA,36,22,14,61.111,44.864,1.792,120.549,0.331,45.475,4,26,57.692,90.965,10,70.0,29.584,11,11,14,7,100.0,90.445,1,InpPVKhungPinBar=M1 | InpPVRauChinhTrenThan=2.2 | InpPVPinQuetSoNen=3 | InpPVPinMinATR=1.3 | InpPVPinMaxATR=2.5 | InpPVSoNenTimSL=5
PIN,PIN0030,M1,SELL,TAT_CA,16,11,5,68.75,44.404,1.996,61.581,0.378,20.956,2,11,63.636,43.449,5,80.0,18.132,5,6,5,7,85.714,36.31,6,InpPVKhungPinBar=M1 | InpPVRauChinhTrenThan=2.2 | InpPVPinQuetSoNen=3 | InpPVPinMinATR=1.3 | InpPVPinMaxATR=2.5 | InpPVSoNenTimSL=5
PIN,PIN0046,M1,BUY_SELL,TAT_CA,29,18,11,62.069,44.002,1.717,87.653,0.299,35.445,3,21,61.905,74.593,8,62.5,13.06,9,9,11,7,85.714,62.429,2,InpPVKhungPinBar=M1 | InpPVRauChinhTrenThan=2.2 | InpPVPinQuetSoNen=10 | InpPVPinMinATR=1.3 | InpPVPinMaxATR=2.5 | InpPVSoNenTimSL=5
PIN,PIN0030,M1,BUY_SELL,AU,11,8,3,72.727,43.435,2.834,55.175,0.502,20.056,2,7,71.429,39.022,4,75.0,16.153,3,5,3,7,85.714,52.664,2,InpPVKhungPinBar=M1 | InpPVRauChinhTrenThan=2.2 | InpPVPinQuetSoNen=3 | InpPVPinMinATR=1.3 | InpPVPinMaxATR=2.5 | InpPVSoNenTimSL=5
PIN,PIN0031,M1,BUY_SELL,AU,11,8,3,72.727,43.435,2.833,55.132,0.475,20.056,2,7,71.429,39.022,4,75.0,16.11,3,5,3,7,85.714,52.621,2,InpPVKhungPinBar=M1 | InpPVRauChinhTrenThan=2.2 | InpPVPinQuetSoNen=3 | InpPVPinMinATR=1.3 | InpPVPinMaxATR=2.5 | InpPVSoNenTimSL=10
PIN,PIN0077,M1,BUY_SELL,TAT_CA,11,8,3,72.727,43.435,2.339,54.964,0.479,20.956,1,7,71.429,52.102,4,75.0,2.862,2,6,3,6,100.0,45.285,1,InpPVKhungPinBar=M1 | InpPVRauChinhTrenThan=3.4 | InpPVPinQuetSoNen=3 | InpPVPinMinATR=1.3 | InpPVPinMaxATR=1.8 | InpPVSoNenTimSL=10
PIN,PIN0076,M1,BUY_SELL,TAT_CA,11,8,3,72.727,43.435,2.332,54.626,0.497,20.956,1,7,71.429,51.764,4,75.0,2.862,2,6,3,6,100.0,45.285,1,InpPVKhungPinBar=M1 | InpPVRauChinhTrenThan=3.4 | InpPVPinQuetSoNen=3 | InpPVPinMinATR=1.3 | InpPVPinMaxATR=1.8 | InpPVSoNenTimSL=5
PIN,PIN0171,M2,BUY,TAT_CA,22,14,8,63.636,42.951,1.958,90.037,0.311,44.653,3,11,54.545,11.762,11,72.727,78.275,6,8,8,7,100.0,62.345,1,InpPVKhungPinBar=M2 | InpPVRauChinhTrenThan=3.4 | InpPVPinQuetSoNen=3 | InpPVPinMinATR=1 | InpPVPinMaxATR=2.5 | InpPVSoNenTimSL=10
PIN,PIN0088,M1,BUY_SELL,TAT_CA,24,15,9,62.5,42.71,1.652,69.755,0.291,36.606,2,17,58.824,62.961,7,71.429,6.794,8,7,9,6,83.333,47.812,2,InpPVKhungPinBar=M1 | InpPVRauChinhTrenThan=3.4 | InpPVPinQuetSoNen=10 | InpPVPinMinATR=1 | InpPVPinMaxATR=1.8 | InpPVSoNenTimSL=5
PIN,PIN0055,M1,BUY_SELL,TAT_CA,26,16,10,61.538,42.535,1.874,98.004,0.336,35.431,3,20,60.0,88.925,6,66.667,9.079,8,8,10,7,100.0,90.445,1,InpPVKhungPinBar=M1 | InpPVRauChinhTrenThan=2.8 | InpPVPinQuetSoNen=3 | InpPVPinMinATR=1.3 | InpPVPinMaxATR=2.5 | InpPVSoNenTimSL=10
PIN,PIN0054,M1,BUY_SELL,TAT_CA,26,16,10,61.538,42.535,1.807,90.445,0.343,35.373,3,20,60.0,81.366,6,66.667,9.079,8,8,10,7,100.0,94.439,1,InpPVKhungPinBar=M1 | InpPVRauChinhTrenThan=2.8 | InpPVPinQuetSoNen=3 | InpPVPinMinATR=1.3 | InpPVPinMaxATR=2.5 | InpPVSoNenTimSL=5
PIN,PIN0225,M3,BUY,TAT_CA,13,9,4,69.231,42.369,3.278,102.807,0.458,22.766,2,7,71.429,44.733,6,66.667,58.074,5,4,4,9,100.0,50.351,2,InpPVKhungPinBar=M3 | InpPVRauChinhTrenThan=2.2 | InpPVPinQuetSoNen=6 | InpPVPinMinATR=1 | InpPVPinMaxATR=1.8 | InpPVSoNenTimSL=10
PIN,PIN0088,M1,BUY,TAT_CA,13,9,4,69.231,42.369,2.65,66.295,0.51,10.072,1,10,60.0,39.162,3,100.0,27.133,5,4,4,6,83.333,51.727,2,InpPVKhungPinBar=M1 | InpPVRauChinhTrenThan=3.4 | InpPVPinQuetSoNen=10 | InpPVPinMinATR=1 | InpPVPinMaxATR=1.8 | InpPVSoNenTimSL=5
PIN,PIN0082,M1,BUY_SELL,A,13,9,4,69.231,42.369,2.581,64.491,0.491,10.7,1,10,60.0,36.221,3,100.0,28.27,5,4,4,7,85.714,64.491,4,InpPVKhungPinBar=M1 | InpPVRauChinhTrenThan=3.4 | InpPVPinQuetSoNen=6 | InpPVPinMinATR=1 | InpPVPinMaxATR=2.5 | InpPVSoNenTimSL=5
PIN,PIN0038,M1,BUY_SELL,A,13,9,4,69.231,42.369,2.433,58.617,0.446,20.778,2,8,62.5,24.23,5,80.0,34.387,4,5,4,8,100.0,49.148,4,InpPVKhungPinBar=M1 | InpPVRauChinhTrenThan=2.2 | InpPVPinQuetSoNen=6 | InpPVPinMinATR=1.3 | InpPVPinMaxATR=2.5 | InpPVSoNenTimSL=5
PIN,PIN0082,M1,BUY_SELL,AU,13,9,4,69.231,42.369,2.432,57.704,0.444,20.262,2,9,55.556,18.782,4,100.0,38.922,4,5,4,7,100.0,35.147,2,InpPVKhungPinBar=M1 | InpPVRauChinhTrenThan=3.4 | InpPVPinQuetSoNen=6 | InpPVPinMinATR=1 | InpPVPinMaxATR=2.5 | InpPVSoNenTimSL=5
PIN,PIN0217,M3,BUY,TAT_CA,15,10,5,66.667,41.713,2.447,92.844,0.374,29.418,2,8,75.0,60.422,7,57.143,32.422,5,5,5,8,100.0,59.811,2,InpPVKhungPinBar=M3 | InpPVRauChinhTrenThan=2.2 | InpPVPinQuetSoNen=3 | InpPVPinMinATR=1 | InpPVPinMaxATR=1.8 | InpPVSoNenTimSL=10
PIN,PIN0048,M1,BUY_SELL,A,15,10,5,66.667,41.713,2.494,74.908,0.499,20.048,2,12,66.667,72.899,3,66.667,2.009,7,3,5,7,85.714,64.866,1,InpPVKhungPinBar=M1 | InpPVRauChinhTrenThan=2.8 | InpPVPinQuetSoNen=3 | InpPVPinMinATR=1 | InpPVPinMaxATR=1.8 | InpPVSoNenTimSL=5
PIN,PIN0049,M1,BUY_SELL,A,15,10,5,66.667,41.713,2.491,74.85,0.5,20.106,2,12,66.667,72.841,3,66.667,2.009,7,3,5,7,85.714,64.866,1,InpPVKhungPinBar=M1 | InpPVRauChinhTrenThan=2.8 | InpPVPinQuetSoNen=3 | InpPVPinMinATR=1 | InpPVPinMaxATR=1.8 | InpPVSoNenTimSL=10
PIN,PIN0090,M1,BUY,TAT_CA,15,10,5,66.667,41.713,2.415,71.17,0.475,11.307,1,12,58.333,44.037,3,100.0,27.133,6,4,5,6,100.0,51.433,2,InpPVKhungPinBar=M1 | InpPVRauChinhTrenThan=3.4 | InpPVPinQuetSoNen=10 | InpPVPinMinATR=1 | InpPVPinMaxATR=2.5 | InpPVSoNenTimSL=5
PIN,PIN0072,M1,BUY_SELL,A,15,10,5,66.667,41.713,2.338,67.079,0.447,20.048,2,12,66.667,65.07,3,66.667,2.009,6,4,5,6,83.333,58.431,1,InpPVKhungPinBar=M1 | InpPVRauChinhTrenThan=3.4 | InpPVPinQuetSoNen=3 | InpPVPinMinATR=1 | InpPVPinMaxATR=1.8 | InpPVSoNenTimSL=5
PIN,PIN0073,M1,BUY_SELL,A,15,10,5,66.667,41.713,2.335,67.021,0.447,20.106,2,12,66.667,65.012,3,66.667,2.009,6,4,5,6,83.333,58.46,1,InpPVKhungPinBar=M1 | InpPVRauChinhTrenThan=3.4 | InpPVPinQuetSoNen=3 | InpPVPinMinATR=1 | InpPVPinMaxATR=1.8 | InpPVSoNenTimSL=10
PIN,PIN0074,M1,BUY_SELL,AU,15,10,5,66.667,41.713,2.14,57.408,0.383,20.262,2,10,50.0,8.744,5,100.0,48.664,4,6,5,6,83.333,41.745,2,InpPVKhungPinBar=M1 | InpPVRauChinhTrenThan=3.4 | InpPVPinQuetSoNen=3 | InpPVPinMinATR=1 | InpPVPinMaxATR=2.5 | InpPVSoNenTimSL=5
PIN,PIN0001,M1,SELL,AU,17,11,6,64.706,41.3,2.124,68.057,0.389,24.886,2,12,66.667,56.333,5,60.0,11.724,6,5,6,6,83.333,49.498,1,InpPVKhungPinBar=M1 | InpPVRauChinhTrenThan=1.8 | InpPVPinQuetSoNen=3 | InpPVPinMinATR=1 | InpPVPinMaxATR=1.8 | InpPVSoNenTimSL=10
PIN,PIN0000,M1,SELL,AU,17,11,6,64.706,41.3,1.998,60.417,0.355,24.886,2,12,66.667,48.693,5,60.0,11.724,5,6,6,6,83.333,53.318,1,InpPVKhungPinBar=M1 | InpPVRauChinhTrenThan=1.8 | InpPVPinQuetSoNen=3 | InpPVPinMinATR=1 | InpPVPinMaxATR=1.8 | InpPVSoNenTimSL=5
PIN,PIN0014,M1,BUY_SELL,TAT_CA,37,21,16,56.757,40.914,1.391,67.389,0.179,30.448,2,26,57.692,65.355,11,54.545,2.034,10,11,16,7,85.714,62.429,1,InpPVKhungPinBar=M1 | InpPVRauChinhTrenThan=1.8 | InpPVPinQuetSoNen=6 | InpPVPinMinATR=1.3 | InpPVPinMaxATR=2.5 | InpPVSoNenTimSL=5
PIN,PIN0015,M1,BUY_SELL,TAT_CA,37,21,16,56.757,40.914,1.39,67.346,0.171,30.448,2,26,57.692,65.355,11,54.545,1.991,10,11,16,7,85.714,62.429,1,InpPVKhungPinBar=M1 | InpPVRauChinhTrenThan=1.8 | InpPVPinQuetSoNen=6 | InpPVPinMinATR=1.3 | InpPVPinMaxATR=2.5 | InpPVSoNenTimSL=10
PIN,PIN0193,M3,BUY,TAT_CA,21,13,8,61.905,40.878,2.365,128.804,0.42,39.448,3,12,75.0,116.486,9,44.444,12.318,6,7,8,7,100.0,22.243,2,InpPVKhungPinBar=M3 | InpPVRauChinhTrenThan=1.8 | InpPVPinQuetSoNen=3 | InpPVPinMinATR=1 | InpPVPinMaxATR=1.8 | InpPVSoNenTimSL=10
PIN,PIN0339,M4,BUY_SELL,TAT_CA,21,13,8,61.905,40.878,2.141,119.557,0.365,41.73,3,14,57.143,63.31,7,71.429,56.247,6,6,8,8,100.0,70.249,1,InpPVKhungPinBar=M4 | InpPVRauChinhTrenThan=2.8 | InpPVPinQuetSoNen=3 | InpPVPinMinATR=1 | InpPVPinMaxATR=2.5 | InpPVSoNenTimSL=10
PIN,PIN0338,M4,BUY_SELL,TAT_CA,21,13,8,61.905,40.878,1.797,80.764,0.288,38.198,3,14,57.143,31.026,7,71.429,49.738,5,7,8,8,87.5,55.129,1,InpPVKhungPinBar=M4 | InpPVRauChinhTrenThan=2.8 | InpPVPinQuetSoNen=3 | InpPVPinMinATR=1 | InpPVPinMaxATR=2.5 | InpPVSoNenTimSL=5
PIN,PIN0168,M2,BUY,TAT_CA,21,13,8,61.905,40.878,1.758,65.233,0.269,26.679,2,11,54.545,11.722,10,70.0,53.511,5,8,8,7,85.714,54.713,1,InpPVKhungPinBar=M2 | InpPVRauChinhTrenThan=3.4 | InpPVPinQuetSoNen=3 | InpPVPinMinATR=1 | InpPVPinMaxATR=1.8 | InpPVSoNenTimSL=5
PIN,PIN0145,M2,BUY,TAT_CA,23,14,9,60.87,40.785,1.834,80.319,0.229,36.783,3,11,54.545,4.31,12,66.667,76.009,5,9,9,8,100.0,50.487,1,InpPVKhungPinBar=M2 | InpPVRauChinhTrenThan=2.8 | InpPVPinQuetSoNen=3 | InpPVPinMinATR=1 | InpPVPinMaxATR=1.8 | InpPVSoNenTimSL=10
PIN,PIN0062,M1,BUY_SELL,TAT_CA,23,14,9,60.87,40.785,1.53,54.007,0.23,25.343,2,17,58.824,44.928,6,66.667,9.079,6,8,9,8,100.0,56.004,2,InpPVKhungPinBar=M1 | InpPVRauChinhTrenThan=2.8 | InpPVPinQuetSoNen=6 | InpPVPinMinATR=1.3 | InpPVPinMaxATR=2.5 | InpPVSoNenTimSL=5
PIN,PIN0042,M1,BUY_SELL,A,29,17,12,58.621,40.738,1.572,69.532,0.243,35.427,2,19,57.895,45.931,10,60.0,23.601,9,8,12,7,85.714,59.514,2,InpPVKhungPinBar=M1 | InpPVRauChinhTrenThan=2.2 | InpPVPinQuetSoNen=10 | InpPVPinMinATR=1 | InpPVPinMaxATR=2.5 | InpPVSoNenTimSL=5
PIN,PIN0040,M1,BUY_SELL,A,27,16,11,59.259,40.726,1.641,71.123,0.265,24.727,2,17,58.824,47.522,10,60.0,23.601,9,7,11,7,85.714,61.105,2,InpPVKhungPinBar=M1 | InpPVRauChinhTrenThan=2.2 | InpPVPinQuetSoNen=10 | InpPVPinMinATR=1 | InpPVPinMaxATR=1.8 | InpPVSoNenTimSL=5
PIN,PIN0217,M3,BUY_SELL,AU,10,7,3,70.0,39.677,3.315,75.822,0.385,25.277,2,6,50.0,1.998,4,100.0,73.824,3,4,3,8,87.5,43.768,2,InpPVKhungPinBar=M3 | InpPVRauChinhTrenThan=2.2 | InpPVPinQuetSoNen=3 | InpPVPinMinATR=1 | InpPVPinMaxATR=1.8 | InpPVSoNenTimSL=10
PIN,PIN0342,M4,BUY_SELL,TAT_CA,10,7,3,70.0,39.677,2.349,63.048,0.492,17.06,1,7,71.429,37.552,3,66.667,25.496,3,3,3,8,87.5,41.974,6,InpPVKhungPinBar=M4 | InpPVRauChinhTrenThan=2.8 | InpPVPinQuetSoNen=3 | InpPVPinMinATR=1.3 | InpPVPinMaxATR=2.5 | InpPVSoNenTimSL=5
PIN,PIN0036,M1,BUY_SELL,A,10,7,3,70.0,39.677,2.456,43.967,0.44,10.102,1,6,66.667,25.821,4,75.0,18.146,3,4,3,8,100.0,33.923,4,InpPVKhungPinBar=M1 | InpPVRauChinhTrenThan=2.2 | InpPVPinQuetSoNen=6 | InpPVPinMinATR=1.3 | InpPVPinMaxATR=1.8 | InpPVSoNenTimSL=5
PIN,PIN0130,M2,BUY,AU,10,7,3,70.0,39.677,2.112,38.205,0.374,24.344,2,7,57.143,4.516,3,100.0,33.689,1,6,3,9,100.0,28.473,1,InpPVKhungPinBar=M2 | InpPVRauChinhTrenThan=2.2 | InpPVPinQuetSoNen=6 | InpPVPinMinATR=1 | InpPVPinMaxATR=2.5 | InpPVSoNenTimSL=5
PIN,PIN0134,M2,BUY,TAT_CA,10,7,3,70.0,39.677,1.996,37.873,0.381,20.034,2,6,66.667,12.271,4,75.0,25.602,2,5,3,9,100.0,30.26,2,InpPVKhungPinBar=M2 | InpPVRauChinhTrenThan=2.2 | InpPVPinQuetSoNen=6 | InpPVPinMinATR=1.3 | InpPVPinMaxATR=2.5 | InpPVSoNenTimSL=5
PIN,PIN0131,M2,BUY,AU,10,7,3,70.0,39.677,1.891,34.213,0.349,28.376,2,7,57.143,0.524,3,100.0,33.689,1,6,3,9,100.0,24.481,1,InpPVKhungPinBar=M2 | InpPVRauChinhTrenThan=2.2 | InpPVPinQuetSoNen=6 | InpPVPinMinATR=1 | InpPVPinMaxATR=2.5 | InpPVSoNenTimSL=10
PIN,PIN0018,M1,BUY_SELL,A,32,18,14,56.25,39.325,1.386,54.76,0.174,35.427,2,21,57.143,41.193,11,54.545,13.567,9,9,14,6,83.333,49.751,2,InpPVKhungPinBar=M1 | InpPVRauChinhTrenThan=1.8 | InpPVPinQuetSoNen=10 | InpPVPinMinATR=1 | InpPVPinMaxATR=2.5 | InpPVSoNenTimSL=5
PIN,PIN0034,M1,BUY_SELL,A,30,17,13,56.667,39.197,1.452,59.514,0.201,45.445,3,19,57.895,45.931,11,54.545,13.583,9,8,13,8,87.5,56.936,1,InpPVKhungPinBar=M1 | InpPVRauChinhTrenThan=2.2 | InpPVPinQuetSoNen=6 | InpPVPinMinATR=1 | InpPVPinMaxATR=2.5 | InpPVSoNenTimSL=5
PIN,PIN0016,M1,BUY_SELL,A,30,17,13,56.667,39.197,1.43,56.351,0.189,24.727,2,19,57.895,42.784,11,54.545,13.567,9,8,13,6,83.333,50.546,2,InpPVKhungPinBar=M1 | InpPVRauChinhTrenThan=1.8 | InpPVPinQuetSoNen=10 | InpPVPinMinATR=1 | InpPVPinMaxATR=1.8 | InpPVSoNenTimSL=5
PIN,PIN0035,M1,BUY_SELL,A,30,17,13,56.667,39.197,1.406,55.254,0.201,49.705,3,19,57.895,45.931,11,54.545,9.323,9,8,13,8,87.5,57.972,1,InpPVKhungPinBar=M1 | InpPVRauChinhTrenThan=2.2 | InpPVPinQuetSoNen=6 | InpPVPinMinATR=1 | InpPVPinMaxATR=2.5 | InpPVSoNenTimSL=10
PIN,PIN0032,M1,BUY_SELL,A,28,16,12,57.143,39.07,1.505,61.105,0.22,34.745,2,17,58.824,47.522,11,54.545,13.583,9,7,12,8,87.5,56.468,1,InpPVKhungPinBar=M1 | InpPVRauChinhTrenThan=2.2 | InpPVPinQuetSoNen=6 | InpPVPinMinATR=1 | InpPVPinMaxATR=1.8 | InpPVSoNenTimSL=5
PIN,PIN0033,M1,BUY_SELL,A,28,16,12,57.143,39.07,1.454,56.845,0.219,39.005,2,17,58.824,47.522,11,54.545,9.323,9,7,12,8,87.5,53.412,1,InpPVKhungPinBar=M1 | InpPVRauChinhTrenThan=2.2 | InpPVPinQuetSoNen=6 | InpPVPinMinATR=1 | InpPVPinMaxATR=1.8 | InpPVSoNenTimSL=10
PIN,PIN0080,M1,BUY_SELL,AU,12,8,4,66.667,39.062,2.306,52.647,0.439,20.262,2,8,50.0,13.725,4,100.0,38.922,4,4,4,7,85.714,30.09,2,InpPVKhungPinBar=M1 | InpPVRauChinhTrenThan=3.4 | InpPVPinQuetSoNen=6 | InpPVPinMinATR=1 | InpPVPinMaxATR=1.8 | InpPVSoNenTimSL=5
PIN,PIN0054,M1,SELL,TAT_CA,12,8,4,66.667,39.062,1.676,34.988,0.282,20.956,1,8,62.5,23.436,4,75.0,11.552,3,5,4,7,85.714,34.988,6,InpPVKhungPinBar=M1 | InpPVRauChinhTrenThan=2.8 | InpPVPinQuetSoNen=3 | InpPVPinMinATR=1.3 | InpPVPinMaxATR=2.5 | InpPVSoNenTimSL=5
PIN,PIN0147,M2,BUY,TAT_CA,24,14,10,58.333,38.834,1.546,62.345,0.178,54.757,4,11,54.545,4.31,13,61.538,58.035,5,9,10,8,100.0,51.632,1,InpPVKhungPinBar=M2 | InpPVRauChinhTrenThan=2.8 | InpPVPinQuetSoNen=3 | InpPVPinMinATR=1 | InpPVPinMaxATR=2.5 | InpPVSoNenTimSL=10
PIN,PIN0193,M3,BUY_SELL,AU,14,9,5,64.286,38.764,2.637,86.976,0.299,12.893,1,9,55.556,23.182,5,80.0,63.794,4,5,5,7,85.714,60.525,2,InpPVKhungPinBar=M3 | InpPVRauChinhTrenThan=1.8 | InpPVPinQuetSoNen=3 | InpPVPinMinATR=1 | InpPVPinMaxATR=1.8 | InpPVSoNenTimSL=10
PIN,PIN0072,M1,BUY_SELL,AU,14,9,5,64.286,38.764,2.04,52.351,0.374,25.293,2,9,44.444,3.687,5,100.0,48.664,4,5,5,6,83.333,39.868,2,InpPVKhungPinBar=M1 | InpPVRauChinhTrenThan=3.4 | InpPVPinQuetSoNen=3 | InpPVPinMinATR=1 | InpPVPinMaxATR=1.8 | InpPVSoNenTimSL=5
PIN,PIN0170,M2,BUY,TAT_CA,22,13,9,59.091,38.734,1.454,47.259,0.211,44.653,3,11,54.545,11.722,11,63.636,35.537,5,8,9,7,85.714,39.05,1,InpPVKhungPinBar=M2 | InpPVRauChinhTrenThan=3.4 | InpPVPinQuetSoNen=3 | InpPVPinMinATR=1 | InpPVPinMaxATR=2.5 | InpPVSoNenTimSL=5
PIN,PIN0070,M1,BUY_SELL,TAT_CA,22,13,9,59.091,38.734,1.455,46.456,0.206,25.343,2,17,58.824,44.928,5,60.0,1.528,6,7,9,7,85.714,46.456,2,InpPVKhungPinBar=M1 | InpPVRauChinhTrenThan=2.8 | InpPVPinQuetSoNen=10 | InpPVPinMinATR=1.3 | InpPVPinMaxATR=2.5 | InpPVSoNenTimSL=5
PIN,PIN0337,M4,BUY_SELL,TAT_CA,20,12,8,60.0,38.658,1.978,102.521,0.323,41.73,3,14,57.143,63.31,6,66.667,39.211,6,6,8,8,100.0,54.87,1,InpPVKhungPinBar=M4 | InpPVRauChinhTrenThan=2.8 | InpPVPinQuetSoNen=3 | InpPVPinMinATR=1 | InpPVPinMaxATR=1.8 | InpPVSoNenTimSL=10
PIN,PIN0336,M4,BUY_SELL,TAT_CA,20,12,8,60.0,38.658,1.629,63.728,0.241,38.198,3,14,57.143,31.026,6,66.667,32.702,5,7,8,8,87.5,47.46,1,InpPVKhungPinBar=M4 | InpPVRauChinhTrenThan=2.8 | InpPVPinQuetSoNen=3 | InpPVPinMinATR=1 | InpPVPinMaxATR=1.8 | InpPVSoNenTimSL=5
PIN,PIN0014,M1,SELL,TAT_CA,20,12,8,60.0,38.658,1.503,46.322,0.226,30.99,2,14,57.143,38.224,6,66.667,8.098,6,6,8,7,85.714,46.322,4,InpPVKhungPinBar=M1 | InpPVRauChinhTrenThan=1.8 | InpPVPinQuetSoNen=6 | InpPVPinMinATR=1.3 | InpPVPinMaxATR=2.5 | InpPVSoNenTimSL=5
PIN,PIN0031,M1,BUY_SELL,A,16,10,6,62.5,38.641,1.998,60.923,0.331,30.248,3,11,54.545,26.536,5,80.0,34.387,5,5,6,7,100.0,46.467,1,InpPVKhungPinBar=M1 | InpPVRauChinhTrenThan=2.2 | InpPVPinQuetSoNen=3 | InpPVPinMinATR=1.3 | InpPVPinMaxATR=2.5 | InpPVSoNenTimSL=10
PIN,PIN0030,M1,BUY_SELL,A,16,10,6,62.5,38.641,1.882,53.76,0.33,30.19,3,11,54.545,19.373,5,80.0,34.387,5,5,6,7,100.0,39.304,1,InpPVKhungPinBar=M1 | InpPVRauChinhTrenThan=2.2 | InpPVPinQuetSoNen=3 | InpPVPinMinATR=1.3 | InpPVPinMaxATR=2.5 | InpPVSoNenTimSL=5
PIN,PIN0014,M1,BUY_SELL,A,16,10,6,62.5,38.641,1.73,44.536,0.274,20.778,2,10,60.0,20.183,6,66.667,24.353,4,6,6,7,100.0,38.541,2,InpPVKhungPinBar=M1 | InpPVRauChinhTrenThan=1.8 | InpPVPinQuetSoNen=6 | InpPVPinMinATR=1.3 | InpPVPinMaxATR=2.5 | InpPVSoNenTimSL=5
PIN,PIN0201,M3,BUY,TAT_CA,18,11,7,61.111,38.619,2.206,90.815,0.243,20.756,2,10,70.0,52.845,8,50.0,37.97,5,6,7,8,87.5,38.062,2,InpPVKhungPinBar=M3 | InpPVRauChinhTrenThan=1.8 | InpPVPinQuetSoNen=6 | InpPVPinMinATR=1 | InpPVPinMaxATR=1.8 | InpPVSoNenTimSL=10
PIN,PIN0177,M2,BUY,TAT_CA,18,11,7,61.111,38.619,1.72,54.753,0.269,26.679,2,11,54.545,11.762,7,71.429,42.991,5,6,7,8,100.0,55.869,1,InpPVKhungPinBar=M2 | InpPVRauChinhTrenThan=3.4 | InpPVPinQuetSoNen=6 | InpPVPinMinATR=1 | InpPVPinMaxATR=1.8 | InpPVSoNenTimSL=10
PIN,PIN0176,M2,BUY,TAT_CA,18,11,7,61.111,38.619,1.72,54.713,0.282,26.679,2,11,54.545,11.722,7,71.429,42.991,5,6,7,8,87.5,45.956,1,InpPVKhungPinBar=M2 | InpPVRauChinhTrenThan=3.4 | InpPVPinQuetSoNen=6 | InpPVPinMinATR=1 | InpPVPinMaxATR=1.8 | InpPVSoNenTimSL=5
PIN,PIN0008,M1,BUY_SELL,A,31,17,14,54.839,37.772,1.328,46.333,0.151,34.745,2,19,57.895,42.784,12,50.0,3.549,9,8,14,7,71.429,42.073,1,InpPVKhungPinBar=M1 | InpPVRauChinhTrenThan=1.8 | InpPVPinQuetSoNen=6 | InpPVPinMinATR=1 | InpPVPinMaxATR=1.8 | InpPVSoNenTimSL=5
PIN,PIN0006,M1,SELL,TAT_CA,21,12,9,57.143,36.546,1.356,36.31,0.167,30.99,2,15,53.333,28.212,6,66.667,8.098,6,6,9,6,83.333,41.316,2,InpPVKhungPinBar=M1 | InpPVRauChinhTrenThan=1.8 | InpPVPinQuetSoNen=3 | InpPVPinMinATR=1.3 | InpPVPinMaxATR=2.5 | InpPVSoNenTimSL=5
PIN,PIN0179,M2,BUY,TAT_CA,19,11,8,57.895,36.276,1.391,36.779,0.202,44.653,3,11,54.545,11.762,8,62.5,25.017,5,6,8,8,100.0,46.902,1,InpPVKhungPinBar=M2 | InpPVRauChinhTrenThan=3.4 | InpPVPinQuetSoNen=6 | InpPVPinMinATR=1 | InpPVPinMaxATR=2.5 | InpPVSoNenTimSL=10
PIN,PIN0178,M2,BUY,TAT_CA,19,11,8,57.895,36.276,1.391,36.739,0.215,44.653,3,11,54.545,11.722,8,62.5,25.017,5,6,8,8,87.5,37.915,1,InpPVKhungPinBar=M2 | InpPVRauChinhTrenThan=3.4 | InpPVPinQuetSoNen=6 | InpPVPinMinATR=1 | InpPVPinMaxATR=2.5 | InpPVSoNenTimSL=5
PIN,PIN0346,M4,BUY_SELL,TAT_CA,17,10,7,58.824,36.005,1.645,57.643,0.231,29.37,2,12,58.333,35.802,5,60.0,21.841,4,5,7,9,88.889,48.908,4,InpPVKhungPinBar=M4 | InpPVRauChinhTrenThan=2.8 | InpPVPinQuetSoNen=6 | InpPVPinMinATR=1 | InpPVPinMaxATR=2.5 | InpPVSoNenTimSL=5
PIN,PIN0026,M1,SELL,A,17,10,7,58.824,36.005,1.678,48.162,0.286,20.104,2,13,53.846,29.956,4,75.0,18.206,6,4,7,7,100.0,37.608,2,InpPVKhungPinBar=M1 | InpPVRauChinhTrenThan=2.2 | InpPVPinQuetSoNen=3 | InpPVPinMinATR=1 | InpPVPinMaxATR=2.5 | InpPVSoNenTimSL=5
PIN,PIN0096,M2,BUY_SELL,MY,17,10,7,58.824,36.005,1.505,36.629,0.169,25.197,2,13,53.846,0.475,4,75.0,36.154,3,7,7,7,71.429,15.649,2,InpPVKhungPinBar=M2 | InpPVRauChinhTrenThan=1.8 | InpPVPinQuetSoNen=3 | InpPVPinMinATR=1 | InpPVPinMaxATR=1.8 | InpPVSoNenTimSL=5
PIN,PIN0024,M1,SELL,A,15,9,6,60.0,35.746,1.824,49.753,0.332,20.104,2,11,54.545,31.547,4,75.0,18.206,6,3,6,7,100.0,34.74,2,InpPVKhungPinBar=M1 | InpPVRauChinhTrenThan=2.2 | InpPVPinQuetSoNen=3 | InpPVPinMinATR=1 | InpPVPinMaxATR=1.8 | InpPVSoNenTimSL=5
PIN,PIN0022,M1,BUY_SELL,A,15,9,6,60.0,35.746,1.632,38.541,0.252,20.778,2,9,55.556,14.188,6,66.667,24.353,4,5,6,6,100.0,41.538,2,InpPVKhungPinBar=M1 | InpPVRauChinhTrenThan=1.8 | InpPVPinQuetSoNen=10 | InpPVPinMinATR=1.3 | InpPVPinMaxATR=2.5 | InpPVSoNenTimSL=5
PIN,PIN0201,M3,BUY_SELL,AU,13,8,5,61.538,35.522,2.531,81.342,0.34,20.664,2,8,50.0,10.924,5,80.0,70.418,5,3,5,8,75.0,31.232,2,InpPVKhungPinBar=M3 | InpPVRauChinhTrenThan=1.8 | InpPVPinQuetSoNen=6 | InpPVPinMinATR=1 | InpPVPinMaxATR=1.8 | InpPVSoNenTimSL=10
PIN,PIN0241,M3,BUY,TAT_CA,13,8,5,61.538,35.522,2.033,66.284,0.25,29.418,2,6,66.667,33.862,7,57.143,32.422,4,4,5,8,75.0,71.266,2,InpPVKhungPinBar=M3 | InpPVRauChinhTrenThan=2.8 | InpPVPinQuetSoNen=3 | InpPVPinMinATR=1 | InpPVPinMaxATR=1.8 | InpPVSoNenTimSL=10
PIN,PIN0313,M4,BUY_SELL,TAT_CA,26,14,12,53.846,35.458,1.564,87.12,0.19,50.902,3,17,47.059,25.482,9,66.667,61.638,7,7,12,8,100.0,43.743,2,InpPVKhungPinBar=M4 | InpPVRauChinhTrenThan=2.2 | InpPVPinQuetSoNen=3 | InpPVPinMinATR=1 | InpPVPinMaxATR=1.8 | InpPVSoNenTimSL=10
PIN,PIN0029,M1,BUY_SELL,TAT_CA,26,14,12,53.846,35.458,1.307,40.391,0.145,41.441,4,18,50.0,36.021,8,62.5,4.37,6,8,12,7,71.429,35.943,1,InpPVKhungPinBar=M1 | InpPVRauChinhTrenThan=2.2 | InpPVPinQuetSoNen=3 | InpPVPinMinATR=1.3 | InpPVPinMaxATR=1.8 | InpPVSoNenTimSL=10
PIN,PIN0028,M1,BUY_SELL,TAT_CA,26,14,12,53.846,35.458,1.305,40.053,0.152,41.383,4,18,50.0,35.683,8,62.5,4.37,6,8,12,7,71.429,35.605,1,InpPVKhungPinBar=M1 | InpPVRauChinhTrenThan=2.2 | InpPVPinQuetSoNen=3 | InpPVPinMinATR=1.3 | InpPVPinMaxATR=1.8 | InpPVSoNenTimSL=5
PIN,PIN0249,M3,BUY,TAT_CA,11,7,4,63.636,35.38,2.689,76.247,0.326,22.766,2,5,60.0,18.173,6,66.667,58.074,4,3,4,9,88.889,27.061,2,InpPVKhungPinBar=M3 | InpPVRauChinhTrenThan=2.8 | InpPVPinQuetSoNen=6 | InpPVPinMinATR=1 | InpPVPinMaxATR=1.8 | InpPVSoNenTimSL=10
PIN,PIN0232,M3,BUY,TAT_CA,11,7,4,63.636,35.38,2.115,50.351,0.358,22.766,2,6,66.667,36.08,5,60.0,14.271,4,3,4,8,100.0,27.026,4,InpPVKhungPinBar=M3 | InpPVRauChinhTrenThan=2.2 | InpPVPinQuetSoNen=10 | InpPVPinMinATR=1 | InpPVPinMaxATR=1.8 | InpPVSoNenTimSL=5
PIN,PIN0334,M4,BUY_SELL,TAT_CA,11,7,4,63.636,35.38,1.777,48.01,0.354,17.06,1,8,62.5,22.514,3,66.667,25.496,3,3,4,8,100.0,36.335,2,InpPVKhungPinBar=M4 | InpPVRauChinhTrenThan=2.2 | InpPVPinQuetSoNen=10 | InpPVPinMinATR=1.3 | InpPVPinMaxATR=2.5 | InpPVSoNenTimSL=5
PIN,PIN0096,M2,BUY,MY,11,7,4,63.636,35.38,2.168,46.891,0.359,22.761,2,7,57.143,10.737,4,75.0,36.154,3,4,4,7,100.0,44.581,8,InpPVKhungPinBar=M2 | InpPVRauChinhTrenThan=1.8 | InpPVPinQuetSoNen=3 | InpPVPinMinATR=1 | InpPVPinMaxATR=1.8 | InpPVSoNenTimSL=5
PIN,PIN0090,M1,BUY_SELL,AU,11,7,4,63.636,35.38,1.872,35.147,0.32,20.262,2,8,50.0,3.776,3,100.0,31.371,3,4,4,6,83.333,26.839,2,InpPVKhungPinBar=M1 | InpPVRauChinhTrenThan=3.4 | InpPVPinQuetSoNen=10 | InpPVPinMinATR=1 | InpPVPinMaxATR=2.5 | InpPVSoNenTimSL=5
PIN,PIN0126,M2,BUY,TAT_CA,11,7,4,63.636,35.38,1.579,27.829,0.255,20.034,2,6,66.667,12.271,5,60.0,15.558,2,5,4,8,100.0,24.243,1,InpPVKhungPinBar=M2 | InpPVRauChinhTrenThan=2.2 | InpPVPinQuetSoNen=3 | InpPVPinMinATR=1.3 | InpPVPinMaxATR=2.5 | InpPVSoNenTimSL=5
PIN,PIN0127,M2,BUY,TAT_CA,11,7,4,63.636,35.38,1.55,26.931,0.255,20.034,2,6,66.667,12.271,5,60.0,14.66,2,5,4,8,100.0,31.501,1,InpPVKhungPinBar=M2 | InpPVRauChinhTrenThan=2.2 | InpPVPinQuetSoNen=3 | InpPVPinMinATR=1.3 | InpPVPinMaxATR=2.5 | InpPVSoNenTimSL=10
PIN,PIN0028,M1,SELL,TAT_CA,11,7,4,63.636,35.38,1.525,26.85,0.24,20.956,2,7,57.143,24.959,4,75.0,1.891,3,4,4,7,85.714,26.85,6,InpPVKhungPinBar=M1 | InpPVRauChinhTrenThan=2.2 | InpPVPinQuetSoNen=3 | InpPVPinMinATR=1.3 | InpPVPinMaxATR=1.8 | InpPVSoNenTimSL=5
PIN,PIN0031,M1,BUY,TAT_CA,22,12,10,54.545,34.659,1.711,71.523,0.269,31.431,3,16,56.25,70.166,6,50.0,1.357,7,5,10,7,100.0,48.503,1,InpPVKhungPinBar=M1 | InpPVRauChinhTrenThan=2.2 | InpPVPinQuetSoNen=3 | InpPVPinMinATR=1.3 | InpPVPinMaxATR=2.5 | InpPVSoNenTimSL=10
PIN,PIN0030,M1,BUY,TAT_CA,22,12,10,54.545,34.659,1.637,64.007,0.29,31.373,3,16,56.25,62.607,6,50.0,1.4,7,5,10,7,100.0,40.987,1,InpPVKhungPinBar=M1 | InpPVRauChinhTrenThan=2.2 | InpPVPinQuetSoNen=3 | InpPVPinMinATR=1.3 | InpPVPinMaxATR=2.5 | InpPVSoNenTimSL=5
PIN,PIN0038,M1,BUY,TAT_CA,18,10,8,55.556,33.716,1.468,37.627,0.209,31.351,3,12,58.333,36.227,6,50.0,1.4,5,5,8,8,87.5,34.103,1,InpPVKhungPinBar=M1 | InpPVRauChinhTrenThan=2.2 | InpPVPinQuetSoNen=6 | InpPVPinMinATR=1.3 | InpPVPinMaxATR=2.5 | InpPVSoNenTimSL=5
PIN,PIN0039,M1,BUY,TAT_CA,18,10,8,55.556,33.716,1.467,37.584,0.193,31.351,3,12,58.333,36.227,6,50.0,1.357,5,5,8,8,87.5,34.061,1,InpPVKhungPinBar=M1 | InpPVRauChinhTrenThan=2.2 | InpPVPinQuetSoNen=6 | InpPVPinMinATR=1.3 | InpPVPinMaxATR=2.5 | InpPVSoNenTimSL=10
PIN,PIN0289,M4,BUY_SELL,TAT_CA,32,16,16,50.0,33.631,1.333,67.781,0.077,61.794,3,22,45.455,17.035,10,60.0,50.746,7,9,16,7,71.429,32.224,2,InpPVKhungPinBar=M4 | InpPVRauChinhTrenThan=1.8 | InpPVPinQuetSoNen=3 | InpPVPinMinATR=1 | InpPVPinMaxATR=1.8 | InpPVSoNenTimSL=10
PIN,PIN0361,M4,BUY_SELL,TAT_CA,16,9,7,56.25,33.178,1.883,77.449,0.279,41.73,3,11,54.545,62.968,5,60.0,14.481,5,4,7,7,100.0,35.585,2,InpPVKhungPinBar=M4 | InpPVRauChinhTrenThan=3.4 | InpPVPinQuetSoNen=3 | InpPVPinMinATR=1 | InpPVPinMaxATR=1.8 | InpPVSoNenTimSL=10
PIN,PIN0344,M4,BUY_SELL,TAT_CA,16,9,7,56.25,33.178,1.454,40.607,0.169,29.37,2,12,58.333,35.802,4,50.0,4.805,4,5,7,9,88.889,40.607,4,InpPVKhungPinBar=M4 | InpPVRauChinhTrenThan=2.8 | InpPVPinQuetSoNen=6 | InpPVPinMinATR=1 | InpPVPinMaxATR=1.8 | InpPVSoNenTimSL=5
PIN,PIN0360,M4,BUY_SELL,TAT_CA,16,9,7,56.25,33.178,1.459,38.656,0.178,38.198,3,11,54.545,30.684,5,60.0,7.972,4,5,7,7,85.714,36.725,2,InpPVKhungPinBar=M4 | InpPVRauChinhTrenThan=3.4 | InpPVPinQuetSoNen=3 | InpPVPinMinATR=1 | InpPVPinMaxATR=1.8 | InpPVSoNenTimSL=5
PIN,PIN0034,M1,SELL,A,16,9,7,56.25,33.178,1.467,33.149,0.21,20.104,2,12,50.0,14.943,4,75.0,18.206,5,4,7,8,100.0,33.149,4,InpPVKhungPinBar=M1 | InpPVRauChinhTrenThan=2.2 | InpPVPinQuetSoNen=6 | InpPVPinMinATR=1 | InpPVPinMaxATR=2.5 | InpPVSoNenTimSL=5
PIN,PIN0339,M4,BUY,TAT_CA,14,8,6,57.143,32.59,1.967,78.644,0.353,46.295,3,10,60.0,66.522,4,50.0,12.122,5,2,6,8,100.0,51.776,1,InpPVKhungPinBar=M4 | InpPVRauChinhTrenThan=2.8 | InpPVPinQuetSoNen=3 | InpPVPinMinATR=1 | InpPVPinMaxATR=2.5 | InpPVSoNenTimSL=10
PIN,PIN0338,M4,BUY,TAT_CA,14,8,6,57.143,32.59,1.511,39.798,0.225,42.763,3,10,60.0,34.238,4,50.0,5.56,4,3,6,8,87.5,32.215,1,InpPVKhungPinBar=M4 | InpPVRauChinhTrenThan=2.8 | InpPVPinQuetSoNen=3 | InpPVPinMinATR=1 | InpPVPinMaxATR=2.5 | InpPVSoNenTimSL=5
PIN,PIN0317,M4,BUY_SELL,TAT_CA,14,8,6,57.143,32.59,1.426,34.871,0.168,26.3,2,9,55.556,12.494,5,60.0,22.377,3,5,6,8,87.5,33.718,2,InpPVKhungPinBar=M4 | InpPVRauChinhTrenThan=2.2 | InpPVPinQuetSoNen=3 | InpPVPinMinATR=1.3 | InpPVPinMaxATR=1.8 | InpPVSoNenTimSL=10
PIN,PIN0032,M1,SELL,A,14,8,6,57.143,32.59,1.576,34.74,0.248,20.104,2,10,50.0,16.534,4,75.0,18.206,5,3,6,8,100.0,32.404,4,InpPVKhungPinBar=M1 | InpPVRauChinhTrenThan=2.2 | InpPVPinQuetSoNen=6 | InpPVPinMinATR=1 | InpPVPinMaxATR=1.8 | InpPVSoNenTimSL=5
PIN,PIN0192,M3,BUY_SELL,AU,14,8,6,57.143,32.59,1.509,33.465,0.198,12.893,1,9,55.556,25.991,5,60.0,7.474,4,4,6,7,85.714,24.925,2,InpPVKhungPinBar=M3 | InpPVRauChinhTrenThan=1.8 | InpPVPinQuetSoNen=3 | InpPVPinMinATR=1 | InpPVPinMaxATR=1.8 | InpPVSoNenTimSL=5
PIN,PIN0316,M4,BUY_SELL,TAT_CA,14,8,6,57.143,32.59,1.398,32.564,0.169,26.3,2,9,55.556,12.494,5,60.0,20.07,3,5,6,8,87.5,33.718,2,InpPVKhungPinBar=M4 | InpPVRauChinhTrenThan=2.2 | InpPVPinQuetSoNen=3 | InpPVPinMinATR=1.3 | InpPVPinMaxATR=1.8 | InpPVSoNenTimSL=5
PIN,PIN0138,M2,BUY_SELL,AU,14,8,6,57.143,32.59,1.424,27.314,0.172,31.336,3,8,50.0,7.243,6,66.667,20.071,2,6,6,8,75.0,20.947,2,InpPVKhungPinBar=M2 | InpPVRauChinhTrenThan=2.2 | InpPVPinQuetSoNen=10 | InpPVPinMinATR=1 | InpPVPinMaxATR=2.5 | InpPVSoNenTimSL=5
PIN,PIN0388,M5,BUY_SELL,TAT_CA,12,7,5,58.333,31.951,1.959,67.967,0.374,34.961,2,6,50.0,17.7,6,66.667,50.267,6,1,5,7,85.714,30.886,2,InpPVKhungPinBar=M5 | InpPVRauChinhTrenThan=1.8 | InpPVPinQuetSoNen=3 | InpPVPinMinATR=1.3 | InpPVPinMaxATR=1.8 | InpPVSoNenTimSL=5
PIN,PIN0424,M5,BUY_SELL,TAT_CA,12,7,5,58.333,31.951,1.8,51.522,0.317,34.354,2,5,40.0,1.106,7,71.429,50.416,5,2,5,8,87.5,38.027,4,InpPVKhungPinBar=M5 | InpPVRauChinhTrenThan=2.2 | InpPVPinQuetSoNen=10 | InpPVPinMinATR=1 | InpPVPinMaxATR=1.8 | InpPVSoNenTimSL=5
PIN,PIN0326,M4,BUY_SELL,TAT_CA,12,7,5,58.333,31.951,1.529,37.98,0.241,26.3,2,8,62.5,22.514,4,50.0,15.466,3,3,5,9,100.0,32.564,2,InpPVKhungPinBar=M4 | InpPVRauChinhTrenThan=2.2 | InpPVPinQuetSoNen=6 | InpPVPinMinATR=1.3 | InpPVPinMaxATR=2.5 | InpPVSoNenTimSL=5
PIN,PIN0208,M3,BUY_SELL,AU,12,7,5,58.333,31.951,1.707,37.539,0.243,20.664,2,8,50.0,10.924,4,75.0,26.615,4,3,5,7,85.714,24.925,4,InpPVKhungPinBar=M3 | InpPVRauChinhTrenThan=1.8 | InpPVPinQuetSoNen=10 | InpPVPinMinATR=1 | InpPVPinMaxATR=1.8 | InpPVSoNenTimSL=5
PIN,PIN0310,M4,BUY_SELL,TAT_CA,12,7,5,58.333,31.951,1.375,29.958,0.241,31.452,2,9,55.556,4.462,3,66.667,25.496,3,3,5,7,85.714,26.481,2,InpPVKhungPinBar=M4 | InpPVRauChinhTrenThan=1.8 | InpPVPinQuetSoNen=10 | InpPVPinMinATR=1.3 | InpPVPinMaxATR=2.5 | InpPVSoNenTimSL=5
PIN,PIN0028,M1,BUY_SELL,A,12,7,5,58.333,31.951,1.475,23.879,0.199,30.19,3,8,50.0,5.733,4,75.0,18.146,3,4,5,7,85.714,23.821,1,InpPVKhungPinBar=M1 | InpPVRauChinhTrenThan=2.2 | InpPVPinQuetSoNen=3 | InpPVPinMinATR=1.3 | InpPVPinMaxATR=1.8 | InpPVSoNenTimSL=5
PIN,PIN0029,M1,BUY_SELL,A,12,7,5,58.333,31.951,1.473,23.821,0.199,30.248,3,8,50.0,5.675,4,75.0,18.146,3,4,5,7,85.714,23.879,1,InpPVKhungPinBar=M1 | InpPVRauChinhTrenThan=2.2 | InpPVPinQuetSoNen=3 | InpPVPinMinATR=1.3 | InpPVPinMaxATR=1.8 | InpPVSoNenTimSL=10
PIN,PIN0412,M5,BUY_SELL,TAT_CA,10,6,4,60.0,31.267,2.367,74.988,0.5,43.988,3,4,50.0,24.721,6,66.667,50.267,6,0,4,8,87.5,60.416,4,InpPVKhungPinBar=M5 | InpPVRauChinhTrenThan=2.2 | InpPVPinQuetSoNen=3 | InpPVPinMinATR=1.3 | InpPVPinMaxATR=1.8 | InpPVSoNenTimSL=5
PIN,PIN0413,M5,BUY_SELL,TAT_CA,10,6,4,60.0,31.267,2.277,70.038,0.431,43.988,3,4,50.0,19.771,6,66.667,50.267,5,1,4,8,87.5,34.814,4,InpPVKhungPinBar=M5 | InpPVRauChinhTrenThan=2.2 | InpPVPinQuetSoNen=3 | InpPVPinMinATR=1.3 | InpPVPinMaxATR=1.8 | InpPVSoNenTimSL=10
PIN,PIN0216,M3,BUY_SELL,AU,10,6,4,60.0,31.267,1.492,22.311,0.245,25.277,2,6,50.0,4.807,4,75.0,17.504,3,3,4,8,75.0,18.041,2,InpPVKhungPinBar=M3 | InpPVRauChinhTrenThan=2.2 | InpPVPinQuetSoNen=3 | InpPVPinMinATR=1 | InpPVPinMaxATR=1.8 | InpPVSoNenTimSL=5
PIN,PIN0315,M4,BUY,TAT_CA,17,9,8,52.941,30.963,1.661,70.373,0.26,56.325,4,11,54.545,51.484,6,50.0,18.889,6,2,8,8,100.0,29.236,1,InpPVKhungPinBar=M4 | InpPVRauChinhTrenThan=2.2 | InpPVPinQuetSoNen=3 | InpPVPinMinATR=1 | InpPVPinMaxATR=2.5 | InpPVSoNenTimSL=10
PIN,PIN0416,M5,BUY_SELL,TAT_CA,17,9,8,52.941,30.963,1.634,65.561,0.223,63.116,4,8,50.0,37.183,9,55.556,28.378,7,2,8,9,88.889,51.522,2,InpPVKhungPinBar=M5 | InpPVRauChinhTrenThan=2.2 | InpPVPinQuetSoNen=6 | InpPVPinMinATR=1 | InpPVPinMaxATR=1.8 | InpPVSoNenTimSL=5
PIN,PIN0417,M5,BUY_SELL,TAT_CA,17,9,8,52.941,30.963,1.497,55.741,0.183,70.538,4,8,50.0,36.043,9,55.556,19.698,6,3,8,9,88.889,40.346,2,InpPVKhungPinBar=M5 | InpPVRauChinhTrenThan=2.2 | InpPVPinQuetSoNen=6 | InpPVPinMinATR=1 | InpPVPinMaxATR=1.8 | InpPVSoNenTimSL=10
PIN,PIN0314,M4,BUY,TAT_CA,17,9,8,52.941,30.963,1.306,31.527,0.155,52.793,4,11,54.545,19.2,6,50.0,12.327,5,3,8,8,87.5,24.5,1,InpPVKhungPinBar=M4 | InpPVRauChinhTrenThan=2.2 | InpPVPinQuetSoNen=3 | InpPVPinMinATR=1 | InpPVPinMaxATR=2.5 | InpPVSoNenTimSL=5
PIN,PIN0432,M5,BUY_SELL,TAT_CA,13,7,6,53.846,29.143,1.589,48.908,0.215,55.69,4,6,50.0,27.813,7,57.143,21.095,5,2,6,8,87.5,44.627,4,InpPVKhungPinBar=M5 | InpPVRauChinhTrenThan=2.8 | InpPVPinQuetSoNen=3 | InpPVPinMinATR=1 | InpPVPinMaxATR=1.8 | InpPVSoNenTimSL=5
PIN,PIN0433,M5,BUY_SELL,TAT_CA,13,7,6,53.846,29.143,1.446,40.346,0.163,63.112,4,6,50.0,26.673,7,57.143,13.673,4,3,6,8,100.0,37.966,4,InpPVKhungPinBar=M5 | InpPVRauChinhTrenThan=2.8 | InpPVPinQuetSoNen=3 | InpPVPinMinATR=1 | InpPVPinMaxATR=1.8 | InpPVSoNenTimSL=10
PIN,PIN0330,M4,BUY,TAT_CA,13,7,6,53.846,29.143,1.386,31.289,0.186,30.865,2,9,55.556,23.976,4,50.0,7.313,4,2,6,8,87.5,28.218,2,InpPVKhungPinBar=M4 | InpPVRauChinhTrenThan=2.2 | InpPVPinQuetSoNen=10 | InpPVPinMinATR=1 | InpPVPinMaxATR=2.5 | InpPVSoNenTimSL=5
PIN,PIN0175,M2,BUY_SELL,TAT_CA,13,7,6,53.846,29.143,1.427,29.142,0.09,21.872,1,7,57.143,21.813,6,50.0,7.329,3,4,6,7,100.0,25.71,1,InpPVKhungPinBar=M2 | InpPVRauChinhTrenThan=3.4 | InpPVPinQuetSoNen=3 | InpPVPinMinATR=1.3 | InpPVPinMaxATR=2.5 | InpPVSoNenTimSL=10
PIN,PIN0174,M2,BUY_SELL,TAT_CA,13,7,6,53.846,29.143,1.377,25.71,0.089,23.739,1,7,57.143,21.813,6,50.0,3.897,3,4,6,7,100.0,25.039,1,InpPVKhungPinBar=M2 | InpPVRauChinhTrenThan=3.4 | InpPVPinQuetSoNen=3 | InpPVPinMinATR=1.3 | InpPVPinMaxATR=2.5 | InpPVSoNenTimSL=5
PIN,PIN0200,M3,BUY_SELL,AU,13,7,6,53.846,29.143,1.379,24.925,0.147,20.664,2,8,50.0,10.924,5,60.0,14.001,4,3,6,8,75.0,22.888,2,InpPVKhungPinBar=M3 | InpPVRauChinhTrenThan=1.8 | InpPVPinQuetSoNen=6 | InpPVPinMinATR=1 | InpPVPinMaxATR=1.8 | InpPVSoNenTimSL=5
PIN,PIN0224,M3,BUY,TAT_CA,13,7,6,53.846,29.143,1.32,23.169,0.149,25.791,2,7,57.143,21.512,6,50.0,1.657,4,3,6,9,88.889,27.741,2,InpPVKhungPinBar=M3 | InpPVRauChinhTrenThan=2.2 | InpPVPinQuetSoNen=6 | InpPVPinMinATR=1 | InpPVPinMaxATR=1.8 | InpPVSoNenTimSL=5
PIN,PIN0408,M5,BUY_SELL,TAT_CA,18,9,9,50.0,29.031,1.455,52.865,0.155,63.116,4,9,44.444,24.487,9,55.556,28.378,7,2,9,8,87.5,50.762,2,InpPVKhungPinBar=M5 | InpPVRauChinhTrenThan=2.2 | InpPVPinQuetSoNen=3 | InpPVPinMinATR=1 | InpPVPinMaxATR=1.8 | InpPVSoNenTimSL=5
PIN,PIN0396,M5,BUY_SELL,TAT_CA,11,6,5,54.545,28.009,1.831,58.94,0.362,43.988,3,5,40.0,8.673,6,66.667,50.267,6,0,5,8,87.5,48.371,2,InpPVKhungPinBar=M5 | InpPVRauChinhTrenThan=1.8 | InpPVPinQuetSoNen=6 | InpPVPinMinATR=1.3 | InpPVPinMaxATR=1.8 | InpPVSoNenTimSL=5
PIN,PIN0397,M5,BUY_SELL,TAT_CA,11,6,5,54.545,28.009,1.762,53.99,0.299,43.988,3,5,40.0,3.723,6,66.667,50.267,5,1,5,8,87.5,36.819,2,InpPVKhungPinBar=M5 | InpPVRauChinhTrenThan=1.8 | InpPVPinQuetSoNen=6 | InpPVPinMinATR=1.3 | InpPVPinMaxATR=1.8 | InpPVSoNenTimSL=10
PIN,PIN0173,M2,BUY_SELL,TAT_CA,11,6,5,54.545,28.009,1.567,28.471,0.142,13.111,1,6,50.0,3.168,5,60.0,25.303,3,3,5,7,100.0,25.039,1,InpPVKhungPinBar=M2 | InpPVRauChinhTrenThan=3.4 | InpPVPinQuetSoNen=3 | InpPVPinMinATR=1.3 | InpPVPinMaxATR=1.8 | InpPVSoNenTimSL=10
PIN,PIN0172,M2,BUY_SELL,TAT_CA,11,6,5,54.545,28.009,1.499,25.039,0.14,13.111,1,6,50.0,3.168,5,60.0,21.871,3,3,5,7,100.0,25.71,1,InpPVKhungPinBar=M2 | InpPVRauChinhTrenThan=3.4 | InpPVPinQuetSoNen=3 | InpPVPinMinATR=1.3 | InpPVPinMaxATR=1.8 | InpPVSoNenTimSL=5
PIN,PIN0156,M2,BUY_SELL,TAT_CA,11,6,5,54.545,28.009,1.315,15.814,0.074,13.958,1,7,57.143,2.136,4,50.0,13.678,2,4,5,9,66.667,6.441,2,InpPVKhungPinBar=M2 | InpPVRauChinhTrenThan=2.8 | InpPVPinQuetSoNen=6 | InpPVPinMinATR=1.3 | InpPVPinMaxATR=1.8 | InpPVSoNenTimSL=5
PIN,PIN0313,M4,BUY,TAT_CA,16,8,8,50.0,27.999,1.501,53.337,0.199,56.325,4,11,54.545,51.484,5,40.0,1.853,6,2,8,8,87.5,17.387,1,InpPVKhungPinBar=M4 | InpPVRauChinhTrenThan=2.2 | InpPVPinQuetSoNen=3 | InpPVPinMinATR=1 | InpPVPinMaxATR=1.8 | InpPVSoNenTimSL=10
PIN,PIN0416,M5,BUY,TAT_CA,12,6,6,50.0,25.378,1.664,51.087,0.178,55.69,4,5,60.0,37.899,7,42.857,13.188,5,1,6,9,88.889,38.391,2,InpPVKhungPinBar=M5 | InpPVRauChinhTrenThan=2.2 | InpPVPinQuetSoNen=6 | InpPVPinMinATR=1 | InpPVPinMaxATR=1.8 | InpPVSoNenTimSL=5
PIN,PIN0417,M5,BUY,TAT_CA,12,6,6,50.0,25.378,1.482,41.267,0.122,63.112,4,5,60.0,36.759,7,42.857,4.508,4,2,6,9,88.889,35.242,2,InpPVKhungPinBar=M5 | InpPVRauChinhTrenThan=2.2 | InpPVPinQuetSoNen=6 | InpPVPinMinATR=1 | InpPVPinMaxATR=1.8 | InpPVSoNenTimSL=10
PIN,PIN0392,M5,BUY,TAT_CA,15,7,8,46.667,24.809,1.319,33.08,0.067,57.649,3,8,50.0,19.892,7,42.857,13.188,5,2,8,8,75.0,23.863,2,InpPVKhungPinBar=M5 | InpPVRauChinhTrenThan=1.8 | InpPVPinQuetSoNen=6 | InpPVPinMinATR=1 | InpPVPinMaxATR=1.8 | InpPVSoNenTimSL=5
PIN,PIN0432,M5,BUY,TAT_CA,10,5,5,50.0,23.659,1.658,43.804,0.164,55.69,4,5,60.0,37.899,5,40.0,5.905,4,1,5,8,87.5,29.068,4,InpPVKhungPinBar=M5 | InpPVRauChinhTrenThan=2.8 | InpPVPinQuetSoNen=3 | InpPVPinMinATR=1 | InpPVPinMaxATR=1.8 | InpPVSoNenTimSL=5
PIN,PIN0384,M5,BUY_SELL,AU,10,5,5,50.0,23.659,1.558,35.923,0.149,38.051,2,6,50.0,30.658,4,50.0,5.265,4,1,5,7,57.143,26.896,2,InpPVKhungPinBar=M5 | InpPVRauChinhTrenThan=1.8 | InpPVPinQuetSoNen=3 | InpPVPinMinATR=1 | InpPVPinMaxATR=1.8 | InpPVSoNenTimSL=5
PIN,PIN0180,M2,BUY_SELL,TAT_CA,10,5,5,50.0,23.659,1.336,16.846,0.072,13.958,1,6,50.0,3.168,4,50.0,13.678,3,2,5,8,100.0,16.33,2,InpPVKhungPinBar=M2 | InpPVRauChinhTrenThan=3.4 | InpPVPinQuetSoNen=6 | InpPVPinMinATR=1.3 | InpPVPinMaxATR=1.8 | InpPVSoNenTimSL=5
PIN,PIN0408,M5,BUY,TAT_CA,13,6,7,46.154,23.206,1.429,38.391,0.087,55.69,4,6,50.0,25.203,7,42.857,13.188,5,1,7,8,87.5,33.901,2,InpPVKhungPinBar=M5 | InpPVRauChinhTrenThan=2.2 | InpPVPinQuetSoNen=3 | InpPVPinMinATR=1 | InpPVPinMaxATR=1.8 | InpPVSoNenTimSL=5
PVEMA,PVEMA0244,M6,BUY_SELL,A,12,11,1,91.667,64.611,24.505,246.518,0.861,10.488,1,7,85.714,133.857,5,100.0,112.661,4,7,1,8,100.0,169.639,4,InpPVKhungVaoLenh=M6 | InpPVKhungXuHuong=M30 | InpPVADXToiThieu=14 | InpPVSoNenTimSL=10 | InpPVDungSaiHoiATR=0.25 | InpPVThanNenToiThieu=0.3
PVEMA,PVEMA0246,M6,BUY_SELL,A,11,10,1,90.909,62.264,23.901,240.186,0.875,10.488,1,6,83.333,127.525,5,100.0,112.661,4,6,1,8,100.0,163.307,4,InpPVKhungVaoLenh=M6 | InpPVKhungXuHuong=M30 | InpPVADXToiThieu=14 | InpPVSoNenTimSL=10 | InpPVDungSaiHoiATR=0.5 | InpPVThanNenToiThieu=0.3
PVEMA,PVEMA0228,M6,BUY_SELL,A,11,10,1,90.909,62.264,22.637,226.924,0.891,10.488,1,6,83.333,114.263,5,100.0,112.661,4,6,1,8,100.0,145.775,2,InpPVKhungVaoLenh=M6 | InpPVKhungXuHuong=M15 | InpPVADXToiThieu=20 | InpPVSoNenTimSL=10 | InpPVDungSaiHoiATR=0.25 | InpPVThanNenToiThieu=0.3
PVEMA,PVEMA0252,M6,BUY_SELL,A,11,10,1,90.909,62.264,19.011,188.899,0.803,10.488,1,7,85.714,133.857,4,100.0,55.042,3,7,1,9,100.0,154.463,2,InpPVKhungVaoLenh=M6 | InpPVKhungXuHuong=M30 | InpPVADXToiThieu=20 | InpPVSoNenTimSL=10 | InpPVDungSaiHoiATR=0.25 | InpPVThanNenToiThieu=0.3
PVEMA,PVEMA0230,M6,BUY_SELL,A,10,9,1,90.0,59.584,22.033,220.592,0.909,10.488,1,5,80.0,107.931,5,100.0,112.661,4,5,1,8,100.0,135.372,2,InpPVKhungVaoLenh=M6 | InpPVKhungXuHuong=M15 | InpPVADXToiThieu=20 | InpPVSoNenTimSL=10 | InpPVDungSaiHoiATR=0.5 | InpPVThanNenToiThieu=0.3
PVEMA,PVEMA0276,M6,BUY_SELL,A,10,9,1,90.0,59.584,18.521,183.756,0.732,10.488,1,6,83.333,128.714,4,100.0,55.042,2,7,1,8,100.0,162.401,4,InpPVKhungVaoLenh=M6 | InpPVKhungXuHuong=H1 | InpPVADXToiThieu=20 | InpPVSoNenTimSL=10 | InpPVDungSaiHoiATR=0.25 | InpPVThanNenToiThieu=0.3
PVEMA,PVEMA0254,M6,BUY_SELL,A,10,9,1,90.0,59.584,18.407,182.567,0.812,10.488,1,6,83.333,127.525,4,100.0,55.042,3,6,1,9,100.0,144.046,2,InpPVKhungVaoLenh=M6 | InpPVKhungXuHuong=M30 | InpPVADXToiThieu=20 | InpPVSoNenTimSL=10 | InpPVDungSaiHoiATR=0.5 | InpPVThanNenToiThieu=0.3
PVEMA,PVEMA0220,M6,BUY_SELL,A,13,11,2,84.615,57.765,5.814,202.58,0.718,42.082,2,8,75.0,89.919,5,100.0,112.661,4,7,2,7,100.0,129.333,2,InpPVKhungVaoLenh=M6 | InpPVKhungXuHuong=M15 | InpPVADXToiThieu=14 | InpPVSoNenTimSL=10 | InpPVDungSaiHoiATR=0.25 | InpPVThanNenToiThieu=0.3
PVEMA,PVEMA0269,M6,BUY_SELL,A,13,11,2,84.615,57.765,7.584,173.047,0.613,15.796,1,8,75.0,95.336,5,100.0,77.711,2,9,2,7,100.0,150.378,2,InpPVKhungVaoLenh=M6 | InpPVKhungXuHuong=H1 | InpPVADXToiThieu=14 | InpPVSoNenTimSL=10 | InpPVDungSaiHoiATR=0.25 | InpPVThanNenToiThieu=0.5
PVEMA,PVEMA0222,M6,BUY_SELL,A,12,10,2,83.333,55.196,5.663,196.248,0.719,42.082,2,7,71.429,83.587,5,100.0,112.661,4,6,2,7,100.0,123.001,2,InpPVKhungVaoLenh=M6 | InpPVKhungXuHuong=M15 | InpPVADXToiThieu=14 | InpPVSoNenTimSL=10 | InpPVDungSaiHoiATR=0.5 | InpPVThanNenToiThieu=0.3
PVEMA,PVEMA0297,M10,BUY,TAT_CA,12,10,2,83.333,55.196,6.369,194.711,0.551,21.79,1,7,85.714,94.145,5,80.0,100.566,3,6,2,8,100.0,166.955,1,InpPVKhungVaoLenh=M10 | InpPVKhungXuHuong=M15 | InpPVADXToiThieu=20 | InpPVSoNenTimSL=5 | InpPVDungSaiHoiATR=0.25 | InpPVThanNenToiThieu=0.5
PVEMA,PVEMA0303,M10,BUY,TAT_CA,12,10,2,83.333,55.196,5.769,193.059,0.567,26.0,1,7,85.714,102.626,5,80.0,90.433,3,6,2,8,100.0,167.865,1,InpPVKhungVaoLenh=M10 | InpPVKhungXuHuong=M15 | InpPVADXToiThieu=20 | InpPVSoNenTimSL=10 | InpPVDungSaiHoiATR=0.5 | InpPVThanNenToiThieu=0.5
PVEMA,PVEMA0296,M10,BUY,TAT_CA,12,10,2,83.333,55.196,5.484,188.859,0.551,27.642,1,7,85.714,88.293,5,80.0,100.566,3,6,2,8,100.0,173.465,1,InpPVKhungVaoLenh=M10 | InpPVKhungXuHuong=M15 | InpPVADXToiThieu=20 | InpPVSoNenTimSL=5 | InpPVDungSaiHoiATR=0.25 | InpPVThanNenToiThieu=0.3
PVEMA,PVEMA0271,M6,BUY_SELL,A,12,10,2,83.333,55.196,7.343,166.715,0.605,15.796,1,7,71.429,89.004,5,100.0,77.711,2,8,2,7,100.0,144.046,2,InpPVKhungVaoLenh=M6 | InpPVKhungXuHuong=H1 | InpPVADXToiThieu=14 | InpPVSoNenTimSL=10 | InpPVDungSaiHoiATR=0.5 | InpPVThanNenToiThieu=0.5
PVEMA,PVEMA0200,M5,BUY_SELL,A,12,10,2,83.333,55.196,8.657,165.205,0.609,21.576,2,8,87.5,128.265,4,75.0,36.94,3,7,2,8,100.0,145.682,2,InpPVKhungVaoLenh=M5 | InpPVKhungXuHuong=H1 | InpPVADXToiThieu=20 | InpPVSoNenTimSL=5 | InpPVDungSaiHoiATR=0.25 | InpPVThanNenToiThieu=0.3
PVEMA,PVEMA0201,M5,BUY_SELL,A,12,10,2,83.333,55.196,8.338,158.326,0.602,21.576,2,8,87.5,121.386,4,75.0,36.94,3,7,2,8,100.0,137.085,2,InpPVKhungVaoLenh=M5 | InpPVKhungXuHuong=H1 | InpPVADXToiThieu=20 | InpPVSoNenTimSL=5 | InpPVDungSaiHoiATR=0.25 | InpPVThanNenToiThieu=0.5
PVEMA,PVEMA0245,M6,BUY_SELL,A,12,10,2,83.333,55.196,6.721,150.378,0.59,15.796,1,8,75.0,95.336,4,100.0,55.042,2,8,2,8,100.0,136.69,4,InpPVKhungVaoLenh=M6 | InpPVKhungXuHuong=M30 | InpPVADXToiThieu=14 | InpPVSoNenTimSL=10 | InpPVDungSaiHoiATR=0.25 | InpPVThanNenToiThieu=0.5
PVEMA,PVEMA0338,M10,BUY_SELL,TAT_CA,21,16,5,76.19,54.908,3.864,258.782,0.447,35.746,2,15,80.0,190.468,6,66.667,68.314,5,10,5,7,85.714,184.512,2,InpPVKhungVaoLenh=M10 | InpPVKhungXuHuong=H1 | InpPVADXToiThieu=14 | InpPVSoNenTimSL=5 | InpPVDungSaiHoiATR=0.5 | InpPVThanNenToiThieu=0.3
PVEMA,PVEMA0294,M10,BUY_SELL,TAT_CA,21,16,5,76.19,54.908,3.063,227.164,0.41,28.174,1,11,81.818,114.456,10,70.0,112.708,3,12,5,7,85.714,210.778,1,InpPVKhungVaoLenh=M10 | InpPVKhungXuHuong=M15 | InpPVADXToiThieu=14 | InpPVSoNenTimSL=10 | InpPVDungSaiHoiATR=0.5 | InpPVThanNenToiThieu=0.3
PVEMA,PVEMA0292,M10,BUY,TAT_CA,15,12,3,80.0,54.814,4.157,214.97,0.499,28.11,1,9,77.778,89.656,6,83.333,125.314,3,8,3,7,85.714,192.033,1,InpPVKhungVaoLenh=M10 | InpPVKhungXuHuong=M15 | InpPVADXToiThieu=14 | InpPVSoNenTimSL=10 | InpPVDungSaiHoiATR=0.25 | InpPVThanNenToiThieu=0.3
PVEMA,PVEMA0297,M10,BUY_SELL,TAT_CA,15,12,3,80.0,54.814,4.074,198.067,0.483,28.174,1,7,85.714,94.145,8,75.0,103.922,3,8,3,8,87.5,177.96,1,InpPVKhungVaoLenh=M10 | InpPVKhungXuHuong=M15 | InpPVADXToiThieu=20 | InpPVSoNenTimSL=5 | InpPVDungSaiHoiATR=0.25 | InpPVThanNenToiThieu=0.5
PVEMA,PVEMA0303,M10,BUY_SELL,TAT_CA,15,12,3,80.0,54.814,3.861,196.415,0.496,28.174,1,7,85.714,102.626,8,75.0,93.789,3,8,3,8,87.5,169.543,1,InpPVKhungVaoLenh=M10 | InpPVKhungXuHuong=M15 | InpPVADXToiThieu=20 | InpPVSoNenTimSL=10 | InpPVDungSaiHoiATR=0.5 | InpPVThanNenToiThieu=0.5
PVEMA,PVEMA0296,M10,BUY_SELL,TAT_CA,15,12,3,80.0,54.814,3.734,192.215,0.483,28.174,1,7,85.714,88.293,8,75.0,103.922,3,8,3,8,87.5,175.143,1,InpPVKhungVaoLenh=M10 | InpPVKhungXuHuong=M15 | InpPVADXToiThieu=20 | InpPVSoNenTimSL=5 | InpPVDungSaiHoiATR=0.25 | InpPVThanNenToiThieu=0.3
PVEMA,PVEMA0289,M10,BUY,TAT_CA,15,12,3,80.0,54.814,3.932,181.147,0.458,25.508,1,10,80.0,94.93,5,80.0,86.217,3,8,3,7,85.714,178.836,1,InpPVKhungVaoLenh=M10 | InpPVKhungXuHuong=M15 | InpPVADXToiThieu=14 | InpPVSoNenTimSL=5 | InpPVDungSaiHoiATR=0.25 | InpPVThanNenToiThieu=0.5
PVEMA,PVEMA0288,M10,BUY,TAT_CA,15,12,3,80.0,54.814,3.592,175.295,0.458,27.642,1,10,80.0,89.078,5,80.0,86.217,3,8,3,7,100.0,188.859,1,InpPVKhungVaoLenh=M10 | InpPVKhungXuHuong=M15 | InpPVADXToiThieu=14 | InpPVSoNenTimSL=5 | InpPVDungSaiHoiATR=0.25 | InpPVThanNenToiThieu=0.3
PVEMA,PVEMA0294,M10,BUY,TAT_CA,18,14,4,77.778,54.785,3.731,223.808,0.443,26.0,1,11,81.818,114.456,7,71.429,109.352,3,10,4,7,100.0,207.422,1,InpPVKhungVaoLenh=M10 | InpPVKhungXuHuong=M15 | InpPVADXToiThieu=14 | InpPVSoNenTimSL=10 | InpPVDungSaiHoiATR=0.5 | InpPVThanNenToiThieu=0.3
PVEMA,PVEMA0292,M10,BUY_SELL,TAT_CA,18,14,4,77.778,54.785,3.268,218.326,0.451,28.174,1,9,77.778,89.656,9,77.778,128.67,3,10,4,7,85.714,195.389,1,InpPVKhungVaoLenh=M10 | InpPVKhungXuHuong=M15 | InpPVADXToiThieu=14 | InpPVSoNenTimSL=10 | InpPVDungSaiHoiATR=0.25 | InpPVThanNenToiThieu=0.3
PVEMA,PVEMA0312,M10,BUY_SELL,TAT_CA,18,14,4,77.778,54.785,3.587,212.822,0.493,28.73,1,11,81.818,116.198,7,71.429,96.624,5,8,4,8,100.0,188.033,2,InpPVKhungVaoLenh=M10 | InpPVKhungXuHuong=M30 | InpPVADXToiThieu=14 | InpPVSoNenTimSL=5 | InpPVDungSaiHoiATR=0.25 | InpPVThanNenToiThieu=0.3
PVEMA,PVEMA0342,M10,BUY_SELL,TAT_CA,18,14,4,77.778,54.785,3.421,195.127,0.44,28.73,1,11,81.818,114.456,7,71.429,80.671,3,10,4,7,85.714,165.973,2,InpPVKhungVaoLenh=M10 | InpPVKhungXuHuong=H1 | InpPVADXToiThieu=14 | InpPVSoNenTimSL=10 | InpPVDungSaiHoiATR=0.5 | InpPVThanNenToiThieu=0.3
PVEMA,PVEMA0289,M10,BUY_SELL,TAT_CA,18,14,4,77.778,54.785,3.051,184.503,0.417,28.174,1,10,80.0,94.93,8,75.0,89.573,3,10,4,7,85.714,182.192,1,InpPVKhungVaoLenh=M10 | InpPVKhungXuHuong=M15 | InpPVADXToiThieu=14 | InpPVSoNenTimSL=5 | InpPVDungSaiHoiATR=0.25 | InpPVThanNenToiThieu=0.5
PVEMA,PVEMA0288,M10,BUY_SELL,TAT_CA,18,14,4,77.778,54.785,2.865,178.651,0.416,28.174,1,10,80.0,89.078,8,75.0,89.573,3,10,4,7,85.714,192.215,1,InpPVKhungVaoLenh=M10 | InpPVKhungXuHuong=M15 | InpPVADXToiThieu=14 | InpPVSoNenTimSL=5 | InpPVDungSaiHoiATR=0.25 | InpPVThanNenToiThieu=0.3
PVEMA,PVEMA0314,M10,BUY_SELL,TAT_CA,23,17,6,73.913,53.53,3.695,275.302,0.437,35.746,2,15,80.0,190.468,8,62.5,84.834,6,10,6,8,100.0,214.571,2,InpPVKhungVaoLenh=M10 | InpPVKhungXuHuong=M30 | InpPVADXToiThieu=14 | InpPVSoNenTimSL=5 | InpPVDungSaiHoiATR=0.5 | InpPVThanNenToiThieu=0.3
PVEMA,PVEMA0290,M10,BUY_SELL,TAT_CA,23,17,6,73.913,53.53,3.084,241.131,0.378,35.746,2,14,78.571,163.348,9,66.667,77.783,4,12,6,7,85.714,182.192,1,InpPVKhungVaoLenh=M10 | InpPVKhungXuHuong=M15 | InpPVADXToiThieu=14 | InpPVSoNenTimSL=5 | InpPVDungSaiHoiATR=0.5 | InpPVThanNenToiThieu=0.3
PVEMA,PVEMA0298,M10,BUY_SELL,TAT_CA,20,15,5,75.0,53.129,3.824,254.695,0.422,35.746,2,11,81.818,162.563,9,66.667,92.132,4,10,5,8,100.0,193.986,1,InpPVKhungVaoLenh=M10 | InpPVKhungXuHuong=M15 | InpPVADXToiThieu=20 | InpPVSoNenTimSL=5 | InpPVDungSaiHoiATR=0.5 | InpPVThanNenToiThieu=0.3
PVEMA,PVEMA0290,M10,BUY,TAT_CA,20,15,5,75.0,53.129,3.717,237.775,0.403,35.746,2,14,78.571,163.348,6,66.667,74.427,4,10,5,7,100.0,178.836,1,InpPVKhungVaoLenh=M10 | InpPVKhungXuHuong=M15 | InpPVADXToiThieu=14 | InpPVSoNenTimSL=5 | InpPVDungSaiHoiATR=0.5 | InpPVThanNenToiThieu=0.3
PVEMA,PVEMA0318,M10,BUY_SELL,TAT_CA,20,15,5,75.0,53.129,3.425,234.215,0.424,28.73,1,11,81.818,114.456,9,66.667,119.759,4,10,5,8,100.0,202.501,2,InpPVKhungVaoLenh=M10 | InpPVKhungXuHuong=M30 | InpPVADXToiThieu=14 | InpPVSoNenTimSL=10 | InpPVDungSaiHoiATR=0.5 | InpPVThanNenToiThieu=0.3
PVEMA,PVEMA0346,M10,BUY_SELL,TAT_CA,20,15,5,75.0,53.129,3.541,229.599,0.427,35.746,2,15,80.0,190.468,5,60.0,39.131,5,9,5,8,87.5,160.651,4,InpPVKhungVaoLenh=M10 | InpPVKhungXuHuong=H1 | InpPVADXToiThieu=20 | InpPVSoNenTimSL=5 | InpPVDungSaiHoiATR=0.5 | InpPVThanNenToiThieu=0.3
PVEMA,PVEMA0315,M10,BUY_SELL,TAT_CA,20,15,5,75.0,53.129,3.265,204.692,0.393,35.746,2,13,76.923,108.068,7,71.429,96.624,4,10,5,8,100.0,186.873,2,InpPVKhungVaoLenh=M10 | InpPVKhungXuHuong=M30 | InpPVADXToiThieu=14 | InpPVSoNenTimSL=5 | InpPVDungSaiHoiATR=0.5 | InpPVThanNenToiThieu=0.5
PVEMA,PVEMA0291,M10,BUY_SELL,TAT_CA,20,15,5,75.0,53.129,2.753,182.192,0.366,35.746,2,12,75.0,92.619,8,75.0,89.573,3,11,5,7,85.714,195.756,1,InpPVKhungVaoLenh=M10 | InpPVKhungXuHuong=M15 | InpPVADXToiThieu=14 | InpPVSoNenTimSL=5 | InpPVDungSaiHoiATR=0.5 | InpPVThanNenToiThieu=0.5
PVEMA,PVEMA0298,M10,BUY,TAT_CA,17,13,4,76.471,52.738,5.053,251.339,0.459,35.746,2,11,81.818,162.563,6,66.667,88.776,4,8,4,8,100.0,190.63,1,InpPVKhungVaoLenh=M10 | InpPVKhungXuHuong=M15 | InpPVADXToiThieu=20 | InpPVSoNenTimSL=5 | InpPVDungSaiHoiATR=0.5 | InpPVThanNenToiThieu=0.3
PVEMA,PVEMA0316,M10,BUY_SELL,TAT_CA,17,13,4,76.471,52.738,3.724,225.377,0.47,28.73,1,9,77.778,89.656,8,75.0,135.721,4,8,4,8,87.5,193.435,2,InpPVKhungVaoLenh=M10 | InpPVKhungXuHuong=M30 | InpPVADXToiThieu=14 | InpPVSoNenTimSL=10 | InpPVDungSaiHoiATR=0.25 | InpPVThanNenToiThieu=0.3
PVEMA,PVEMA0302,M10,BUY_SELL,TAT_CA,17,13,4,76.471,52.738,3.491,210.778,0.453,28.174,1,8,87.5,113.671,9,66.667,97.107,3,9,4,8,87.5,199.178,1,InpPVKhungVaoLenh=M10 | InpPVKhungXuHuong=M15 | InpPVADXToiThieu=20 | InpPVSoNenTimSL=10 | InpPVDungSaiHoiATR=0.5 | InpPVThanNenToiThieu=0.3
PVEMA,PVEMA0299,M10,BUY_SELL,TAT_CA,17,13,4,76.471,52.738,3.497,195.756,0.416,35.746,2,9,77.778,91.834,8,75.0,103.922,3,9,4,8,87.5,178.374,1,InpPVKhungVaoLenh=M10 | InpPVKhungXuHuong=M15 | InpPVADXToiThieu=20 | InpPVSoNenTimSL=5 | InpPVDungSaiHoiATR=0.5 | InpPVThanNenToiThieu=0.5
PVEMA,PVEMA0313,M10,BUY_SELL,TAT_CA,17,13,4,76.471,52.738,3.507,191.554,0.433,28.73,1,10,80.0,94.93,7,71.429,96.624,4,8,4,8,100.0,193.472,2,InpPVKhungVaoLenh=M10 | InpPVKhungXuHuong=M30 | InpPVADXToiThieu=14 | InpPVSoNenTimSL=5 | InpPVDungSaiHoiATR=0.25 | InpPVThanNenToiThieu=0.5
PVEMA,PVEMA0336,M10,BUY_SELL,TAT_CA,17,13,4,76.471,52.738,3.243,184.512,0.423,28.73,1,11,81.818,116.198,6,66.667,68.314,4,8,4,7,85.714,163.244,2,InpPVKhungVaoLenh=M10 | InpPVKhungXuHuong=H1 | InpPVADXToiThieu=14 | InpPVSoNenTimSL=5 | InpPVDungSaiHoiATR=0.25 | InpPVThanNenToiThieu=0.3
PVEMA,PVEMA0291,M10,BUY,TAT_CA,17,13,4,76.471,52.738,3.361,178.836,0.394,35.746,2,12,75.0,92.619,5,80.0,86.217,3,9,4,7,100.0,192.4,1,InpPVKhungVaoLenh=M10 | InpPVKhungXuHuong=M15 | InpPVADXToiThieu=14 | InpPVSoNenTimSL=5 | InpPVDungSaiHoiATR=0.5 | InpPVThanNenToiThieu=0.5
PVEMA,PVEMA0350,M10,BUY_SELL,TAT_CA,17,13,4,76.471,52.738,3.059,165.973,0.417,28.73,1,11,81.818,114.456,6,66.667,51.517,3,9,4,8,87.5,153.573,4,InpPVKhungVaoLenh=M10 | InpPVKhungXuHuong=H1 | InpPVADXToiThieu=20 | InpPVSoNenTimSL=10 | InpPVDungSaiHoiATR=0.5 | InpPVThanNenToiThieu=0.3
PVEMA,PVEMA0225,M6,BUY_SELL,TAT_CA,25,18,7,72.0,52.423,2.377,198.376,0.486,60.716,2,18,66.667,85.145,7,85.714,113.231,6,11,7,8,100.0,147.553,1,InpPVKhungVaoLenh=M6 | InpPVKhungXuHuong=M15 | InpPVADXToiThieu=20 | InpPVSoNenTimSL=5 | InpPVDungSaiHoiATR=0.25 | InpPVThanNenToiThieu=0.5
PVEMA,PVEMA0302,M10,BUY,TAT_CA,14,11,3,78.571,52.41,4.675,207.422,0.505,26.0,1,8,87.5,113.671,6,66.667,93.751,3,7,3,8,100.0,195.822,1,InpPVKhungVaoLenh=M10 | InpPVKhungXuHuong=M15 | InpPVADXToiThieu=20 | InpPVSoNenTimSL=10 | InpPVDungSaiHoiATR=0.5 | InpPVThanNenToiThieu=0.3
PVEMA,PVEMA0300,M10,BUY_SELL,TAT_CA,14,11,3,78.571,52.41,3.854,201.94,0.515,28.174,1,6,83.333,88.871,8,75.0,113.069,3,7,3,8,87.5,187.694,1,InpPVKhungVaoLenh=M10 | InpPVKhungXuHuong=M15 | InpPVADXToiThieu=20 | InpPVSoNenTimSL=10 | InpPVDungSaiHoiATR=0.25 | InpPVThanNenToiThieu=0.3
PVEMA,PVEMA0299,M10,BUY,TAT_CA,14,11,3,78.571,52.41,4.831,192.4,0.46,35.746,2,9,77.778,91.834,5,80.0,100.566,3,7,3,8,100.0,162.273,1,InpPVKhungVaoLenh=M10 | InpPVKhungXuHuong=M15 | InpPVADXToiThieu=20 | InpPVSoNenTimSL=5 | InpPVDungSaiHoiATR=0.5 | InpPVThanNenToiThieu=0.5
PVEMA,PVEMA0176,M5,BUY_SELL,A,14,11,3,78.571,52.41,5.439,146.401,0.517,21.576,2,10,80.0,109.461,4,75.0,36.94,3,8,3,9,100.0,122.133,2,InpPVKhungVaoLenh=M5 | InpPVKhungXuHuong=M30 | InpPVADXToiThieu=20 | InpPVSoNenTimSL=5 | InpPVDungSaiHoiATR=0.25 | InpPVThanNenToiThieu=0.3
PVEMA,PVEMA0177,M5,BUY_SELL,A,14,11,3,78.571,52.41,5.209,138.796,0.505,21.576,2,10,80.0,101.856,4,75.0,36.94,3,8,3,9,100.0,121.806,2,InpPVKhungVaoLenh=M5 | InpPVKhungXuHuong=M30 | InpPVADXToiThieu=20 | InpPVSoNenTimSL=5 | InpPVDungSaiHoiATR=0.25 | InpPVThanNenToiThieu=0.5
PVEMA,PVEMA0221,M6,BUY_SELL,A,14,11,3,78.571,52.41,3.243,129.333,0.498,41.858,2,9,66.667,51.622,5,100.0,77.711,2,9,3,7,100.0,125.753,2,InpPVKhungVaoLenh=M6 | InpPVKhungXuHuong=M15 | InpPVADXToiThieu=14 | InpPVSoNenTimSL=10 | InpPVDungSaiHoiATR=0.25 | InpPVThanNenToiThieu=0.5
PVEMA,PVEMA0300,M10,BUY,TAT_CA,11,9,2,81.818,52.301,5.663,198.584,0.598,28.11,1,6,83.333,88.871,5,80.0,109.713,3,5,2,8,87.5,186.016,1,InpPVKhungVaoLenh=M10 | InpPVKhungXuHuong=M15 | InpPVADXToiThieu=20 | InpPVSoNenTimSL=10 | InpPVDungSaiHoiATR=0.25 | InpPVThanNenToiThieu=0.3
PVEMA,PVEMA0260,M6,BUY_SELL,A,11,9,2,81.818,52.301,7.098,154.463,0.663,25.33,2,7,71.429,99.421,4,100.0,55.042,3,6,2,8,100.0,128.591,2,InpPVKhungVaoLenh=M6 | InpPVKhungXuHuong=M30 | InpPVADXToiThieu=25 | InpPVSoNenTimSL=10 | InpPVDungSaiHoiATR=0.25 | InpPVThanNenToiThieu=0.3
PVEMA,PVEMA0248,M6,BUY_SELL,A,11,9,2,81.818,52.301,5.073,152.214,0.689,37.37,2,8,75.0,100.737,3,100.0,51.477,4,4,2,9,100.0,144.963,2,InpPVKhungVaoLenh=M6 | InpPVKhungXuHuong=M30 | InpPVADXToiThieu=20 | InpPVSoNenTimSL=5 | InpPVDungSaiHoiATR=0.25 | InpPVThanNenToiThieu=0.3
PVEMA,PVEMA0247,M6,BUY_SELL,A,11,9,2,81.818,52.301,6.48,144.046,0.58,15.796,1,7,71.429,89.004,4,100.0,55.042,2,7,2,8,100.0,133.523,4,InpPVKhungVaoLenh=M6 | InpPVKhungXuHuong=M30 | InpPVADXToiThieu=14 | InpPVSoNenTimSL=10 | InpPVDungSaiHoiATR=0.5 | InpPVThanNenToiThieu=0.5
PVEMA,PVEMA0229,M6,BUY_SELL,A,11,9,2,81.818,52.301,5.976,130.784,0.595,15.796,1,7,71.429,75.742,4,100.0,55.042,2,7,2,8,100.0,125.836,2,InpPVKhungVaoLenh=M6 | InpPVKhungXuHuong=M15 | InpPVADXToiThieu=20 | InpPVSoNenTimSL=10 | InpPVDungSaiHoiATR=0.25 | InpPVThanNenToiThieu=0.5
PVEMA,PVEMA0185,M5,BUY_SELL,A,11,9,2,81.818,52.301,6.363,123.217,0.636,11.574,1,8,75.0,76.275,3,100.0,46.942,3,6,2,8,100.0,111.633,2,InpPVKhungVaoLenh=M5 | InpPVKhungXuHuong=M30 | InpPVADXToiThieu=25 | InpPVSoNenTimSL=5 | InpPVDungSaiHoiATR=0.25 | InpPVThanNenToiThieu=0.5
PVEMA,PVEMA0228,M6,BUY,TAT_CA,27,19,8,70.37,51.519,2.079,208.272,0.452,92.516,2,17,70.588,77.666,10,70.0,130.606,6,13,8,8,100.0,110.813,1,InpPVKhungVaoLenh=M6 | InpPVKhungXuHuong=M15 | InpPVADXToiThieu=20 | InpPVSoNenTimSL=10 | InpPVDungSaiHoiATR=0.25 | InpPVThanNenToiThieu=0.3
PVEMA,PVEMA0339,M10,BUY_SELL,TAT_CA,19,14,5,73.684,51.208,2.952,176.382,0.325,35.746,2,13,76.923,108.068,6,66.667,68.314,3,10,5,7,85.714,154.929,2,InpPVKhungVaoLenh=M10 | InpPVKhungXuHuong=H1 | InpPVADXToiThieu=14 | InpPVSoNenTimSL=5 | InpPVDungSaiHoiATR=0.5 | InpPVThanNenToiThieu=0.5
PVEMA,PVEMA0228,M6,BUY_SELL,TAT_CA,29,20,9,68.966,50.77,1.927,203.351,0.416,97.437,2,17,70.588,77.666,12,66.667,125.685,6,14,9,8,100.0,120.877,1,InpPVKhungVaoLenh=M6 | InpPVKhungXuHuong=M15 | InpPVADXToiThieu=20 | InpPVSoNenTimSL=10 | InpPVDungSaiHoiATR=0.25 | InpPVThanNenToiThieu=0.3
PVEMA,PVEMA0326,M10,BUY_SELL,TAT_CA,16,12,4,75.0,50.501,3.702,192.01,0.453,26.0,1,8,87.5,101.405,8,62.5,90.605,4,7,4,9,100.0,167.67,2,InpPVKhungVaoLenh=M10 | InpPVKhungXuHuong=M30 | InpPVADXToiThieu=20 | InpPVSoNenTimSL=10 | InpPVDungSaiHoiATR=0.5 | InpPVThanNenToiThieu=0.3
PVEMA,PVEMA0340,M10,BUY_SELL,TAT_CA,16,12,4,75.0,50.501,3.059,170.327,0.401,28.73,1,9,77.778,89.656,7,71.429,80.671,3,8,4,7,85.714,156.095,2,InpPVKhungVaoLenh=M10 | InpPVKhungXuHuong=H1 | InpPVADXToiThieu=14 | InpPVSoNenTimSL=10 | InpPVDungSaiHoiATR=0.25 | InpPVThanNenToiThieu=0.3
PVEMA,PVEMA0192,M5,BUY_SELL,A,16,12,4,75.0,50.501,4.661,167.812,0.474,45.844,4,9,88.889,146.253,7,57.143,21.559,4,8,4,7,100.0,122.71,2,InpPVKhungVaoLenh=M5 | InpPVKhungXuHuong=H1 | InpPVADXToiThieu=14 | InpPVSoNenTimSL=5 | InpPVDungSaiHoiATR=0.25 | InpPVThanNenToiThieu=0.3
PVEMA,PVEMA0337,M10,BUY_SELL,TAT_CA,16,12,4,75.0,50.501,3.137,163.244,0.355,28.73,1,10,80.0,94.93,6,66.667,68.314,3,8,4,7,85.714,176.382,2,InpPVKhungVaoLenh=M10 | InpPVKhungXuHuong=H1 | InpPVADXToiThieu=14 | InpPVSoNenTimSL=5 | InpPVDungSaiHoiATR=0.25 | InpPVThanNenToiThieu=0.5
PVEMA,PVEMA0344,M10,BUY_SELL,TAT_CA,16,12,4,75.0,50.501,2.888,155.329,0.397,28.73,1,11,81.818,116.198,5,60.0,39.131,4,7,4,8,87.5,148.251,4,InpPVKhungVaoLenh=M10 | InpPVKhungXuHuong=H1 | InpPVADXToiThieu=20 | InpPVSoNenTimSL=5 | InpPVDungSaiHoiATR=0.25 | InpPVThanNenToiThieu=0.3
PVEMA,PVEMA0209,M5,BUY_SELL,TAT_CA,31,21,10,67.742,50.141,2.042,167.07,0.35,37.024,2,25,68.0,116.346,6,66.667,50.724,4,17,10,7,100.0,123.087,2,InpPVKhungVaoLenh=M5 | InpPVKhungXuHuong=H1 | InpPVADXToiThieu=25 | InpPVSoNenTimSL=5 | InpPVDungSaiHoiATR=0.25 | InpPVThanNenToiThieu=0.5
PVEMA,PVEMA0295,M10,BUY_SELL,TAT_CA,21,15,6,71.429,50.043,2.603,202.824,0.347,32.382,2,10,80.0,103.411,11,63.636,99.413,3,11,6,7,85.714,195.389,1,InpPVKhungVaoLenh=M10 | InpPVKhungXuHuong=M15 | InpPVADXToiThieu=14 | InpPVSoNenTimSL=10 | InpPVDungSaiHoiATR=0.5 | InpPVThanNenToiThieu=0.5
PVEMA,PVEMA0230,M6,BUY,TAT_CA,26,18,8,69.231,50.011,2.18,216.242,0.484,82.728,2,16,68.75,85.636,10,70.0,130.606,6,12,8,8,100.0,115.55,1,InpPVKhungVaoLenh=M6 | InpPVKhungXuHuong=M15 | InpPVADXToiThieu=20 | InpPVSoNenTimSL=10 | InpPVDungSaiHoiATR=0.5 | InpPVThanNenToiThieu=0.3
PVEMA,PVEMA0281,M6,BUY_SELL,TAT_CA,26,18,8,69.231,50.011,2.155,178.439,0.38,60.716,2,22,63.636,81.139,4,100.0,97.3,4,13,8,7,100.0,134.061,2,InpPVKhungVaoLenh=M6 | InpPVKhungXuHuong=H1 | InpPVADXToiThieu=25 | InpPVSoNenTimSL=5 | InpPVDungSaiHoiATR=0.25 | InpPVThanNenToiThieu=0.5
PVEMA,PVEMA0324,M10,BUY_SELL,TAT_CA,13,10,3,76.923,49.743,4.201,183.172,0.52,28.11,1,6,83.333,76.605,7,71.429,106.567,4,5,3,9,88.889,160.235,2,InpPVKhungVaoLenh=M10 | InpPVKhungXuHuong=M30 | InpPVADXToiThieu=20 | InpPVSoNenTimSL=10 | InpPVDungSaiHoiATR=0.25 | InpPVThanNenToiThieu=0.3
PVEMA,PVEMA0320,M10,BUY_SELL,TAT_CA,13,10,3,76.923,49.743,4.024,171.634,0.577,27.642,1,7,85.714,104.193,6,66.667,67.441,5,4,3,9,88.889,155.329,2,InpPVKhungVaoLenh=M10 | InpPVKhungXuHuong=M30 | InpPVADXToiThieu=20 | InpPVSoNenTimSL=5 | InpPVDungSaiHoiATR=0.25 | InpPVThanNenToiThieu=0.3
PVEMA,PVEMA0264,M6,BUY_SELL,A,13,10,3,76.923,49.743,3.694,144.158,0.568,53.504,3,8,75.0,100.737,5,80.0,43.421,4,5,3,7,100.0,136.258,2,InpPVKhungVaoLenh=M6 | InpPVKhungXuHuong=H1 | InpPVADXToiThieu=14 | InpPVSoNenTimSL=5 | InpPVDungSaiHoiATR=0.25 | InpPVThanNenToiThieu=0.3
PVEMA,PVEMA0265,M6,BUY_SELL,A,13,10,3,76.923,49.743,4.163,136.258,0.545,27.282,2,9,66.667,76.703,4,100.0,59.555,3,6,3,7,100.0,128.18,2,InpPVKhungVaoLenh=M6 | InpPVKhungXuHuong=H1 | InpPVADXToiThieu=14 | InpPVSoNenTimSL=5 | InpPVDungSaiHoiATR=0.25 | InpPVThanNenToiThieu=0.5
PVEMA,PVEMA0217,M6,BUY_SELL,A,13,10,3,76.923,49.743,3.919,125.753,0.513,27.282,2,9,66.667,66.198,4,100.0,59.555,3,6,3,7,100.0,127.219,2,InpPVKhungVaoLenh=M6 | InpPVKhungXuHuong=M15 | InpPVADXToiThieu=14 | InpPVSoNenTimSL=5 | InpPVDungSaiHoiATR=0.25 | InpPVThanNenToiThieu=0.5
PVEMA,PVEMA0223,M6,BUY_SELL,A,13,10,3,76.923,49.743,3.133,123.001,0.482,41.858,2,8,62.5,45.29,5,100.0,77.711,2,8,3,7,100.0,124.452,2,InpPVKhungVaoLenh=M6 | InpPVKhungXuHuong=M15 | InpPVADXToiThieu=14 | InpPVSoNenTimSL=10 | InpPVDungSaiHoiATR=0.5 | InpPVThanNenToiThieu=0.5
PVEMA,PVEMA0241,M6,BUY_SELL,TAT_CA,33,22,11,66.667,49.608,2.098,219.959,0.347,83.163,4,25,60.0,70.278,8,87.5,149.681,6,15,11,8,100.0,185.152,2,InpPVKhungVaoLenh=M6 | InpPVKhungXuHuong=M30 | InpPVADXToiThieu=14 | InpPVSoNenTimSL=5 | InpPVDungSaiHoiATR=0.25 | InpPVThanNenToiThieu=0.5
PVEMA,PVEMA0230,M6,BUY_SELL,TAT_CA,28,19,9,67.857,49.339,2.009,211.321,0.444,87.649,2,16,68.75,85.636,12,66.667,125.685,6,13,9,8,100.0,116.548,1,InpPVKhungVaoLenh=M6 | InpPVKhungXuHuong=M15 | InpPVADXToiThieu=20 | InpPVSoNenTimSL=10 | InpPVDungSaiHoiATR=0.5 | InpPVThanNenToiThieu=0.3
PVEMA,PVEMA0225,M6,BUY,TAT_CA,23,16,7,69.565,49.134,2.151,165.85,0.439,67.014,3,18,66.667,85.145,5,80.0,80.705,5,10,7,8,100.0,136.434,1,InpPVKhungVaoLenh=M6 | InpPVKhungXuHuong=M15 | InpPVADXToiThieu=20 | InpPVSoNenTimSL=5 | InpPVDungSaiHoiATR=0.25 | InpPVThanNenToiThieu=0.5
PVEMA,PVEMA0295,M10,BUY,TAT_CA,18,13,5,72.222,49.127,3.028,199.468,0.37,32.382,2,10,80.0,103.411,8,62.5,96.057,3,9,5,7,100.0,192.033,1,InpPVKhungVaoLenh=M10 | InpPVKhungXuHuong=M15 | InpPVADXToiThieu=14 | InpPVSoNenTimSL=10 | InpPVDungSaiHoiATR=0.5 | InpPVThanNenToiThieu=0.5
PVEMA,PVEMA0233,M6,BUY_SELL,TAT_CA,18,13,5,72.222,49.127,2.88,156.698,0.539,35.768,2,13,69.231,103.999,5,80.0,52.699,5,8,5,7,100.0,94.384,1,InpPVKhungVaoLenh=M6 | InpPVKhungXuHuong=M15 | InpPVADXToiThieu=25 | InpPVSoNenTimSL=5 | InpPVDungSaiHoiATR=0.25 | InpPVThanNenToiThieu=0.5
PVEMA,PVEMA0347,M10,BUY_SELL,TAT_CA,18,13,5,72.222,49.127,2.629,147.199,0.297,35.746,2,13,76.923,108.068,5,60.0,39.131,3,9,5,8,87.5,146.455,4,InpPVKhungVaoLenh=M10 | InpPVKhungXuHuong=H1 | InpPVADXToiThieu=20 | InpPVSoNenTimSL=5 | InpPVDungSaiHoiATR=0.5 | InpPVThanNenToiThieu=0.5
PVEMA,PVEMA0314,M10,BUY_SELL,A,10,8,2,80.0,49.016,8.055,196.107,0.674,14.478,1,5,100.0,151.52,5,60.0,44.587,4,3,2,8,87.5,124.834,4,InpPVKhungVaoLenh=M10 | InpPVKhungXuHuong=M30 | InpPVADXToiThieu=14 | InpPVSoNenTimSL=5 | InpPVDungSaiHoiATR=0.5 | InpPVThanNenToiThieu=0.3
PVEMA,PVEMA0290,M10,BUY_SELL,A,10,8,2,80.0,49.016,7.535,181.665,0.596,14.478,1,4,100.0,124.4,6,66.667,57.265,3,4,2,7,100.0,121.027,1,InpPVKhungVaoLenh=M10 | InpPVKhungXuHuong=M15 | InpPVADXToiThieu=14 | InpPVSoNenTimSL=5 | InpPVDungSaiHoiATR=0.5 | InpPVThanNenToiThieu=0.3
PVEMA,PVEMA0273,M6,BUY_SELL,A,10,8,2,80.0,49.016,6.832,159.107,0.652,27.282,2,7,71.429,107.63,3,100.0,51.477,3,4,2,8,100.0,140.446,2,InpPVKhungVaoLenh=M6 | InpPVKhungXuHuong=H1 | InpPVADXToiThieu=20 | InpPVSoNenTimSL=5 | InpPVDungSaiHoiATR=0.25 | InpPVThanNenToiThieu=0.5
PVEMA,PVEMA0256,M6,BUY_SELL,A,10,8,2,80.0,49.016,8.577,155.379,0.707,20.506,2,7,71.429,103.902,3,100.0,51.477,4,3,2,8,100.0,123.525,2,InpPVKhungVaoLenh=M6 | InpPVKhungXuHuong=M30 | InpPVADXToiThieu=25 | InpPVSoNenTimSL=5 | InpPVDungSaiHoiATR=0.25 | InpPVThanNenToiThieu=0.3
PVEMA,PVEMA0224,M6,BUY_SELL,A,10,8,2,80.0,49.016,6.607,149.263,0.707,26.622,2,6,83.333,113.92,4,75.0,35.343,4,3,2,8,100.0,131.242,2,InpPVKhungVaoLenh=M6 | InpPVKhungXuHuong=M15 | InpPVADXToiThieu=20 | InpPVSoNenTimSL=5 | InpPVDungSaiHoiATR=0.25 | InpPVThanNenToiThieu=0.3
PVEMA,PVEMA0272,M6,BUY_SELL,A,10,8,2,80.0,49.016,4.879,144.963,0.608,37.37,2,7,71.429,93.486,3,100.0,51.477,3,4,2,8,100.0,148.186,2,InpPVKhungVaoLenh=M6 | InpPVKhungXuHuong=H1 | InpPVADXToiThieu=20 | InpPVSoNenTimSL=5 | InpPVDungSaiHoiATR=0.25 | InpPVThanNenToiThieu=0.3
PVEMA,PVEMA0189,M5,BUY_SELL,A,10,8,2,80.0,49.016,7.006,137.986,0.579,11.574,1,6,66.667,83.854,4,100.0,54.132,2,6,2,8,100.0,116.12,2,InpPVKhungVaoLenh=M5 | InpPVKhungXuHuong=M30 | InpPVADXToiThieu=25 | InpPVSoNenTimSL=10 | InpPVDungSaiHoiATR=0.25 | InpPVThanNenToiThieu=0.5
PVEMA,PVEMA0225,M6,BUY_SELL,A,10,8,2,80.0,49.016,5.84,127.219,0.633,15.796,1,7,71.429,75.742,3,100.0,51.477,3,4,2,8,100.0,119.25,2,InpPVKhungVaoLenh=M6 | InpPVKhungXuHuong=M15 | InpPVADXToiThieu=20 | InpPVSoNenTimSL=5 | InpPVDungSaiHoiATR=0.25 | InpPVThanNenToiThieu=0.5
PVEMA,PVEMA0231,M6,BUY_SELL,A,10,8,2,80.0,49.016,5.735,124.452,0.585,15.796,1,6,66.667,69.41,4,100.0,55.042,2,6,2,8,100.0,117.874,2,InpPVKhungVaoLenh=M6 | InpPVKhungXuHuong=M15 | InpPVADXToiThieu=20 | InpPVSoNenTimSL=10 | InpPVDungSaiHoiATR=0.5 | InpPVThanNenToiThieu=0.5
PVEMA,PVEMA0294,M10,BUY_SELL,A,10,8,2,80.0,49.016,3.939,121.027,0.532,26.7,1,3,100.0,64.785,7,71.429,56.242,2,5,2,7,100.0,109.382,1,InpPVKhungVaoLenh=M10 | InpPVKhungXuHuong=M15 | InpPVADXToiThieu=14 | InpPVSoNenTimSL=10 | InpPVDungSaiHoiATR=0.5 | InpPVThanNenToiThieu=0.3
PVEMA,PVEMA0285,M6,BUY_SELL,A,10,8,2,80.0,49.016,5.275,112.376,0.483,15.796,1,7,71.429,70.429,3,100.0,41.947,1,7,2,7,100.0,97.526,2,InpPVKhungVaoLenh=M6 | InpPVKhungXuHuong=H1 | InpPVADXToiThieu=25 | InpPVSoNenTimSL=10 | InpPVDungSaiHoiATR=0.25 | InpPVThanNenToiThieu=0.5
PVEMA,PVEMA0229,M6,BUY_SELL,TAT_CA,25,17,8,68.0,48.41,1.715,130.935,0.38,84.545,2,17,64.706,37.114,8,75.0,93.821,4,13,8,8,100.0,130.122,1,InpPVKhungVaoLenh=M6 | InpPVKhungXuHuong=M15 | InpPVADXToiThieu=20 | InpPVSoNenTimSL=10 | InpPVDungSaiHoiATR=0.25 | InpPVThanNenToiThieu=0.5
PVEMA,PVEMA0201,M5,BUY_SELL,TAT_CA,32,21,11,65.625,48.311,2.086,189.795,0.324,49.635,3,24,66.667,137.393,8,62.5,52.402,5,16,11,8,100.0,164.03,2,InpPVKhungVaoLenh=M5 | InpPVKhungXuHuong=H1 | InpPVADXToiThieu=20 | InpPVSoNenTimSL=5 | InpPVDungSaiHoiATR=0.25 | InpPVThanNenToiThieu=0.5
PVEMA,PVEMA0244,M6,BUY_SELL,TAT_CA,32,21,11,65.625,48.311,1.734,184.43,0.33,114.27,4,21,61.905,45.91,11,72.727,138.52,6,15,11,8,100.0,133.457,2,InpPVKhungVaoLenh=M6 | InpPVKhungXuHuong=M30 | InpPVADXToiThieu=14 | InpPVSoNenTimSL=10 | InpPVDungSaiHoiATR=0.25 | InpPVThanNenToiThieu=0.3
PVEMA,PVEMA0265,M6,BUY_SELL,TAT_CA,32,21,11,65.625,48.311,1.892,178.749,0.311,83.163,4,25,60.0,70.278,7,85.714,108.471,5,15,11,7,100.0,163.244,2,InpPVKhungVaoLenh=M6 | InpPVKhungXuHuong=H1 | InpPVADXToiThieu=14 | InpPVSoNenTimSL=5 | InpPVDungSaiHoiATR=0.25 | InpPVThanNenToiThieu=0.5
PVEMA,PVEMA0169,M5,BUY_SELL,TAT_CA,41,26,15,63.415,48.12,1.847,192.498,0.274,49.635,3,27,66.667,128.309,14,57.143,64.189,6,20,15,8,100.0,160.075,2,InpPVKhungVaoLenh=M5 | InpPVKhungXuHuong=M30 | InpPVADXToiThieu=14 | InpPVSoNenTimSL=5 | InpPVDungSaiHoiATR=0.25 | InpPVThanNenToiThieu=0.5
PVEMA,PVEMA0319,M10,BUY_SELL,TAT_CA,20,14,6,70.0,48.102,2.857,209.875,0.358,32.382,2,10,80.0,103.411,10,60.0,106.464,4,9,6,8,100.0,185.055,2,InpPVKhungVaoLenh=M10 | InpPVKhungXuHuong=M30 | InpPVADXToiThieu=14 | InpPVSoNenTimSL=10 | InpPVDungSaiHoiATR=0.5 | InpPVThanNenToiThieu=0.5
PVEMA,PVEMA0293,M10,BUY_SELL,TAT_CA,20,14,6,70.0,48.102,2.597,195.389,0.324,32.382,2,9,77.778,95.976,11,63.636,99.413,3,10,6,7,85.714,184.503,1,InpPVKhungVaoLenh=M10 | InpPVKhungXuHuong=M15 | InpPVADXToiThieu=14 | InpPVSoNenTimSL=10 | InpPVDungSaiHoiATR=0.25 | InpPVThanNenToiThieu=0.5
PVEMA,PVEMA0202,M5,BUY_SELL,A,15,11,4,73.333,48.049,3.36,142.254,0.394,24.794,2,11,72.727,105.314,4,75.0,36.94,3,8,4,8,100.0,126.538,2,InpPVKhungVaoLenh=M5 | InpPVKhungXuHuong=H1 | InpPVADXToiThieu=20 | InpPVSoNenTimSL=5 | InpPVDungSaiHoiATR=0.5 | InpPVThanNenToiThieu=0.3
PVEMA,PVEMA0348,M10,BUY_SELL,TAT_CA,15,11,4,73.333,48.049,2.707,141.173,0.373,28.73,1,9,77.778,89.656,6,66.667,51.517,3,7,4,8,87.5,148.251,4,InpPVKhungVaoLenh=M10 | InpPVKhungXuHuong=H1 | InpPVADXToiThieu=20 | InpPVSoNenTimSL=10 | InpPVDungSaiHoiATR=0.25 | InpPVThanNenToiThieu=0.3
PVEMA,PVEMA0203,M5,BUY_SELL,A,15,11,4,73.333,48.049,3.246,135.375,0.388,24.794,2,11,72.727,98.435,4,75.0,36.94,3,8,4,8,100.0,119.215,2,InpPVKhungVaoLenh=M5 | InpPVKhungXuHuong=H1 | InpPVADXToiThieu=20 | InpPVSoNenTimSL=5 | InpPVDungSaiHoiATR=0.5 | InpPVThanNenToiThieu=0.5
PVEMA,PVEMA0345,M10,BUY_SELL,TAT_CA,15,11,4,73.333,48.049,2.755,134.061,0.324,28.73,1,10,80.0,94.93,5,60.0,39.131,3,7,4,8,87.5,148.783,4,InpPVKhungVaoLenh=M10 | InpPVKhungXuHuong=H1 | InpPVADXToiThieu=20 | InpPVSoNenTimSL=5 | InpPVDungSaiHoiATR=0.25 | InpPVThanNenToiThieu=0.5
PVEMA,PVEMA0240,M6,BUY_SELL,TAT_CA,34,22,12,64.706,47.914,1.817,204.68,0.313,123.073,4,23,60.87,57.262,11,72.727,147.418,7,14,12,8,100.0,173.24,2,InpPVKhungVaoLenh=M6 | InpPVKhungXuHuong=M30 | InpPVADXToiThieu=14 | InpPVSoNenTimSL=5 | InpPVDungSaiHoiATR=0.25 | InpPVThanNenToiThieu=0.3
PVEMA,PVEMA0227,M6,BUY_SELL,TAT_CA,27,18,9,66.667,47.824,2.012,174.556,0.435,56.29,2,20,60.0,61.325,7,85.714,113.231,6,11,9,8,100.0,125.623,1,InpPVKhungVaoLenh=M6 | InpPVKhungXuHuong=M15 | InpPVADXToiThieu=20 | InpPVSoNenTimSL=5 | InpPVDungSaiHoiATR=0.5 | InpPVThanNenToiThieu=0.5
PVEMA,PVEMA0144,M5,BUY_SELL,TAT_CA,45,28,17,62.222,47.63,1.451,124.396,0.221,77.525,4,28,64.286,95.356,17,58.824,29.04,5,23,17,7,100.0,81.798,1,InpPVKhungVaoLenh=M5 | InpPVKhungXuHuong=M15 | InpPVADXToiThieu=14 | InpPVSoNenTimSL=5 | InpPVDungSaiHoiATR=0.25 | InpPVThanNenToiThieu=0.3
PVEMA,PVEMA0176,M5,BUY_SELL,TAT_CA,36,23,13,63.889,47.575,1.931,171.779,0.284,59.667,4,24,66.667,142.956,12,58.333,28.823,5,18,13,9,100.0,137.031,2,InpPVKhungVaoLenh=M5 | InpPVKhungXuHuong=M30 | InpPVADXToiThieu=20 | InpPVSoNenTimSL=5 | InpPVDungSaiHoiATR=0.25 | InpPVThanNenToiThieu=0.3
PVEMA,PVEMA0268,M6,BUY_SELL,TAT_CA,29,19,10,65.517,47.345,1.656,156.095,0.322,114.27,4,21,61.905,45.91,8,75.0,110.185,5,14,10,7,100.0,149.599,2,InpPVKhungVaoLenh=M6 | InpPVKhungXuHuong=H1 | InpPVADXToiThieu=14 | InpPVSoNenTimSL=10 | InpPVDungSaiHoiATR=0.25 | InpPVThanNenToiThieu=0.3
PVEMA,PVEMA0256,M6,BUY_SELL,TAT_CA,22,15,7,68.182,47.318,2.341,171.361,0.406,93.652,3,17,58.824,86.683,5,100.0,84.678,5,9,7,8,100.0,109.42,2,InpPVKhungVaoLenh=M6 | InpPVKhungXuHuong=M30 | InpPVADXToiThieu=25 | InpPVSoNenTimSL=5 | InpPVDungSaiHoiATR=0.25 | InpPVThanNenToiThieu=0.3
PVEMA,PVEMA0193,M5,BUY_SELL,TAT_CA,38,24,14,63.158,47.284,1.783,164.625,0.256,49.635,3,27,66.667,127.604,11,54.545,37.021,5,19,14,7,100.0,166.043,2,InpPVKhungVaoLenh=M5 | InpPVKhungXuHuong=H1 | InpPVADXToiThieu=14 | InpPVSoNenTimSL=5 | InpPVDungSaiHoiATR=0.25 | InpPVThanNenToiThieu=0.5
PVEMA,PVEMA0145,M5,BUY,TAT_CA,40,25,15,62.5,47.032,1.606,137.691,0.246,81.921,3,27,66.667,122.294,13,53.846,15.397,5,20,15,7,100.0,113.938,1,InpPVKhungVaoLenh=M5 | InpPVKhungXuHuong=M15 | InpPVADXToiThieu=14 | InpPVSoNenTimSL=5 | InpPVDungSaiHoiATR=0.25 | InpPVThanNenToiThieu=0.5
PVEMA,PVEMA0246,M6,BUY_SELL,TAT_CA,31,20,11,64.516,46.948,1.797,192.4,0.353,104.482,4,20,60.0,53.88,11,72.727,138.52,6,14,11,8,100.0,141.427,2,InpPVKhungVaoLenh=M6 | InpPVKhungXuHuong=M30 | InpPVADXToiThieu=14 | InpPVSoNenTimSL=10 | InpPVDungSaiHoiATR=0.5 | InpPVThanNenToiThieu=0.3
PVEMA,PVEMA0264,M6,BUY_SELL,TAT_CA,31,20,11,64.516,46.948,1.627,149.599,0.308,123.073,4,23,60.87,57.262,8,75.0,92.337,6,13,11,7,100.0,166.043,2,InpPVKhungVaoLenh=M6 | InpPVKhungXuHuong=H1 | InpPVADXToiThieu=14 | InpPVSoNenTimSL=5 | InpPVDungSaiHoiATR=0.25 | InpPVThanNenToiThieu=0.3
PVEMA,PVEMA0293,M10,BUY,TAT_CA,17,12,5,70.588,46.866,3.039,192.033,0.344,32.382,2,9,77.778,95.976,8,62.5,96.057,3,8,5,7,85.714,181.147,1,InpPVKhungVaoLenh=M10 | InpPVKhungXuHuong=M15 | InpPVADXToiThieu=14 | InpPVSoNenTimSL=10 | InpPVDungSaiHoiATR=0.25 | InpPVThanNenToiThieu=0.5
PVEMA,PVEMA0193,M5,BUY_SELL,A,17,12,5,70.588,46.866,3.144,122.71,0.343,45.844,4,10,80.0,101.151,7,57.143,21.559,3,9,5,7,100.0,114.528,2,InpPVKhungVaoLenh=M5 | InpPVKhungXuHuong=H1 | InpPVADXToiThieu=14 | InpPVSoNenTimSL=5 | InpPVDungSaiHoiATR=0.25 | InpPVThanNenToiThieu=0.5
PVEMA,PVEMA0179,M5,BUY_SELL,A,17,12,5,70.588,46.866,2.616,115.845,0.334,24.794,2,13,69.231,78.905,4,75.0,36.94,3,9,5,9,100.0,100.266,2,InpPVKhungVaoLenh=M5 | InpPVKhungXuHuong=M30 | InpPVADXToiThieu=20 | InpPVSoNenTimSL=5 | InpPVDungSaiHoiATR=0.5 | InpPVThanNenToiThieu=0.5
PVEMA,PVEMA0171,M5,BUY_SELL,TAT_CA,42,26,16,61.905,46.814,1.661,169.334,0.242,42.188,3,28,64.286,105.145,14,57.143,64.189,6,20,16,8,100.0,126.45,2,InpPVKhungVaoLenh=M5 | InpPVKhungXuHuong=M30 | InpPVADXToiThieu=14 | InpPVSoNenTimSL=5 | InpPVDungSaiHoiATR=0.5 | InpPVThanNenToiThieu=0.5
PVEMA,PVEMA0145,M5,BUY_SELL,TAT_CA,42,26,16,61.905,46.814,1.562,137.789,0.23,81.823,4,27,66.667,122.294,15,53.333,15.495,5,21,16,7,100.0,124.396,1,InpPVKhungVaoLenh=M5 | InpPVKhungXuHuong=M15 | InpPVADXToiThieu=14 | InpPVSoNenTimSL=5 | InpPVDungSaiHoiATR=0.25 | InpPVThanNenToiThieu=0.5
PVEMA,PVEMA0144,M5,BUY,TAT_CA,42,26,16,61.905,46.814,1.441,113.938,0.226,87.983,3,28,64.286,95.356,14,57.143,18.582,5,21,16,7,100.0,74.509,1,InpPVKhungVaoLenh=M5 | InpPVKhungXuHuong=M15 | InpPVADXToiThieu=14 | InpPVSoNenTimSL=5 | InpPVDungSaiHoiATR=0.25 | InpPVThanNenToiThieu=0.3
PVEMA,PVEMA0321,M10,BUY_SELL,TAT_CA,12,9,3,75.0,46.769,3.954,150.366,0.501,21.79,1,6,83.333,82.925,6,66.667,67.441,4,4,3,9,88.889,152.312,2,InpPVKhungVaoLenh=M10 | InpPVKhungXuHuong=M30 | InpPVADXToiThieu=20 | InpPVSoNenTimSL=5 | InpPVDungSaiHoiATR=0.25 | InpPVThanNenToiThieu=0.5
PVEMA,PVEMA0250,M6,BUY_SELL,A,12,9,3,75.0,46.769,3.657,137.742,0.548,37.37,2,9,66.667,86.265,3,100.0,51.477,4,4,3,9,100.0,130.749,2,InpPVKhungVaoLenh=M6 | InpPVKhungXuHuong=M30 | InpPVADXToiThieu=20 | InpPVSoNenTimSL=5 | InpPVDungSaiHoiATR=0.5 | InpPVThanNenToiThieu=0.3
PVEMA,PVEMA0240,M6,BUY_SELL,A,12,9,3,75.0,46.769,3.543,136.08,0.548,53.504,3,8,75.0,100.737,4,75.0,35.343,4,4,3,8,100.0,127.937,2,InpPVKhungVaoLenh=M6 | InpPVKhungXuHuong=M30 | InpPVADXToiThieu=14 | InpPVSoNenTimSL=5 | InpPVDungSaiHoiATR=0.25 | InpPVThanNenToiThieu=0.3
PVEMA,PVEMA0241,M6,BUY_SELL,A,12,9,3,75.0,46.769,3.976,128.18,0.523,27.282,2,9,66.667,76.703,3,100.0,51.477,3,5,3,8,100.0,126.967,4,InpPVKhungVaoLenh=M6 | InpPVKhungXuHuong=M30 | InpPVADXToiThieu=14 | InpPVSoNenTimSL=5 | InpPVDungSaiHoiATR=0.25 | InpPVThanNenToiThieu=0.5
PVEMA,PVEMA0261,M6,BUY_SELL,A,12,9,3,75.0,46.769,4.131,119.048,0.462,22.224,2,8,62.5,64.006,4,100.0,55.042,2,7,3,8,100.0,114.509,2,InpPVKhungVaoLenh=M6 | InpPVKhungXuHuong=M30 | InpPVADXToiThieu=25 | InpPVSoNenTimSL=10 | InpPVDungSaiHoiATR=0.25 | InpPVThanNenToiThieu=0.5
PVEMA,PVEMA0184,M5,BUY_SELL,A,12,9,3,75.0,46.769,4.453,113.925,0.506,21.592,2,9,66.667,66.983,3,100.0,46.942,3,6,3,8,100.0,120.081,2,InpPVKhungVaoLenh=M5 | InpPVKhungXuHuong=M30 | InpPVADXToiThieu=25 | InpPVSoNenTimSL=5 | InpPVDungSaiHoiATR=0.25 | InpPVThanNenToiThieu=0.3
PVEMA,PVEMA0160,M5,BUY_SELL,A,12,9,3,75.0,46.769,4.217,106.106,0.498,11.996,1,8,75.0,77.001,4,75.0,29.105,3,6,3,7,100.0,99.253,1,InpPVKhungVaoLenh=M5 | InpPVKhungXuHuong=M15 | InpPVADXToiThieu=25 | InpPVSoNenTimSL=5 | InpPVDungSaiHoiATR=0.25 | InpPVThanNenToiThieu=0.3
PVEMA,PVEMA0231,M6,BUY_SELL,TAT_CA,24,16,8,66.667,46.706,1.801,138.905,0.412,74.757,2,16,62.5,45.084,8,75.0,93.821,4,12,8,8,100.0,111.169,1,InpPVKhungVaoLenh=M6 | InpPVKhungXuHuong=M15 | InpPVADXToiThieu=20 | InpPVSoNenTimSL=10 | InpPVDungSaiHoiATR=0.5 | InpPVThanNenToiThieu=0.5
PVEMA,PVEMA0280,M6,BUY_SELL,TAT_CA,24,16,8,66.667,46.706,1.619,115.929,0.302,87.305,2,21,61.905,35.269,3,100.0,80.66,3,13,8,7,100.0,137.007,2,InpPVKhungVaoLenh=M6 | InpPVKhungXuHuong=H1 | InpPVADXToiThieu=25 | InpPVSoNenTimSL=5 | InpPVDungSaiHoiATR=0.25 | InpPVThanNenToiThieu=0.3
PVEMA,PVEMA0229,M6,BUY,TAT_CA,24,16,8,66.667,46.706,1.604,110.591,0.356,94.547,2,17,64.706,37.114,7,71.429,73.477,4,12,8,8,100.0,119.888,1,InpPVKhungVaoLenh=M6 | InpPVKhungXuHuong=M15 | InpPVADXToiThieu=20 | InpPVSoNenTimSL=10 | InpPVDungSaiHoiATR=0.25 | InpPVThanNenToiThieu=0.5
PVEMA,PVEMA0168,M5,BUY_SELL,TAT_CA,44,27,17,61.364,46.623,1.617,165.62,0.227,65.691,3,28,64.286,108.25,16,56.25,57.37,6,21,17,8,100.0,155.171,2,InpPVKhungVaoLenh=M5 | InpPVKhungXuHuong=M30 | InpPVADXToiThieu=14 | InpPVSoNenTimSL=5 | InpPVDungSaiHoiATR=0.25 | InpPVThanNenToiThieu=0.3
PVEMA,PVEMA0203,M5,BUY_SELL,TAT_CA,33,21,12,63.636,46.616,1.819,166.631,0.283,42.188,2,25,64.0,114.229,8,62.5,52.402,5,16,12,8,100.0,130.784,2,InpPVKhungVaoLenh=M5 | InpPVKhungXuHuong=H1 | InpPVADXToiThieu=20 | InpPVSoNenTimSL=5 | InpPVDungSaiHoiATR=0.5 | InpPVThanNenToiThieu=0.5
PVEMA,PVEMA0200,M5,BUY_SELL,TAT_CA,33,21,12,63.636,46.616,1.774,163.436,0.294,65.691,3,24,66.667,121.048,9,55.556,42.388,5,16,12,8,100.0,133.106,2,InpPVKhungVaoLenh=M5 | InpPVKhungXuHuong=H1 | InpPVADXToiThieu=20 | InpPVSoNenTimSL=5 | InpPVDungSaiHoiATR=0.25 | InpPVThanNenToiThieu=0.3
PVEMA,PVEMA0177,M5,BUY_SELL,TAT_CA,33,21,12,63.636,46.616,1.857,155.526,0.3,49.653,3,23,65.217,119.884,10,60.0,35.642,5,16,12,9,100.0,142.793,2,InpPVKhungVaoLenh=M5 | InpPVKhungXuHuong=M30 | InpPVADXToiThieu=20 | InpPVSoNenTimSL=5 | InpPVDungSaiHoiATR=0.25 | InpPVThanNenToiThieu=0.5
PVEMA,PVEMA0208,M5,BUY_SELL,TAT_CA,33,21,12,63.636,46.616,1.681,137.007,0.281,49.877,2,26,65.385,96.287,7,57.143,40.72,4,17,12,7,100.0,109.812,2,InpPVKhungVaoLenh=M5 | InpPVKhungXuHuong=H1 | InpPVADXToiThieu=25 | InpPVSoNenTimSL=5 | InpPVDungSaiHoiATR=0.25 | InpPVThanNenToiThieu=0.3
PVEMA,PVEMA0243,M6,BUY_SELL,TAT_CA,35,22,13,62.857,46.337,1.858,196.139,0.315,78.737,4,27,55.556,46.458,8,87.5,149.681,6,15,13,8,100.0,162.132,2,InpPVKhungVaoLenh=M6 | InpPVKhungXuHuong=M30 | InpPVADXToiThieu=14 | InpPVSoNenTimSL=5 | InpPVDungSaiHoiATR=0.5 | InpPVThanNenToiThieu=0.5
PVEMA,PVEMA0217,M6,BUY_SELL,TAT_CA,35,22,13,62.857,46.337,1.533,128.274,0.255,93.668,4,25,60.0,59.773,10,70.0,68.501,6,15,13,7,100.0,137.789,1,InpPVKhungVaoLenh=M6 | InpPVKhungXuHuong=M15 | InpPVADXToiThieu=14 | InpPVSoNenTimSL=5 | InpPVDungSaiHoiATR=0.25 | InpPVThanNenToiThieu=0.5
PVEMA,PVEMA0192,M5,BUY_SELL,TAT_CA,37,23,14,62.162,46.1,1.705,166.043,0.27,65.691,3,25,68.0,139.036,12,50.0,27.007,6,17,14,7,100.0,149.599,2,InpPVKhungVaoLenh=M5 | InpPVKhungXuHuong=H1 | InpPVADXToiThieu=14 | InpPVSoNenTimSL=5 | InpPVDungSaiHoiATR=0.25 | InpPVThanNenToiThieu=0.3
PVEMA,PVEMA0322,M10,BUY_SELL,TAT_CA,19,13,6,68.421,46.01,3.291,216.32,0.405,35.746,2,12,75.0,160.669,7,57.143,55.651,6,6,6,9,100.0,171.634,2,InpPVKhungVaoLenh=M10 | InpPVKhungXuHuong=M30 | InpPVADXToiThieu=20 | InpPVSoNenTimSL=5 | InpPVDungSaiHoiATR=0.5 | InpPVThanNenToiThieu=0.3
PVEMA,PVEMA0317,M10,BUY_SELL,TAT_CA,19,13,6,68.421,46.01,2.861,202.44,0.334,32.382,2,9,77.778,95.976,10,60.0,106.464,4,8,6,8,87.5,175.895,2,InpPVKhungVaoLenh=M10 | InpPVKhungXuHuong=M30 | InpPVADXToiThieu=14 | InpPVSoNenTimSL=10 | InpPVDungSaiHoiATR=0.25 | InpPVThanNenToiThieu=0.5
PVEMA,PVEMA0343,M10,BUY_SELL,TAT_CA,19,13,6,68.421,46.01,2.37,154.825,0.295,32.382,2,10,80.0,103.411,9,55.556,51.414,3,9,6,7,100.0,147.39,2,InpPVKhungVaoLenh=M10 | InpPVKhungXuHuong=H1 | InpPVADXToiThieu=14 | InpPVSoNenTimSL=10 | InpPVDungSaiHoiATR=0.5 | InpPVThanNenToiThieu=0.5
PVEMA,PVEMA0194,M5,BUY_SELL,A,19,13,6,68.421,46.01,2.713,144.861,0.325,45.844,4,12,75.0,123.302,7,57.143,21.559,4,9,6,7,100.0,99.759,2,InpPVKhungVaoLenh=M5 | InpPVKhungXuHuong=H1 | InpPVADXToiThieu=14 | InpPVSoNenTimSL=5 | InpPVDungSaiHoiATR=0.5 | InpPVThanNenToiThieu=0.3
PVEMA,PVEMA0144,M5,BUY_SELL,A,19,13,6,68.421,46.01,2.75,117.692,0.294,37.391,3,10,80.0,96.567,9,55.556,21.125,3,10,6,7,100.0,107.386,1,InpPVKhungVaoLenh=M5 | InpPVKhungXuHuong=M15 | InpPVADXToiThieu=14 | InpPVSoNenTimSL=5 | InpPVDungSaiHoiATR=0.25 | InpPVThanNenToiThieu=0.3
PVEMA,PVEMA0195,M5,BUY_SELL,TAT_CA,39,24,15,61.538,45.899,1.592,141.461,0.223,42.188,3,28,64.286,104.44,11,54.545,37.021,5,19,15,7,100.0,154.929,2,InpPVKhungVaoLenh=M5 | InpPVKhungXuHuong=H1 | InpPVADXToiThieu=14 | InpPVSoNenTimSL=5 | InpPVDungSaiHoiATR=0.5 | InpPVThanNenToiThieu=0.5
PVEMA,PVEMA0270,M6,BUY_SELL,TAT_CA,28,18,10,64.286,45.83,1.719,164.065,0.347,104.482,4,20,60.0,53.88,8,75.0,110.185,5,13,10,7,85.714,125.779,2,InpPVKhungVaoLenh=M6 | InpPVKhungXuHuong=H1 | InpPVADXToiThieu=14 | InpPVSoNenTimSL=10 | InpPVDungSaiHoiATR=0.5 | InpPVThanNenToiThieu=0.3
PVEMA,PVEMA0283,M6,BUY_SELL,TAT_CA,28,18,10,64.286,45.83,1.846,154.619,0.339,56.29,2,24,58.333,57.319,4,100.0,97.3,4,13,10,7,100.0,128.953,2,InpPVKhungVaoLenh=M6 | InpPVKhungXuHuong=H1 | InpPVADXToiThieu=25 | InpPVSoNenTimSL=5 | InpPVDungSaiHoiATR=0.5 | InpPVThanNenToiThieu=0.5
PVEMA,PVEMA0147,M5,BUY,TAT_CA,41,25,16,60.976,45.727,1.448,114.718,0.218,74.474,3,28,64.286,99.321,13,53.846,15.397,5,20,16,7,85.714,71.928,1,InpPVKhungVaoLenh=M5 | InpPVKhungXuHuong=M15 | InpPVADXToiThieu=14 | InpPVSoNenTimSL=5 | InpPVDungSaiHoiATR=0.5 | InpPVThanNenToiThieu=0.5
PVEMA,PVEMA0147,M5,BUY_SELL,TAT_CA,43,26,17,60.465,45.579,1.419,114.816,0.204,74.376,4,28,64.286,99.321,15,53.333,15.495,5,21,17,7,85.714,104.454,1,InpPVKhungVaoLenh=M5 | InpPVKhungXuHuong=M15 | InpPVADXToiThieu=14 | InpPVSoNenTimSL=5 | InpPVDungSaiHoiATR=0.5 | InpPVThanNenToiThieu=0.5
PVEMA,PVEMA0245,M6,BUY_SELL,TAT_CA,30,19,11,63.333,45.513,1.453,109.289,0.252,116.301,4,21,57.143,5.358,9,77.778,103.931,4,15,11,8,100.0,96.453,2,InpPVKhungVaoLenh=M6 | InpPVKhungXuHuong=M30 | InpPVADXToiThieu=14 | InpPVSoNenTimSL=10 | InpPVDungSaiHoiATR=0.25 | InpPVThanNenToiThieu=0.5
PVEMA,PVEMA0301,M10,BUY_SELL,TAT_CA,14,10,4,71.429,45.35,3.117,171.416,0.399,28.174,1,6,83.333,95.191,8,62.5,76.225,3,7,4,8,87.5,177.812,1,InpPVKhungVaoLenh=M10 | InpPVKhungXuHuong=M15 | InpPVADXToiThieu=20 | InpPVSoNenTimSL=10 | InpPVDungSaiHoiATR=0.25 | InpPVThanNenToiThieu=0.5
PVEMA,PVEMA0266,M6,BUY_SELL,A,14,10,4,71.429,45.35,2.908,129.686,0.456,53.504,3,9,66.667,86.265,5,80.0,43.421,4,5,4,7,100.0,144.158,2,InpPVKhungVaoLenh=M6 | InpPVKhungXuHuong=H1 | InpPVADXToiThieu=14 | InpPVSoNenTimSL=5 | InpPVDungSaiHoiATR=0.5 | InpPVThanNenToiThieu=0.3
PVEMA,PVEMA0216,M6,BUY_SELL,A,14,10,4,71.429,45.35,3.01,127.693,0.457,55.442,3,8,75.0,94.288,6,66.667,33.405,4,5,4,7,100.0,125.753,2,InpPVKhungVaoLenh=M6 | InpPVKhungXuHuong=M15 | InpPVADXToiThieu=14 | InpPVSoNenTimSL=5 | InpPVDungSaiHoiATR=0.25 | InpPVThanNenToiThieu=0.3
PVEMA,PVEMA0267,M6,BUY_SELL,A,14,10,4,71.429,45.35,3.116,121.786,0.435,27.282,2,10,60.0,62.231,4,100.0,59.555,3,6,4,7,100.0,129.686,2,InpPVKhungVaoLenh=M6 | InpPVKhungXuHuong=H1 | InpPVADXToiThieu=14 | InpPVSoNenTimSL=5 | InpPVDungSaiHoiATR=0.5 | InpPVThanNenToiThieu=0.5
PVEMA,PVEMA0219,M6,BUY_SELL,A,14,10,4,71.429,45.35,2.934,111.281,0.405,27.282,2,10,60.0,51.726,4,100.0,59.555,3,6,4,7,100.0,113.708,2,InpPVKhungVaoLenh=M6 | InpPVKhungXuHuong=M15 | InpPVADXToiThieu=14 | InpPVSoNenTimSL=5 | InpPVDungSaiHoiATR=0.5 | InpPVThanNenToiThieu=0.5
PVEMA,PVEMA0187,M5,BUY_SELL,A,14,10,4,71.429,45.35,2.626,100.266,0.4,24.794,1,11,63.636,53.324,3,100.0,46.942,3,7,4,8,100.0,94.079,2,InpPVKhungVaoLenh=M5 | InpPVKhungXuHuong=M30 | InpPVADXToiThieu=25 | InpPVSoNenTimSL=5 | InpPVDungSaiHoiATR=0.5 | InpPVThanNenToiThieu=0.5
PVEMA,PVEMA0224,M6,BUY_SELL,TAT_CA,32,20,12,62.5,45.254,1.552,138.127,0.29,132.915,4,21,61.905,70.445,11,63.636,67.682,7,12,12,8,100.0,141.461,1,InpPVKhungVaoLenh=M6 | InpPVKhungXuHuong=M15 | InpPVADXToiThieu=20 | InpPVSoNenTimSL=5 | InpPVDungSaiHoiATR=0.25 | InpPVThanNenToiThieu=0.3
PVEMA,PVEMA0211,M5,BUY_SELL,TAT_CA,32,20,12,62.5,45.254,1.608,123.087,0.256,33.821,2,25,64.0,85.735,7,57.143,37.352,4,16,12,7,100.0,71.543,2,InpPVKhungVaoLenh=M5 | InpPVKhungXuHuong=H1 | InpPVADXToiThieu=25 | InpPVSoNenTimSL=5 | InpPVDungSaiHoiATR=0.5 | InpPVThanNenToiThieu=0.5
PVEMA,PVEMA0267,M6,BUY_SELL,TAT_CA,34,21,13,61.765,45.041,1.678,154.929,0.281,78.737,4,27,55.556,46.458,7,85.714,108.471,5,15,13,7,100.0,151.063,2,InpPVKhungVaoLenh=M6 | InpPVKhungXuHuong=H1 | InpPVADXToiThieu=14 | InpPVSoNenTimSL=5 | InpPVDungSaiHoiATR=0.5 | InpPVThanNenToiThieu=0.5
PVEMA,PVEMA0152,M5,BUY_SELL,TAT_CA,34,21,13,61.765,45.041,1.638,137.031,0.277,74.278,5,23,65.217,98.639,11,54.545,38.392,5,16,13,8,100.0,116.152,1,InpPVKhungVaoLenh=M5 | InpPVKhungXuHuong=M15 | InpPVADXToiThieu=20 | InpPVSoNenTimSL=5 | InpPVDungSaiHoiATR=0.25 | InpPVThanNenToiThieu=0.3
PVEMA,PVEMA0179,M5,BUY_SELL,TAT_CA,34,21,13,61.765,45.041,1.63,132.362,0.261,42.206,2,24,62.5,96.72,10,60.0,35.642,5,16,13,9,100.0,126.697,2,InpPVKhungVaoLenh=M5 | InpPVKhungXuHuong=M30 | InpPVADXToiThieu=20 | InpPVSoNenTimSL=5 | InpPVDungSaiHoiATR=0.5 | InpPVThanNenToiThieu=0.5
PVEMA,PVEMA0257,M6,BUY_SELL,TAT_CA,23,15,8,65.217,44.89,1.916,132.279,0.312,94.556,3,18,55.556,47.601,5,100.0,84.678,4,10,8,8,100.0,140.633,2,InpPVKhungVaoLenh=M6 | InpPVKhungXuHuong=M30 | InpPVADXToiThieu=25 | InpPVSoNenTimSL=5 | InpPVDungSaiHoiATR=0.25 | InpPVThanNenToiThieu=0.5
PVEMA,PVEMA0231,M6,BUY,TAT_CA,23,15,8,65.217,44.89,1.684,118.561,0.388,84.759,2,16,62.5,45.084,7,71.429,73.477,4,11,8,8,100.0,100.935,1,InpPVKhungVaoLenh=M6 | InpPVKhungXuHuong=M15 | InpPVADXToiThieu=20 | InpPVSoNenTimSL=10 | InpPVDungSaiHoiATR=0.5 | InpPVThanNenToiThieu=0.5
PVEMA,PVEMA0242,M6,BUY_SELL,TAT_CA,36,22,14,61.111,44.864,1.648,180.86,0.284,118.647,4,25,56.0,33.442,11,72.727,147.418,7,14,14,8,100.0,159.09,2,InpPVKhungVaoLenh=M6 | InpPVKhungXuHuong=M30 | InpPVADXToiThieu=14 | InpPVSoNenTimSL=5 | InpPVDungSaiHoiATR=0.5 | InpPVThanNenToiThieu=0.3
PVEMA,PVEMA0227,M6,BUY,TAT_CA,25,16,9,64.0,44.518,1.824,142.03,0.388,62.588,3,20,60.0,61.325,5,80.0,80.705,5,10,9,8,100.0,119.046,1,InpPVKhungVaoLenh=M6 | InpPVKhungXuHuong=M15 | InpPVADXToiThieu=20 | InpPVSoNenTimSL=5 | InpPVDungSaiHoiATR=0.5 | InpPVThanNenToiThieu=0.5
PVEMA,PVEMA0327,M10,BUY_SELL,TAT_CA,16,11,5,68.75,44.404,2.916,167.67,0.371,32.382,2,7,85.714,90.36,9,55.556,77.31,4,6,5,9,100.0,145.71,2,InpPVKhungVaoLenh=M10 | InpPVKhungXuHuong=M30 | InpPVADXToiThieu=20 | InpPVSoNenTimSL=10 | InpPVDungSaiHoiATR=0.5 | InpPVThanNenToiThieu=0.5
PVEMA,PVEMA0323,M10,BUY_SELL,TAT_CA,16,11,5,68.75,44.404,2.763,145.71,0.343,35.746,2,10,70.0,78.269,6,66.667,67.441,4,6,5,9,88.889,150.366,2,InpPVKhungVaoLenh=M10 | InpPVKhungXuHuong=M30 | InpPVADXToiThieu=20 | InpPVSoNenTimSL=5 | InpPVDungSaiHoiATR=0.5 | InpPVThanNenToiThieu=0.5
PVEMA,PVEMA0233,M6,BUY,TAT_CA,16,11,5,68.75,44.404,2.49,124.172,0.479,45.77,3,13,69.231,103.999,3,66.667,20.173,4,7,5,7,100.0,89.27,1,InpPVKhungVaoLenh=M6 | InpPVKhungXuHuong=M15 | InpPVADXToiThieu=25 | InpPVSoNenTimSL=5 | InpPVDungSaiHoiATR=0.25 | InpPVThanNenToiThieu=0.5
PVEMA,PVEMA0168,M5,BUY_SELL,A,16,11,5,68.75,44.404,3.133,122.133,0.327,45.844,4,10,80.0,109.461,6,50.0,12.672,3,8,5,8,100.0,116.11,2,InpPVKhungVaoLenh=M5 | InpPVKhungXuHuong=M30 | InpPVADXToiThieu=14 | InpPVSoNenTimSL=5 | InpPVDungSaiHoiATR=0.25 | InpPVThanNenToiThieu=0.3
PVEMA,PVEMA0169,M5,BUY_SELL,A,16,11,5,68.75,44.404,3.001,114.528,0.316,45.844,4,10,80.0,101.856,6,50.0,12.672,3,8,5,8,100.0,114.759,2,InpPVKhungVaoLenh=M5 | InpPVKhungXuHuong=M30 | InpPVADXToiThieu=14 | InpPVSoNenTimSL=5 | InpPVDungSaiHoiATR=0.25 | InpPVThanNenToiThieu=0.5
PVEMA,PVEMA0273,M6,BUY_SELL,TAT_CA,27,17,10,62.963,44.229,1.895,174.883,0.3,83.163,4,21,57.143,74.49,6,83.333,100.393,5,11,10,8,100.0,151.688,2,InpPVKhungVaoLenh=M6 | InpPVKhungXuHuong=H1 | InpPVADXToiThieu=20 | InpPVSoNenTimSL=5 | InpPVDungSaiHoiATR=0.25 | InpPVThanNenToiThieu=0.5
PVEMA,PVEMA0249,M6,BUY_SELL,TAT_CA,27,17,10,62.963,44.229,1.838,152.312,0.296,85.967,3,21,57.143,56.19,6,83.333,96.122,5,11,10,9,100.0,150.366,2,InpPVKhungVaoLenh=M6 | InpPVKhungXuHuong=M30 | InpPVADXToiThieu=20 | InpPVSoNenTimSL=5 | InpPVDungSaiHoiATR=0.25 | InpPVThanNenToiThieu=0.5
PVEMA,PVEMA0252,M6,BUY_SELL,TAT_CA,27,17,10,62.963,44.229,1.504,110.819,0.278,109.776,3,17,64.706,65.842,10,60.0,44.977,5,12,10,9,100.0,118.789,2,InpPVKhungVaoLenh=M6 | InpPVKhungXuHuong=M30 | InpPVADXToiThieu=20 | InpPVSoNenTimSL=10 | InpPVDungSaiHoiATR=0.25 | InpPVThanNenToiThieu=0.3
PVEMA,PVEMA0248,M6,BUY_SELL,TAT_CA,29,18,11,62.069,44.002,1.622,145.891,0.267,144.437,4,21,57.143,35.898,8,75.0,109.993,6,11,11,9,100.0,152.312,2,InpPVKhungVaoLenh=M6 | InpPVKhungXuHuong=M30 | InpPVADXToiThieu=20 | InpPVSoNenTimSL=5 | InpPVDungSaiHoiATR=0.25 | InpPVThanNenToiThieu=0.3
PVEMA,PVEMA0224,M6,BUY,TAT_CA,29,18,11,62.069,44.002,1.585,130.838,0.282,140.204,6,21,61.905,70.445,8,62.5,60.393,6,11,11,8,100.0,136.232,1,InpPVKhungVaoLenh=M6 | InpPVKhungXuHuong=M15 | InpPVADXToiThieu=20 | InpPVSoNenTimSL=5 | InpPVDungSaiHoiATR=0.25 | InpPVThanNenToiThieu=0.3
PVEMA,PVEMA0247,M6,BUY_SELL,TAT_CA,29,18,11,62.069,44.002,1.506,117.259,0.274,106.513,4,20,55.0,13.328,9,77.778,103.931,4,14,11,8,100.0,96.453,2,InpPVKhungVaoLenh=M6 | InpPVKhungXuHuong=M30 | InpPVADXToiThieu=14 | InpPVSoNenTimSL=10 | InpPVDungSaiHoiATR=0.5 | InpPVThanNenToiThieu=0.5
PVEMA,PVEMA0269,M6,BUY_SELL,TAT_CA,29,18,11,62.069,44.002,1.313,75.647,0.217,116.301,4,21,57.143,5.358,8,75.0,70.289,3,15,11,7,100.0,109.289,2,InpPVKhungVaoLenh=M6 | InpPVKhungXuHuong=H1 | InpPVADXToiThieu=14 | InpPVSoNenTimSL=10 | InpPVDungSaiHoiATR=0.25 | InpPVThanNenToiThieu=0.5
PVEMA,PVEMA0153,M5,BUY,TAT_CA,31,19,12,61.29,43.824,1.807,142.695,0.279,78.674,6,23,65.217,114.751,8,50.0,27.944,5,14,12,8,100.0,132.132,1,InpPVKhungVaoLenh=M5 | InpPVKhungXuHuong=M15 | InpPVADXToiThieu=20 | InpPVSoNenTimSL=5 | InpPVDungSaiHoiATR=0.25 | InpPVThanNenToiThieu=0.5
PVEMA,PVEMA0152,M5,BUY,TAT_CA,31,19,12,61.29,43.824,1.643,126.573,0.29,84.736,6,23,65.217,98.639,8,50.0,27.934,5,14,12,8,100.0,122.388,1,InpPVKhungVaoLenh=M5 | InpPVKhungXuHuong=M15 | InpPVADXToiThieu=20 | InpPVSoNenTimSL=5 | InpPVDungSaiHoiATR=0.25 | InpPVThanNenToiThieu=0.3
PVEMA,PVEMA0341,M10,BUY_SELL,TAT_CA,18,12,6,66.667,43.749,2.355,147.39,0.266,32.382,2,9,77.778,95.976,9,55.556,51.414,3,8,6,7,85.714,154.825,2,InpPVKhungVaoLenh=M10 | InpPVKhungXuHuong=H1 | InpPVADXToiThieu=14 | InpPVSoNenTimSL=10 | InpPVDungSaiHoiATR=0.25 | InpPVThanNenToiThieu=0.5
PVEMA,PVEMA0351,M10,BUY_SELL,TAT_CA,18,12,6,66.667,43.749,2.112,125.671,0.266,32.382,2,10,80.0,103.411,8,50.0,22.26,3,8,6,8,87.5,136.435,4,InpPVKhungVaoLenh=M10 | InpPVKhungXuHuong=H1 | InpPVADXToiThieu=20 | InpPVSoNenTimSL=10 | InpPVDungSaiHoiATR=0.5 | InpPVThanNenToiThieu=0.5
PVEMA,PVEMA0178,M5,BUY_SELL,A,18,12,6,66.667,43.749,2.364,112.598,0.269,29.373,2,14,64.286,75.658,4,75.0,36.94,3,9,6,9,100.0,109.888,2,InpPVKhungVaoLenh=M5 | InpPVKhungXuHuong=M30 | InpPVADXToiThieu=20 | InpPVSoNenTimSL=5 | InpPVDungSaiHoiATR=0.5 | InpPVThanNenToiThieu=0.3
PVEMA,PVEMA0144,M5,BUY,A,18,12,6,66.667,43.749,2.607,108.112,0.281,46.971,4,10,80.0,96.567,8,50.0,11.545,3,9,6,7,100.0,89.673,1,InpPVKhungVaoLenh=M5 | InpPVKhungXuHuong=M15 | InpPVADXToiThieu=14 | InpPVSoNenTimSL=5 | InpPVDungSaiHoiATR=0.25 | InpPVThanNenToiThieu=0.3
PVEMA,PVEMA0145,M5,BUY_SELL,A,18,12,6,66.667,43.749,2.597,107.386,0.276,46.971,4,10,80.0,95.841,8,50.0,11.545,3,9,6,7,100.0,88.947,2,InpPVKhungVaoLenh=M5 | InpPVKhungXuHuong=M15 | InpPVADXToiThieu=14 | InpPVSoNenTimSL=5 | InpPVDungSaiHoiATR=0.25 | InpPVThanNenToiThieu=0.5
PVEMA,PVEMA0153,M5,BUY_SELL,TAT_CA,33,20,13,60.606,43.683,1.733,142.793,0.257,78.576,5,23,65.217,114.751,10,50.0,28.042,5,15,13,8,100.0,137.41,1,InpPVKhungVaoLenh=M5 | InpPVKhungXuHuong=M15 | InpPVADXToiThieu=20 | InpPVSoNenTimSL=5 | InpPVDungSaiHoiATR=0.25 | InpPVThanNenToiThieu=0.5
PVEMA,PVEMA0266,M6,BUY_SELL,TAT_CA,33,20,13,60.606,43.683,1.471,125.779,0.277,118.647,4,25,56.0,33.442,8,75.0,92.337,6,13,13,7,100.0,154.929,2,InpPVKhungVaoLenh=M6 | InpPVKhungXuHuong=H1 | InpPVADXToiThieu=14 | InpPVSoNenTimSL=5 | InpPVDungSaiHoiATR=0.5 | InpPVThanNenToiThieu=0.3
PVEMA,PVEMA0220,M6,BUY,TAT_CA,33,20,13,60.606,43.683,1.357,104.568,0.234,168.21,5,22,59.091,1.972,11,63.636,102.596,6,14,13,7,100.0,112.538,1,InpPVKhungVaoLenh=M6 | InpPVKhungXuHuong=M15 | InpPVADXToiThieu=14 | InpPVSoNenTimSL=10 | InpPVDungSaiHoiATR=0.25 | InpPVThanNenToiThieu=0.3
PVEMA,PVEMA0217,M6,BUY,TAT_CA,33,20,13,60.606,43.683,1.398,95.748,0.209,124.634,4,25,60.0,59.773,8,62.5,35.975,5,14,13,7,100.0,137.691,1,InpPVKhungVaoLenh=M6 | InpPVKhungXuHuong=M15 | InpPVADXToiThieu=14 | InpPVSoNenTimSL=5 | InpPVDungSaiHoiATR=0.25 | InpPVThanNenToiThieu=0.5
PVEMA,PVEMA0202,M5,BUY_SELL,TAT_CA,35,21,14,60.0,43.572,1.515,129.206,0.219,69.31,3,26,61.538,86.818,9,55.556,42.388,5,16,14,8,100.0,113.283,2,InpPVKhungVaoLenh=M5 | InpPVKhungXuHuong=H1 | InpPVADXToiThieu=20 | InpPVSoNenTimSL=5 | InpPVDungSaiHoiATR=0.5 | InpPVThanNenToiThieu=0.3
PVEMA,PVEMA0220,M6,BUY_SELL,TAT_CA,35,21,14,60.0,43.572,1.312,99.647,0.217,173.131,4,22,59.091,1.972,13,61.538,97.675,6,15,14,7,100.0,107.617,1,InpPVKhungVaoLenh=M6 | InpPVKhungXuHuong=M15 | InpPVADXToiThieu=14 | InpPVSoNenTimSL=10 | InpPVDungSaiHoiATR=0.25 | InpPVThanNenToiThieu=0.3
PVEMA,PVEMA0219,M6,BUY_SELL,TAT_CA,37,22,15,59.459,43.486,1.388,104.454,0.23,89.242,4,27,55.556,35.953,10,70.0,68.501,6,15,15,7,100.0,128.274,1,InpPVKhungVaoLenh=M6 | InpPVKhungXuHuong=M15 | InpPVADXToiThieu=14 | InpPVSoNenTimSL=5 | InpPVDungSaiHoiATR=0.5 | InpPVThanNenToiThieu=0.5
PVEMA,PVEMA0301,M10,BUY,TAT_CA,11,8,3,72.727,43.435,4.183,168.06,0.45,21.79,1,6,83.333,95.191,5,60.0,72.869,3,5,3,8,87.5,176.134,1,InpPVKhungVaoLenh=M10 | InpPVKhungXuHuong=M15 | InpPVADXToiThieu=20 | InpPVSoNenTimSL=10 | InpPVDungSaiHoiATR=0.25 | InpPVThanNenToiThieu=0.5
PVEMA,PVEMA0204,M5,BUY_SELL,A,11,8,3,72.727,43.435,3.686,147.379,0.496,54.874,3,6,66.667,103.249,5,80.0,44.13,3,5,3,8,100.0,122.556,4,InpPVKhungVaoLenh=M5 | InpPVKhungXuHuong=H1 | InpPVADXToiThieu=20 | InpPVSoNenTimSL=10 | InpPVDungSaiHoiATR=0.25 | InpPVThanNenToiThieu=0.3
PVEMA,PVEMA0275,M6,BUY_SELL,A,11,8,3,72.727,43.435,4.464,144.635,0.502,27.282,2,8,62.5,93.158,3,100.0,51.477,3,4,3,8,100.0,126.138,2,InpPVKhungVaoLenh=M6 | InpPVKhungXuHuong=H1 | InpPVADXToiThieu=20 | InpPVSoNenTimSL=5 | InpPVDungSaiHoiATR=0.5 | InpPVThanNenToiThieu=0.5
PVEMA,PVEMA0226,M6,BUY_SELL,A,11,8,3,72.727,43.435,4.28,134.791,0.551,26.622,2,7,71.429,99.448,4,75.0,35.343,4,3,3,8,100.0,133.682,2,InpPVKhungVaoLenh=M6 | InpPVKhungXuHuong=M15 | InpPVADXToiThieu=20 | InpPVSoNenTimSL=5 | InpPVDungSaiHoiATR=0.5 | InpPVThanNenToiThieu=0.3
PVEMA,PVEMA0274,M6,BUY_SELL,A,11,8,3,72.727,43.435,3.517,130.491,0.461,37.37,2,8,62.5,79.014,3,100.0,51.477,3,4,3,8,100.0,143.444,2,InpPVKhungVaoLenh=M6 | InpPVKhungXuHuong=H1 | InpPVADXToiThieu=20 | InpPVSoNenTimSL=5 | InpPVDungSaiHoiATR=0.5 | InpPVThanNenToiThieu=0.3
PVEMA,PVEMA0262,M6,BUY_SELL,A,11,8,3,72.727,43.435,3.9,128.983,0.508,44.478,3,7,57.143,73.941,4,100.0,55.042,3,5,3,8,100.0,123.154,2,InpPVKhungVaoLenh=M6 | InpPVKhungXuHuong=M30 | InpPVADXToiThieu=25 | InpPVSoNenTimSL=10 | InpPVDungSaiHoiATR=0.5 | InpPVThanNenToiThieu=0.3
PVEMA,PVEMA0188,M5,BUY_SELL,A,11,8,3,72.727,43.435,4.829,128.199,0.444,22.082,2,7,57.143,74.067,4,100.0,54.132,2,6,3,8,100.0,119.043,2,InpPVKhungVaoLenh=M5 | InpPVKhungXuHuong=M30 | InpPVADXToiThieu=25 | InpPVSoNenTimSL=10 | InpPVDungSaiHoiATR=0.25 | InpPVThanNenToiThieu=0.3
PVEMA,PVEMA0257,M6,BUY_SELL,A,11,8,3,72.727,43.435,4.126,116.301,0.483,21.406,2,8,62.5,64.824,3,100.0,51.477,3,4,3,8,100.0,112.483,2,InpPVKhungVaoLenh=M6 | InpPVKhungXuHuong=M30 | InpPVADXToiThieu=25 | InpPVSoNenTimSL=5 | InpPVDungSaiHoiATR=0.25 | InpPVThanNenToiThieu=0.5
PVEMA,PVEMA0190,M5,BUY_SELL,A,11,8,3,72.727,43.435,3.465,115.56,0.446,24.794,2,7,57.143,61.428,4,100.0,54.132,2,6,3,8,100.0,109.994,2,InpPVKhungVaoLenh=M5 | InpPVKhungXuHuong=M30 | InpPVADXToiThieu=25 | InpPVSoNenTimSL=10 | InpPVDungSaiHoiATR=0.5 | InpPVThanNenToiThieu=0.3
PVEMA,PVEMA0191,M5,BUY_SELL,A,11,8,3,72.727,43.435,3.37,113.192,0.435,24.794,1,7,57.143,59.06,4,100.0,54.132,2,6,3,8,100.0,98.639,2,InpPVKhungVaoLenh=M5 | InpPVKhungXuHuong=M30 | InpPVADXToiThieu=25 | InpPVSoNenTimSL=10 | InpPVDungSaiHoiATR=0.5 | InpPVThanNenToiThieu=0.5
PVEMA,PVEMA0227,M6,BUY_SELL,A,11,8,3,72.727,43.435,3.766,112.747,0.484,15.796,1,8,62.5,61.27,3,100.0,51.477,3,4,3,8,100.0,117.096,2,InpPVKhungVaoLenh=M6 | InpPVKhungXuHuong=M15 | InpPVADXToiThieu=20 | InpPVSoNenTimSL=5 | InpPVDungSaiHoiATR=0.5 | InpPVThanNenToiThieu=0.5
PVEMA,PVEMA0263,M6,BUY_SELL,A,11,8,3,72.727,43.435,3.965,112.716,0.44,22.224,2,7,57.143,57.674,4,100.0,55.042,2,6,3,8,100.0,109.618,2,InpPVKhungVaoLenh=M6 | InpPVKhungXuHuong=M30 | InpPVADXToiThieu=25 | InpPVSoNenTimSL=10 | InpPVDungSaiHoiATR=0.5 | InpPVThanNenToiThieu=0.5
PVEMA,PVEMA0308,M10,BUY_SELL,TAT_CA,11,8,3,72.727,43.435,2.476,104.43,0.443,28.174,1,4,75.0,46.846,7,71.429,57.584,3,5,3,7,85.714,105.885,1,InpPVKhungVaoLenh=M10 | InpPVKhungXuHuong=M15 | InpPVADXToiThieu=25 | InpPVSoNenTimSL=10 | InpPVDungSaiHoiATR=0.25 | InpPVThanNenToiThieu=0.3
PVEMA,PVEMA0160,M5,BUY,A,11,8,3,72.727,43.435,3.927,96.526,0.495,21.576,2,8,75.0,77.001,3,66.667,19.525,3,5,3,7,100.0,100.949,1,InpPVKhungVaoLenh=M5 | InpPVKhungXuHuong=M15 | InpPVADXToiThieu=25 | InpPVSoNenTimSL=5 | InpPVDungSaiHoiATR=0.25 | InpPVThanNenToiThieu=0.3
PVEMA,PVEMA0161,M5,BUY_SELL,A,11,8,3,72.727,43.435,3.905,95.8,0.487,21.576,2,8,75.0,76.275,3,66.667,19.525,3,5,3,7,100.0,100.228,2,InpPVKhungVaoLenh=M5 | InpPVKhungXuHuong=M15 | InpPVADXToiThieu=25 | InpPVSoNenTimSL=5 | InpPVDungSaiHoiATR=0.25 | InpPVThanNenToiThieu=0.5
PVEMA,PVEMA0194,M5,BUY_SELL,TAT_CA,39,23,16,58.974,43.418,1.479,131.813,0.203,69.31,3,27,62.963,104.806,12,50.0,27.007,6,17,16,7,85.714,125.779,2,InpPVKhungVaoLenh=M5 | InpPVKhungXuHuong=H1 | InpPVADXToiThieu=14 | InpPVSoNenTimSL=5 | InpPVDungSaiHoiATR=0.5 | InpPVThanNenToiThieu=0.3
PVEMA,PVEMA0178,M5,BUY_SELL,TAT_CA,39,23,16,58.974,43.418,1.539,126.697,0.183,63.286,4,27,59.259,97.874,12,58.333,28.823,5,18,16,9,100.0,120.538,2,InpPVKhungVaoLenh=M5 | InpPVKhungXuHuong=M30 | InpPVADXToiThieu=20 | InpPVSoNenTimSL=5 | InpPVDungSaiHoiATR=0.5 | InpPVThanNenToiThieu=0.3
PVEMA,PVEMA0195,M5,BUY_SELL,A,20,13,7,65.0,43.285,2.04,99.759,0.222,45.844,4,13,69.231,78.2,7,57.143,21.559,3,10,7,7,100.0,121.786,2,InpPVKhungVaoLenh=M5 | InpPVKhungXuHuong=H1 | InpPVADXToiThieu=14 | InpPVSoNenTimSL=5 | InpPVDungSaiHoiATR=0.5 | InpPVThanNenToiThieu=0.5
PVEMA,PVEMA0170,M5,BUY_SELL,TAT_CA,47,27,20,57.447,43.282,1.378,120.538,0.148,69.31,3,31,58.065,63.168,16,56.25,57.37,6,21,20,8,100.0,129.255,2,InpPVKhungVaoLenh=M5 | InpPVKhungXuHuong=M30 | InpPVADXToiThieu=14 | InpPVSoNenTimSL=5 | InpPVDungSaiHoiATR=0.5 | InpPVThanNenToiThieu=0.3
PVEMA,PVEMA0235,M6,BUY_SELL,TAT_CA,22,14,8,63.636,42.951,1.863,122.754,0.464,62.14,2,16,56.25,49.561,6,83.333,73.193,6,8,8,7,100.0,67.871,1,InpPVKhungVaoLenh=M6 | InpPVKhungXuHuong=M15 | InpPVADXToiThieu=25 | InpPVSoNenTimSL=5 | InpPVDungSaiHoiATR=0.5 | InpPVThanNenToiThieu=0.5
PVEMA,PVEMA0084,M4,BUY,TAT_CA,26,16,10,61.538,42.535,2.402,206.957,0.231,64.434,5,20,70.0,187.461,6,33.333,19.496,5,11,10,8,100.0,128.322,1,InpPVKhungVaoLenh=M4 | InpPVKhungXuHuong=M15 | InpPVADXToiThieu=20 | InpPVSoNenTimSL=10 | InpPVDungSaiHoiATR=0.25 | InpPVThanNenToiThieu=0.3
PVEMA,PVEMA0258,M6,BUY_SELL,TAT_CA,26,16,10,61.538,42.535,1.95,157.877,0.362,99.384,4,20,50.0,52.705,6,100.0,105.172,6,9,10,8,100.0,107.09,2,InpPVKhungVaoLenh=M6 | InpPVKhungXuHuong=M30 | InpPVADXToiThieu=25 | InpPVSoNenTimSL=5 | InpPVDungSaiHoiATR=0.5 | InpPVThanNenToiThieu=0.3
PVEMA,PVEMA0088,M4,BUY,TAT_CA,26,16,10,61.538,42.535,1.758,136.588,0.332,64.826,3,22,63.636,105.486,4,50.0,31.102,7,9,10,7,100.0,102.541,1,InpPVKhungVaoLenh=M4 | InpPVKhungXuHuong=M15 | InpPVADXToiThieu=25 | InpPVSoNenTimSL=5 | InpPVDungSaiHoiATR=0.25 | InpPVThanNenToiThieu=0.3
PVEMA,PVEMA0259,M6,BUY_SELL,TAT_CA,26,16,10,61.538,42.535,1.746,128.953,0.334,90.13,3,20,50.0,23.781,6,100.0,105.172,5,10,10,8,100.0,125.623,2,InpPVKhungVaoLenh=M6 | InpPVKhungXuHuong=M30 | InpPVADXToiThieu=25 | InpPVSoNenTimSL=5 | InpPVDungSaiHoiATR=0.5 | InpPVThanNenToiThieu=0.5
PVEMA,PVEMA0272,M6,BUY_SELL,TAT_CA,26,16,10,61.538,42.535,1.53,123.689,0.269,123.073,4,20,55.0,23.296,6,83.333,100.393,5,10,10,8,100.0,147.745,2,InpPVKhungVaoLenh=M6 | InpPVKhungXuHuong=H1 | InpPVADXToiThieu=20 | InpPVSoNenTimSL=5 | InpPVDungSaiHoiATR=0.25 | InpPVThanNenToiThieu=0.3
PVEMA,PVEMA0254,M6,BUY_SELL,TAT_CA,26,16,10,61.538,42.535,1.565,118.789,0.303,99.988,3,16,62.5,73.812,10,60.0,44.977,5,11,10,9,100.0,110.819,2,InpPVKhungVaoLenh=M6 | InpPVKhungXuHuong=M30 | InpPVADXToiThieu=20 | InpPVSoNenTimSL=10 | InpPVDungSaiHoiATR=0.5 | InpPVThanNenToiThieu=0.3
PVEMA,PVEMA0282,M6,BUY_SELL,TAT_CA,26,16,10,61.538,42.535,1.427,92.109,0.263,82.879,2,23,56.522,11.449,3,100.0,80.66,3,13,10,7,100.0,115.929,2,InpPVKhungVaoLenh=M6 | InpPVKhungXuHuong=H1 | InpPVADXToiThieu=25 | InpPVSoNenTimSL=5 | InpPVDungSaiHoiATR=0.5 | InpPVThanNenToiThieu=0.3
PVEMA,PVEMA0081,M4,BUY,TAT_CA,28,17,11,60.714,42.409,1.935,168.017,0.263,78.362,5,22,68.182,147.456,6,33.333,20.561,7,10,11,8,100.0,124.064,1,InpPVKhungVaoLenh=M4 | InpPVKhungXuHuong=M15 | InpPVADXToiThieu=20 | InpPVSoNenTimSL=5 | InpPVDungSaiHoiATR=0.25 | InpPVThanNenToiThieu=0.5
PVEMA,PVEMA0271,M6,BUY_SELL,TAT_CA,28,17,11,60.714,42.409,1.361,83.617,0.238,106.513,4,20,55.0,13.328,8,75.0,70.289,3,14,11,7,100.0,117.259,2,InpPVKhungVaoLenh=M6 | InpPVKhungXuHuong=H1 | InpPVADXToiThieu=14 | InpPVSoNenTimSL=10 | InpPVDungSaiHoiATR=0.5 | InpPVThanNenToiThieu=0.5
PVEMA,PVEMA0180,M5,BUY_SELL,A,13,9,4,69.231,42.369,2.849,122.527,0.415,54.874,3,8,62.5,78.397,5,80.0,44.13,3,6,4,9,100.0,124.114,2,InpPVKhungVaoLenh=M5 | InpPVKhungXuHuong=M30 | InpPVADXToiThieu=20 | InpPVSoNenTimSL=10 | InpPVDungSaiHoiATR=0.25 | InpPVThanNenToiThieu=0.3
PVEMA,PVEMA0181,M5,BUY_SELL,A,13,9,4,69.231,42.369,2.838,121.806,0.407,54.874,3,8,62.5,77.676,5,80.0,44.13,3,6,4,9,100.0,122.527,2,InpPVKhungVaoLenh=M5 | InpPVKhungXuHuong=M30 | InpPVADXToiThieu=20 | InpPVSoNenTimSL=10 | InpPVDungSaiHoiATR=0.25 | InpPVThanNenToiThieu=0.5
PVEMA,PVEMA0242,M6,BUY_SELL,A,13,9,4,69.231,42.369,2.789,121.608,0.429,53.504,3,9,66.667,86.265,4,75.0,35.343,4,4,4,8,100.0,132.883,2,InpPVKhungVaoLenh=M6 | InpPVKhungXuHuong=M30 | InpPVADXToiThieu=14 | InpPVSoNenTimSL=5 | InpPVDungSaiHoiATR=0.5 | InpPVThanNenToiThieu=0.3
PVEMA,PVEMA0310,M10,BUY_SELL,TAT_CA,13,9,4,69.231,42.369,2.617,118.531,0.441,28.174,1,6,83.333,71.646,7,57.143,46.885,3,6,3,7,85.714,104.43,1,InpPVKhungVaoLenh=M10 | InpPVKhungXuHuong=M15 | InpPVADXToiThieu=25 | InpPVSoNenTimSL=10 | InpPVDungSaiHoiATR=0.5 | InpPVThanNenToiThieu=0.3
PVEMA,PVEMA0243,M6,BUY_SELL,A,13,9,4,69.231,42.369,2.976,113.708,0.406,27.282,2,10,60.0,62.231,3,100.0,51.477,3,5,4,8,100.0,121.697,4,InpPVKhungVaoLenh=M6 | InpPVKhungXuHuong=M30 | InpPVADXToiThieu=14 | InpPVSoNenTimSL=5 | InpPVDungSaiHoiATR=0.5 | InpPVThanNenToiThieu=0.5
PVEMA,PVEMA0182,M5,BUY_SELL,A,13,9,4,69.231,42.369,2.379,109.888,0.416,54.874,3,8,62.5,65.758,5,80.0,44.13,3,6,4,9,100.0,112.598,2,InpPVKhungVaoLenh=M5 | InpPVKhungXuHuong=M30 | InpPVADXToiThieu=20 | InpPVSoNenTimSL=10 | InpPVDungSaiHoiATR=0.5 | InpPVThanNenToiThieu=0.3
PVEMA,PVEMA0171,M5,BUY_SELL,MY,13,9,4,69.231,42.369,2.058,88.604,0.631,29.424,1,8,62.5,31.13,5,80.0,57.474,3,6,4,8,100.0,66.373,2,InpPVKhungVaoLenh=M5 | InpPVKhungXuHuong=M30 | InpPVADXToiThieu=14 | InpPVSoNenTimSL=5 | InpPVDungSaiHoiATR=0.5 | InpPVThanNenToiThieu=0.5
PVEMA,PVEMA0096,M4,BUY_SELL,TAT_CA,48,27,21,56.25,42.275,1.414,144.298,0.128,123.264,7,28,64.286,124.841,20,45.0,19.457,9,18,21,8,100.0,107.842,2,InpPVKhungVaoLenh=M4 | InpPVKhungXuHuong=M30 | InpPVADXToiThieu=14 | InpPVSoNenTimSL=5 | InpPVDungSaiHoiATR=0.25 | InpPVThanNenToiThieu=0.3
PVEMA,PVEMA0080,M4,BUY,TAT_CA,32,19,13,59.375,42.26,1.69,150.002,0.206,102.002,6,25,68.0,140.325,7,28.571,9.677,6,13,13,8,100.0,121.762,1,InpPVKhungVaoLenh=M4 | InpPVKhungXuHuong=M15 | InpPVADXToiThieu=20 | InpPVSoNenTimSL=5 | InpPVDungSaiHoiATR=0.25 | InpPVThanNenToiThieu=0.3
PVEMA,PVEMA0155,M5,BUY,TAT_CA,32,19,13,59.375,42.26,1.582,119.531,0.237,71.227,5,24,62.5,91.587,8,50.0,27.944,5,14,13,8,100.0,123.54,1,InpPVKhungVaoLenh=M5 | InpPVKhungXuHuong=M15 | InpPVADXToiThieu=20 | InpPVSoNenTimSL=5 | InpPVDungSaiHoiATR=0.5 | InpPVThanNenToiThieu=0.5
PVEMA,PVEMA0222,M6,BUY,TAT_CA,32,19,13,59.375,42.26,1.398,112.538,0.253,158.422,5,21,57.143,9.942,11,63.636,102.596,6,13,13,7,85.714,104.568,1,InpPVKhungVaoLenh=M6 | InpPVKhungXuHuong=M15 | InpPVADXToiThieu=14 | InpPVSoNenTimSL=10 | InpPVDungSaiHoiATR=0.5 | InpPVThanNenToiThieu=0.3
PVEMA,PVEMA0155,M5,BUY_SELL,TAT_CA,34,20,14,58.824,42.221,1.536,119.629,0.219,71.129,5,24,62.5,91.587,10,50.0,28.042,5,15,14,8,100.0,117.545,1,InpPVKhungVaoLenh=M5 | InpPVKhungXuHuong=M15 | InpPVADXToiThieu=20 | InpPVSoNenTimSL=5 | InpPVDungSaiHoiATR=0.5 | InpPVThanNenToiThieu=0.5
PVEMA,PVEMA0226,M6,BUY_SELL,TAT_CA,34,20,14,58.824,42.221,1.411,114.307,0.261,128.489,4,23,56.522,46.625,11,63.636,67.682,7,12,14,8,100.0,130.099,1,InpPVKhungVaoLenh=M6 | InpPVKhungXuHuong=M15 | InpPVADXToiThieu=20 | InpPVSoNenTimSL=5 | InpPVDungSaiHoiATR=0.5 | InpPVThanNenToiThieu=0.3
PVEMA,PVEMA0222,M6,BUY_SELL,TAT_CA,34,20,14,58.824,42.221,1.348,107.617,0.234,163.343,4,21,57.143,9.942,13,61.538,97.675,6,14,14,7,85.714,99.647,1,InpPVKhungVaoLenh=M6 | InpPVKhungXuHuong=M15 | InpPVADXToiThieu=14 | InpPVSoNenTimSL=10 | InpPVDungSaiHoiATR=0.5 | InpPVThanNenToiThieu=0.3
PVEMA,PVEMA0042,M3,BUY_SELL,TAT_CA,42,24,18,57.143,42.206,1.361,103.816,0.148,114.273,6,28,60.714,89.775,14,50.0,14.041,7,17,18,7,100.0,55.671,2,InpPVKhungVaoLenh=M3 | InpPVKhungXuHuong=M30 | InpPVADXToiThieu=25 | InpPVSoNenTimSL=5 | InpPVDungSaiHoiATR=0.5 | InpPVThanNenToiThieu=0.3
PVEMA,PVEMA0325,M10,BUY_SELL,TAT_CA,15,10,5,66.667,41.713,2.924,160.235,0.342,32.382,2,6,83.333,82.925,9,55.556,77.31,4,5,5,9,88.889,150.366,2,InpPVKhungVaoLenh=M10 | InpPVKhungXuHuong=M30 | InpPVADXToiThieu=20 | InpPVSoNenTimSL=10 | InpPVDungSaiHoiATR=0.25 | InpPVThanNenToiThieu=0.5
PVEMA,PVEMA0218,M6,BUY_SELL,A,15,10,5,66.667,41.713,2.452,113.221,0.36,55.442,3,9,66.667,79.816,6,66.667,33.405,4,5,5,7,100.0,127.693,2,InpPVKhungVaoLenh=M6 | InpPVKhungXuHuong=M15 | InpPVADXToiThieu=14 | InpPVSoNenTimSL=5 | InpPVDungSaiHoiATR=0.5 | InpPVThanNenToiThieu=0.3
PVEMA,PVEMA0152,M5,BUY_SELL,A,15,10,5,66.667,41.713,2.734,99.253,0.306,36.264,3,8,75.0,77.001,7,57.143,22.252,3,7,5,8,100.0,111.899,1,InpPVKhungVaoLenh=M5 | InpPVKhungXuHuong=M15 | InpPVADXToiThieu=20 | InpPVSoNenTimSL=5 | InpPVDungSaiHoiATR=0.25 | InpPVThanNenToiThieu=0.3
PVEMA,PVEMA0334,M10,BUY_SELL,TAT_CA,15,10,5,66.667,41.713,1.71,82.687,0.29,76.008,3,10,60.0,1.4,5,80.0,81.287,3,6,5,8,87.5,105.132,2,InpPVKhungVaoLenh=M10 | InpPVKhungXuHuong=M30 | InpPVADXToiThieu=25 | InpPVSoNenTimSL=10 | InpPVDungSaiHoiATR=0.5 | InpPVThanNenToiThieu=0.3
PVEMA,PVEMA0211,M5,BUY_SELL,A,15,10,5,66.667,41.713,1.973,73.018,0.236,24.946,2,12,66.667,51.128,3,66.667,21.89,2,8,5,7,100.0,75.706,2,InpPVKhungVaoLenh=M5 | InpPVKhungXuHuong=H1 | InpPVADXToiThieu=25 | InpPVSoNenTimSL=5 | InpPVDungSaiHoiATR=0.5 | InpPVThanNenToiThieu=0.5
PVEMA,PVEMA0280,M6,BUY_SELL,AU,15,10,5,66.667,41.713,1.502,49.108,0.192,40.644,2,12,66.667,34.579,3,66.667,14.529,1,9,5,7,71.429,13.34,2,InpPVKhungVaoLenh=M6 | InpPVKhungXuHuong=H1 | InpPVADXToiThieu=25 | InpPVSoNenTimSL=5 | InpPVDungSaiHoiATR=0.25 | InpPVThanNenToiThieu=0.3
PVEMA,PVEMA0349,M10,BUY_SELL,TAT_CA,17,11,6,64.706,41.3,2.087,118.236,0.233,32.382,2,9,77.778,95.976,8,50.0,22.26,3,7,6,8,87.5,129.866,4,InpPVKhungVaoLenh=M10 | InpPVKhungXuHuong=H1 | InpPVADXToiThieu=20 | InpPVSoNenTimSL=10 | InpPVDungSaiHoiATR=0.25 | InpPVThanNenToiThieu=0.5
PVEMA,PVEMA0148,M5,BUY_SELL,A,17,11,6,64.706,41.3,2.199,111.079,0.235,59.465,3,8,62.5,59.432,9,66.667,51.647,2,9,6,7,100.0,98.631,1,InpPVKhungVaoLenh=M5 | InpPVKhungXuHuong=M15 | InpPVADXToiThieu=14 | InpPVSoNenTimSL=10 | InpPVDungSaiHoiATR=0.25 | InpPVThanNenToiThieu=0.3
PVEMA,PVEMA0236,M6,BUY,TAT_CA,17,11,6,64.706,41.3,1.936,110.806,0.446,73.611,3,13,69.231,96.571,4,50.0,14.235,4,7,5,7,100.0,89.298,1,InpPVKhungVaoLenh=M6 | InpPVKhungXuHuong=M15 | InpPVADXToiThieu=25 | InpPVSoNenTimSL=10 | InpPVDungSaiHoiATR=0.25 | InpPVThanNenToiThieu=0.3
PVEMA,PVEMA0150,M5,BUY_SELL,A,17,11,6,64.706,41.3,1.93,98.631,0.244,59.465,3,8,62.5,46.984,9,66.667,51.647,2,9,6,7,100.0,84.08,1,InpPVKhungVaoLenh=M5 | InpPVKhungXuHuong=M15 | InpPVADXToiThieu=14 | InpPVSoNenTimSL=10 | InpPVDungSaiHoiATR=0.5 | InpPVThanNenToiThieu=0.3
PVEMA,PVEMA0237,M6,BUY_SELL,TAT_CA,17,11,6,64.706,41.3,1.834,94.384,0.364,65.64,3,13,61.538,56.019,4,75.0,38.365,3,8,6,7,100.0,105.885,1,InpPVKhungVaoLenh=M6 | InpPVKhungXuHuong=M15 | InpPVADXToiThieu=25 | InpPVSoNenTimSL=10 | InpPVDungSaiHoiATR=0.25 | InpPVThanNenToiThieu=0.5
PVEMA,PVEMA0040,M3,BUY_SELL,TAT_CA,43,24,19,55.814,41.107,1.308,91.445,0.124,108.08,5,30,60.0,83.245,13,46.154,8.2,7,17,19,7,100.0,40.093,2,InpPVKhungVaoLenh=M3 | InpPVKhungXuHuong=M30 | InpPVADXToiThieu=25 | InpPVSoNenTimSL=5 | InpPVDungSaiHoiATR=0.25 | InpPVThanNenToiThieu=0.3
PVEMA,PVEMA0092,M4,BUY,TAT_CA,19,12,7,63.158,41.039,2.088,143.443,0.339,64.008,2,16,62.5,105.317,3,66.667,38.126,5,7,7,7,100.0,132.543,1,InpPVKhungVaoLenh=M4 | InpPVKhungXuHuong=M15 | InpPVADXToiThieu=25 | InpPVSoNenTimSL=10 | InpPVDungSaiHoiATR=0.25 | InpPVThanNenToiThieu=0.3
PVEMA,PVEMA0236,M6,BUY_SELL,TAT_CA,19,12,7,63.158,41.039,1.732,105.885,0.391,78.532,2,13,69.231,96.571,6,50.0,9.314,4,8,6,7,100.0,94.384,1,InpPVKhungVaoLenh=M6 | InpPVKhungXuHuong=M15 | InpPVADXToiThieu=25 | InpPVSoNenTimSL=10 | InpPVDungSaiHoiATR=0.25 | InpPVThanNenToiThieu=0.3
PVEMA,PVEMA0171,M5,BUY_SELL,A,19,12,7,63.158,41.039,1.954,91.577,0.193,45.844,4,13,69.231,78.905,6,50.0,12.672,3,9,7,8,100.0,94.044,2,InpPVKhungVaoLenh=M5 | InpPVKhungXuHuong=M30 | InpPVADXToiThieu=14 | InpPVSoNenTimSL=5 | InpPVDungSaiHoiATR=0.5 | InpPVThanNenToiThieu=0.5
PVEMA,PVEMA0147,M5,BUY_SELL,A,21,13,8,61.905,40.878,1.799,84.626,0.177,46.971,4,13,69.231,73.081,8,50.0,11.545,3,10,8,7,100.0,84.08,2,InpPVKhungVaoLenh=M5 | InpPVKhungXuHuong=M15 | InpPVADXToiThieu=14 | InpPVSoNenTimSL=5 | InpPVDungSaiHoiATR=0.5 | InpPVThanNenToiThieu=0.5
PVEMA,PVEMA0112,M4,BUY_SELL,TAT_CA,33,19,14,57.576,40.807,1.599,131.682,0.208,120.951,8,21,61.905,98.695,12,50.0,32.987,8,11,14,8,100.0,98.46,2,InpPVKhungVaoLenh=M4 | InpPVKhungXuHuong=M30 | InpPVADXToiThieu=25 | InpPVSoNenTimSL=5 | InpPVDungSaiHoiATR=0.25 | InpPVThanNenToiThieu=0.3
PVEMA,PVEMA0085,M4,BUY,TAT_CA,23,14,9,60.87,40.785,2.518,207.678,0.267,53.55,4,18,66.667,177.298,5,40.0,30.38,6,8,9,8,100.0,134.201,1,InpPVKhungVaoLenh=M4 | InpPVKhungXuHuong=M15 | InpPVADXToiThieu=20 | InpPVSoNenTimSL=10 | InpPVDungSaiHoiATR=0.25 | InpPVThanNenToiThieu=0.5
PVEMA,PVEMA0260,M6,BUY_SELL,TAT_CA,23,14,9,60.87,40.785,1.583,102.912,0.304,114.044,3,16,56.25,46.136,7,71.429,56.776,5,9,9,8,100.0,82.06,2,InpPVKhungVaoLenh=M6 | InpPVKhungXuHuong=M30 | InpPVADXToiThieu=25 | InpPVSoNenTimSL=10 | InpPVDungSaiHoiATR=0.25 | InpPVThanNenToiThieu=0.3
PVEMA,PVEMA0146,M5,BUY_SELL,A,23,14,9,60.87,40.785,1.72,84.08,0.145,37.391,3,14,64.286,62.955,9,55.556,21.125,3,11,9,7,100.0,88.33,1,InpPVKhungVaoLenh=M5 | InpPVKhungXuHuong=M15 | InpPVADXToiThieu=14 | InpPVSoNenTimSL=5 | InpPVDungSaiHoiATR=0.5 | InpPVThanNenToiThieu=0.3
PVEMA,PVEMA0250,M6,BUY_SELL,TAT_CA,31,18,13,58.065,40.766,1.464,122.071,0.237,140.011,4,23,52.174,12.078,8,75.0,109.993,6,11,13,9,100.0,128.492,2,InpPVKhungVaoLenh=M6 | InpPVKhungXuHuong=M30 | InpPVADXToiThieu=20 | InpPVSoNenTimSL=5 | InpPVDungSaiHoiATR=0.5 | InpPVThanNenToiThieu=0.3
PVEMA,PVEMA0226,M6,BUY,TAT_CA,31,18,13,58.065,40.766,1.425,107.018,0.251,135.778,6,23,56.522,46.625,8,62.5,60.393,6,11,13,8,100.0,126.455,1,InpPVKhungVaoLenh=M6 | InpPVKhungXuHuong=M15 | InpPVADXToiThieu=20 | InpPVSoNenTimSL=5 | InpPVDungSaiHoiATR=0.5 | InpPVThanNenToiThieu=0.3
PVEMA,PVEMA0253,M6,BUY_SELL,TAT_CA,25,15,10,60.0,40.739,1.337,70.757,0.214,106.371,3,17,58.824,25.29,8,62.5,45.467,4,11,10,9,100.0,109.289,2,InpPVKhungVaoLenh=M6 | InpPVKhungXuHuong=M30 | InpPVADXToiThieu=20 | InpPVSoNenTimSL=10 | InpPVDungSaiHoiATR=0.25 | InpPVThanNenToiThieu=0.5
PVEMA,PVEMA0275,M6,BUY_SELL,TAT_CA,29,17,12,58.621,40.738,1.675,151.063,0.266,78.737,4,23,52.174,50.67,6,83.333,100.393,5,11,12,8,100.0,150.909,2,InpPVKhungVaoLenh=M6 | InpPVKhungXuHuong=H1 | InpPVADXToiThieu=20 | InpPVSoNenTimSL=5 | InpPVDungSaiHoiATR=0.5 | InpPVThanNenToiThieu=0.5
PVEMA,PVEMA0251,M6,BUY_SELL,TAT_CA,29,17,12,58.621,40.738,1.612,128.492,0.261,81.541,3,23,52.174,32.37,6,83.333,96.122,5,11,12,9,100.0,145.71,2,InpPVKhungVaoLenh=M6 | InpPVKhungXuHuong=M30 | InpPVADXToiThieu=20 | InpPVSoNenTimSL=5 | InpPVDungSaiHoiATR=0.5 | InpPVThanNenToiThieu=0.5
PVEMA,PVEMA0185,M5,BUY_SELL,TAT_CA,27,16,11,59.259,40.726,1.602,102.154,0.29,91.962,5,20,55.0,48.067,7,71.429,54.087,5,11,11,8,100.0,99.973,2,InpPVKhungVaoLenh=M5 | InpPVKhungXuHuong=M30 | InpPVADXToiThieu=25 | InpPVSoNenTimSL=5 | InpPVDungSaiHoiATR=0.25 | InpPVThanNenToiThieu=0.5
PVEMA,PVEMA0097,M4,BUY_SELL,TAT_CA,42,23,19,54.762,39.949,1.399,118.568,0.073,137.952,9,27,59.259,96.117,15,46.667,22.451,7,16,19,8,87.5,98.126,2,InpPVKhungVaoLenh=M4 | InpPVKhungXuHuong=M30 | InpPVADXToiThieu=14 | InpPVSoNenTimSL=5 | InpPVDungSaiHoiATR=0.25 | InpPVThanNenToiThieu=0.5
PVEMA,PVEMA0105,M4,BUY_SELL,TAT_CA,38,21,17,55.263,39.706,1.395,105.433,0.101,125.063,7,23,60.87,99.173,15,46.667,6.26,7,14,17,9,88.889,106.05,2,InpPVKhungVaoLenh=M4 | InpPVKhungXuHuong=M30 | InpPVADXToiThieu=20 | InpPVSoNenTimSL=5 | InpPVDungSaiHoiATR=0.25 | InpPVThanNenToiThieu=0.5
PVEMA,PVEMA0164,M5,BUY_SELL,A,10,7,3,70.0,39.677,4.722,122.74,0.418,11.574,1,6,66.667,84.575,4,75.0,38.165,2,5,3,7,100.0,110.101,1,InpPVKhungVaoLenh=M5 | InpPVKhungXuHuong=M15 | InpPVADXToiThieu=25 | InpPVSoNenTimSL=10 | InpPVDungSaiHoiATR=0.25 | InpPVThanNenToiThieu=0.3
PVEMA,PVEMA0310,M10,BUY,TAT_CA,10,7,3,70.0,39.677,3.552,115.175,0.511,26.0,1,6,83.333,71.646,4,50.0,43.529,3,4,2,7,100.0,101.074,1,InpPVKhungVaoLenh=M10 | InpPVKhungXuHuong=M15 | InpPVADXToiThieu=25 | InpPVSoNenTimSL=10 | InpPVDungSaiHoiATR=0.5 | InpPVThanNenToiThieu=0.3
PVEMA,PVEMA0309,M10,BUY_SELL,TAT_CA,10,7,3,70.0,39.677,2.722,110.94,0.436,28.174,1,4,75.0,53.166,6,66.667,57.774,3,4,3,7,100.0,94.384,1,InpPVKhungVaoLenh=M10 | InpPVKhungXuHuong=M15 | InpPVADXToiThieu=25 | InpPVSoNenTimSL=10 | InpPVDungSaiHoiATR=0.25 | InpPVThanNenToiThieu=0.5
PVEMA,PVEMA0166,M5,BUY_SELL,A,10,7,3,70.0,39.677,3.374,110.101,0.42,24.794,1,6,66.667,71.936,4,75.0,38.165,2,5,3,7,100.0,111.475,1,InpPVKhungVaoLenh=M5 | InpPVKhungXuHuong=M15 | InpPVADXToiThieu=25 | InpPVSoNenTimSL=10 | InpPVDungSaiHoiATR=0.5 | InpPVThanNenToiThieu=0.3
PVEMA,PVEMA0212,M5,BUY_SELL,A,10,7,3,70.0,39.677,2.654,93.084,0.432,44.872,2,7,57.143,50.62,3,100.0,42.464,2,5,3,7,100.0,97.526,2,InpPVKhungVaoLenh=M5 | InpPVKhungXuHuong=H1 | InpPVADXToiThieu=25 | InpPVSoNenTimSL=10 | InpPVDungSaiHoiATR=0.25 | InpPVThanNenToiThieu=0.3
PVEMA,PVEMA0305,M10,BUY_SELL,TAT_CA,10,7,3,70.0,39.677,2.437,92.626,0.437,28.174,1,4,75.0,53.166,6,66.667,39.46,3,4,3,7,85.714,80.858,1,InpPVKhungVaoLenh=M10 | InpPVKhungXuHuong=M15 | InpPVADXToiThieu=25 | InpPVSoNenTimSL=5 | InpPVDungSaiHoiATR=0.25 | InpPVThanNenToiThieu=0.5
PVEMA,PVEMA0213,M5,BUY_SELL,A,10,7,3,70.0,39.677,2.641,92.363,0.422,44.872,2,7,57.143,49.899,3,100.0,42.464,2,5,3,7,100.0,109.341,2,InpPVKhungVaoLenh=M5 | InpPVKhungXuHuong=H1 | InpPVADXToiThieu=25 | InpPVSoNenTimSL=10 | InpPVDungSaiHoiATR=0.25 | InpPVThanNenToiThieu=0.5
PVEMA,PVEMA0179,M5,BUY_SELL,MY,10,7,3,70.0,39.677,2.134,70.352,0.72,29.424,1,6,66.667,43.153,4,75.0,27.199,2,5,3,9,100.0,58.425,2,InpPVKhungVaoLenh=M5 | InpPVKhungXuHuong=M30 | InpPVADXToiThieu=20 | InpPVSoNenTimSL=5 | InpPVDungSaiHoiATR=0.5 | InpPVThanNenToiThieu=0.5
PVEMA,PVEMA0154,M5,BUY,TAT_CA,34,19,15,55.882,39.454,1.329,81.491,0.174,88.355,6,26,57.692,53.557,8,50.0,27.934,5,14,15,8,100.0,111.985,1,InpPVKhungVaoLenh=M5 | InpPVKhungXuHuong=M15 | InpPVADXToiThieu=20 | InpPVSoNenTimSL=5 | InpPVDungSaiHoiATR=0.5 | InpPVThanNenToiThieu=0.3
PVEMA,PVEMA0083,M4,BUY,TAT_CA,30,17,13,56.667,39.197,1.737,149.53,0.174,88.428,6,23,65.217,139.035,7,28.571,10.495,7,10,13,8,100.0,102.537,1,InpPVKhungVaoLenh=M4 | InpPVKhungXuHuong=M15 | InpPVADXToiThieu=20 | InpPVSoNenTimSL=5 | InpPVDungSaiHoiATR=0.5 | InpPVThanNenToiThieu=0.5
PVEMA,PVEMA0157,M5,BUY_SELL,TAT_CA,30,17,13,56.667,39.197,1.555,121.34,0.187,74.185,5,18,61.111,98.789,12,50.0,22.551,4,13,13,8,100.0,99.656,1,InpPVKhungVaoLenh=M5 | InpPVKhungXuHuong=M15 | InpPVADXToiThieu=20 | InpPVSoNenTimSL=10 | InpPVDungSaiHoiATR=0.25 | InpPVThanNenToiThieu=0.5
PVEMA,PVEMA0156,M5,BUY_SELL,TAT_CA,30,17,13,56.667,39.197,1.45,107.908,0.206,88.338,5,18,61.111,81.676,12,50.0,26.232,4,13,13,8,100.0,97.739,1,InpPVKhungVaoLenh=M5 | InpPVKhungXuHuong=M15 | InpPVADXToiThieu=20 | InpPVSoNenTimSL=10 | InpPVDungSaiHoiATR=0.25 | InpPVThanNenToiThieu=0.3
PVEMA,PVEMA0184,M5,BUY_SELL,TAT_CA,30,17,13,56.667,39.197,1.507,93.897,0.217,104.14,7,21,52.381,46.619,9,66.667,47.278,5,12,13,8,100.0,116.918,2,InpPVKhungVaoLenh=M5 | InpPVKhungXuHuong=M30 | InpPVADXToiThieu=25 | InpPVSoNenTimSL=5 | InpPVDungSaiHoiATR=0.25 | InpPVThanNenToiThieu=0.3
PVEMA,PVEMA0157,M5,BUY,TAT_CA,28,16,12,57.143,39.07,1.604,121.214,0.211,74.311,5,18,61.111,98.789,10,50.0,22.425,4,12,12,8,100.0,97.684,1,InpPVKhungVaoLenh=M5 | InpPVKhungXuHuong=M15 | InpPVADXToiThieu=20 | InpPVSoNenTimSL=10 | InpPVDungSaiHoiATR=0.25 | InpPVThanNenToiThieu=0.5
PVEMA,PVEMA0156,M5,BUY,TAT_CA,28,16,12,57.143,39.07,1.469,104.091,0.224,92.155,5,18,61.111,81.676,10,50.0,22.415,4,12,12,8,100.0,97.676,1,InpPVKhungVaoLenh=M5 | InpPVKhungXuHuong=M15 | InpPVADXToiThieu=20 | InpPVSoNenTimSL=10 | InpPVDungSaiHoiATR=0.25 | InpPVThanNenToiThieu=0.3
PVEMA,PVEMA0207,M5,BUY_SELL,TAT_CA,28,16,12,57.143,39.07,1.361,97.365,0.241,104.749,4,18,55.556,61.134,10,60.0,36.231,5,11,12,8,100.0,58.256,2,InpPVKhungVaoLenh=M5 | InpPVKhungXuHuong=H1 | InpPVADXToiThieu=20 | InpPVSoNenTimSL=10 | InpPVDungSaiHoiATR=0.5 | InpPVThanNenToiThieu=0.5
PVEMA,PVEMA0160,M5,BUY_SELL,TAT_CA,28,16,12,57.143,39.07,1.367,73.548,0.244,94.735,3,20,55.0,35.796,8,62.5,37.752,5,11,12,7,100.0,79.504,1,InpPVKhungVaoLenh=M5 | InpPVKhungXuHuong=M15 | InpPVADXToiThieu=25 | InpPVSoNenTimSL=5 | InpPVDungSaiHoiATR=0.25 | InpPVThanNenToiThieu=0.3
PVEMA,PVEMA0258,M6,BUY_SELL,A,12,8,4,66.667,39.062,3.897,130.749,0.421,30.664,3,9,55.556,79.272,3,100.0,51.477,4,3,4,8,100.0,129.303,2,InpPVKhungVaoLenh=M6 | InpPVKhungXuHuong=M30 | InpPVADXToiThieu=25 | InpPVSoNenTimSL=5 | InpPVDungSaiHoiATR=0.5 | InpPVThanNenToiThieu=0.3
PVEMA,PVEMA0206,M5,BUY_SELL,A,12,8,4,66.667,39.062,2.539,122.585,0.371,54.874,3,7,57.143,78.455,5,80.0,44.13,3,5,4,8,100.0,116.236,4,InpPVKhungVaoLenh=M5 | InpPVKhungXuHuong=H1 | InpPVADXToiThieu=20 | InpPVSoNenTimSL=10 | InpPVDungSaiHoiATR=0.5 | InpPVThanNenToiThieu=0.3
PVEMA,PVEMA0311,M10,BUY_SELL,TAT_CA,12,8,4,66.667,39.062,2.551,113.725,0.422,28.174,1,5,80.0,60.601,7,57.143,53.124,3,5,3,7,100.0,74.07,1,InpPVKhungVaoLenh=M10 | InpPVKhungXuHuong=M15 | InpPVADXToiThieu=25 | InpPVSoNenTimSL=10 | InpPVDungSaiHoiATR=0.5 | InpPVThanNenToiThieu=0.5
PVEMA,PVEMA0259,M6,BUY_SELL,A,12,8,4,66.667,39.062,2.971,101.829,0.36,21.406,2,9,55.556,50.352,3,100.0,51.477,3,4,4,8,100.0,106.491,2,InpPVKhungVaoLenh=M6 | InpPVKhungXuHuong=M30 | InpPVADXToiThieu=25 | InpPVSoNenTimSL=5 | InpPVDungSaiHoiATR=0.5 | InpPVThanNenToiThieu=0.5
PVEMA,PVEMA0090,M4,BUY,A,12,8,4,66.667,39.062,2.561,87.879,0.378,24.566,2,9,77.778,74.211,3,33.333,13.668,3,5,4,7,100.0,66.991,1,InpPVKhungVaoLenh=M4 | InpPVKhungXuHuong=M15 | InpPVADXToiThieu=25 | InpPVSoNenTimSL=5 | InpPVDungSaiHoiATR=0.5 | InpPVThanNenToiThieu=0.3
PVEMA,PVEMA0088,M4,BUY_SELL,A,12,8,4,66.667,39.062,2.407,84.267,0.378,28.178,2,9,77.778,74.211,3,33.333,10.056,3,5,4,7,85.714,80.06,1,InpPVKhungVaoLenh=M4 | InpPVKhungXuHuong=M15 | InpPVADXToiThieu=25 | InpPVSoNenTimSL=5 | InpPVDungSaiHoiATR=0.25 | InpPVThanNenToiThieu=0.3
PVEMA,PVEMA0169,M5,BUY_SELL,MY,12,8,4,66.667,39.062,1.904,75.71,0.609,29.424,1,8,62.5,31.13,4,75.0,44.58,3,5,4,8,100.0,53.472,2,InpPVKhungVaoLenh=M5 | InpPVKhungXuHuong=M30 | InpPVADXToiThieu=14 | InpPVSoNenTimSL=5 | InpPVDungSaiHoiATR=0.25 | InpPVThanNenToiThieu=0.5
PVEMA,PVEMA0304,M10,BUY_SELL,TAT_CA,12,8,4,66.667,39.062,1.488,53.241,0.329,38.88,1,5,60.0,8.434,7,71.429,44.807,3,5,4,7,85.714,92.626,1,InpPVKhungVaoLenh=M10 | InpPVKhungXuHuong=M15 | InpPVADXToiThieu=25 | InpPVSoNenTimSL=5 | InpPVDungSaiHoiATR=0.25 | InpPVThanNenToiThieu=0.3
PVEMA,PVEMA0085,M4,BUY_SELL,TAT_CA,26,15,11,57.692,38.948,2.103,190.558,0.194,72.91,5,18,66.667,177.298,8,37.5,13.26,6,9,11,8,100.0,127.383,1,InpPVKhungVaoLenh=M4 | InpPVKhungXuHuong=M15 | InpPVADXToiThieu=20 | InpPVSoNenTimSL=10 | InpPVDungSaiHoiATR=0.25 | InpPVThanNenToiThieu=0.5
PVEMA,PVEMA0205,M5,BUY_SELL,TAT_CA,26,15,11,57.692,38.948,1.478,114.392,0.264,99.607,4,17,58.824,91.07,9,55.556,23.322,5,10,11,8,100.0,71.841,2,InpPVKhungVaoLenh=M5 | InpPVKhungXuHuong=H1 | InpPVADXToiThieu=20 | InpPVSoNenTimSL=10 | InpPVDungSaiHoiATR=0.25 | InpPVThanNenToiThieu=0.5
PVEMA,PVEMA0255,M6,BUY_SELL,TAT_CA,24,14,10,58.333,38.834,1.393,78.727,0.238,96.583,3,16,56.25,33.26,8,62.5,45.467,4,10,10,9,100.0,117.259,2,InpPVKhungVaoLenh=M6 | InpPVKhungXuHuong=M30 | InpPVADXToiThieu=20 | InpPVSoNenTimSL=10 | InpPVDungSaiHoiATR=0.5 | InpPVThanNenToiThieu=0.5
PVEMA,PVEMA0261,M6,BUY_SELL,TAT_CA,24,14,10,58.333,38.834,1.309,60.645,0.218,112.844,3,17,52.941,8.815,7,71.429,51.83,4,10,10,8,100.0,69.686,2,InpPVKhungVaoLenh=M6 | InpPVKhungXuHuong=M30 | InpPVADXToiThieu=25 | InpPVSoNenTimSL=10 | InpPVDungSaiHoiATR=0.25 | InpPVThanNenToiThieu=0.5
PVEMA,PVEMA0287,M6,BUY_SELL,TAT_CA,24,14,10,58.333,38.834,1.307,59.832,0.188,69.627,3,18,55.556,25.307,6,66.667,34.525,2,12,10,7,100.0,68.615,2,InpPVKhungVaoLenh=M6 | InpPVKhungXuHuong=H1 | InpPVADXToiThieu=25 | InpPVSoNenTimSL=10 | InpPVDungSaiHoiATR=0.5 | InpPVThanNenToiThieu=0.5
PVEMA,PVEMA0156,M5,BUY_SELL,A,14,9,5,64.286,38.764,3.091,124.114,0.271,36.384,3,6,66.667,84.575,8,62.5,39.539,2,7,5,8,100.0,111.277,1,InpPVKhungVaoLenh=M5 | InpPVKhungXuHuong=M15 | InpPVADXToiThieu=20 | InpPVSoNenTimSL=10 | InpPVDungSaiHoiATR=0.25 | InpPVThanNenToiThieu=0.3
PVEMA,PVEMA0158,M5,BUY_SELL,A,14,9,5,64.286,38.764,2.532,111.475,0.273,36.384,3,6,66.667,71.936,8,62.5,39.539,2,7,5,8,100.0,104.259,1,InpPVKhungVaoLenh=M5 | InpPVKhungXuHuong=M15 | InpPVADXToiThieu=20 | InpPVSoNenTimSL=10 | InpPVDungSaiHoiATR=0.5 | InpPVThanNenToiThieu=0.3
PVEMA,PVEMA0183,M5,BUY_SELL,A,14,9,5,64.286,38.764,2.065,97.012,0.306,54.874,3,9,55.556,52.882,5,80.0,44.13,3,6,5,9,100.0,113.192,2,InpPVKhungVaoLenh=M5 | InpPVKhungXuHuong=M30 | InpPVADXToiThieu=20 | InpPVSoNenTimSL=10 | InpPVDungSaiHoiATR=0.5 | InpPVThanNenToiThieu=0.5
PVEMA,PVEMA0152,M5,BUY,A,14,9,5,64.286,38.764,2.566,89.673,0.29,45.844,4,8,75.0,77.001,6,50.0,12.672,3,6,5,8,100.0,99.424,1,InpPVKhungVaoLenh=M5 | InpPVKhungXuHuong=M15 | InpPVADXToiThieu=20 | InpPVSoNenTimSL=5 | InpPVDungSaiHoiATR=0.25 | InpPVThanNenToiThieu=0.3
PVEMA,PVEMA0153,M5,BUY_SELL,A,14,9,5,64.286,38.764,2.554,88.947,0.284,45.844,4,8,75.0,76.275,6,50.0,12.672,3,6,5,8,100.0,100.427,2,InpPVKhungVaoLenh=M5 | InpPVKhungXuHuong=M15 | InpPVADXToiThieu=20 | InpPVSoNenTimSL=5 | InpPVDungSaiHoiATR=0.25 | InpPVThanNenToiThieu=0.5
PVEMA,PVEMA0168,M5,BUY_SELL,MY,14,9,5,64.286,38.764,1.861,76.737,0.494,29.424,2,8,62.5,38.974,6,66.667,37.763,3,6,5,8,100.0,52.078,2,InpPVKhungVaoLenh=M5 | InpPVKhungXuHuong=M30 | InpPVADXToiThieu=14 | InpPVSoNenTimSL=5 | InpPVDungSaiHoiATR=0.25 | InpPVThanNenToiThieu=0.3
PVEMA,PVEMA0163,M5,BUY_SELL,A,14,9,5,64.286,38.764,2.016,72.849,0.283,24.794,2,11,63.636,53.324,3,66.667,19.525,3,6,5,7,100.0,91.445,2,InpPVKhungVaoLenh=M5 | InpPVKhungXuHuong=M15 | InpPVADXToiThieu=25 | InpPVSoNenTimSL=5 | InpPVDungSaiHoiATR=0.5 | InpPVThanNenToiThieu=0.5
PVEMA,PVEMA0105,M4,BUY_SELL,MY,14,9,5,64.286,38.764,1.587,52.303,0.247,38.589,1,7,57.143,27.032,7,71.429,25.271,2,7,5,9,88.889,30.301,2,InpPVKhungVaoLenh=M4 | InpPVKhungXuHuong=M30 | InpPVADXToiThieu=20 | InpPVSoNenTimSL=5 | InpPVDungSaiHoiATR=0.25 | InpPVThanNenToiThieu=0.5
PVEMA,PVEMA0281,M6,BUY_SELL,AU,14,9,5,64.286,38.764,1.464,39.352,0.09,40.644,2,10,70.0,33.146,4,50.0,6.206,0,9,5,7,71.429,13.16,2,InpPVKhungVaoLenh=M6 | InpPVKhungXuHuong=H1 | InpPVADXToiThieu=25 | InpPVSoNenTimSL=5 | InpPVDungSaiHoiATR=0.25 | InpPVThanNenToiThieu=0.5
PVEMA,PVEMA0092,M4,BUY_SELL,TAT_CA,22,13,9,59.091,38.734,1.739,125.059,0.244,82.392,2,16,62.5,105.317,6,50.0,19.742,5,8,9,7,85.714,103.022,1,InpPVKhungVaoLenh=M4 | InpPVKhungXuHuong=M15 | InpPVADXToiThieu=25 | InpPVSoNenTimSL=10 | InpPVDungSaiHoiATR=0.25 | InpPVThanNenToiThieu=0.3
PVEMA,PVEMA0089,M4,BUY,TAT_CA,22,13,9,59.091,38.734,1.546,95.375,0.31,88.82,3,18,61.111,67.297,4,50.0,28.078,7,6,9,7,100.0,106.05,1,InpPVKhungVaoLenh=M4 | InpPVKhungXuHuong=M15 | InpPVADXToiThieu=25 | InpPVSoNenTimSL=5 | InpPVDungSaiHoiATR=0.25 | InpPVThanNenToiThieu=0.5
PVEMA,PVEMA0232,M6,BUY_SELL,TAT_CA,22,13,9,59.091,38.734,1.411,77.064,0.293,87.991,4,15,60.0,75.988,7,57.143,1.076,6,7,9,7,100.0,105.885,1,InpPVKhungVaoLenh=M6 | InpPVKhungXuHuong=M15 | InpPVADXToiThieu=25 | InpPVSoNenTimSL=5 | InpPVDungSaiHoiATR=0.25 | InpPVThanNenToiThieu=0.3
PVEMA,PVEMA0146,M5,BUY,A,22,13,9,59.091,38.734,1.638,74.5,0.127,46.971,4,14,64.286,62.955,8,50.0,11.545,3,10,9,7,100.0,84.626,1,InpPVKhungVaoLenh=M5 | InpPVKhungXuHuong=M15 | InpPVADXToiThieu=14 | InpPVSoNenTimSL=5 | InpPVDungSaiHoiATR=0.5 | InpPVThanNenToiThieu=0.3
PVEMA,PVEMA0235,M6,BUY,TAT_CA,20,12,8,60.0,38.658,1.634,90.228,0.409,72.142,3,16,56.25,49.561,4,75.0,40.667,5,7,8,7,100.0,64.515,1,InpPVKhungVaoLenh=M6 | InpPVKhungXuHuong=M15 | InpPVADXToiThieu=25 | InpPVSoNenTimSL=5 | InpPVDungSaiHoiATR=0.5 | InpPVThanNenToiThieu=0.5
PVEMA,PVEMA0170,M5,BUY_SELL,A,20,12,8,60.0,38.658,1.827,88.33,0.142,45.844,4,14,64.286,75.658,6,50.0,12.672,3,9,8,8,100.0,102.087,2,InpPVKhungVaoLenh=M5 | InpPVKhungXuHuong=M30 | InpPVADXToiThieu=14 | InpPVSoNenTimSL=5 | InpPVDungSaiHoiATR=0.5 | InpPVThanNenToiThieu=0.3
PVEMA,PVEMA0330,M10,BUY_SELL,TAT_CA,16,10,6,62.5,38.641,2.234,129.518,0.264,54.696,3,12,58.333,72.65,4,75.0,56.868,4,5,6,8,87.5,100.122,2,InpPVKhungVaoLenh=M10 | InpPVKhungXuHuong=M30 | InpPVADXToiThieu=25 | InpPVSoNenTimSL=5 | InpPVDungSaiHoiATR=0.5 | InpPVThanNenToiThieu=0.3
PVEMA,PVEMA0306,M10,BUY_SELL,TAT_CA,16,10,6,62.5,38.641,1.964,117.556,0.343,38.88,2,9,66.667,82.704,7,57.143,34.852,4,6,5,7,85.714,67.871,1,InpPVKhungVaoLenh=M10 | InpPVKhungXuHuong=M15 | InpPVADXToiThieu=25 | InpPVSoNenTimSL=5 | InpPVDungSaiHoiATR=0.5 | InpPVThanNenToiThieu=0.3
PVEMA,PVEMA0197,M5,BUY_SELL,A,16,10,6,62.5,38.641,2.153,106.827,0.237,81.256,5,8,62.5,76.971,8,62.5,29.856,3,7,6,7,100.0,101.715,2,InpPVKhungVaoLenh=M5 | InpPVKhungXuHuong=H1 | InpPVADXToiThieu=14 | InpPVSoNenTimSL=10 | InpPVDungSaiHoiATR=0.25 | InpPVThanNenToiThieu=0.5
PVEMA,PVEMA0196,M5,BUY_SELL,A,16,10,6,62.5,38.641,2.098,101.715,0.244,81.256,5,8,62.5,71.859,8,62.5,29.856,3,7,6,7,100.0,106.827,2,InpPVKhungVaoLenh=M5 | InpPVKhungXuHuong=H1 | InpPVADXToiThieu=14 | InpPVSoNenTimSL=10 | InpPVDungSaiHoiATR=0.25 | InpPVThanNenToiThieu=0.3
PVEMA,PVEMA0148,M5,BUY,A,16,10,6,62.5,38.641,1.964,89.288,0.192,81.256,5,8,62.5,59.432,8,62.5,29.856,2,8,6,7,100.0,96.145,1,InpPVKhungVaoLenh=M5 | InpPVKhungXuHuong=M15 | InpPVADXToiThieu=14 | InpPVSoNenTimSL=10 | InpPVDungSaiHoiATR=0.25 | InpPVThanNenToiThieu=0.3
PVEMA,PVEMA0198,M5,BUY_SELL,A,16,10,6,62.5,38.641,1.84,89.076,0.245,81.256,5,8,62.5,59.22,8,62.5,29.856,3,7,6,7,100.0,101.715,2,InpPVKhungVaoLenh=M5 | InpPVKhungXuHuong=H1 | InpPVADXToiThieu=14 | InpPVSoNenTimSL=10 | InpPVDungSaiHoiATR=0.5 | InpPVThanNenToiThieu=0.3
PVEMA,PVEMA0149,M5,BUY_SELL,A,16,10,6,62.5,38.641,1.956,88.567,0.186,81.256,5,8,62.5,58.711,8,62.5,29.856,2,8,6,7,100.0,101.602,2,InpPVKhungVaoLenh=M5 | InpPVKhungXuHuong=M15 | InpPVADXToiThieu=14 | InpPVSoNenTimSL=10 | InpPVDungSaiHoiATR=0.25 | InpPVThanNenToiThieu=0.5
PVEMA,PVEMA0186,M5,BUY_SELL,A,16,10,6,62.5,38.641,1.971,80.122,0.23,29.373,2,13,53.846,33.18,3,100.0,46.942,3,7,6,8,100.0,106.432,2,InpPVKhungVaoLenh=M5 | InpPVKhungXuHuong=M30 | InpPVADXToiThieu=25 | InpPVSoNenTimSL=5 | InpPVDungSaiHoiATR=0.5 | InpPVThanNenToiThieu=0.3
PVEMA,PVEMA0170,M5,BUY_SELL,MY,16,10,6,62.5,38.641,1.784,78.565,0.425,31.936,2,9,55.556,27.908,7,71.429,50.657,3,7,6,8,100.0,51.506,2,InpPVKhungVaoLenh=M5 | InpPVKhungXuHuong=M30 | InpPVADXToiThieu=14 | InpPVSoNenTimSL=5 | InpPVDungSaiHoiATR=0.5 | InpPVThanNenToiThieu=0.3
PVEMA,PVEMA0150,M5,BUY,A,16,10,6,62.5,38.641,1.725,76.84,0.202,81.256,5,8,62.5,46.984,8,62.5,29.856,2,8,6,7,100.0,83.506,1,InpPVKhungVaoLenh=M5 | InpPVKhungXuHuong=M15 | InpPVADXToiThieu=14 | InpPVSoNenTimSL=10 | InpPVDungSaiHoiATR=0.5 | InpPVThanNenToiThieu=0.3
PVEMA,PVEMA0237,M6,BUY,TAT_CA,16,10,6,62.5,38.641,1.654,74.04,0.327,75.642,4,13,61.538,56.019,3,66.667,18.021,3,7,6,7,100.0,107.584,1,InpPVKhungVaoLenh=M6 | InpPVKhungXuHuong=M15 | InpPVADXToiThieu=25 | InpPVSoNenTimSL=10 | InpPVDungSaiHoiATR=0.25 | InpPVThanNenToiThieu=0.5
PVEMA,PVEMA0162,M5,BUY_SELL,A,16,10,6,62.5,38.641,1.876,72.303,0.223,29.373,2,12,58.333,43.198,4,75.0,29.105,3,7,6,7,100.0,80.122,1,InpPVKhungVaoLenh=M5 | InpPVKhungXuHuong=M15 | InpPVADXToiThieu=25 | InpPVSoNenTimSL=5 | InpPVDungSaiHoiATR=0.5 | InpPVThanNenToiThieu=0.3
PVEMA,PVEMA0210,M5,BUY_SELL,A,16,10,6,62.5,38.641,1.809,69.635,0.17,29.373,2,13,61.538,47.881,3,66.667,21.754,2,8,6,7,100.0,73.018,2,InpPVKhungVaoLenh=M5 | InpPVKhungXuHuong=H1 | InpPVADXToiThieu=25 | InpPVSoNenTimSL=5 | InpPVDungSaiHoiATR=0.5 | InpPVThanNenToiThieu=0.3
PVEMA,PVEMA0084,M4,BUY_SELL,AU,18,11,7,61.111,38.619,1.59,63.518,0.192,31.83,2,14,64.286,53.046,4,50.0,10.472,2,9,6,8,37.5,-0.974,1,InpPVKhungVaoLenh=M4 | InpPVKhungXuHuong=M15 | InpPVADXToiThieu=20 | InpPVSoNenTimSL=10 | InpPVDungSaiHoiATR=0.25 | InpPVThanNenToiThieu=0.3
PVEMA,PVEMA0128,M4,BUY_SELL,TAT_CA,39,21,18,53.846,38.569,1.398,124.075,0.103,123.264,7,26,61.538,121.829,13,38.462,2.246,8,13,18,8,100.0,101.506,2,InpPVKhungVaoLenh=M4 | InpPVKhungXuHuong=H1 | InpPVADXToiThieu=20 | InpPVSoNenTimSL=5 | InpPVDungSaiHoiATR=0.25 | InpPVThanNenToiThieu=0.3
PVEMA,PVEMA0076,M4,BUY,TAT_CA,31,17,14,54.839,37.772,1.513,119.408,0.087,114.183,7,24,58.333,105.815,7,42.857,13.593,5,12,14,7,100.0,69.977,1,InpPVKhungVaoLenh=M4 | InpPVKhungXuHuong=M15 | InpPVADXToiThieu=14 | InpPVSoNenTimSL=10 | InpPVDungSaiHoiATR=0.25 | InpPVThanNenToiThieu=0.3
PVEMA,PVEMA0159,M5,BUY_SELL,TAT_CA,31,17,14,54.839,37.772,1.368,91.404,0.149,79.327,5,19,57.895,68.853,12,50.0,22.551,4,13,14,8,87.5,89.577,1,InpPVKhungVaoLenh=M5 | InpPVKhungXuHuong=M15 | InpPVADXToiThieu=20 | InpPVSoNenTimSL=10 | InpPVDungSaiHoiATR=0.5 | InpPVThanNenToiThieu=0.5
PVEMA,PVEMA0113,M4,BUY_SELL,TAT_CA,29,16,13,55.172,37.548,1.519,106.05,0.166,119.127,8,18,61.111,90.861,11,45.455,15.189,7,9,13,8,100.0,93.328,2,InpPVKhungVaoLenh=M4 | InpPVKhungXuHuong=M30 | InpPVADXToiThieu=25 | InpPVSoNenTimSL=5 | InpPVDungSaiHoiATR=0.25 | InpPVThanNenToiThieu=0.5
PVEMA,PVEMA0159,M5,BUY,TAT_CA,29,16,13,55.172,37.548,1.396,91.278,0.169,79.453,5,19,57.895,68.853,10,50.0,22.425,4,12,13,8,87.5,95.967,1,InpPVKhungVaoLenh=M5 | InpPVKhungXuHuong=M15 | InpPVADXToiThieu=20 | InpPVSoNenTimSL=10 | InpPVDungSaiHoiATR=0.5 | InpPVThanNenToiThieu=0.5
PVEMA,PVEMA0161,M5,BUY_SELL,TAT_CA,27,15,12,55.556,37.313,1.441,79.504,0.232,84.549,3,20,55.0,55.16,7,57.143,24.344,5,10,12,7,100.0,79.985,1,InpPVKhungVaoLenh=M5 | InpPVKhungXuHuong=M15 | InpPVADXToiThieu=25 | InpPVSoNenTimSL=5 | InpPVDungSaiHoiATR=0.25 | InpPVThanNenToiThieu=0.5
PVEMA,PVEMA0187,M5,BUY_SELL,TAT_CA,27,15,12,55.556,37.313,1.361,71.543,0.228,81.938,5,20,50.0,17.456,7,71.429,54.087,5,10,12,8,100.0,93.328,2,InpPVKhungVaoLenh=M5 | InpPVKhungXuHuong=M30 | InpPVADXToiThieu=25 | InpPVSoNenTimSL=5 | InpPVDungSaiHoiATR=0.5 | InpPVThanNenToiThieu=0.5
PVEMA,PVEMA0087,M4,BUY,TAT_CA,25,14,11,56.0,37.067,2.046,176.12,0.165,71.932,5,19,63.158,155.806,6,33.333,20.314,6,8,11,8,100.0,91.075,1,InpPVKhungVaoLenh=M4 | InpPVKhungXuHuong=M15 | InpPVADXToiThieu=20 | InpPVSoNenTimSL=10 | InpPVDungSaiHoiATR=0.5 | InpPVThanNenToiThieu=0.5
PVEMA,PVEMA0089,M4,BUY_SELL,TAT_CA,25,14,11,56.0,37.067,1.383,79.985,0.229,104.21,3,18,61.111,67.297,7,42.857,12.688,7,7,11,7,100.0,103.022,1,InpPVKhungVaoLenh=M4 | InpPVKhungXuHuong=M15 | InpPVADXToiThieu=25 | InpPVSoNenTimSL=5 | InpPVDungSaiHoiATR=0.25 | InpPVThanNenToiThieu=0.5
PVEMA,PVEMA0161,M5,BUY,TAT_CA,25,14,11,56.0,37.067,1.489,79.406,0.257,84.647,4,20,55.0,55.16,5,60.0,24.246,5,9,11,7,100.0,95.375,1,InpPVKhungVaoLenh=M5 | InpPVKhungXuHuong=M15 | InpPVADXToiThieu=25 | InpPVSoNenTimSL=5 | InpPVDungSaiHoiATR=0.25 | InpPVThanNenToiThieu=0.5
PVEMA,PVEMA0160,M5,BUY,TAT_CA,25,14,11,56.0,37.067,1.346,63.09,0.256,104.747,4,20,55.0,35.796,5,60.0,27.294,5,9,11,7,100.0,79.406,1,InpPVKhungVaoLenh=M5 | InpPVKhungXuHuong=M15 | InpPVADXToiThieu=25 | InpPVSoNenTimSL=5 | InpPVDungSaiHoiATR=0.25 | InpPVThanNenToiThieu=0.3
PVEMA,PVEMA0262,M6,BUY_SELL,TAT_CA,23,13,10,56.522,36.811,1.493,91.734,0.277,123.404,4,16,50.0,34.958,7,71.429,56.776,5,8,10,8,100.0,83.532,2,InpPVKhungVaoLenh=M6 | InpPVKhungXuHuong=M30 | InpPVADXToiThieu=25 | InpPVSoNenTimSL=10 | InpPVDungSaiHoiATR=0.5 | InpPVThanNenToiThieu=0.3
PVEMA,PVEMA0263,M6,BUY_SELL,TAT_CA,23,13,10,56.522,36.811,1.368,68.615,0.244,103.056,3,16,50.0,16.785,7,71.429,51.83,4,9,10,8,100.0,68.309,2,InpPVKhungVaoLenh=M6 | InpPVKhungXuHuong=M30 | InpPVADXToiThieu=25 | InpPVSoNenTimSL=10 | InpPVDungSaiHoiATR=0.5 | InpPVThanNenToiThieu=0.5
PVEMA,PVEMA0238,M6,BUY_SELL,TAT_CA,21,12,9,57.143,36.546,1.424,84.377,0.348,132.714,3,14,57.143,40.571,7,57.143,43.806,5,7,8,7,100.0,91.734,1,InpPVKhungVaoLenh=M6 | InpPVKhungXuHuong=M15 | InpPVADXToiThieu=25 | InpPVSoNenTimSL=10 | InpPVDungSaiHoiATR=0.5 | InpPVThanNenToiThieu=0.3
PVEMA,PVEMA0093,M4,BUY_SELL,TAT_CA,19,11,8,57.895,36.276,1.877,132.335,0.291,64.216,2,14,57.143,97.021,5,60.0,35.314,6,5,8,7,100.0,89.319,1,InpPVKhungVaoLenh=M4 | InpPVKhungXuHuong=M15 | InpPVADXToiThieu=25 | InpPVSoNenTimSL=10 | InpPVDungSaiHoiATR=0.25 | InpPVThanNenToiThieu=0.5
PVEMA,PVEMA0238,M6,BUY,TAT_CA,19,11,8,57.895,36.276,1.517,89.298,0.392,127.793,3,14,57.143,40.571,5,60.0,48.727,5,6,7,7,100.0,91.734,1,InpPVKhungVaoLenh=M6 | InpPVKhungXuHuong=M15 | InpPVADXToiThieu=25 | InpPVSoNenTimSL=10 | InpPVDungSaiHoiATR=0.5 | InpPVThanNenToiThieu=0.3
PVEMA,PVEMA0154,M5,BUY_SELL,A,19,11,8,57.895,36.276,1.613,65.45,0.116,36.264,3,12,58.333,43.198,7,57.143,22.252,3,8,8,8,100.0,91.666,1,InpPVKhungVaoLenh=M5 | InpPVKhungXuHuong=M15 | InpPVADXToiThieu=20 | InpPVSoNenTimSL=5 | InpPVDungSaiHoiATR=0.5 | InpPVThanNenToiThieu=0.3
PVEMA,PVEMA0239,M6,BUY_SELL,TAT_CA,19,11,8,57.895,36.276,1.374,62.549,0.329,119.822,5,14,50.0,0.019,5,80.0,62.53,4,7,8,7,100.0,94.384,1,InpPVKhungVaoLenh=M6 | InpPVKhungXuHuong=M15 | InpPVADXToiThieu=25 | InpPVSoNenTimSL=10 | InpPVDungSaiHoiATR=0.5 | InpPVThanNenToiThieu=0.5
PVEMA,PVEMA0140,M4,BUY_SELL,TAT_CA,30,16,14,53.333,36.142,1.487,126.382,0.051,125.842,7,22,59.091,118.107,8,37.5,8.275,5,11,14,7,100.0,101.216,2,InpPVKhungVaoLenh=M4 | InpPVKhungXuHuong=H1 | InpPVADXToiThieu=25 | InpPVSoNenTimSL=10 | InpPVDungSaiHoiATR=0.25 | InpPVThanNenToiThieu=0.3
PVEMA,PVEMA0090,M4,BUY,TAT_CA,30,16,14,53.333,36.142,1.393,90.763,0.15,78.066,4,24,58.333,84.291,6,33.333,6.472,7,9,14,7,100.0,83.232,1,InpPVKhungVaoLenh=M4 | InpPVKhungXuHuong=M15 | InpPVADXToiThieu=25 | InpPVSoNenTimSL=5 | InpPVDungSaiHoiATR=0.5 | InpPVThanNenToiThieu=0.3
PVEMA,PVEMA0093,M4,BUY,TAT_CA,17,10,7,58.824,36.005,2.005,132.543,0.329,64.008,2,14,57.143,97.021,3,66.667,35.522,6,4,7,7,100.0,95.375,1,InpPVKhungVaoLenh=M4 | InpPVKhungXuHuong=M15 | InpPVADXToiThieu=25 | InpPVSoNenTimSL=10 | InpPVDungSaiHoiATR=0.25 | InpPVThanNenToiThieu=0.5
PVEMA,PVEMA0199,M5,BUY_SELL,A,17,10,7,58.824,36.005,1.698,82.033,0.164,81.256,5,9,55.556,52.177,8,62.5,29.856,3,7,7,7,100.0,99.759,2,InpPVKhungVaoLenh=M5 | InpPVKhungXuHuong=H1 | InpPVADXToiThieu=14 | InpPVSoNenTimSL=10 | InpPVDungSaiHoiATR=0.5 | InpPVThanNenToiThieu=0.5
PVEMA,PVEMA0155,M5,BUY_SELL,A,17,10,7,58.824,36.005,1.688,65.996,0.152,45.844,4,11,63.636,53.324,6,50.0,12.672,3,7,7,8,100.0,86.653,2,InpPVKhungVaoLenh=M5 | InpPVKhungXuHuong=M15 | InpPVADXToiThieu=20 | InpPVSoNenTimSL=5 | InpPVDungSaiHoiATR=0.5 | InpPVThanNenToiThieu=0.5
PVEMA,PVEMA0151,M5,BUY_SELL,A,17,10,7,58.824,36.005,1.545,63.964,0.125,81.256,5,9,55.556,34.108,8,62.5,29.856,2,8,7,7,100.0,84.626,2,InpPVKhungVaoLenh=M5 | InpPVKhungXuHuong=M15 | InpPVADXToiThieu=14 | InpPVSoNenTimSL=10 | InpPVDungSaiHoiATR=0.5 | InpPVThanNenToiThieu=0.5
PVEMA,PVEMA0114,M4,BUY_SELL,TAT_CA,37,19,18,51.351,35.895,1.303,83.232,0.075,137.993,6,23,56.522,77.5,14,42.857,5.732,8,11,18,8,100.0,69.285,2,InpPVKhungVaoLenh=M4 | InpPVKhungXuHuong=M30 | InpPVADXToiThieu=25 | InpPVSoNenTimSL=5 | InpPVDungSaiHoiATR=0.5 | InpPVThanNenToiThieu=0.3
PVEMA,PVEMA0087,M4,BUY_SELL,TAT_CA,28,15,13,53.571,35.812,1.778,159.0,0.109,89.052,6,19,63.158,155.806,9,33.333,3.194,6,9,13,8,100.0,91.138,1,InpPVKhungVaoLenh=M4 | InpPVKhungXuHuong=M15 | InpPVADXToiThieu=20 | InpPVSoNenTimSL=10 | InpPVDungSaiHoiATR=0.5 | InpPVThanNenToiThieu=0.5
PVEMA,PVEMA0077,M4,BUY,TAT_CA,28,15,13,53.571,35.812,1.632,135.86,0.135,96.421,6,22,54.545,111.383,6,50.0,24.477,7,8,13,7,100.0,87.231,1,InpPVKhungVaoLenh=M4 | InpPVKhungXuHuong=M15 | InpPVADXToiThieu=14 | InpPVSoNenTimSL=10 | InpPVDungSaiHoiATR=0.25 | InpPVThanNenToiThieu=0.5
PVEMA,PVEMA0172,M5,BUY_SELL,A,15,9,6,60.0,35.746,2.038,96.145,0.226,81.256,5,8,62.5,78.397,7,57.143,17.748,3,6,6,8,100.0,106.397,2,InpPVKhungVaoLenh=M5 | InpPVKhungXuHuong=M30 | InpPVADXToiThieu=14 | InpPVSoNenTimSL=10 | InpPVDungSaiHoiATR=0.25 | InpPVThanNenToiThieu=0.3
PVEMA,PVEMA0173,M5,BUY_SELL,A,15,9,6,60.0,35.746,2.03,95.424,0.219,81.256,5,8,62.5,77.676,7,57.143,17.748,3,6,6,8,100.0,101.486,2,InpPVKhungVaoLenh=M5 | InpPVKhungXuHuong=M30 | InpPVADXToiThieu=14 | InpPVSoNenTimSL=10 | InpPVDungSaiHoiATR=0.25 | InpPVThanNenToiThieu=0.5
PVEMA,PVEMA0104,M4,BUY_SELL,A,15,9,6,60.0,35.746,2.15,89.747,0.225,46.302,4,11,72.727,82.759,4,25.0,6.988,3,6,6,9,100.0,80.06,2,InpPVKhungVaoLenh=M4 | InpPVKhungXuHuong=M30 | InpPVADXToiThieu=20 | InpPVSoNenTimSL=5 | InpPVDungSaiHoiATR=0.25 | InpPVThanNenToiThieu=0.3
PVEMA,PVEMA0174,M5,BUY_SELL,A,15,9,6,60.0,35.746,1.787,83.506,0.227,81.256,5,8,62.5,65.758,7,57.143,17.748,3,6,6,8,100.0,92.61,2,InpPVKhungVaoLenh=M5 | InpPVKhungXuHuong=M30 | InpPVADXToiThieu=14 | InpPVSoNenTimSL=10 | InpPVDungSaiHoiATR=0.5 | InpPVThanNenToiThieu=0.3
PVEMA,PVEMA0335,M10,BUY_SELL,TAT_CA,15,9,6,60.0,35.746,1.6,74.07,0.203,50.562,2,8,62.5,15.801,7,57.143,58.269,3,5,6,8,87.5,80.617,2,InpPVKhungVaoLenh=M10 | InpPVKhungXuHuong=M30 | InpPVADXToiThieu=25 | InpPVSoNenTimSL=10 | InpPVDungSaiHoiATR=0.5 | InpPVThanNenToiThieu=0.5
PVEMA,PVEMA0162,M5,BUY,A,15,9,6,60.0,35.746,1.76,62.723,0.203,29.373,2,12,58.333,43.198,3,66.667,19.525,3,6,6,7,100.0,87.879,1,InpPVKhungVaoLenh=M5 | InpPVKhungXuHuong=M15 | InpPVADXToiThieu=25 | InpPVSoNenTimSL=5 | InpPVDungSaiHoiATR=0.5 | InpPVThanNenToiThieu=0.3
PVEMA,PVEMA0038,M3,BUY_SELL,MY,15,9,6,60.0,35.746,1.451,52.624,0.261,61.818,2,7,42.857,20.719,8,75.0,31.905,3,6,6,8,100.0,19.335,2,InpPVKhungVaoLenh=M3 | InpPVKhungXuHuong=M30 | InpPVADXToiThieu=20 | InpPVSoNenTimSL=10 | InpPVDungSaiHoiATR=0.5 | InpPVThanNenToiThieu=0.3
PVEMA,PVEMA0107,M4,BUY_SELL,MY,15,9,6,60.0,35.746,1.438,43.414,0.165,48.655,2,7,57.143,27.032,8,62.5,16.382,2,7,6,9,88.889,36.156,2,InpPVKhungVaoLenh=M4 | InpPVKhungXuHuong=M30 | InpPVADXToiThieu=20 | InpPVSoNenTimSL=5 | InpPVDungSaiHoiATR=0.5 | InpPVThanNenToiThieu=0.5
PVEMA,PVEMA0096,M4,BUY_SELL,MY,15,9,6,60.0,35.746,1.339,42.868,0.293,50.255,2,7,57.143,18.352,8,62.5,24.516,4,5,6,8,87.5,21.903,2,InpPVKhungVaoLenh=M4 | InpPVKhungXuHuong=M30 | InpPVADXToiThieu=14 | InpPVSoNenTimSL=5 | InpPVDungSaiHoiATR=0.25 | InpPVThanNenToiThieu=0.3
PVEMA,PVEMA0306,M10,BUY,TAT_CA,13,8,5,61.538,35.522,2.218,114.2,0.374,38.88,2,9,66.667,82.704,4,50.0,31.496,4,4,4,7,100.0,64.515,1,InpPVKhungVaoLenh=M10 | InpPVKhungXuHuong=M15 | InpPVADXToiThieu=25 | InpPVSoNenTimSL=5 | InpPVDungSaiHoiATR=0.5 | InpPVThanNenToiThieu=0.3
PVEMA,PVEMA0156,M5,BUY,A,13,8,5,61.538,35.522,2.724,102.323,0.222,47.958,4,6,66.667,84.575,7,57.143,17.748,2,6,5,8,100.0,95.316,1,InpPVKhungVaoLenh=M5 | InpPVKhungXuHuong=M15 | InpPVADXToiThieu=20 | InpPVSoNenTimSL=10 | InpPVDungSaiHoiATR=0.25 | InpPVThanNenToiThieu=0.3
PVEMA,PVEMA0157,M5,BUY_SELL,A,13,8,5,61.538,35.522,2.712,101.602,0.214,47.958,4,6,66.667,83.854,7,57.143,17.748,2,6,5,8,100.0,94.587,2,InpPVKhungVaoLenh=M5 | InpPVKhungXuHuong=M15 | InpPVADXToiThieu=20 | InpPVSoNenTimSL=10 | InpPVDungSaiHoiATR=0.25 | InpPVThanNenToiThieu=0.5
PVEMA,PVEMA0121,M4,BUY_SELL,A,13,8,5,61.538,35.522,2.444,92.563,0.308,46.278,4,8,75.0,76.568,5,40.0,15.995,4,4,5,7,85.714,82.123,2,InpPVKhungVaoLenh=M4 | InpPVKhungXuHuong=H1 | InpPVADXToiThieu=14 | InpPVSoNenTimSL=5 | InpPVDungSaiHoiATR=0.25 | InpPVThanNenToiThieu=0.5
PVEMA,PVEMA0158,M5,BUY,A,13,8,5,61.538,35.522,2.233,89.684,0.223,47.958,4,6,66.667,71.936,7,57.143,17.748,2,6,5,8,100.0,82.575,1,InpPVKhungVaoLenh=M5 | InpPVKhungXuHuong=M15 | InpPVADXToiThieu=20 | InpPVSoNenTimSL=10 | InpPVDungSaiHoiATR=0.5 | InpPVThanNenToiThieu=0.3
PVEMA,PVEMA0073,M4,BUY_SELL,A,13,8,5,61.538,35.522,2.38,87.262,0.383,36.445,3,8,75.0,70.417,5,40.0,16.845,5,3,5,7,85.714,81.635,2,InpPVKhungVaoLenh=M4 | InpPVKhungXuHuong=M15 | InpPVADXToiThieu=14 | InpPVSoNenTimSL=5 | InpPVDungSaiHoiATR=0.25 | InpPVThanNenToiThieu=0.5
PVEMA,PVEMA0080,M4,BUY,A,13,8,5,61.538,35.522,2.303,81.555,0.272,30.89,3,9,77.778,74.211,4,25.0,7.344,3,5,5,8,100.0,84.484,1,InpPVKhungVaoLenh=M4 | InpPVKhungXuHuong=M15 | InpPVADXToiThieu=20 | InpPVSoNenTimSL=5 | InpPVDungSaiHoiATR=0.25 | InpPVThanNenToiThieu=0.3
PVEMA,PVEMA0112,M4,BUY_SELL,A,13,8,5,61.538,35.522,2.223,80.06,0.271,33.718,3,10,70.0,63.07,3,33.333,16.99,3,5,5,8,100.0,81.53,2,InpPVKhungVaoLenh=M4 | InpPVKhungXuHuong=M30 | InpPVADXToiThieu=25 | InpPVSoNenTimSL=5 | InpPVDungSaiHoiATR=0.25 | InpPVThanNenToiThieu=0.3
PVEMA,PVEMA0331,M10,BUY_SELL,TAT_CA,13,8,5,61.538,35.522,1.923,78.547,0.216,35.746,2,9,55.556,21.721,4,75.0,56.826,3,4,5,8,87.5,104.906,2,InpPVKhungVaoLenh=M10 | InpPVKhungXuHuong=M30 | InpPVADXToiThieu=25 | InpPVSoNenTimSL=5 | InpPVDungSaiHoiATR=0.5 | InpPVThanNenToiThieu=0.5
PVEMA,PVEMA0076,M4,BUY,A,13,8,5,61.538,35.522,2.08,77.476,0.188,53.942,4,8,75.0,70.612,5,40.0,6.864,2,6,5,7,85.714,62.952,1,InpPVKhungVaoLenh=M4 | InpPVKhungXuHuong=M15 | InpPVADXToiThieu=14 | InpPVSoNenTimSL=10 | InpPVDungSaiHoiATR=0.25 | InpPVThanNenToiThieu=0.3
PVEMA,PVEMA0178,M5,BUY_SELL,MY,13,8,5,61.538,35.522,1.768,60.313,0.446,29.424,2,7,57.143,39.931,6,66.667,20.382,2,6,5,9,100.0,51.143,2,InpPVKhungVaoLenh=M5 | InpPVKhungXuHuong=M30 | InpPVADXToiThieu=20 | InpPVSoNenTimSL=5 | InpPVDungSaiHoiATR=0.5 | InpPVThanNenToiThieu=0.3
PVEMA,PVEMA0144,M5,BUY_SELL,MY,13,8,5,61.538,35.522,1.512,45.672,0.416,39.051,2,8,62.5,38.974,5,60.0,6.698,2,6,5,7,85.714,24.568,2,InpPVKhungVaoLenh=M5 | InpPVKhungXuHuong=M15 | InpPVADXToiThieu=14 | InpPVSoNenTimSL=5 | InpPVDungSaiHoiATR=0.25 | InpPVThanNenToiThieu=0.3
PVEMA,PVEMA0077,M4,BUY_SELL,A,11,7,4,63.636,35.38,2.509,92.765,0.377,43.648,3,7,71.429,75.607,4,50.0,17.158,4,3,4,7,85.714,75.694,2,InpPVKhungVaoLenh=M4 | InpPVKhungXuHuong=M15 | InpPVADXToiThieu=14 | InpPVSoNenTimSL=10 | InpPVDungSaiHoiATR=0.25 | InpPVThanNenToiThieu=0.5
PVEMA,PVEMA0105,M4,BUY_SELL,A,11,7,4,63.636,35.38,2.694,91.639,0.373,36.274,3,8,75.0,74.623,3,33.333,17.016,4,3,4,9,88.889,88.681,4,InpPVKhungVaoLenh=M4 | InpPVKhungXuHuong=M30 | InpPVADXToiThieu=20 | InpPVSoNenTimSL=5 | InpPVDungSaiHoiATR=0.25 | InpPVThanNenToiThieu=0.5
PVEMA,PVEMA0329,M10,BUY_SELL,TAT_CA,11,7,4,63.636,35.38,2.136,80.858,0.271,34.896,2,7,57.143,24.032,4,75.0,56.826,3,3,4,8,87.5,85.587,2,InpPVKhungVaoLenh=M10 | InpPVKhungXuHuong=M30 | InpPVADXToiThieu=25 | InpPVSoNenTimSL=5 | InpPVDungSaiHoiATR=0.25 | InpPVThanNenToiThieu=0.5
PVEMA,PVEMA0176,M5,BUY_SELL,MY,11,7,4,63.636,35.38,1.867,58.485,0.537,29.424,2,6,66.667,50.997,5,60.0,7.488,2,5,4,9,88.889,56.257,2,InpPVKhungVaoLenh=M5 | InpPVKhungXuHuong=M30 | InpPVADXToiThieu=20 | InpPVSoNenTimSL=5 | InpPVDungSaiHoiATR=0.25 | InpPVThanNenToiThieu=0.3
PVEMA,PVEMA0137,M4,BUY_SELL,A,11,7,4,63.636,35.38,2.023,57.108,0.245,38.008,3,7,71.429,54.599,4,50.0,2.509,2,5,4,7,85.714,68.844,4,InpPVKhungVaoLenh=M4 | InpPVKhungXuHuong=H1 | InpPVADXToiThieu=25 | InpPVSoNenTimSL=5 | InpPVDungSaiHoiATR=0.25 | InpPVThanNenToiThieu=0.5
PVEMA,PVEMA0145,M5,BUY_SELL,MY,11,7,4,63.636,35.38,1.533,44.645,0.528,32.174,1,8,62.5,31.13,3,66.667,13.515,2,5,4,7,71.429,44.645,4,InpPVKhungVaoLenh=M5 | InpPVKhungXuHuong=M15 | InpPVADXToiThieu=14 | InpPVSoNenTimSL=5 | InpPVDungSaiHoiATR=0.25 | InpPVThanNenToiThieu=0.5
PVEMA,PVEMA0256,M6,BUY_SELL,AU,11,7,4,63.636,35.38,1.329,26.315,0.132,40.644,2,8,62.5,11.786,3,66.667,14.529,1,6,4,8,25.0,-11.717,2,InpPVKhungVaoLenh=M6 | InpPVKhungXuHuong=M30 | InpPVADXToiThieu=25 | InpPVSoNenTimSL=5 | InpPVDungSaiHoiATR=0.25 | InpPVThanNenToiThieu=0.3
PVEMA,PVEMA0116,M4,BUY_SELL,TAT_CA,24,13,11,54.167,35.075,1.73,135.933,0.172,119.099,7,17,58.824,104.863,7,42.857,31.07,6,7,11,8,100.0,125.065,2,InpPVKhungVaoLenh=M4 | InpPVKhungXuHuong=M30 | InpPVADXToiThieu=25 | InpPVSoNenTimSL=10 | InpPVDungSaiHoiATR=0.25 | InpPVThanNenToiThieu=0.3
PVEMA,PVEMA0100,M4,BUY_SELL,TAT_CA,38,19,19,50.0,34.85,1.407,131.914,0.017,142.518,8,24,58.333,121.455,14,35.714,10.459,7,12,19,8,100.0,101.808,2,InpPVKhungVaoLenh=M4 | InpPVKhungXuHuong=M30 | InpPVADXToiThieu=14 | InpPVSoNenTimSL=10 | InpPVDungSaiHoiATR=0.25 | InpPVThanNenToiThieu=0.3
PVEMA,PVEMA0077,M4,BUY_SELL,TAT_CA,31,16,15,51.613,34.84,1.473,118.74,0.087,113.541,4,22,54.545,111.383,9,44.444,7.357,7,9,15,7,85.714,70.111,1,InpPVKhungVaoLenh=M4 | InpPVKhungXuHuong=M15 | InpPVADXToiThieu=14 | InpPVSoNenTimSL=10 | InpPVDungSaiHoiATR=0.25 | InpPVThanNenToiThieu=0.5
PVEMA,PVEMA0115,M4,BUY_SELL,TAT_CA,31,16,15,51.613,34.84,1.365,84.502,0.088,123.831,5,20,55.0,68.136,11,45.455,16.366,7,9,15,8,100.0,76.332,2,InpPVKhungVaoLenh=M4 | InpPVKhungXuHuong=M30 | InpPVADXToiThieu=25 | InpPVSoNenTimSL=5 | InpPVDungSaiHoiATR=0.5 | InpPVThanNenToiThieu=0.5
PVEMA,PVEMA0100,M4,BUY_SELL,AU,20,11,9,55.0,34.208,1.365,56.991,0.094,72.08,3,14,57.143,23.216,6,50.0,33.775,3,8,8,8,62.5,8.105,2,InpPVKhungVaoLenh=M4 | InpPVKhungXuHuong=M30 | InpPVADXToiThieu=14 | InpPVSoNenTimSL=10 | InpPVDungSaiHoiATR=0.25 | InpPVThanNenToiThieu=0.3
PVEMA,PVEMA0154,M5,BUY,A,18,10,8,55.556,33.716,1.523,55.87,0.092,45.844,4,12,58.333,43.198,6,50.0,12.672,3,7,8,8,100.0,82.086,1,InpPVKhungVaoLenh=M5 | InpPVKhungXuHuong=M15 | InpPVADXToiThieu=20 | InpPVSoNenTimSL=5 | InpPVDungSaiHoiATR=0.5 | InpPVThanNenToiThieu=0.3
PVEMA,PVEMA0140,M4,BUY_SELL,AU,18,10,8,55.556,33.716,1.366,51.127,0.123,55.404,2,13,61.538,39.892,5,40.0,11.235,3,7,7,7,71.429,17.689,2,InpPVKhungVaoLenh=M4 | InpPVKhungXuHuong=H1 | InpPVADXToiThieu=25 | InpPVSoNenTimSL=10 | InpPVDungSaiHoiATR=0.25 | InpPVThanNenToiThieu=0.3
PVEMA,PVEMA0101,M4,BUY_SELL,TAT_CA,32,16,16,50.0,33.631,1.452,125.886,0.054,128.979,7,22,54.545,114.118,10,40.0,11.768,7,9,16,8,87.5,101.183,2,InpPVKhungVaoLenh=M4 | InpPVKhungXuHuong=M30 | InpPVADXToiThieu=14 | InpPVSoNenTimSL=10 | InpPVDungSaiHoiATR=0.25 | InpPVThanNenToiThieu=0.5
PVEMA,PVEMA0142,M4,BUY_SELL,TAT_CA,32,16,16,50.0,33.631,1.355,101.216,-0.015,137.832,8,24,54.167,101.177,8,37.5,0.039,5,11,16,7,100.0,69.648,2,InpPVKhungVaoLenh=M4 | InpPVKhungXuHuong=H1 | InpPVADXToiThieu=25 | InpPVSoNenTimSL=10 | InpPVDungSaiHoiATR=0.5 | InpPVThanNenToiThieu=0.3
PVEMA,PVEMA0091,M4,BUY,TAT_CA,25,13,12,52.0,33.498,1.3,63.761,0.149,103.59,4,20,55.0,44.572,5,40.0,19.189,7,6,12,7,100.0,89.527,1,InpPVKhungVaoLenh=M4 | InpPVKhungXuHuong=M15 | InpPVADXToiThieu=25 | InpPVSoNenTimSL=5 | InpPVDungSaiHoiATR=0.5 | InpPVThanNenToiThieu=0.5
PVEMA,PVEMA0175,M5,BUY_SELL,A,16,9,7,56.25,33.178,1.601,70.63,0.143,81.256,5,9,55.556,52.882,7,57.143,17.748,3,6,7,8,100.0,87.541,2,InpPVKhungVaoLenh=M5 | InpPVKhungXuHuong=M30 | InpPVADXToiThieu=14 | InpPVSoNenTimSL=10 | InpPVDungSaiHoiATR=0.5 | InpPVThanNenToiThieu=0.5
PVEMA,PVEMA0094,M4,BUY,TAT_CA,23,12,11,52.174,32.962,1.432,83.003,0.105,96.708,4,18,55.556,69.507,5,40.0,13.496,5,7,11,7,100.0,89.527,1,InpPVKhungVaoLenh=M4 | InpPVKhungXuHuong=M15 | InpPVADXToiThieu=25 | InpPVSoNenTimSL=10 | InpPVDungSaiHoiATR=0.5 | InpPVThanNenToiThieu=0.3
PVEMA,PVEMA0132,M4,BUY_SELL,TAT_CA,28,14,14,50.0,32.633,1.622,158.721,0.037,142.518,8,19,57.895,157.223,9,33.333,1.498,6,8,14,8,87.5,116.645,2,InpPVKhungVaoLenh=M4 | InpPVKhungXuHuong=H1 | InpPVADXToiThieu=20 | InpPVSoNenTimSL=10 | InpPVDungSaiHoiATR=0.25 | InpPVThanNenToiThieu=0.3
PVEMA,PVEMA0123,M4,BUY_SELL,A,14,8,6,57.143,32.59,2.102,82.123,0.214,56.718,5,8,75.0,76.568,6,33.333,5.555,4,4,6,7,85.714,78.987,2,InpPVKhungVaoLenh=M4 | InpPVKhungXuHuong=H1 | InpPVADXToiThieu=14 | InpPVSoNenTimSL=5 | InpPVDungSaiHoiATR=0.5 | InpPVThanNenToiThieu=0.5
PVEMA,PVEMA0159,M5,BUY_SELL,A,14,8,6,57.143,32.59,1.913,76.808,0.127,47.958,4,7,57.143,59.06,7,57.143,17.748,2,6,6,8,100.0,92.801,2,InpPVKhungVaoLenh=M5 | InpPVKhungXuHuong=M15 | InpPVADXToiThieu=20 | InpPVSoNenTimSL=10 | InpPVDungSaiHoiATR=0.5 | InpPVThanNenToiThieu=0.5
PVEMA,PVEMA0075,M4,BUY_SELL,A,14,8,6,57.143,32.59,1.954,70.281,0.237,46.885,4,8,75.0,63.876,6,33.333,6.405,4,4,6,7,85.714,75.694,2,InpPVKhungVaoLenh=M4 | InpPVKhungXuHuong=M15 | InpPVADXToiThieu=14 | InpPVSoNenTimSL=5 | InpPVDungSaiHoiATR=0.5 | InpPVThanNenToiThieu=0.5
PVEMA,PVEMA0307,M10,BUY_SELL,TAT_CA,14,8,6,57.143,32.59,1.673,67.871,0.219,35.746,2,7,57.143,33.061,7,57.143,34.81,3,5,5,7,85.714,113.725,1,InpPVKhungVaoLenh=M10 | InpPVKhungXuHuong=M15 | InpPVADXToiThieu=25 | InpPVSoNenTimSL=5 | InpPVDungSaiHoiATR=0.5 | InpPVThanNenToiThieu=0.5
PVEMA,PVEMA0333,M10,BUY_SELL,TAT_CA,14,8,6,57.143,32.59,1.559,66.635,0.159,50.562,2,7,57.143,8.366,7,57.143,58.269,3,4,6,8,87.5,77.464,2,InpPVKhungVaoLenh=M10 | InpPVKhungXuHuong=M30 | InpPVADXToiThieu=25 | InpPVSoNenTimSL=10 | InpPVDungSaiHoiATR=0.25 | InpPVThanNenToiThieu=0.5
PVEMA,PVEMA0146,M5,BUY,MY,14,8,6,57.143,32.59,1.345,34.606,0.315,50.117,2,9,55.556,27.908,5,60.0,6.698,2,6,6,7,85.714,44.645,1,InpPVKhungVaoLenh=M5 | InpPVKhungXuHuong=M15 | InpPVADXToiThieu=14 | InpPVSoNenTimSL=5 | InpPVDungSaiHoiATR=0.5 | InpPVThanNenToiThieu=0.3
PVEMA,PVEMA0117,M4,BUY_SELL,TAT_CA,21,11,10,52.381,32.369,1.757,135.137,0.215,111.599,6,15,53.333,92.491,6,50.0,42.646,7,4,10,8,100.0,93.585,2,InpPVKhungVaoLenh=M4 | InpPVKhungXuHuong=M30 | InpPVADXToiThieu=25 | InpPVSoNenTimSL=10 | InpPVDungSaiHoiATR=0.25 | InpPVThanNenToiThieu=0.5
PVEMA,PVEMA0079,M4,BUY,TAT_CA,31,15,16,48.387,31.97,1.339,87.231,0.003,125.333,8,23,52.174,83.35,8,37.5,3.881,6,9,16,7,85.714,69.977,1,InpPVKhungVaoLenh=M4 | InpPVKhungXuHuong=M15 | InpPVADXToiThieu=14 | InpPVSoNenTimSL=10 | InpPVDungSaiHoiATR=0.5 | InpPVThanNenToiThieu=0.5
PVEMA,PVEMA0125,M4,BUY_SELL,A,12,7,5,58.333,31.951,2.232,89.517,0.218,54.864,4,7,71.429,83.575,5,40.0,5.942,3,4,5,7,85.714,78.987,2,InpPVKhungVaoLenh=M4 | InpPVKhungXuHuong=H1 | InpPVADXToiThieu=14 | InpPVSoNenTimSL=10 | InpPVDungSaiHoiATR=0.25 | InpPVThanNenToiThieu=0.5
PVEMA,PVEMA0097,M4,BUY_SELL,A,12,7,5,58.333,31.951,2.274,81.635,0.258,46.278,4,8,75.0,74.623,4,25.0,7.012,4,3,5,8,87.5,79.669,2,InpPVKhungVaoLenh=M4 | InpPVKhungXuHuong=M30 | InpPVADXToiThieu=14 | InpPVSoNenTimSL=5 | InpPVDungSaiHoiATR=0.25 | InpPVThanNenToiThieu=0.5
PVEMA,PVEMA0079,M4,BUY_SELL,A,12,7,5,58.333,31.951,2.052,75.694,0.208,54.178,4,7,71.429,69.066,5,40.0,6.628,3,4,5,7,85.714,63.964,2,InpPVKhungVaoLenh=M4 | InpPVKhungXuHuong=M15 | InpPVADXToiThieu=14 | InpPVSoNenTimSL=10 | InpPVDungSaiHoiATR=0.5 | InpPVThanNenToiThieu=0.5
PVEMA,PVEMA0194,M5,BUY_SELL,MY,12,7,5,58.333,31.951,1.743,61.855,0.404,31.936,2,9,55.556,27.908,3,66.667,33.947,2,5,5,7,85.714,60.027,4,InpPVKhungVaoLenh=M5 | InpPVKhungXuHuong=H1 | InpPVADXToiThieu=14 | InpPVSoNenTimSL=5 | InpPVDungSaiHoiATR=0.5 | InpPVThanNenToiThieu=0.3
PVEMA,PVEMA0215,M5,BUY_SELL,A,12,7,5,58.333,31.951,1.482,48.327,0.184,64.114,3,8,50.0,25.105,4,75.0,23.222,2,5,5,7,100.0,92.363,2,InpPVKhungVaoLenh=M5 | InpPVKhungXuHuong=H1 | InpPVADXToiThieu=25 | InpPVSoNenTimSL=10 | InpPVDungSaiHoiATR=0.5 | InpPVThanNenToiThieu=0.5
PVEMA,PVEMA0066,M3,BUY_SELL,AU,19,10,9,52.632,31.707,1.399,57.409,0.049,39.456,2,13,61.538,44.383,6,33.333,13.026,3,7,9,6,100.0,29.271,2,InpPVKhungVaoLenh=M3 | InpPVKhungXuHuong=H1 | InpPVADXToiThieu=25 | InpPVSoNenTimSL=5 | InpPVDungSaiHoiATR=0.5 | InpPVThanNenToiThieu=0.3
PVEMA,PVEMA0064,M3,BUY_SELL,AU,19,10,9,52.632,31.707,1.387,56.185,0.049,39.456,2,13,61.538,43.159,6,33.333,13.026,3,7,9,6,100.0,29.816,2,InpPVKhungVaoLenh=M3 | InpPVKhungXuHuong=H1 | InpPVADXToiThieu=25 | InpPVSoNenTimSL=5 | InpPVDungSaiHoiATR=0.25 | InpPVThanNenToiThieu=0.3
PVEMA,PVEMA0129,M4,BUY_SELL,A,10,6,4,60.0,31.267,2.714,92.685,0.26,36.274,3,7,71.429,75.669,3,33.333,17.016,3,3,4,8,87.5,89.187,2,InpPVKhungVaoLenh=M4 | InpPVKhungXuHuong=H1 | InpPVADXToiThieu=20 | InpPVSoNenTimSL=5 | InpPVDungSaiHoiATR=0.25 | InpPVThanNenToiThieu=0.5
PVEMA,PVEMA0109,M4,BUY_SELL,A,10,6,4,60.0,31.267,2.31,82.081,0.309,44.86,3,7,71.429,78.342,3,33.333,3.739,3,3,4,9,88.889,86.829,4,InpPVKhungVaoLenh=M4 | InpPVKhungXuHuong=M30 | InpPVADXToiThieu=20 | InpPVSoNenTimSL=10 | InpPVDungSaiHoiATR=0.25 | InpPVThanNenToiThieu=0.5
PVEMA,PVEMA0116,M4,BUY_SELL,A,10,6,4,60.0,31.267,2.529,78.792,0.212,33.718,3,7,71.429,74.489,3,33.333,4.303,2,4,4,8,87.5,80.307,2,InpPVKhungVaoLenh=M4 | InpPVKhungXuHuong=M30 | InpPVADXToiThieu=25 | InpPVSoNenTimSL=10 | InpPVDungSaiHoiATR=0.25 | InpPVThanNenToiThieu=0.3
PVEMA,PVEMA0167,M5,BUY_SELL,A,10,6,4,60.0,31.267,2.306,75.434,0.216,24.794,2,7,57.143,59.06,3,66.667,16.374,2,4,4,7,100.0,98.594,2,InpPVKhungVaoLenh=M5 | InpPVKhungXuHuong=M15 | InpPVADXToiThieu=25 | InpPVSoNenTimSL=10 | InpPVDungSaiHoiATR=0.5 | InpPVThanNenToiThieu=0.5
PVEMA,PVEMA0140,M4,BUY_SELL,A,10,6,4,60.0,31.267,2.074,66.726,0.094,44.296,3,7,71.429,66.228,3,33.333,0.498,1,5,4,7,100.0,68.844,2,InpPVKhungVaoLenh=M4 | InpPVKhungXuHuong=H1 | InpPVADXToiThieu=25 | InpPVSoNenTimSL=10 | InpPVDungSaiHoiATR=0.25 | InpPVThanNenToiThieu=0.3
PVEMA,PVEMA0109,M4,BUY_SELL,MY,10,6,4,60.0,31.267,1.968,64.705,0.196,28.576,1,5,60.0,52.2,5,60.0,12.505,2,4,4,9,88.889,52.303,2,InpPVKhungVaoLenh=M4 | InpPVKhungXuHuong=M30 | InpPVADXToiThieu=20 | InpPVSoNenTimSL=10 | InpPVDungSaiHoiATR=0.25 | InpPVThanNenToiThieu=0.5
PVEMA,PVEMA0175,M5,BUY_SELL,MY,10,6,4,60.0,31.267,1.657,62.395,0.562,48.496,2,6,50.0,4.154,4,75.0,58.241,3,3,4,8,87.5,46.092,2,InpPVKhungVaoLenh=M5 | InpPVKhungXuHuong=M30 | InpPVADXToiThieu=14 | InpPVSoNenTimSL=10 | InpPVDungSaiHoiATR=0.5 | InpPVThanNenToiThieu=0.5
PVEMA,PVEMA0136,M4,BUY_SELL,MY,10,6,4,60.0,31.267,1.381,37.891,0.344,50.255,1,7,57.143,18.352,3,66.667,19.539,3,3,4,7,71.429,27.309,4,InpPVKhungVaoLenh=M4 | InpPVKhungXuHuong=H1 | InpPVADXToiThieu=25 | InpPVSoNenTimSL=5 | InpPVDungSaiHoiATR=0.25 | InpPVThanNenToiThieu=0.3
PVEMA,PVEMA0042,M3,BUY_SELL,AU,17,9,8,52.941,30.963,1.456,50.434,0.023,38.54,2,11,63.636,37.408,6,33.333,13.026,2,7,8,7,57.143,12.999,2,InpPVKhungVaoLenh=M3 | InpPVKhungXuHuong=M30 | InpPVADXToiThieu=25 | InpPVSoNenTimSL=5 | InpPVDungSaiHoiATR=0.5 | InpPVThanNenToiThieu=0.3
PVEMA,PVEMA0095,M4,BUY_SELL,TAT_CA,22,11,11,50.0,30.722,1.45,89.319,0.11,98.446,3,16,50.0,59.681,6,50.0,29.638,6,5,11,7,100.0,64.619,1,InpPVKhungVaoLenh=M4 | InpPVKhungXuHuong=M15 | InpPVADXToiThieu=25 | InpPVSoNenTimSL=10 | InpPVDungSaiHoiATR=0.5 | InpPVThanNenToiThieu=0.5
PVEMA,PVEMA0024,M3,BUY_SELL,AU,22,11,11,50.0,30.722,1.32,53.431,-0.009,60.972,4,15,53.333,21.643,7,42.857,31.788,3,8,11,7,85.714,28.082,2,InpPVKhungVaoLenh=M3 | InpPVKhungXuHuong=M30 | InpPVADXToiThieu=14 | InpPVSoNenTimSL=5 | InpPVDungSaiHoiATR=0.25 | InpPVThanNenToiThieu=0.3
PVEMA,PVEMA0035,M3,BUY_SELL,MY,15,8,7,53.333,30.117,1.332,37.329,0.162,49.256,2,10,50.0,13.891,5,60.0,23.438,3,5,7,8,87.5,23.606,2,InpPVKhungVaoLenh=M3 | InpPVKhungXuHuong=M30 | InpPVADXToiThieu=20 | InpPVSoNenTimSL=5 | InpPVDungSaiHoiATR=0.5 | InpPVThanNenToiThieu=0.5
PVEMA,PVEMA0095,M4,BUY,TAT_CA,20,10,10,50.0,29.929,1.499,89.527,0.124,98.238,4,16,50.0,59.681,4,50.0,29.846,6,4,10,7,100.0,81.121,1,InpPVKhungVaoLenh=M4 | InpPVKhungXuHuong=M15 | InpPVADXToiThieu=25 | InpPVSoNenTimSL=10 | InpPVDungSaiHoiATR=0.5 | InpPVThanNenToiThieu=0.5
PVEMA,PVEMA0128,M4,BUY_SELL,A,13,7,6,53.846,29.143,2.112,86.735,0.143,46.302,4,9,66.667,79.747,4,25.0,6.988,3,4,6,8,87.5,84.767,2,InpPVKhungVaoLenh=M4 | InpPVKhungXuHuong=H1 | InpPVADXToiThieu=20 | InpPVSoNenTimSL=5 | InpPVDungSaiHoiATR=0.25 | InpPVThanNenToiThieu=0.3
PVEMA,PVEMA0131,M4,BUY_SELL,A,11,6,5,54.545,28.009,2.275,82.245,0.145,46.714,4,7,71.429,75.669,4,25.0,6.576,3,3,5,8,87.5,86.159,2,InpPVKhungVaoLenh=M4 | InpPVKhungXuHuong=H1 | InpPVADXToiThieu=20 | InpPVSoNenTimSL=5 | InpPVDungSaiHoiATR=0.5 | InpPVThanNenToiThieu=0.5
PVEMA,PVEMA0307,M10,BUY,TAT_CA,11,6,5,54.545,28.009,1.888,64.515,0.221,35.746,2,7,57.143,33.061,4,50.0,31.454,3,3,4,7,100.0,90.228,1,InpPVKhungVaoLenh=M10 | InpPVKhungXuHuong=M15 | InpPVADXToiThieu=25 | InpPVSoNenTimSL=5 | InpPVDungSaiHoiATR=0.5 | InpPVThanNenToiThieu=0.5
PVEMA,PVEMA0039,M3,BUY_SELL,MY,11,6,5,54.545,28.009,1.654,60.264,0.202,49.256,2,6,50.0,41.662,5,60.0,18.602,3,3,5,8,100.0,39.307,2,InpPVKhungVaoLenh=M3 | InpPVKhungXuHuong=M30 | InpPVADXToiThieu=20 | InpPVSoNenTimSL=10 | InpPVDungSaiHoiATR=0.5 | InpPVThanNenToiThieu=0.5
PVEMA,PVEMA0111,M4,BUY_SELL,MY,11,6,5,54.545,28.009,1.71,54.639,0.086,31.51,2,5,60.0,52.2,6,50.0,2.439,2,4,5,9,88.889,43.414,2,InpPVKhungVaoLenh=M4 | InpPVKhungXuHuong=M30 | InpPVADXToiThieu=20 | InpPVSoNenTimSL=10 | InpPVDungSaiHoiATR=0.5 | InpPVThanNenToiThieu=0.5
PVEMA,PVEMA0040,M3,BUY_SELL,AU,16,8,8,50.0,27.999,1.354,39.61,-0.015,48.14,3,10,60.0,26.584,6,33.333,13.026,2,6,8,7,57.143,23.043,2,InpPVKhungVaoLenh=M3 | InpPVKhungXuHuong=M30 | InpPVADXToiThieu=25 | InpPVSoNenTimSL=5 | InpPVDungSaiHoiATR=0.25 | InpPVThanNenToiThieu=0.3
PVEMA,PVEMA0119,M4,BUY_SELL,TAT_CA,24,11,13,45.833,27.891,1.349,81.121,0.063,152.439,8,18,44.444,38.475,6,50.0,42.646,7,4,13,8,87.5,72.574,2,InpPVKhungVaoLenh=M4 | InpPVKhungXuHuong=M30 | InpPVADXToiThieu=25 | InpPVSoNenTimSL=10 | InpPVDungSaiHoiATR=0.5 | InpPVThanNenToiThieu=0.5
PVEMA,PVEMA0037,M3,BUY_SELL,MY,12,6,6,50.0,25.378,1.544,54.074,0.118,49.256,2,6,50.0,41.662,6,50.0,12.412,3,3,6,8,87.5,36.291,2,InpPVKhungVaoLenh=M3 | InpPVKhungXuHuong=M30 | InpPVADXToiThieu=20 | InpPVSoNenTimSL=10 | InpPVDungSaiHoiATR=0.25 | InpPVThanNenToiThieu=0.5
PVEMA,PVEMA0154,M5,BUY,MY,10,5,5,50.0,23.659,1.57,45.191,0.346,38.094,3,7,57.143,39.931,3,33.333,5.26,2,3,5,8,87.5,44.119,1,InpPVKhungVaoLenh=M5 | InpPVKhungXuHuong=M15 | InpPVADXToiThieu=20 | InpPVSoNenTimSL=5 | InpPVDungSaiHoiATR=0.5 | InpPVThanNenToiThieu=0.3
PVEMA,PVEMA0172,M5,BUY_SELL,MY,10,5,5,50.0,23.659,1.407,42.726,0.398,48.496,2,6,50.0,7.406,4,50.0,35.32,3,2,5,8,100.0,39.437,2,InpPVKhungVaoLenh=M5 | InpPVKhungXuHuong=M30 | InpPVADXToiThieu=14 | InpPVSoNenTimSL=10 | InpPVDungSaiHoiATR=0.25 | InpPVThanNenToiThieu=0.3
PVEMA,PVEMA0081,M4,BUY,MY,10,5,5,50.0,23.659,1.406,37.483,0.093,58.883,3,7,57.143,27.032,3,33.333,10.451,2,3,5,8,87.5,29.056,1,InpPVKhungVaoLenh=M4 | InpPVKhungXuHuong=M15 | InpPVADXToiThieu=20 | InpPVSoNenTimSL=5 | InpPVDungSaiHoiATR=0.25 | InpPVThanNenToiThieu=0.5
PVEMA,PVEMA0031,M3,BUY_SELL,MY,13,6,7,46.154,23.206,1.316,36.62,0.016,49.256,3,8,37.5,16.062,5,60.0,20.558,3,3,7,7,85.714,16.911,2,InpPVKhungVaoLenh=M3 | InpPVKhungXuHuong=M30 | InpPVADXToiThieu=14 | InpPVSoNenTimSL=10 | InpPVDungSaiHoiATR=0.5 | InpPVThanNenToiThieu=0.5
PVEMA,PVEMA0086,M4,BUY,MY,10,4,6,40.0,16.818,1.398,37.763,-0.127,66.198,5,6,50.0,32.992,4,25.0,4.771,2,2,6,8,87.5,41.195,1,InpPVKhungVaoLenh=M4 | InpPVKhungXuHuong=M15 | InpPVADXToiThieu=20 | InpPVSoNenTimSL=10 | InpPVDungSaiHoiATR=0.5 | InpPVThanNenToiThieu=0.3
SMC,SMC0038,M1,BUY,AU,10,9,1,90.0,59.584,11.234,102.342,0.716,10.0,1,4,100.0,36.657,6,83.333,65.685,2,7,1,7,100.0,43.49,2,InpSMCEntryTF=M1 | InpSMCBiasTF=M15 | InpSMCDisplacementATR=1.2 | InpSMCMinFVGATR=0.03 | InpSMCDungLocEMAH1=false | InpSMCDungLocEMAM5=false | InpSMCDungLocRSI=true
SMC,SMC0070,M1,BUY_SELL,AU,15,12,3,80.0,54.814,3.091,89.975,0.496,17.494,1,5,80.0,33.478,10,80.0,56.497,2,10,3,9,100.0,60.519,4,InpSMCEntryTF=M1 | InpSMCBiasTF=M30 | InpSMCDisplacementATR=0.9 | InpSMCMinFVGATR=0.03 | InpSMCDungLocEMAH1=false | InpSMCDungLocEMAM5=false | InpSMCDungLocRSI=true
SMC,SMC0003,M1,BUY_SELL,AU,20,15,5,75.0,53.129,2.666,100.97,0.37,15.526,1,10,70.0,30.915,10,80.0,70.055,2,13,5,7,85.714,79.735,1,InpSMCEntryTF=M1 | InpSMCBiasTF=M15 | InpSMCDisplacementATR=0.6 | InpSMCMinFVGATR=0.03 | InpSMCDungLocEMAH1=true | InpSMCDungLocEMAM5=false | InpSMCDungLocRSI=false
SMC,SMC0019,M1,BUY_SELL,AU,17,13,4,76.471,52.738,2.455,79.735,0.4,19.824,1,8,75.0,24.271,9,77.778,55.464,2,11,4,8,75.0,56.318,1,InpSMCEntryTF=M1 | InpSMCBiasTF=M15 | InpSMCDisplacementATR=0.9 | InpSMCMinFVGATR=0.03 | InpSMCDungLocEMAH1=true | InpSMCDungLocEMAM5=false | InpSMCDungLocRSI=false
SMC,SMC0054,M1,BUY,AU,14,11,3,78.571,52.41,3.532,93.124,0.437,15.526,1,4,75.0,28.236,10,80.0,64.888,1,10,3,8,100.0,71.675,4,InpSMCEntryTF=M1 | InpSMCBiasTF=M30 | InpSMCDisplacementATR=0.6 | InpSMCMinFVGATR=0.03 | InpSMCDungLocEMAH1=false | InpSMCDungLocEMAM5=false | InpSMCDungLocRSI=true
SMC,SMC0070,M1,BUY,AU,11,9,2,81.818,52.301,3.975,75.934,0.518,15.526,1,3,66.667,8.143,8,87.5,67.791,1,8,2,9,100.0,55.299,4,InpSMCEntryTF=M1 | InpSMCBiasTF=M30 | InpSMCDisplacementATR=0.9 | InpSMCMinFVGATR=0.03 | InpSMCDungLocEMAH1=false | InpSMCDungLocEMAM5=false | InpSMCDungLocRSI=true
SMC,SMC0054,M1,BUY_SELL,AU,19,14,5,73.684,51.208,2.576,97.91,0.371,15.526,1,8,62.5,26.822,11,81.818,71.088,2,12,5,8,100.0,76.702,4,InpSMCEntryTF=M1 | InpSMCBiasTF=M30 | InpSMCDisplacementATR=0.6 | InpSMCMinFVGATR=0.03 | InpSMCDungLocEMAH1=false | InpSMCDungLocEMAM5=false | InpSMCDungLocRSI=true
SMC,SMC0011,M1,BUY_SELL,AU,19,14,5,73.684,51.208,2.562,94.626,0.362,15.526,1,9,66.667,24.571,10,80.0,70.055,2,12,5,7,85.714,73.391,1,InpSMCEntryTF=M1 | InpSMCBiasTF=M15 | InpSMCDisplacementATR=0.6 | InpSMCMinFVGATR=0.08 | InpSMCDungLocEMAH1=true | InpSMCDungLocEMAM5=false | InpSMCDungLocRSI=false
SMC,SMC0002,M1,BUY_SELL,AU,19,14,5,73.684,51.208,2.393,84.39,0.303,15.526,1,9,66.667,14.335,10,80.0,70.055,1,13,5,7,85.714,74.284,1,InpSMCEntryTF=M1 | InpSMCBiasTF=M15 | InpSMCDisplacementATR=0.6 | InpSMCMinFVGATR=0.03 | InpSMCDungLocEMAH1=true | InpSMCDungLocEMAM5=false | InpSMCDungLocRSI=true
SMC,SMC0003,M1,BUY,AU,16,12,4,75.0,50.501,2.742,83.511,0.343,15.526,1,8,75.0,36.17,8,75.0,47.341,1,11,4,7,85.714,65.719,1,InpSMCEntryTF=M1 | InpSMCBiasTF=M15 | InpSMCDisplacementATR=0.6 | InpSMCMinFVGATR=0.03 | InpSMCDungLocEMAH1=true | InpSMCDungLocEMAM5=false | InpSMCDungLocRSI=false
SMC,SMC0067,M1,BUY,AU,16,12,4,75.0,50.501,2.62,77.082,0.389,25.81,2,9,66.667,21.783,7,85.714,55.299,2,10,4,9,88.889,65.719,1,InpSMCEntryTF=M1 | InpSMCBiasTF=M30 | InpSMCDisplacementATR=0.9 | InpSMCMinFVGATR=0.03 | InpSMCDungLocEMAH1=true | InpSMCDungLocEMAM5=false | InpSMCDungLocRSI=false
SMC,SMC0027,M1,BUY_SELL,AU,16,12,4,75.0,50.501,2.34,73.391,0.392,19.824,1,7,71.429,17.927,9,77.778,55.464,2,10,4,8,75.0,49.974,1,InpSMCEntryTF=M1 | InpSMCBiasTF=M15 | InpSMCDisplacementATR=0.9 | InpSMCMinFVGATR=0.08 | InpSMCDungLocEMAH1=true | InpSMCDungLocEMAM5=false | InpSMCDungLocRSI=false
SMC,SMC0018,M1,BUY_SELL,AU,16,12,4,75.0,50.501,2.153,63.155,0.321,19.824,1,7,71.429,7.691,9,77.778,55.464,1,11,4,8,75.0,48.028,1,InpSMCEntryTF=M1 | InpSMCBiasTF=M15 | InpSMCDisplacementATR=0.9 | InpSMCMinFVGATR=0.03 | InpSMCDungLocEMAH1=true | InpSMCDungLocEMAM5=false | InpSMCDungLocRSI=true
SMC,SMC0054,M1,BUY_SELL,TAT_CA,45,29,16,64.444,49.836,1.892,169.767,0.315,38.059,3,20,60.0,51.011,25,68.0,118.756,9,20,16,8,87.5,124.128,2,InpSMCEntryTF=M1 | InpSMCBiasTF=M30 | InpSMCDisplacementATR=0.6 | InpSMCMinFVGATR=0.03 | InpSMCDungLocEMAH1=false | InpSMCDungLocEMAM5=false | InpSMCDungLocRSI=true
SMC,SMC0019,M1,BUY,AU,13,10,3,76.923,49.743,2.762,65.719,0.39,15.526,1,7,71.429,15.475,6,83.333,50.244,1,9,3,8,87.5,44.086,1,InpSMCEntryTF=M1 | InpSMCBiasTF=M15 | InpSMCDisplacementATR=0.9 | InpSMCMinFVGATR=0.03 | InpSMCDungLocEMAH1=true | InpSMCDungLocEMAM5=false | InpSMCDungLocRSI=false
SMC,SMC0055,M1,BUY_SELL,TAT_CA,47,30,17,63.83,49.536,1.864,173.015,0.296,48.137,3,21,57.143,40.933,26,69.231,132.082,9,21,17,8,87.5,107.662,2,InpSMCEntryTF=M1 | InpSMCBiasTF=M30 | InpSMCDisplacementATR=0.6 | InpSMCMinFVGATR=0.03 | InpSMCDungLocEMAH1=false | InpSMCDungLocEMAM5=false | InpSMCDungLocRSI=false
SMC,SMC0050,M1,BUY_SELL,AU,18,13,5,72.222,49.127,2.345,78.294,0.277,25.81,2,9,66.667,25.898,9,77.778,52.396,1,12,5,8,87.5,70.226,2,InpSMCEntryTF=M1 | InpSMCBiasTF=M30 | InpSMCDisplacementATR=0.6 | InpSMCMinFVGATR=0.03 | InpSMCDungLocEMAH1=true | InpSMCDungLocEMAM5=false | InpSMCDungLocRSI=true
SMC,SMC0010,M1,BUY_SELL,AU,18,13,5,72.222,49.127,2.288,78.046,0.29,15.526,1,8,62.5,7.991,10,80.0,70.055,1,12,5,7,85.714,67.94,1,InpSMCEntryTF=M1 | InpSMCBiasTF=M15 | InpSMCDisplacementATR=0.6 | InpSMCMinFVGATR=0.08 | InpSMCDungLocEMAH1=true | InpSMCDungLocEMAM5=false | InpSMCDungLocRSI=true
SMC,SMC0051,M1,BUY_SELL,AU,20,14,6,70.0,48.102,2.242,84.812,0.282,27.926,2,11,63.636,32.416,9,77.778,52.396,2,12,6,8,87.5,78.381,2,InpSMCEntryTF=M1 | InpSMCBiasTF=M30 | InpSMCDisplacementATR=0.6 | InpSMCMinFVGATR=0.03 | InpSMCDungLocEMAH1=true | InpSMCDungLocEMAM5=false | InpSMCDungLocRSI=false
SMC,SMC0000,M1,BUY_SELL,AU,20,14,6,70.0,48.102,2.051,74.284,0.237,15.526,1,9,66.667,14.335,11,72.727,59.949,1,13,6,7,71.429,53.049,2,InpSMCEntryTF=M1 | InpSMCBiasTF=M15 | InpSMCDisplacementATR=0.6 | InpSMCMinFVGATR=0.03 | InpSMCDungLocEMAH1=true | InpSMCDungLocEMAM5=true | InpSMCDungLocRSI=true
SMC,SMC0011,M1,BUY,AU,15,11,4,73.333,48.049,2.61,77.167,0.33,15.526,1,7,71.429,29.826,8,75.0,47.341,1,10,4,7,85.714,59.375,1,InpSMCEntryTF=M1 | InpSMCBiasTF=M15 | InpSMCDisplacementATR=0.6 | InpSMCMinFVGATR=0.08 | InpSMCDungLocEMAH1=true | InpSMCDungLocEMAM5=false | InpSMCDungLocRSI=false
SMC,SMC0075,M1,BUY,AU,15,11,4,73.333,48.049,2.487,70.738,0.379,25.81,2,8,62.5,15.439,7,85.714,55.299,2,9,4,9,88.889,59.375,1,InpSMCEntryTF=M1 | InpSMCBiasTF=M30 | InpSMCDisplacementATR=0.9 | InpSMCMinFVGATR=0.08 | InpSMCDungLocEMAH1=true | InpSMCDungLocEMAM5=false | InpSMCDungLocRSI=false
SMC,SMC0002,M1,BUY,AU,15,11,4,73.333,48.049,2.396,66.931,0.255,15.526,1,7,71.429,19.59,8,75.0,47.341,0,11,4,7,85.714,60.587,1,InpSMCEntryTF=M1 | InpSMCBiasTF=M15 | InpSMCDisplacementATR=0.6 | InpSMCMinFVGATR=0.03 | InpSMCDungLocEMAH1=true | InpSMCDungLocEMAM5=false | InpSMCDungLocRSI=true
SMC,SMC0066,M1,BUY,AU,15,11,4,73.333,48.049,2.272,60.502,0.304,25.81,2,8,62.5,5.203,7,85.714,55.299,1,10,4,9,88.889,49.905,1,InpSMCEntryTF=M1 | InpSMCBiasTF=M30 | InpSMCDisplacementATR=0.9 | InpSMCMinFVGATR=0.03 | InpSMCDungLocEMAH1=true | InpSMCDungLocEMAM5=false | InpSMCDungLocRSI=true
SMC,SMC0026,M1,BUY_SELL,AU,15,11,4,73.333,48.049,2.037,56.811,0.307,19.824,1,6,66.667,1.347,9,77.778,55.464,1,10,4,8,75.0,41.684,1,InpSMCEntryTF=M1 | InpSMCBiasTF=M15 | InpSMCDisplacementATR=0.9 | InpSMCMinFVGATR=0.08 | InpSMCDungLocEMAH1=true | InpSMCDungLocEMAM5=false | InpSMCDungLocRSI=true
SMC,SMC0054,M1,BUY,TAT_CA,29,19,10,65.517,47.345,1.979,117.917,0.309,38.059,3,11,54.545,3.369,18,72.222,114.548,5,14,10,8,100.0,94.79,2,InpSMCEntryTF=M1 | InpSMCBiasTF=M30 | InpSMCDisplacementATR=0.6 | InpSMCMinFVGATR=0.03 | InpSMCDungLocEMAH1=false | InpSMCDungLocEMAM5=false | InpSMCDungLocRSI=true
SMC,SMC0099,M1,BUY_SELL,AU,22,15,7,68.182,47.318,2.085,85.082,0.257,28.018,2,13,61.538,32.686,9,77.778,52.396,2,13,7,7,85.714,68.502,2,InpSMCEntryTF=M1 | InpSMCBiasTF=H1 | InpSMCDisplacementATR=0.6 | InpSMCMinFVGATR=0.03 | InpSMCDungLocEMAH1=true | InpSMCDungLocEMAM5=false | InpSMCDungLocRSI=false
SMC,SMC0058,M1,BUY_SELL,AU,17,12,5,70.588,46.866,2.236,71.95,0.262,25.81,2,8,62.5,19.554,9,77.778,52.396,1,11,5,8,87.5,70.338,2,InpSMCEntryTF=M1 | InpSMCBiasTF=M30 | InpSMCDisplacementATR=0.6 | InpSMCMinFVGATR=0.08 | InpSMCDungLocEMAH1=true | InpSMCDungLocEMAM5=false | InpSMCDungLocRSI=true
SMC,SMC0067,M1,BUY_SELL,AU,17,12,5,70.588,46.866,1.916,59.588,0.306,25.81,2,9,66.667,21.783,8,75.0,37.805,2,10,5,9,77.778,53.244,1,InpSMCEntryTF=M1 | InpSMCBiasTF=M30 | InpSMCDisplacementATR=0.9 | InpSMCMinFVGATR=0.03 | InpSMCDungLocEMAH1=true | InpSMCDungLocEMAM5=false | InpSMCDungLocRSI=false
SMC,SMC0016,M1,BUY_SELL,AU,17,12,5,70.588,46.866,1.818,53.049,0.243,29.93,2,7,71.429,7.691,10,70.0,45.358,1,11,5,8,62.5,32.003,2,InpSMCEntryTF=M1 | InpSMCBiasTF=M15 | InpSMCDisplacementATR=0.9 | InpSMCMinFVGATR=0.03 | InpSMCDungLocEMAH1=true | InpSMCDungLocEMAM5=true | InpSMCDungLocRSI=true
SMC,SMC0027,M1,BUY,AU,12,9,3,75.0,46.769,2.592,59.375,0.378,15.526,1,6,66.667,9.131,6,83.333,50.244,1,8,3,8,87.5,37.742,1,InpSMCEntryTF=M1 | InpSMCBiasTF=M15 | InpSMCDisplacementATR=0.9 | InpSMCMinFVGATR=0.08 | InpSMCDungLocEMAH1=true | InpSMCDungLocEMAM5=false | InpSMCDungLocRSI=false
SMC,SMC0059,M1,BUY_SELL,AU,19,13,6,68.421,46.01,2.149,78.468,0.269,34.27,2,10,60.0,26.072,9,77.778,52.396,2,11,6,8,87.5,75.58,2,InpSMCEntryTF=M1 | InpSMCBiasTF=M30 | InpSMCDisplacementATR=0.6 | InpSMCMinFVGATR=0.08 | InpSMCDungLocEMAH1=true | InpSMCDungLocEMAM5=false | InpSMCDungLocRSI=false
SMC,SMC0008,M1,BUY_SELL,AU,19,13,6,68.421,46.01,1.961,67.94,0.222,15.526,1,8,62.5,7.991,11,72.727,59.949,1,12,6,7,71.429,46.705,2,InpSMCEntryTF=M1 | InpSMCBiasTF=M15 | InpSMCDisplacementATR=0.6 | InpSMCMinFVGATR=0.08 | InpSMCDungLocEMAH1=true | InpSMCDungLocEMAM5=true | InpSMCDungLocRSI=true
SMC,SMC0115,M1,BUY_SELL,AU,19,13,6,68.421,46.01,1.983,66.485,0.269,25.81,2,12,58.333,11.186,7,85.714,55.299,2,11,6,8,87.5,54.747,2,InpSMCEntryTF=M1 | InpSMCBiasTF=H1 | InpSMCDisplacementATR=0.9 | InpSMCMinFVGATR=0.03 | InpSMCDungLocEMAH1=true | InpSMCDungLocEMAM5=false | InpSMCDungLocRSI=false
SMC,SMC0052,M1,BUY_SELL,TAT_CA,45,27,18,60.0,45.452,1.658,138.793,0.247,38.059,3,20,60.0,51.011,25,60.0,87.782,9,18,18,8,87.5,116.286,4,InpSMCEntryTF=M1 | InpSMCBiasTF=M30 | InpSMCDisplacementATR=0.6 | InpSMCMinFVGATR=0.03 | InpSMCDungLocEMAH1=false | InpSMCDungLocEMAM5=true | InpSMCDungLocRSI=true
SMC,SMC0107,M1,BUY_SELL,AU,21,14,7,66.667,45.373,2.01,79.21,0.247,34.362,2,12,58.333,26.814,9,77.778,52.396,2,12,7,7,85.714,62.63,2,InpSMCEntryTF=M1 | InpSMCBiasTF=H1 | InpSMCDisplacementATR=0.6 | InpSMCMinFVGATR=0.08 | InpSMCDungLocEMAH1=true | InpSMCDungLocEMAM5=false | InpSMCDungLocRSI=false
SMC,SMC0098,M1,BUY_SELL,AU,21,14,7,66.667,45.373,1.874,68.502,0.191,28.018,2,12,58.333,16.106,9,77.778,52.396,1,13,7,7,85.714,62.63,2,InpSMCEntryTF=M1 | InpSMCBiasTF=H1 | InpSMCDisplacementATR=0.6 | InpSMCMinFVGATR=0.03 | InpSMCDungLocEMAH1=true | InpSMCDungLocEMAM5=false | InpSMCDungLocRSI=true
SMC,SMC0010,M1,BUY,AU,14,10,4,71.429,45.35,2.264,60.587,0.236,15.526,1,6,66.667,13.246,8,75.0,47.341,0,10,4,7,85.714,54.705,1,InpSMCEntryTF=M1 | InpSMCBiasTF=M15 | InpSMCDisplacementATR=0.6 | InpSMCMinFVGATR=0.08 | InpSMCDungLocEMAH1=true | InpSMCDungLocEMAM5=false | InpSMCDungLocRSI=true
SMC,SMC0068,M1,BUY_SELL,AU,16,11,5,68.75,44.404,2.009,64.268,0.307,20.082,1,5,80.0,33.478,11,63.636,30.79,2,9,5,9,77.778,50.973,4,InpSMCEntryTF=M1 | InpSMCBiasTF=M30 | InpSMCDisplacementATR=0.9 | InpSMCMinFVGATR=0.03 | InpSMCDungLocEMAH1=false | InpSMCDungLocEMAM5=true | InpSMCDungLocRSI=true
SMC,SMC0006,M1,BUY,AU,16,11,5,68.75,44.404,2.06,61.049,0.184,20.802,2,6,66.667,14.607,10,70.0,46.442,0,11,5,7,100.0,54.705,2,InpSMCEntryTF=M1 | InpSMCBiasTF=M15 | InpSMCDisplacementATR=0.6 | InpSMCMinFVGATR=0.03 | InpSMCDungLocEMAH1=false | InpSMCDungLocEMAM5=false | InpSMCDungLocRSI=true
SMC,SMC0000,M1,BUY,AU,16,11,5,68.75,44.404,1.979,56.825,0.176,15.526,1,7,71.429,19.59,9,66.667,37.235,0,11,5,7,85.714,50.481,2,InpSMCEntryTF=M1 | InpSMCBiasTF=M15 | InpSMCDisplacementATR=0.6 | InpSMCMinFVGATR=0.03 | InpSMCDungLocEMAH1=true | InpSMCDungLocEMAM5=true | InpSMCDungLocRSI=true
SMC,SMC0075,M1,BUY_SELL,AU,16,11,5,68.75,44.404,1.818,53.244,0.292,25.81,2,8,62.5,15.439,8,75.0,37.805,2,9,5,9,77.778,59.588,1,InpSMCEntryTF=M1 | InpSMCBiasTF=M30 | InpSMCDisplacementATR=0.9 | InpSMCMinFVGATR=0.08 | InpSMCDungLocEMAH1=true | InpSMCDungLocEMAM5=false | InpSMCDungLocRSI=false
SMC,SMC0024,M1,BUY_SELL,AU,16,11,5,68.75,44.404,1.72,46.705,0.225,29.93,2,6,66.667,1.347,10,70.0,45.358,1,10,5,8,62.5,28.831,2,InpSMCEntryTF=M1 | InpSMCBiasTF=M15 | InpSMCDisplacementATR=0.9 | InpSMCMinFVGATR=0.08 | InpSMCDungLocEMAH1=true | InpSMCDungLocEMAM5=true | InpSMCDungLocRSI=true
SMC,SMC0066,M1,BUY_SELL,AU,16,11,5,68.75,44.404,1.661,43.008,0.222,25.81,2,8,62.5,5.203,8,75.0,37.805,1,10,5,9,77.778,49.905,1,InpSMCEntryTF=M1 | InpSMCBiasTF=M30 | InpSMCDisplacementATR=0.9 | InpSMCMinFVGATR=0.03 | InpSMCDungLocEMAH1=true | InpSMCDungLocEMAM5=false | InpSMCDungLocRSI=true
SMC,SMC0006,M1,BUY,TAT_CA,31,19,12,61.29,43.824,1.485,70.494,0.143,42.334,3,17,58.824,19.089,14,64.286,51.405,2,17,12,7,85.714,63.71,1,InpSMCEntryTF=M1 | InpSMCBiasTF=M15 | InpSMCDisplacementATR=0.6 | InpSMCMinFVGATR=0.03 | InpSMCDungLocEMAH1=false | InpSMCDungLocEMAM5=false | InpSMCDungLocRSI=true
SMC,SMC0123,M1,BUY_SELL,AU,18,12,6,66.667,43.749,1.889,60.141,0.255,25.81,2,11,54.545,4.842,7,85.714,55.299,2,10,6,8,87.5,48.403,2,InpSMCEntryTF=M1 | InpSMCBiasTF=H1 | InpSMCDisplacementATR=0.9 | InpSMCMinFVGATR=0.08 | InpSMCDungLocEMAH1=true | InpSMCDungLocEMAM5=false | InpSMCDungLocRSI=false
SMC,SMC0148,M2,BUY_SELL,A,11,8,3,72.727,43.435,3.478,113.125,0.427,34.386,2,3,100.0,76.364,8,62.5,36.761,1,7,3,8,100.0,86.425,8,InpSMCEntryTF=M2 | InpSMCBiasTF=M15 | InpSMCDisplacementATR=0.6 | InpSMCMinFVGATR=0.03 | InpSMCDungLocEMAH1=false | InpSMCDungLocEMAM5=true | InpSMCDungLocRSI=true
SMC,SMC0036,M1,BUY,AU,11,8,3,72.727,43.435,3.5,76.635,0.422,22.75,2,4,100.0,36.657,7,57.143,39.978,2,6,3,7,85.714,15.706,2,InpSMCEntryTF=M1 | InpSMCBiasTF=M15 | InpSMCDisplacementATR=1.2 | InpSMCMinFVGATR=0.03 | InpSMCDungLocEMAH1=false | InpSMCDungLocEMAM5=true | InpSMCDungLocRSI=true
SMC,SMC0082,M1,BUY,AU,11,8,3,72.727,43.435,1.566,25.869,0.291,25.81,2,7,71.429,19.121,4,75.0,6.748,1,7,3,8,87.5,22.697,2,InpSMCEntryTF=M1 | InpSMCBiasTF=M30 | InpSMCDisplacementATR=1.2 | InpSMCMinFVGATR=0.03 | InpSMCDungLocEMAH1=true | InpSMCDungLocEMAM5=false | InpSMCDungLocRSI=true
SMC,SMC0052,M1,BUY_SELL,AU,20,13,7,65.0,43.285,1.872,72.203,0.226,15.526,1,8,62.5,26.822,12,66.667,45.381,2,11,7,8,87.5,58.427,4,InpSMCEntryTF=M1 | InpSMCBiasTF=M30 | InpSMCDisplacementATR=0.6 | InpSMCMinFVGATR=0.03 | InpSMCDungLocEMAH1=false | InpSMCDungLocEMAM5=true | InpSMCDungLocRSI=true
SMC,SMC0106,M1,BUY_SELL,AU,20,13,7,65.0,43.285,1.799,62.63,0.176,34.362,2,11,54.545,10.234,9,77.778,52.396,1,12,7,7,85.714,68.502,2,InpSMCEntryTF=M1 | InpSMCBiasTF=H1 | InpSMCDisplacementATR=0.6 | InpSMCMinFVGATR=0.08 | InpSMCDungLocEMAH1=true | InpSMCDungLocEMAM5=false | InpSMCDungLocRSI=true
SMC,SMC0038,M1,BUY_SELL,AU,20,13,7,65.0,43.285,1.483,56.114,0.269,51.981,2,10,70.0,22.376,10,60.0,33.738,3,10,7,7,85.714,13.799,1,InpSMCEntryTF=M1 | InpSMCBiasTF=M15 | InpSMCDisplacementATR=1.2 | InpSMCMinFVGATR=0.03 | InpSMCDungLocEMAH1=false | InpSMCDungLocEMAM5=false | InpSMCDungLocRSI=true
SMC,SMC0039,M1,BUY_SELL,AU,20,13,7,65.0,43.285,1.483,56.1,0.269,51.981,2,10,70.0,22.362,10,60.0,33.738,3,10,7,7,85.714,13.799,1,InpSMCEntryTF=M1 | InpSMCBiasTF=M15 | InpSMCDisplacementATR=1.2 | InpSMCMinFVGATR=0.03 | InpSMCDungLocEMAH1=false | InpSMCDungLocEMAM5=false | InpSMCDungLocRSI=false
SMC,SMC0052,M1,BUY,TAT_CA,30,18,12,60.0,42.32,1.654,92.194,0.215,38.059,3,11,54.545,3.369,19,63.158,88.825,5,13,12,8,100.0,82.017,4,InpSMCEntryTF=M1 | InpSMCBiasTF=M30 | InpSMCDisplacementATR=0.6 | InpSMCMinFVGATR=0.03 | InpSMCDungLocEMAH1=false | InpSMCDungLocEMAM5=true | InpSMCDungLocRSI=true
SMC,SMC0014,M1,BUY,TAT_CA,30,18,12,60.0,42.32,1.441,64.15,0.13,42.334,3,16,56.25,12.745,14,64.286,51.405,2,16,12,7,85.714,67.093,1,InpSMCEntryTF=M1 | InpSMCBiasTF=M15 | InpSMCDisplacementATR=0.6 | InpSMCMinFVGATR=0.08 | InpSMCDungLocEMAH1=false | InpSMCDungLocEMAM5=false | InpSMCDungLocRSI=true
SMC,SMC0052,M1,BUY,AU,15,10,5,66.667,41.713,2.174,67.417,0.24,15.526,1,4,75.0,28.236,11,63.636,39.181,1,9,5,8,100.0,51.407,4,InpSMCEntryTF=M1 | InpSMCBiasTF=M30 | InpSMCDisplacementATR=0.6 | InpSMCMinFVGATR=0.03 | InpSMCDungLocEMAH1=false | InpSMCDungLocEMAM5=true | InpSMCDungLocRSI=true
SMC,SMC0014,M1,BUY,AU,15,10,5,66.667,41.713,1.95,54.705,0.161,20.802,2,5,60.0,8.263,10,70.0,46.442,0,10,5,7,100.0,54.705,2,InpSMCEntryTF=M1 | InpSMCBiasTF=M15 | InpSMCDisplacementATR=0.6 | InpSMCMinFVGATR=0.08 | InpSMCDungLocEMAH1=false | InpSMCDungLocEMAM5=false | InpSMCDungLocRSI=true
SMC,SMC0008,M1,BUY,AU,15,10,5,66.667,41.713,1.87,50.481,0.153,15.526,1,6,66.667,13.246,9,66.667,37.235,0,10,5,7,85.714,46.243,2,InpSMCEntryTF=M1 | InpSMCBiasTF=M15 | InpSMCDisplacementATR=0.6 | InpSMCMinFVGATR=0.08 | InpSMCDungLocEMAH1=true | InpSMCDungLocEMAM5=true | InpSMCDungLocRSI=true
SMC,SMC0048,M1,BUY_SELL,TAT_CA,41,23,18,56.098,41.04,1.313,64.768,0.108,63.013,4,22,54.545,2.837,19,57.895,61.931,6,17,18,8,87.5,66.639,2,InpSMCEntryTF=M1 | InpSMCBiasTF=M30 | InpSMCDisplacementATR=0.6 | InpSMCMinFVGATR=0.03 | InpSMCDungLocEMAH1=true | InpSMCDungLocEMAM5=true | InpSMCDungLocRSI=true
SMC,SMC0048,M1,BUY_SELL,AU,19,12,7,63.158,41.039,1.667,52.587,0.13,25.81,2,9,66.667,25.898,10,60.0,26.689,1,11,7,8,87.5,52.768,4,InpSMCEntryTF=M1 | InpSMCBiasTF=M30 | InpSMCDisplacementATR=0.6 | InpSMCMinFVGATR=0.03 | InpSMCDungLocEMAH1=true | InpSMCDungLocEMAM5=true | InpSMCDungLocRSI=true
SMC,SMC0046,M1,BUY_SELL,AU,19,12,7,63.158,41.039,1.429,49.77,0.255,51.981,2,9,66.667,16.032,10,60.0,33.738,3,9,7,7,71.429,8.987,1,InpSMCEntryTF=M1 | InpSMCBiasTF=M15 | InpSMCDisplacementATR=1.2 | InpSMCMinFVGATR=0.08 | InpSMCDungLocEMAH1=false | InpSMCDungLocEMAM5=false | InpSMCDungLocRSI=true
SMC,SMC0047,M1,BUY_SELL,AU,19,12,7,63.158,41.039,1.429,49.756,0.255,51.981,2,9,66.667,16.018,10,60.0,33.738,3,9,7,7,71.429,8.973,1,InpSMCEntryTF=M1 | InpSMCBiasTF=M15 | InpSMCDisplacementATR=1.2 | InpSMCMinFVGATR=0.08 | InpSMCDungLocEMAH1=false | InpSMCDungLocEMAM5=false | InpSMCDungLocRSI=false
SMC,SMC0056,M1,BUY_SELL,TAT_CA,39,22,17,56.41,40.975,1.348,68.51,0.125,67.879,4,20,55.0,6.579,19,57.895,61.931,6,16,17,8,87.5,66.639,2,InpSMCEntryTF=M1 | InpSMCBiasTF=M30 | InpSMCDisplacementATR=0.6 | InpSMCMinFVGATR=0.08 | InpSMCDungLocEMAH1=true | InpSMCDungLocEMAM5=true | InpSMCDungLocRSI=true
SMC,SMC0096,M1,BUY_SELL,AU,21,13,8,61.905,40.878,1.596,52.949,0.119,25.81,2,11,63.636,26.26,10,60.0,26.689,1,12,8,7,85.714,49.403,4,InpSMCEntryTF=M1 | InpSMCBiasTF=H1 | InpSMCDisplacementATR=0.6 | InpSMCMinFVGATR=0.03 | InpSMCDungLocEMAH1=true | InpSMCDungLocEMAM5=true | InpSMCDungLocRSI=true
SMC,SMC0038,M1,BUY,TAT_CA,23,14,9,60.87,40.785,1.743,96.422,0.182,49.468,2,16,56.25,33.948,7,71.429,62.474,3,11,9,7,85.714,77.297,2,InpSMCEntryTF=M1 | InpSMCBiasTF=M15 | InpSMCDisplacementATR=1.2 | InpSMCMinFVGATR=0.03 | InpSMCDungLocEMAH1=false | InpSMCDungLocEMAM5=false | InpSMCDungLocRSI=true
SMC,SMC0039,M1,BUY,TAT_CA,25,15,10,60.0,40.739,1.661,92.456,0.151,49.468,2,18,55.556,29.982,7,71.429,62.474,3,12,10,7,85.714,82.634,2,InpSMCEntryTF=M1 | InpSMCBiasTF=M15 | InpSMCDisplacementATR=1.2 | InpSMCMinFVGATR=0.03 | InpSMCDungLocEMAH1=false | InpSMCDungLocEMAM5=false | InpSMCDungLocRSI=false
SMC,SMC0044,M1,BUY,AU,10,7,3,70.0,39.677,3.293,70.291,0.411,22.75,2,3,100.0,30.313,7,57.143,39.978,2,5,3,7,85.714,15.706,2,InpSMCEntryTF=M1 | InpSMCBiasTF=M15 | InpSMCDisplacementATR=1.2 | InpSMCMinFVGATR=0.08 | InpSMCDungLocEMAH1=false | InpSMCDungLocEMAM5=true | InpSMCDungLocRSI=true
SMC,SMC0090,M1,BUY,AU,10,7,3,70.0,39.677,1.427,19.525,0.267,25.81,2,6,66.667,12.777,4,75.0,6.748,1,6,3,8,87.5,22.697,2,InpSMCEntryTF=M1 | InpSMCBiasTF=M30 | InpSMCDisplacementATR=1.2 | InpSMCMinFVGATR=0.08 | InpSMCDungLocEMAH1=true | InpSMCDungLocEMAM5=false | InpSMCDungLocRSI=true
SMC,SMC0146,M2,BUY_SELL,A,12,8,4,66.667,39.062,2.426,76.162,0.282,33.346,2,4,75.0,37.123,8,62.5,39.039,1,7,4,8,100.0,75.643,2,InpSMCEntryTF=M2 | InpSMCBiasTF=M15 | InpSMCDisplacementATR=0.6 | InpSMCMinFVGATR=0.03 | InpSMCDungLocEMAH1=true | InpSMCDungLocEMAM5=false | InpSMCDungLocRSI=true
SMC,SMC0147,M2,BUY_SELL,A,12,8,4,66.667,39.062,2.426,76.156,0.282,33.352,2,4,75.0,37.123,8,62.5,39.033,1,7,4,8,87.5,75.643,2,InpSMCEntryTF=M2 | InpSMCBiasTF=M15 | InpSMCDisplacementATR=0.6 | InpSMCMinFVGATR=0.03 | InpSMCDungLocEMAH1=true | InpSMCDungLocEMAM5=false | InpSMCDungLocRSI=false
SMC,SMC0144,M2,BUY_SELL,A,12,8,4,66.667,39.062,2.38,75.13,0.282,34.378,2,4,75.0,37.123,8,62.5,38.007,1,7,4,8,100.0,75.13,4,InpSMCEntryTF=M2 | InpSMCBiasTF=M15 | InpSMCDisplacementATR=0.6 | InpSMCMinFVGATR=0.03 | InpSMCDungLocEMAH1=true | InpSMCDungLocEMAM5=true | InpSMCDungLocRSI=true
SMC,SMC0068,M1,BUY,AU,12,8,4,66.667,39.062,2.088,50.227,0.265,15.526,1,3,66.667,8.143,9,66.667,42.084,1,7,4,9,100.0,50.227,4,InpSMCEntryTF=M1 | InpSMCBiasTF=M30 | InpSMCDisplacementATR=0.9 | InpSMCMinFVGATR=0.03 | InpSMCDungLocEMAH1=false | InpSMCDungLocEMAM5=true | InpSMCDungLocRSI=true
SMC,SMC0036,M1,BUY,TAT_CA,22,13,9,59.091,38.734,1.783,97.139,0.167,46.656,3,13,69.231,78.724,9,44.444,18.415,3,10,9,7,85.714,71.892,4,InpSMCEntryTF=M1 | InpSMCBiasTF=M15 | InpSMCDisplacementATR=1.2 | InpSMCMinFVGATR=0.03 | InpSMCDungLocEMAH1=false | InpSMCDungLocEMAM5=true | InpSMCDungLocRSI=true
SMC,SMC0104,M1,BUY_SELL,AU,20,12,8,60.0,38.658,1.53,47.077,0.101,25.81,2,10,60.0,20.388,10,60.0,26.689,1,11,8,7,85.714,47.077,4,InpSMCEntryTF=M1 | InpSMCBiasTF=H1 | InpSMCDisplacementATR=0.6 | InpSMCMinFVGATR=0.08 | InpSMCDungLocEMAH1=true | InpSMCDungLocEMAM5=true | InpSMCDungLocRSI=true
SMC,SMC0004,M1,BUY_SELL,A,20,12,8,60.0,38.658,1.454,41.642,0.215,32.668,3,9,66.667,30.26,11,54.545,11.382,4,8,8,7,100.0,36.243,4,InpSMCEntryTF=M1 | InpSMCBiasTF=M15 | InpSMCDisplacementATR=0.6 | InpSMCMinFVGATR=0.03 | InpSMCDungLocEMAH1=false | InpSMCDungLocEMAM5=true | InpSMCDungLocRSI=true
SMC,SMC0062,M1,SELL,TAT_CA,16,10,6,62.5,38.641,1.743,51.927,0.326,20.06,2,9,66.667,47.642,7,57.143,4.285,4,6,6,8,75.0,32.681,2,InpSMCEntryTF=M1 | InpSMCBiasTF=M30 | InpSMCDisplacementATR=0.6 | InpSMCMinFVGATR=0.08 | InpSMCDungLocEMAH1=false | InpSMCDungLocEMAM5=false | InpSMCDungLocRSI=true
SMC,SMC0054,M1,SELL,TAT_CA,16,10,6,62.5,38.641,1.743,51.893,0.326,20.06,2,9,66.667,47.642,7,57.143,4.251,4,6,6,8,75.0,40.309,2,InpSMCEntryTF=M1 | InpSMCBiasTF=M30 | InpSMCDisplacementATR=0.6 | InpSMCMinFVGATR=0.03 | InpSMCDungLocEMAH1=false | InpSMCDungLocEMAM5=false | InpSMCDungLocRSI=true
SMC,SMC0064,M1,BUY,AU,16,10,6,62.5,38.641,1.51,34.795,0.127,25.81,2,8,62.5,5.203,8,62.5,29.592,1,9,6,9,77.778,34.795,2,InpSMCEntryTF=M1 | InpSMCBiasTF=M30 | InpSMCDisplacementATR=0.9 | InpSMCMinFVGATR=0.03 | InpSMCDungLocEMAH1=true | InpSMCDungLocEMAM5=true | InpSMCDungLocRSI=true
SMC,SMC0056,M1,BUY_SELL,AU,18,11,7,61.111,38.619,1.586,46.243,0.107,25.81,2,8,62.5,19.554,10,60.0,26.689,1,10,7,8,87.5,49.832,4,InpSMCEntryTF=M1 | InpSMCBiasTF=M30 | InpSMCDisplacementATR=0.6 | InpSMCMinFVGATR=0.08 | InpSMCDungLocEMAH1=true | InpSMCDungLocEMAM5=true | InpSMCDungLocRSI=true
SMC,SMC0198,M2,BUY_SELL,TAT_CA,29,16,13,55.172,37.548,1.719,128.771,0.166,58.734,4,15,46.667,1.531,14,64.286,127.24,6,10,13,9,100.0,105.626,2,InpSMCEntryTF=M2 | InpSMCBiasTF=M30 | InpSMCDisplacementATR=0.6 | InpSMCMinFVGATR=0.03 | InpSMCDungLocEMAH1=false | InpSMCDungLocEMAM5=false | InpSMCDungLocRSI=true
SMC,SMC0196,M2,BUY_SELL,TAT_CA,25,14,11,56.0,37.067,1.99,147.133,0.223,48.716,3,12,41.667,9.875,13,69.231,137.258,6,8,11,9,100.0,130.02,4,InpSMCEntryTF=M2 | InpSMCBiasTF=M30 | InpSMCDisplacementATR=0.6 | InpSMCMinFVGATR=0.03 | InpSMCDungLocEMAH1=false | InpSMCDungLocEMAM5=true | InpSMCDungLocRSI=true
SMC,SMC0192,M2,BUY,TAT_CA,25,14,11,56.0,37.067,1.707,99.572,0.134,35.28,2,13,46.154,9.88,12,66.667,89.692,4,10,11,9,88.889,99.251,4,InpSMCEntryTF=M2 | InpSMCBiasTF=M30 | InpSMCDisplacementATR=0.6 | InpSMCMinFVGATR=0.03 | InpSMCDungLocEMAH1=true | InpSMCDungLocEMAM5=true | InpSMCDungLocRSI=true
SMC,SMC0194,M2,BUY,TAT_CA,25,14,11,56.0,37.067,1.705,99.251,0.134,35.601,2,13,46.154,9.559,12,66.667,89.692,4,10,11,9,88.889,97.386,2,InpSMCEntryTF=M2 | InpSMCBiasTF=M30 | InpSMCDisplacementATR=0.6 | InpSMCMinFVGATR=0.03 | InpSMCDungLocEMAH1=true | InpSMCDungLocEMAM5=false | InpSMCDungLocRSI=true
SMC,SMC0148,M2,BUY,TAT_CA,21,12,9,57.143,36.546,1.934,132.802,0.22,52.142,3,11,54.545,71.735,10,60.0,61.067,4,8,9,8,100.0,120.103,4,InpSMCEntryTF=M2 | InpSMCBiasTF=M15 | InpSMCDisplacementATR=0.6 | InpSMCMinFVGATR=0.03 | InpSMCDungLocEMAH1=false | InpSMCDungLocEMAM5=true | InpSMCDungLocRSI=true
SMC,SMC0150,M2,BUY,TAT_CA,21,12,9,57.143,36.546,1.932,132.481,0.22,52.142,3,11,54.545,71.414,10,60.0,61.067,4,8,9,8,100.0,109.913,2,InpSMCEntryTF=M2 | InpSMCBiasTF=M15 | InpSMCDisplacementATR=0.6 | InpSMCMinFVGATR=0.03 | InpSMCDungLocEMAH1=false | InpSMCDungLocEMAM5=false | InpSMCDungLocRSI=true
SMC,SMC0366,M3,BUY_SELL,TAT_CA,21,12,9,57.143,36.546,1.743,115.757,0.136,42.598,3,12,58.333,35.744,9,55.556,80.013,3,9,9,10,80.0,102.463,2,InpSMCEntryTF=M3 | InpSMCBiasTF=M30 | InpSMCDisplacementATR=0.9 | InpSMCMinFVGATR=0.08 | InpSMCDungLocEMAH1=false | InpSMCDungLocEMAM5=false | InpSMCDungLocRSI=true
SMC,SMC0358,M3,BUY_SELL,TAT_CA,21,12,9,57.143,36.546,1.74,115.473,0.136,42.598,3,12,58.333,35.744,9,55.556,79.729,3,9,9,10,80.0,102.321,2,InpSMCEntryTF=M3 | InpSMCBiasTF=M30 | InpSMCDisplacementATR=0.9 | InpSMCMinFVGATR=0.03 | InpSMCDungLocEMAH1=false | InpSMCDungLocEMAM5=false | InpSMCDungLocRSI=true
SMC,SMC0006,M1,BUY_SELL,A,21,12,9,57.143,36.546,1.311,31.588,0.156,42.722,4,9,66.667,30.26,12,50.0,1.328,4,8,9,7,85.714,31.588,2,InpSMCEntryTF=M1 | InpSMCBiasTF=M15 | InpSMCDisplacementATR=0.6 | InpSMCMinFVGATR=0.03 | InpSMCDungLocEMAH1=false | InpSMCDungLocEMAM5=false | InpSMCDungLocRSI=true
SMC,SMC0356,M3,BUY_SELL,TAT_CA,19,11,8,57.895,36.276,1.944,124.245,0.169,42.598,3,11,54.545,20.122,8,62.5,104.123,3,8,8,10,80.0,116.025,4,InpSMCEntryTF=M3 | InpSMCBiasTF=M30 | InpSMCDisplacementATR=0.9 | InpSMCMinFVGATR=0.03 | InpSMCDungLocEMAH1=false | InpSMCDungLocEMAM5=true | InpSMCDungLocRSI=true
SMC,SMC0083,M1,BUY,TAT_CA,30,16,14,53.333,36.142,1.379,74.502,0.042,89.322,6,20,55.0,27.937,10,50.0,46.565,4,12,14,8,100.0,63.978,2,InpSMCEntryTF=M1 | InpSMCBiasTF=M30 | InpSMCDisplacementATR=1.2 | InpSMCMinFVGATR=0.03 | InpSMCDungLocEMAH1=true | InpSMCDungLocEMAM5=false | InpSMCDungLocRSI=false
SMC,SMC0004,M1,BUY,AU,17,10,7,58.824,36.005,1.452,35.342,0.025,31.06,2,6,66.667,14.607,11,54.545,20.735,0,10,7,7,100.0,35.342,2,InpSMCEntryTF=M1 | InpSMCBiasTF=M15 | InpSMCDisplacementATR=0.6 | InpSMCMinFVGATR=0.03 | InpSMCDungLocEMAH1=false | InpSMCDungLocEMAM5=true | InpSMCDungLocRSI=true
SMC,SMC0082,M1,BUY,TAT_CA,28,15,13,53.571,35.812,1.421,78.468,0.059,85.356,6,18,55.556,31.903,10,50.0,46.565,4,11,13,8,100.0,63.486,2,InpSMCEntryTF=M1 | InpSMCBiasTF=M30 | InpSMCDisplacementATR=1.2 | InpSMCMinFVGATR=0.03 | InpSMCDungLocEMAH1=true | InpSMCDungLocEMAM5=false | InpSMCDungLocRSI=true
SMC,SMC0182,M2,BUY,TAT_CA,15,9,6,60.0,35.746,1.634,77.297,0.36,67.81,3,9,66.667,73.477,6,50.0,3.82,4,5,6,8,100.0,57.789,2,InpSMCEntryTF=M2 | InpSMCBiasTF=M15 | InpSMCDisplacementATR=1.2 | InpSMCMinFVGATR=0.03 | InpSMCDungLocEMAH1=false | InpSMCDungLocEMAM5=false | InpSMCDungLocRSI=true
SMC,SMC0318,M3,BUY_SELL,TAT_CA,26,14,12,53.846,35.458,1.713,147.607,0.119,75.04,4,16,56.25,102.434,10,50.0,45.173,4,10,12,9,77.778,115.757,2,InpSMCEntryTF=M3 | InpSMCBiasTF=M15 | InpSMCDisplacementATR=0.9 | InpSMCMinFVGATR=0.08 | InpSMCDungLocEMAH1=false | InpSMCDungLocEMAM5=false | InpSMCDungLocRSI=true
SMC,SMC0310,M3,BUY_SELL,TAT_CA,26,14,12,53.846,35.458,1.71,147.323,0.119,75.04,4,16,56.25,102.434,10,50.0,44.889,4,10,12,9,66.667,115.473,2,InpSMCEntryTF=M3 | InpSMCBiasTF=M15 | InpSMCDisplacementATR=0.9 | InpSMCMinFVGATR=0.03 | InpSMCDungLocEMAH1=false | InpSMCDungLocEMAM5=false | InpSMCDungLocRSI=true
SMC,SMC0195,M2,BUY,TAT_CA,26,14,12,53.846,35.458,1.592,89.209,0.09,35.601,2,13,46.154,9.559,13,61.538,79.65,4,10,12,9,88.889,89.209,2,InpSMCEntryTF=M2 | InpSMCBiasTF=M30 | InpSMCDisplacementATR=0.6 | InpSMCMinFVGATR=0.03 | InpSMCDungLocEMAH1=true | InpSMCDungLocEMAM5=false | InpSMCDungLocRSI=false
SMC,SMC0308,M3,BUY_SELL,TAT_CA,24,13,11,54.167,35.075,1.852,155.995,0.144,75.04,4,15,53.333,86.812,9,55.556,69.183,4,9,11,9,77.778,124.245,4,InpSMCEntryTF=M3 | InpSMCBiasTF=M15 | InpSMCDisplacementATR=0.9 | InpSMCMinFVGATR=0.03 | InpSMCDungLocEMAH1=false | InpSMCDungLocEMAM5=true | InpSMCDungLocRSI=true
SMC,SMC0199,M2,BUY_SELL,TAT_CA,31,16,15,51.613,34.84,1.45,95.481,0.09,70.526,5,15,46.667,1.531,16,56.25,93.95,6,10,15,9,100.0,105.626,2,InpSMCEntryTF=M2 | InpSMCBiasTF=M30 | InpSMCDisplacementATR=0.6 | InpSMCMinFVGATR=0.03 | InpSMCDungLocEMAH1=false | InpSMCDungLocEMAM5=false | InpSMCDungLocRSI=false
SMC,SMC0151,M2,BUY,TAT_CA,22,12,10,54.545,34.659,1.805,122.439,0.164,52.142,3,11,54.545,71.414,11,54.545,51.025,4,8,10,8,100.0,93.268,2,InpSMCEntryTF=M2 | InpSMCBiasTF=M15 | InpSMCDisplacementATR=0.6 | InpSMCMinFVGATR=0.03 | InpSMCDungLocEMAH1=false | InpSMCDungLocEMAM5=false | InpSMCDungLocRSI=false
SMC,SMC0151,M2,BUY_SELL,TAT_CA,36,18,18,50.0,34.474,1.448,118.259,0.014,92.012,5,20,45.0,39.671,16,56.25,78.588,4,14,18,8,75.0,106.87,2,InpSMCEntryTF=M2 | InpSMCBiasTF=M15 | InpSMCDisplacementATR=0.6 | InpSMCMinFVGATR=0.03 | InpSMCDungLocEMAH1=false | InpSMCDungLocEMAM5=false | InpSMCDungLocRSI=false
SMC,SMC0304,M3,BUY_SELL,TAT_CA,20,11,9,55.0,34.208,1.596,94.994,0.104,43.4,3,13,53.846,20.675,7,57.143,74.319,3,8,9,9,66.667,85.835,4,InpSMCEntryTF=M3 | InpSMCBiasTF=M15 | InpSMCDisplacementATR=0.9 | InpSMCMinFVGATR=0.03 | InpSMCDungLocEMAH1=true | InpSMCDungLocEMAM5=true | InpSMCDungLocRSI=true
SMC,SMC0150,M2,BUY_SELL,TAT_CA,34,17,17,50.0,34.069,1.47,119.372,0.018,92.012,5,20,45.0,39.671,14,57.143,79.701,4,13,17,8,75.0,118.816,2,InpSMCEntryTF=M2 | InpSMCBiasTF=M15 | InpSMCDisplacementATR=0.6 | InpSMCMinFVGATR=0.03 | InpSMCDungLocEMAH1=false | InpSMCDungLocEMAM5=false | InpSMCDungLocRSI=true
SMC,SMC0340,M3,BUY_SELL,TAT_CA,18,10,8,55.556,33.716,2.152,130.02,0.082,47.461,3,11,54.545,24.441,7,57.143,105.579,2,8,8,9,88.889,124.245,4,InpSMCEntryTF=M3 | InpSMCBiasTF=M30 | InpSMCDisplacementATR=0.6 | InpSMCMinFVGATR=0.03 | InpSMCDungLocEMAH1=false | InpSMCDungLocEMAM5=true | InpSMCDungLocRSI=true
SMC,SMC0226,M2,BUY,TAT_CA,18,10,8,55.556,33.716,1.427,60.561,0.251,96.45,5,11,54.545,50.762,7,57.143,9.799,5,5,8,9,77.778,45.827,2,InpSMCEntryTF=M2 | InpSMCBiasTF=M30 | InpSMCDisplacementATR=1.2 | InpSMCMinFVGATR=0.03 | InpSMCDungLocEMAH1=true | InpSMCDungLocEMAM5=false | InpSMCDungLocRSI=true
SMC,SMC0148,M2,BUY_SELL,TAT_CA,32,16,16,50.0,33.631,1.578,134.866,0.035,73.538,4,18,44.444,55.165,14,57.143,79.701,4,12,16,8,87.5,127.119,4,InpSMCEntryTF=M2 | InpSMCBiasTF=M15 | InpSMCDisplacementATR=0.6 | InpSMCMinFVGATR=0.03 | InpSMCDungLocEMAH1=false | InpSMCDungLocEMAM5=true | InpSMCDungLocRSI=true
SMC,SMC0080,M1,BUY,TAT_CA,25,13,12,52.0,33.498,1.55,89.263,0.066,103.376,8,14,64.286,68.405,11,36.364,20.858,4,9,12,8,87.5,61.303,4,InpSMCEntryTF=M1 | InpSMCBiasTF=M30 | InpSMCDisplacementATR=1.2 | InpSMCMinFVGATR=0.03 | InpSMCDungLocEMAH1=true | InpSMCDungLocEMAM5=true | InpSMCDungLocRSI=true
SMC,SMC0352,M3,BUY_SELL,TAT_CA,16,9,7,56.25,33.178,1.735,85.835,0.155,43.4,3,10,60.0,40.947,6,50.0,44.888,3,6,7,10,80.0,73.638,4,InpSMCEntryTF=M3 | InpSMCBiasTF=M30 | InpSMCDisplacementATR=0.9 | InpSMCMinFVGATR=0.03 | InpSMCDungLocEMAH1=true | InpSMCDungLocEMAM5=true | InpSMCDungLocRSI=true
SMC,SMC0178,M2,BUY,TAT_CA,16,9,7,56.25,33.178,1.399,53.012,0.243,87.484,4,9,55.556,43.213,7,57.143,9.799,4,5,7,8,75.0,49.254,2,InpSMCEntryTF=M2 | InpSMCBiasTF=M15 | InpSMCDisplacementATR=1.2 | InpSMCMinFVGATR=0.03 | InpSMCDungLocEMAH1=true | InpSMCDungLocEMAM5=false | InpSMCDungLocRSI=true
SMC,SMC0054,M1,BUY_SELL,A,16,9,7,56.25,33.178,1.554,41.51,0.256,28.754,2,6,66.667,30.644,10,50.0,10.866,5,4,7,8,87.5,33.915,2,InpSMCEntryTF=M1 | InpSMCBiasTF=M30 | InpSMCDisplacementATR=0.6 | InpSMCMinFVGATR=0.03 | InpSMCDungLocEMAH1=false | InpSMCDungLocEMAM5=false | InpSMCDungLocRSI=true
SMC,SMC0012,M1,BUY,AU,16,9,7,56.25,33.178,1.371,28.998,-0.007,31.06,2,5,60.0,8.263,11,54.545,20.735,0,9,7,7,100.0,35.342,2,InpSMCEntryTF=M1 | InpSMCBiasTF=M15 | InpSMCDisplacementATR=0.6 | InpSMCMinFVGATR=0.08 | InpSMCDungLocEMAH1=false | InpSMCDungLocEMAM5=true | InpSMCDungLocRSI=true
SMC,SMC0032,M1,BUY,TAT_CA,23,12,11,52.174,32.962,1.441,71.892,0.043,114.44,8,13,61.538,48.938,10,40.0,22.954,3,9,11,7,71.429,71.892,4,InpSMCEntryTF=M1 | InpSMCBiasTF=M15 | InpSMCDisplacementATR=1.2 | InpSMCMinFVGATR=0.03 | InpSMCDungLocEMAH1=true | InpSMCDungLocEMAM5=true | InpSMCDungLocRSI=true
SMC,SMC0292,M3,BUY,TAT_CA,14,8,6,57.143,32.59,3.552,198.026,0.335,26.034,2,10,60.0,107.848,4,50.0,90.178,4,4,6,8,100.0,129.333,4,InpSMCEntryTF=M3 | InpSMCBiasTF=M15 | InpSMCDisplacementATR=0.6 | InpSMCMinFVGATR=0.03 | InpSMCDungLocEMAH1=false | InpSMCDungLocEMAM5=true | InpSMCDungLocRSI=true
SMC,SMC0300,M3,BUY,TAT_CA,14,8,6,57.143,32.59,3.383,184.892,0.295,26.034,2,10,60.0,107.848,4,50.0,77.044,3,5,6,8,100.0,129.333,4,InpSMCEntryTF=M3 | InpSMCBiasTF=M15 | InpSMCDisplacementATR=0.6 | InpSMCMinFVGATR=0.08 | InpSMCDungLocEMAH1=false | InpSMCDungLocEMAM5=true | InpSMCDungLocRSI=true
SMC,SMC0308,M3,BUY,TAT_CA,14,8,6,57.143,32.59,2.29,125.865,0.259,43.4,2,10,60.0,87.299,4,50.0,38.566,3,5,6,9,88.889,76.19,8,InpSMCEntryTF=M3 | InpSMCBiasTF=M15 | InpSMCDisplacementATR=0.9 | InpSMCMinFVGATR=0.03 | InpSMCDungLocEMAH1=false | InpSMCDungLocEMAM5=true | InpSMCDungLocRSI=true
SMC,SMC0352,M3,BUY,TAT_CA,14,8,6,57.143,32.59,2.008,92.258,0.192,43.4,3,9,66.667,66.161,5,40.0,26.097,3,5,6,10,80.0,75.886,8,InpSMCEntryTF=M3 | InpSMCBiasTF=M30 | InpSMCDisplacementATR=0.9 | InpSMCMinFVGATR=0.03 | InpSMCDungLocEMAH1=true | InpSMCDungLocEMAM5=true | InpSMCDungLocRSI=true
SMC,SMC0179,M2,BUY,TAT_CA,14,8,6,57.143,32.59,1.519,63.681,0.321,87.484,4,7,57.143,53.882,7,57.143,9.799,4,4,6,8,75.0,47.271,2,InpSMCEntryTF=M2 | InpSMCBiasTF=M15 | InpSMCDisplacementATR=1.2 | InpSMCMinFVGATR=0.03 | InpSMCDungLocEMAH1=true | InpSMCDungLocEMAM5=false | InpSMCDungLocRSI=false
SMC,SMC0308,M3,BUY_SELL,AU,14,8,6,57.143,32.59,1.557,54.343,0.068,39.384,3,7,57.143,2.217,7,57.143,52.126,1,7,6,9,77.778,38.993,4,InpSMCEntryTF=M3 | InpSMCBiasTF=M15 | InpSMCDisplacementATR=0.9 | InpSMCMinFVGATR=0.03 | InpSMCDungLocEMAH1=false | InpSMCDungLocEMAM5=true | InpSMCDungLocRSI=true
SMC,SMC0075,M1,BUY,A,14,8,6,57.143,32.59,1.338,25.417,0.102,53.547,2,10,60.0,12.547,4,50.0,12.87,2,6,6,9,44.444,-2.947,1,InpSMCEntryTF=M1 | InpSMCBiasTF=M30 | InpSMCDisplacementATR=0.9 | InpSMCMinFVGATR=0.08 | InpSMCDungLocEMAH1=true | InpSMCDungLocEMAM5=false | InpSMCDungLocRSI=false
SMC,SMC0314,M3,BUY_SELL,TAT_CA,21,11,10,52.381,32.369,1.386,70.884,0.052,58.466,4,13,53.846,20.675,8,50.0,50.209,3,8,10,9,66.667,61.93,2,InpSMCEntryTF=M3 | InpSMCBiasTF=M15 | InpSMCDisplacementATR=0.9 | InpSMCMinFVGATR=0.08 | InpSMCDungLocEMAH1=true | InpSMCDungLocEMAM5=false | InpSMCDungLocRSI=true
SMC,SMC0306,M3,BUY_SELL,TAT_CA,21,11,10,52.381,32.369,1.384,70.6,0.052,58.75,4,13,53.846,20.675,8,50.0,49.925,3,8,10,9,66.667,61.646,2,InpSMCEntryTF=M3 | InpSMCBiasTF=M15 | InpSMCDisplacementATR=0.9 | InpSMCMinFVGATR=0.03 | InpSMCDungLocEMAH1=true | InpSMCDungLocEMAM5=false | InpSMCDungLocRSI=true
SMC,SMC0164,M2,BUY,TAT_CA,21,11,10,52.381,32.369,1.419,63.667,0.139,60.404,2,13,46.154,16.412,8,62.5,47.255,4,7,10,9,77.778,63.667,4,InpSMCEntryTF=M2 | InpSMCBiasTF=M15 | InpSMCDisplacementATR=0.9 | InpSMCMinFVGATR=0.03 | InpSMCDungLocEMAH1=false | InpSMCDungLocEMAM5=true | InpSMCDungLocRSI=true
SMC,SMC0292,M3,BUY_SELL,TAT_CA,26,13,13,50.0,32.06,1.797,157.292,0.052,72.48,4,17,47.059,40.653,9,55.556,116.639,4,9,13,8,87.5,132.443,2,InpSMCEntryTF=M3 | InpSMCBiasTF=M15 | InpSMCDisplacementATR=0.6 | InpSMCMinFVGATR=0.03 | InpSMCDungLocEMAH1=false | InpSMCDungLocEMAM5=true | InpSMCDungLocRSI=true
SMC,SMC0300,M3,BUY_SELL,TAT_CA,26,13,13,50.0,32.06,1.731,144.158,0.03,72.48,4,17,47.059,40.653,9,55.556,103.505,3,10,13,8,87.5,132.443,2,InpSMCEntryTF=M3 | InpSMCBiasTF=M15 | InpSMCDisplacementATR=0.6 | InpSMCMinFVGATR=0.08 | InpSMCDungLocEMAH1=false | InpSMCDungLocEMAM5=true | InpSMCDungLocRSI=true
SMC,SMC0350,M3,BUY_SELL,TAT_CA,19,10,9,52.632,31.707,1.773,105.91,0.025,47.461,3,11,54.545,24.441,8,50.0,81.469,2,8,9,9,88.889,105.91,2,InpSMCEntryTF=M3 | InpSMCBiasTF=M30 | InpSMCDisplacementATR=0.6 | InpSMCMinFVGATR=0.08 | InpSMCDungLocEMAH1=false | InpSMCDungLocEMAM5=false | InpSMCDungLocRSI=true
SMC,SMC0342,M3,BUY_SELL,TAT_CA,19,10,9,52.632,31.707,1.769,105.626,0.025,47.461,3,11,54.545,24.441,8,50.0,81.185,2,8,9,9,88.889,105.91,2,InpSMCEntryTF=M3 | InpSMCBiasTF=M30 | InpSMCDisplacementATR=0.6 | InpSMCMinFVGATR=0.03 | InpSMCDungLocEMAH1=false | InpSMCDungLocEMAM5=false | InpSMCDungLocRSI=true
SMC,SMC0340,M3,BUY,TAT_CA,10,6,4,60.0,31.267,3.019,108.834,0.219,26.128,2,6,66.667,30.776,4,50.0,78.058,2,4,4,9,100.0,108.834,8,InpSMCEntryTF=M3 | InpSMCBiasTF=M30 | InpSMCDisplacementATR=0.6 | InpSMCMinFVGATR=0.03 | InpSMCDungLocEMAH1=false | InpSMCDungLocEMAM5=true | InpSMCDungLocRSI=true
SMC,SMC0356,M3,BUY_SELL,AU,10,6,4,60.0,31.267,2.116,69.831,0.122,26.53,2,5,60.0,12.474,5,60.0,57.357,1,5,4,10,90.0,48.205,4,InpSMCEntryTF=M3 | InpSMCBiasTF=M30 | InpSMCDisplacementATR=0.9 | InpSMCMinFVGATR=0.03 | InpSMCDungLocEMAH1=false | InpSMCDungLocEMAM5=true | InpSMCDungLocRSI=true
SMC,SMC0180,M2,BUY,TAT_CA,10,6,4,60.0,31.267,1.617,62.566,0.416,57.656,2,4,75.0,58.746,6,50.0,3.82,3,3,4,8,75.0,62.566,4,InpSMCEntryTF=M2 | InpSMCBiasTF=M15 | InpSMCDisplacementATR=1.2 | InpSMCMinFVGATR=0.03 | InpSMCDungLocEMAH1=false | InpSMCDungLocEMAM5=true | InpSMCDungLocRSI=true
SMC,SMC0231,M2,BUY_SELL,AU,10,6,4,60.0,31.267,1.871,51.442,0.213,28.624,2,6,66.667,19.837,4,50.0,31.605,2,4,4,9,77.778,31.569,2,InpSMCEntryTF=M2 | InpSMCBiasTF=M30 | InpSMCDisplacementATR=1.2 | InpSMCMinFVGATR=0.03 | InpSMCDungLocEMAH1=false | InpSMCDungLocEMAM5=false | InpSMCDungLocRSI=false
SMC,SMC0192,M2,BUY_SELL,A,10,6,4,60.0,31.267,2.216,48.88,0.15,30.17,3,5,60.0,27.067,5,60.0,21.813,1,5,4,9,77.778,48.88,24,InpSMCEntryTF=M2 | InpSMCBiasTF=M30 | InpSMCDisplacementATR=0.6 | InpSMCMinFVGATR=0.03 | InpSMCDungLocEMAH1=true | InpSMCDungLocEMAM5=true | InpSMCDungLocRSI=true
SMC,SMC0304,M3,BUY_SELL,AU,10,6,4,60.0,31.267,1.623,38.993,0.053,32.067,2,6,66.667,22.113,4,50.0,16.88,0,6,4,9,66.667,38.993,4,InpSMCEntryTF=M3 | InpSMCBiasTF=M15 | InpSMCDisplacementATR=0.9 | InpSMCMinFVGATR=0.03 | InpSMCDungLocEMAH1=true | InpSMCDungLocEMAM5=true | InpSMCDungLocRSI=true
SMC,SMC0214,M2,BUY_SELL,A,10,6,4,60.0,31.267,1.433,32.044,0.315,33.75,2,3,66.667,9.859,7,57.143,22.185,3,3,4,10,80.0,29.975,4,InpSMCEntryTF=M2 | InpSMCBiasTF=M30 | InpSMCDisplacementATR=0.9 | InpSMCMinFVGATR=0.03 | InpSMCDungLocEMAH1=false | InpSMCDungLocEMAM5=false | InpSMCDungLocRSI=true
SMC,SMC0212,M2,BUY_SELL,A,10,6,4,60.0,31.267,1.422,31.243,0.306,33.75,2,3,66.667,9.859,7,57.143,21.384,3,3,4,10,80.0,27.349,4,InpSMCEntryTF=M2 | InpSMCBiasTF=M30 | InpSMCDisplacementATR=0.9 | InpSMCMinFVGATR=0.03 | InpSMCDungLocEMAH1=false | InpSMCDungLocEMAM5=true | InpSMCDungLocRSI=true
SMC,SMC0072,M1,BUY,A,10,6,4,60.0,31.267,1.511,20.661,0.187,28.375,2,6,66.667,7.791,4,50.0,12.87,2,4,4,9,55.556,3.953,2,InpSMCEntryTF=M1 | InpSMCBiasTF=M30 | InpSMCDisplacementATR=0.9 | InpSMCMinFVGATR=0.08 | InpSMCDungLocEMAH1=true | InpSMCDungLocEMAM5=true | InpSMCDungLocRSI=true
SMC,SMC0362,M3,BUY_SELL,TAT_CA,17,9,8,52.941,30.963,1.438,61.725,0.087,58.466,4,10,60.0,40.947,7,42.857,20.778,3,6,8,10,80.0,61.583,2,InpSMCEntryTF=M3 | InpSMCBiasTF=M30 | InpSMCDisplacementATR=0.9 | InpSMCMinFVGATR=0.08 | InpSMCDungLocEMAH1=true | InpSMCDungLocEMAM5=false | InpSMCDungLocRSI=true
SMC,SMC0354,M3,BUY_SELL,TAT_CA,17,9,8,52.941,30.963,1.435,61.441,0.087,58.75,4,10,60.0,40.947,7,42.857,20.494,3,6,8,10,80.0,61.583,2,InpSMCEntryTF=M3 | InpSMCBiasTF=M30 | InpSMCDisplacementATR=0.9 | InpSMCMinFVGATR=0.03 | InpSMCDungLocEMAH1=true | InpSMCDungLocEMAM5=false | InpSMCDungLocRSI=true
SMC,SMC0055,M1,BUY_SELL,A,17,9,8,52.941,30.963,1.37,31.432,0.182,28.754,2,7,57.143,20.566,10,50.0,10.866,5,4,8,8,87.5,33.837,2,InpSMCEntryTF=M1 | InpSMCBiasTF=M30 | InpSMCDisplacementATR=0.6 | InpSMCMinFVGATR=0.03 | InpSMCDungLocEMAH1=false | InpSMCDungLocEMAM5=false | InpSMCDungLocRSI=false
SMC,SMC0302,M3,BUY_SELL,TAT_CA,27,13,14,48.148,30.743,1.558,123.41,0.013,72.48,4,17,47.059,40.653,10,50.0,82.757,4,9,14,8,87.5,121.249,2,InpSMCEntryTF=M3 | InpSMCBiasTF=M15 | InpSMCDisplacementATR=0.6 | InpSMCMinFVGATR=0.08 | InpSMCDungLocEMAH1=false | InpSMCDungLocEMAM5=false | InpSMCDungLocRSI=true
SMC,SMC0294,M3,BUY_SELL,TAT_CA,27,13,14,48.148,30.743,1.556,123.126,0.013,72.48,4,17,47.059,40.653,10,50.0,82.473,4,9,14,8,87.5,121.249,2,InpSMCEntryTF=M3 | InpSMCBiasTF=M15 | InpSMCDisplacementATR=0.6 | InpSMCMinFVGATR=0.03 | InpSMCDungLocEMAH1=false | InpSMCDungLocEMAM5=false | InpSMCDungLocRSI=true
SMC,SMC0336,M3,BUY_SELL,TAT_CA,15,8,7,53.333,30.117,2.145,110.458,0.109,36.156,3,10,60.0,64.114,5,40.0,46.344,3,5,7,9,88.889,86.04,4,InpSMCEntryTF=M3 | InpSMCBiasTF=M30 | InpSMCDisplacementATR=0.6 | InpSMCMinFVGATR=0.03 | InpSMCDungLocEMAH1=true | InpSMCDungLocEMAM5=true | InpSMCDungLocRSI=true
SMC,SMC0304,M3,BUY,TAT_CA,15,8,7,53.333,30.117,1.708,76.19,0.113,50.424,4,10,60.0,50.093,5,40.0,26.097,3,5,7,9,66.667,76.19,8,InpSMCEntryTF=M3 | InpSMCBiasTF=M15 | InpSMCDisplacementATR=0.9 | InpSMCMinFVGATR=0.03 | InpSMCDungLocEMAH1=true | InpSMCDungLocEMAM5=true | InpSMCDungLocRSI=true
SMC,SMC0052,M1,BUY_SELL,A,15,8,7,53.333,30.117,1.484,36.243,0.238,34.005,3,6,66.667,30.644,9,44.444,5.599,5,3,7,8,87.5,36.642,4,InpSMCEntryTF=M1 | InpSMCBiasTF=M30 | InpSMCDisplacementATR=0.6 | InpSMCMinFVGATR=0.03 | InpSMCDungLocEMAH1=false | InpSMCDungLocEMAM5=true | InpSMCDungLocRSI=true
SMC,SMC0070,M1,BUY_SELL,A,15,8,7,53.333,30.117,1.342,28.707,0.219,37.672,2,6,50.0,16.768,9,55.556,11.939,5,3,7,9,55.556,18.629,1,InpSMCEntryTF=M1 | InpSMCBiasTF=M30 | InpSMCDisplacementATR=0.9 | InpSMCMinFVGATR=0.03 | InpSMCDungLocEMAH1=false | InpSMCDungLocEMAM5=false | InpSMCDungLocRSI=true
SMC,SMC0288,M3,BUY_SELL,TAT_CA,20,10,10,50.0,29.929,1.553,86.04,0.005,59.064,3,14,50.0,10.265,6,50.0,75.775,3,7,10,8,100.0,86.04,4,InpSMCEntryTF=M3 | InpSMCBiasTF=M15 | InpSMCDisplacementATR=0.6 | InpSMCMinFVGATR=0.03 | InpSMCDungLocEMAH1=true | InpSMCDungLocEMAM5=true | InpSMCDungLocRSI=true
SMC,SMC0336,M3,BUY,TAT_CA,13,7,6,53.846,29.143,2.546,114.263,0.142,36.156,3,9,66.667,86.71,4,25.0,27.553,3,4,6,9,100.0,99.572,8,InpSMCEntryTF=M3 | InpSMCBiasTF=M30 | InpSMCDisplacementATR=0.6 | InpSMCMinFVGATR=0.03 | InpSMCDungLocEMAH1=true | InpSMCDungLocEMAM5=true | InpSMCDungLocRSI=true
SMC,SMC0160,M2,BUY_SELL,A,13,7,6,53.846,29.143,1.311,22.654,0.087,32.51,2,6,50.0,0.092,7,57.143,22.562,2,5,6,9,77.778,22.654,4,InpSMCEntryTF=M2 | InpSMCBiasTF=M15 | InpSMCDisplacementATR=0.9 | InpSMCMinFVGATR=0.03 | InpSMCDungLocEMAH1=true | InpSMCDungLocEMAM5=true | InpSMCDungLocRSI=true
SMC,SMC0298,M3,BUY_SELL,TAT_CA,21,10,11,47.619,28.344,1.345,61.93,-0.043,71.108,4,14,50.0,10.265,7,42.857,51.665,3,7,11,8,100.0,66.407,2,InpSMCEntryTF=M3 | InpSMCBiasTF=M15 | InpSMCDisplacementATR=0.6 | InpSMCMinFVGATR=0.08 | InpSMCDungLocEMAH1=true | InpSMCDungLocEMAM5=false | InpSMCDungLocRSI=true
SMC,SMC0290,M3,BUY_SELL,TAT_CA,21,10,11,47.619,28.344,1.343,61.646,-0.043,71.392,4,14,50.0,10.265,7,42.857,51.381,3,7,11,8,100.0,66.265,2,InpSMCEntryTF=M3 | InpSMCBiasTF=M15 | InpSMCDisplacementATR=0.6 | InpSMCMinFVGATR=0.03 | InpSMCDungLocEMAH1=true | InpSMCDungLocEMAM5=false | InpSMCDungLocRSI=true
SMC,SMC0366,M3,BUY_SELL,AU,11,6,5,54.545,28.009,1.527,45.721,0.02,31.849,2,5,60.0,12.474,6,50.0,33.247,1,5,5,10,80.0,31.472,2,InpSMCEntryTF=M3 | InpSMCBiasTF=M30 | InpSMCDisplacementATR=0.9 | InpSMCMinFVGATR=0.08 | InpSMCDungLocEMAH1=false | InpSMCDungLocEMAM5=false | InpSMCDungLocRSI=true
SMC,SMC0358,M3,BUY_SELL,AU,11,6,5,54.545,28.009,1.522,45.437,0.02,32.133,2,5,60.0,12.474,6,50.0,32.963,1,5,5,10,80.0,31.33,2,InpSMCEntryTF=M3 | InpSMCBiasTF=M30 | InpSMCDisplacementATR=0.9 | InpSMCMinFVGATR=0.03 | InpSMCDungLocEMAH1=false | InpSMCDungLocEMAM5=false | InpSMCDungLocRSI=true
SMC,SMC0080,M1,BUY,A,11,6,5,54.545,28.009,1.629,41.897,0.04,36.85,3,8,62.5,39.546,3,33.333,2.351,1,5,5,8,100.0,22.596,4,InpSMCEntryTF=M1 | InpSMCBiasTF=M30 | InpSMCDisplacementATR=1.2 | InpSMCMinFVGATR=0.03 | InpSMCDungLocEMAH1=true | InpSMCDungLocEMAM5=true | InpSMCDungLocRSI=true
SMC,SMC0242,M2,BUY_SELL,A,11,6,5,54.545,28.009,1.772,38.808,0.045,40.242,4,6,50.0,16.995,5,60.0,21.813,1,5,5,8,75.0,43.844,8,InpSMCEntryTF=M2 | InpSMCBiasTF=H1 | InpSMCDisplacementATR=0.6 | InpSMCMinFVGATR=0.03 | InpSMCDungLocEMAH1=true | InpSMCDungLocEMAM5=false | InpSMCDungLocRSI=true
SMC,SMC0128,M1,BUY,A,11,6,5,54.545,28.009,1.468,34.577,0.04,44.17,3,8,62.5,32.226,3,33.333,2.351,1,5,5,7,71.429,6.792,2,InpSMCEntryTF=M1 | InpSMCBiasTF=H1 | InpSMCDisplacementATR=1.2 | InpSMCMinFVGATR=0.03 | InpSMCDungLocEMAH1=true | InpSMCDungLocEMAM5=true | InpSMCDungLocRSI=true
SMC,SMC0136,M1,BUY,A,11,6,5,54.545,28.009,1.413,31.735,0.04,47.012,3,8,62.5,29.384,3,33.333,2.351,1,5,5,7,71.429,6.792,2,InpSMCEntryTF=M1 | InpSMCBiasTF=H1 | InpSMCDisplacementATR=1.2 | InpSMCMinFVGATR=0.08 | InpSMCDungLocEMAH1=true | InpSMCDungLocEMAM5=true | InpSMCDungLocRSI=true
SMC,SMC0346,M3,BUY_SELL,TAT_CA,16,8,8,50.0,27.999,1.716,86.348,0.04,60.266,4,10,60.0,64.114,6,33.333,22.234,3,5,8,9,88.889,73.841,2,InpSMCEntryTF=M3 | InpSMCBiasTF=M30 | InpSMCDisplacementATR=0.6 | InpSMCMinFVGATR=0.08 | InpSMCDungLocEMAH1=true | InpSMCDungLocEMAM5=false | InpSMCDungLocRSI=true
SMC,SMC0338,M3,BUY_SELL,TAT_CA,16,8,8,50.0,27.999,1.712,86.064,0.04,60.55,4,10,60.0,64.114,6,33.333,21.95,3,5,8,9,88.889,73.841,2,InpSMCEntryTF=M3 | InpSMCBiasTF=M30 | InpSMCDisplacementATR=0.6 | InpSMCMinFVGATR=0.03 | InpSMCDungLocEMAH1=true | InpSMCDungLocEMAM5=false | InpSMCDungLocRSI=true
SMC,SMC0288,M3,BUY,TAT_CA,14,7,7,50.0,26.799,2.091,98.195,0.061,52.224,4,10,60.0,70.642,4,25.0,27.553,3,4,7,8,87.5,98.195,8,InpSMCEntryTF=M3 | InpSMCBiasTF=M15 | InpSMCDisplacementATR=0.6 | InpSMCMinFVGATR=0.03 | InpSMCDungLocEMAH1=true | InpSMCDungLocEMAM5=true | InpSMCDungLocRSI=true
SMC,SMC0183,M2,BUY_SELL,AU,14,7,7,50.0,26.799,1.354,33.931,-0.0,55.398,4,7,57.143,20.171,7,42.857,13.76,2,5,7,8,75.0,34.488,2,InpSMCEntryTF=M2 | InpSMCBiasTF=M15 | InpSMCDisplacementATR=1.2 | InpSMCMinFVGATR=0.03 | InpSMCDungLocEMAH1=false | InpSMCDungLocEMAM5=false | InpSMCDungLocRSI=false
SMC,SMC0436,M5,BUY,TAT_CA,12,6,6,50.0,25.378,2.013,87.036,0.024,34.867,2,7,42.857,45.702,5,60.0,41.334,2,4,6,8,87.5,63.454,8,InpSMCEntryTF=M5 | InpSMCBiasTF=M15 | InpSMCDisplacementATR=0.6 | InpSMCMinFVGATR=0.03 | InpSMCDungLocEMAH1=false | InpSMCDungLocEMAM5=true | InpSMCDungLocRSI=true
SMC,SMC0371,M3,BUY,TAT_CA,12,6,6,50.0,25.378,1.467,44.621,0.009,79.37,5,9,44.444,1.43,3,66.667,43.191,1,5,6,9,77.778,28.553,2,InpSMCEntryTF=M3 | InpSMCBiasTF=M30 | InpSMCDisplacementATR=1.2 | InpSMCMinFVGATR=0.03 | InpSMCDungLocEMAH1=true | InpSMCDungLocEMAM5=false | InpSMCDungLocRSI=false
SMC,SMC0182,M2,BUY_SELL,AU,12,6,6,50.0,25.378,1.408,35.044,0.009,45.356,3,7,57.143,20.171,5,40.0,14.873,2,4,6,8,75.0,34.488,2,InpSMCEntryTF=M2 | InpSMCBiasTF=M15 | InpSMCDisplacementATR=1.2 | InpSMCMinFVGATR=0.03 | InpSMCDungLocEMAH1=false | InpSMCDungLocEMAM5=false | InpSMCDungLocRSI=true
SMC,SMC0384,M3,BUY,TAT_CA,15,7,8,46.667,24.809,1.479,60.937,-0.01,89.482,5,11,54.545,33.384,4,25.0,27.553,3,4,8,8,87.5,54.026,8,InpSMCEntryTF=M3 | InpSMCBiasTF=H1 | InpSMCDisplacementATR=0.6 | InpSMCMinFVGATR=0.03 | InpSMCDungLocEMAH1=true | InpSMCDungLocEMAM5=true | InpSMCDungLocRSI=true
SMC,SMC0086,M1,BUY_SELL,MY,10,5,5,50.0,23.659,1.844,55.676,0.053,55.934,4,6,50.0,6.128,4,50.0,49.548,2,3,5,8,75.0,28.649,4,InpSMCEntryTF=M1 | InpSMCBiasTF=M30 | InpSMCDisplacementATR=1.2 | InpSMCMinFVGATR=0.03 | InpSMCDungLocEMAH1=false | InpSMCDungLocEMAM5=false | InpSMCDungLocRSI=true
SMC,SMC0035,M1,BUY,MY,10,5,5,50.0,23.659,1.76,50.117,0.051,55.934,4,6,50.0,0.569,4,50.0,49.548,2,3,5,7,71.429,44.005,2,InpSMCEntryTF=M1 | InpSMCBiasTF=M15 | InpSMCDisplacementATR=1.2 | InpSMCMinFVGATR=0.03 | InpSMCDungLocEMAH1=true | InpSMCDungLocEMAM5=false | InpSMCDungLocRSI=false
SMC,SMC0346,M3,BUY_SELL,AU,10,5,5,50.0,23.659,1.646,47.291,-0.019,50.238,3,5,60.0,15.029,5,40.0,32.262,1,4,5,9,88.889,25.976,2,InpSMCEntryTF=M3 | InpSMCBiasTF=M30 | InpSMCDisplacementATR=0.6 | InpSMCMinFVGATR=0.08 | InpSMCDungLocEMAH1=true | InpSMCDungLocEMAM5=false | InpSMCDungLocRSI=true
SMC,SMC0338,M3,BUY_SELL,AU,10,5,5,50.0,23.659,1.64,47.007,-0.019,50.522,3,5,60.0,15.029,5,40.0,31.978,1,4,5,9,77.778,25.692,2,InpSMCEntryTF=M3 | InpSMCBiasTF=M30 | InpSMCDisplacementATR=0.6 | InpSMCMinFVGATR=0.03 | InpSMCDungLocEMAH1=true | InpSMCDungLocEMAM5=false | InpSMCDungLocRSI=true
SMC,SMC0214,M2,BUY,AU,10,5,5,50.0,23.659,1.675,44.335,0.003,31.744,2,5,40.0,4.18,5,60.0,40.155,1,4,5,10,80.0,39.314,2,InpSMCEntryTF=M2 | InpSMCBiasTF=M30 | InpSMCDisplacementATR=0.9 | InpSMCMinFVGATR=0.03 | InpSMCDungLocEMAH1=false | InpSMCDungLocEMAM5=false | InpSMCDungLocRSI=true
SMC,SMC0215,M2,BUY,AU,11,5,6,45.455,21.271,1.453,34.293,-0.088,41.786,3,5,40.0,4.18,6,50.0,30.113,1,4,6,10,70.0,38.911,2,InpSMCEntryTF=M2 | InpSMCBiasTF=M30 | InpSMCDisplacementATR=0.9 | InpSMCMinFVGATR=0.03 | InpSMCDungLocEMAH1=false | InpSMCDungLocEMAM5=false | InpSMCDungLocRSI=false
SMC,SMC0196,M2,BUY,AU,11,5,6,45.455,21.271,1.385,32.688,-0.022,37.448,2,5,40.0,4.501,6,50.0,28.187,2,3,6,9,77.778,32.688,4,InpSMCEntryTF=M2 | InpSMCBiasTF=M30 | InpSMCDisplacementATR=0.6 | InpSMCMinFVGATR=0.03 | InpSMCDungLocEMAH1=false | InpSMCDungLocEMAM5=true | InpSMCDungLocRSI=true
