wallet_id,thang,net_py,lenh_py,net_mt5,lenh_mt5
1,202601,172.782,113,122.391,84
1,202602,-52.681,85,-73.265,53
1,202603,-39.933,105,-42.726,66
1,202604,15.333,101,7.167,73
1,202605,-133.526,98,-50.712,70
1,202606,84.911,115,-21.065,75
1,202607,-97.951,97,-147.064,74
1,202608,101.225,91,122.009,55
1,202609,-84.593,87,-12.199,53
2,202601,100.068,42,65.802,32
2,202602,6.626,29,-12.54,18
2,202603,-55.167,28,-27.679,19
2,202604,-119.689,36,-38.964,29
2,202605,-34.905,31,-24.279,23
2,202606,53.318,38,4.04,26
2,202607,-36.337,30,-4.16,23
2,202608,26.225,30,58.81,14
2,202609,17.546,31,49.803,15
3,202601,105.853,42,67.704,28
3,202602,-2.51,31,-56.247,21
3,202603,29.386,38,-13.362,23
3,202604,45.677,38,10.499,26
3,202605,-39.042,36,-14.312,23
3,202606,0.966,36,-36.173,22
3,202607,-15.095,36,-75.636,28
3,202608,34.296,32,17.559,22
3,202609,0.335,31,26.898,21
4,202601,-33.139,29,-11.115,24
4,202602,-56.797,25,-4.478,14
4,202603,-14.152,39,-1.685,24
4,202604,89.345,27,35.632,18
4,202605,-52.111,32,-12.121,24
4,202606,30.627,41,11.068,27
4,202607,-46.519,31,-67.268,23
4,202608,40.704,29,45.64,19
4,202609,-102.474,25,-88.9,17
5,202601,145.078,91,100.444,65
5,202602,-79.887,52,-38.681,32
5,202603,-86.74,38,-15.304,27
5,202604,34.819,41,-7.312,30
5,202605,-80.51,45,-28.251,35
5,202606,-59.503,40,-66.764,22
5,202607,-61.448,50,-67.706,37
5,202608,76.773,55,58.155,34
5,202609,10.714,37,38.972,20
6,202601,78.801,38,67.447,28
6,202602,0.144,19,-1.494,13
6,202603,-25.231,8,-20.96,6
6,202604,-37.4,12,-14.222,10
6,202605,-2.694,14,-7.24,13
6,202606,7.32,12,-3.295,7
6,202607,-33.22,16,-15.437,12
6,202608,35.405,17,47.759,9
6,202609,20.623,12,33.755,5
7,202601,53.762,30,13.1,20
7,202602,-35.81,20,-36.228,13
7,202603,-26.709,13,12.68,11
7,202604,9.463,17,-20.644,12
7,202605,-33.05,12,-8.69,6
7,202606,-28.733,11,-27.837,6
7,202607,-4.16,19,-34.355,13
7,202608,38.923,19,-12.531,14
7,202609,32.061,12,29.408,8
8,202601,12.515,23,19.897,17
8,202602,-44.221,13,-0.959,6
8,202603,-34.8,17,-7.024,10
8,202604,62.756,12,27.554,8
8,202605,-37.298,20,-12.321,16
8,202606,-38.09,17,-35.632,9
8,202607,-24.068,15,-17.914,12
8,202608,2.445,19,22.927,11
8,202609,-41.97,13,-24.191,7
9,202601,27.704,22,21.947,19
9,202602,27.206,33,-34.584,21
9,202603,46.807,67,-27.422,39
9,202604,-19.486,60,14.479,43
9,202605,-53.016,53,-22.461,35
9,202606,144.414,75,45.699,53
9,202607,-36.503,47,-79.358,37
9,202608,24.452,36,63.854,21
9,202609,-95.307,50,-51.171,33
10,202601,21.267,4,-1.645,4
10,202602,6.482,10,-11.046,5
10,202603,-29.936,20,-6.719,13
10,202604,-82.289,24,-24.742,19
10,202605,-32.211,17,-17.039,10
10,202606,45.998,26,7.335,19
10,202607,-3.117,14,11.277,11
10,202608,-9.18,13,11.051,5
10,202609,-3.077,19,16.048,10
11,202601,52.091,12,54.604,8
11,202602,33.3,11,-20.019,8
11,202603,56.095,25,-26.042,12
11,202604,36.214,21,31.143,14
11,202605,-5.992,24,-5.622,17
11,202606,29.699,25,-8.336,16
11,202607,-10.935,17,-41.281,15
11,202608,-4.627,13,30.09,8
11,202609,-31.726,19,-2.51,13
12,202601,-45.654,6,-31.012,7
12,202602,-12.576,12,-3.519,8
12,202603,20.648,22,5.339,14
12,202604,26.589,15,8.078,10
12,202605,-14.813,12,0.2,8
12,202606,68.717,24,46.7,18
12,202607,-22.451,16,-49.354,11
12,202608,38.259,10,22.713,8
12,202609,-60.504,12,-64.709,10
13,202601,174.238,152,-35.131,104
13,202602,82.434,133,-95.601,85
13,202603,-497.109,183,-136.354,105
13,202604,-137.669,157,-140.986,102
13,202605,106.702,155,111.033,79
13,202606,168.208,144,140.396,81
13,202607,-124.731,158,-111.788,65
13,202608,58.36,145,-58.414,68
13,202609,8.901,126,64.114,70
14,202601,49.239,61,-68.317,41
14,202602,-39.818,48,-137.286,32
14,202603,-130.204,53,22.149,29
14,202604,-18.533,53,15.25,31
14,202605,43.3,53,65.632,25
14,202606,82.036,51,12.503,29
14,202607,-69.812,53,-45.79,24
14,202608,1.884,46,3.87,23
14,202609,54.846,46,76.817,23
15,202601,50.834,53,39.807,36
15,202602,120.503,47,76.336,30
15,202603,-329.195,57,-115.672,30
15,202604,9.921,56,-13.443,36
15,202605,180.26,65,155.781,34
15,202606,-55.079,51,1.766,28
15,202607,-29.501,63,1.625,26
15,202608,-10.087,49,-34.424,20
15,202609,-26.209,38,-30.363,24
16,202601,63.941,39,-16.793,28
16,202602,1.749,38,-34.651,23
16,202603,-37.71,73,-42.831,46
16,202604,-122.938,49,-142.793,35
16,202605,-116.858,37,-110.38,20
16,202606,141.251,42,126.127,24
16,202607,-25.418,42,-67.623,15
16,202608,66.563,50,-27.86,25
16,202609,-19.736,42,17.66,23
17,202601,134.147,114,59.389,79
17,202602,-64.771,80,-98.877,50
17,202603,-294.368,92,-102.072,53
17,202604,-113.753,68,-110.722,45
17,202605,20.007,64,60.474,33
17,202606,-27.028,58,46.251,30
17,202607,-81.35,72,-26.087,28
17,202608,92.609,73,-18.97,31
17,202609,-59.229,55,4.161,28
18,202601,38.265,41,28.38,30
18,202602,-91.135,26,-94.497,18
18,202603,-99.221,28,-10.063,17
18,202604,-37.129,25,-7.244,16
18,202605,-19.596,22,13.94,9
18,202606,27.282,13,-3.479,6
18,202607,-51.575,18,-46.292,9
18,202608,-9.141,23,6.601,10
18,202609,-41.86,16,-12.793,8
19,202601,16.432,42,-15.632,28
19,202602,62.198,27,59.445,15
19,202603,-178.107,32,-79.313,15
19,202604,-40.751,23,-22.693,15
19,202605,53.588,29,63.816,16
19,202606,-95.82,31,-25.659,16
19,202607,-41.572,29,4.205,11
19,202608,51.719,23,-11.324,8
19,202609,26.753,19,13.167,12
20,202601,69.226,32,36.469,22
20,202602,-35.834,27,-63.825,17
20,202603,-17.04,32,-12.696,21
20,202604,-29.754,21,-80.785,14
20,202605,-13.985,13,-17.282,8
20,202606,41.51,14,75.389,8
20,202607,11.797,25,16.0,8
20,202608,50.031,27,-14.247,13
20,202609,-44.122,20,3.787,8
21,202601,40.091,38,-94.52,25
21,202602,147.205,53,3.276,35
21,202603,-202.741,91,-34.282,52
21,202604,-23.686,89,-40.44,58
21,202605,86.695,91,50.559,46
21,202606,174.672,88,94.145,51
21,202607,-53.505,87,-85.701,37
21,202608,-34.249,72,-39.444,37
21,202609,68.13,71,59.953,42
22,202601,10.974,20,-96.697,11
22,202602,51.317,22,-42.789,14
22,202603,-30.983,25,32.212,12
22,202604,18.596,28,12.318,16
22,202605,62.896,31,51.692,16
22,202606,44.534,39,15.982,23
22,202607,-18.237,35,0.502,15
22,202608,11.025,23,-2.731,13
22,202609,96.706,30,89.61,15
23,202601,34.402,11,55.439,8
23,202602,58.305,20,16.891,15
23,202603,-151.088,25,-36.359,15
23,202604,50.672,33,9.25,21
23,202605,126.672,36,91.965,18
23,202606,40.741,20,27.425,12
23,202607,12.071,34,-2.58,15
23,202608,-61.806,26,-23.1,12
23,202609,-52.962,19,-43.53,12
24,202601,-5.285,7,-53.262,6
24,202602,37.583,11,29.174,6
24,202603,-20.67,41,-30.135,25
24,202604,-92.954,28,-62.008,21
24,202605,-102.873,24,-93.098,12
24,202606,89.397,29,50.738,16
24,202607,-47.339,18,-83.623,7
24,202608,16.532,23,-13.613,12
24,202609,24.386,22,13.873,15
25,202601,206.672,67,171.662,43
25,202602,-75.136,47,19.53,19
25,202603,-175.062,50,-131.725,31
25,202604,19.462,43,2.68,29
25,202605,-57.472,56,-35.109,33
25,202606,-40.469,51,-31.837,27
25,202607,72.074,40,52.793,28
25,202608,125.872,59,111.617,35
25,202609,37.257,40,11.008,27
26,202601,95.498,24,50.694,14
26,202602,-117.363,15,-22.062,6
26,202603,21.543,14,23.807,8
26,202604,-64.418,12,-33.635,9
26,202605,-3.012,22,-8.899,12
26,202606,-38.977,16,0.332,8
26,202607,-50.185,14,-48.845,9
26,202608,47.425,15,1.511,8
26,202609,34.643,14,13.762,10
27,202601,47.353,30,82.097,21
27,202602,23.349,17,24.339,4
27,202603,-165.5,22,-81.023,13
27,202604,47.99,19,35.403,12
27,202605,-13.265,22,5.431,14
27,202606,7.416,19,-31.217,11
27,202607,88.9,14,84.383,8
27,202608,54.046,20,61.417,14
27,202609,-86.908,16,-42.167,8
28,202601,63.821,13,38.871,8
28,202602,18.878,15,17.253,9
28,202603,-31.105,14,-74.509,10
28,202604,35.89,12,0.912,8
28,202605,-41.195,12,-31.641,7
28,202606,-8.908,16,-0.952,8
28,202607,33.359,12,17.255,11
28,202608,24.401,24,48.689,13
28,202609,89.522,10,39.413,9
29,202601,139.561,47,104.591,32
29,202602,-87.899,36,34.777,13
29,202603,-121.098,19,-26.966,8
29,202604,-18.233,20,15.643,11
29,202605,-40.572,26,-82.015,17
29,202606,-60.431,22,-6.206,11
29,202607,29.585,20,25.482,14
29,202608,98.033,36,82.397,19
29,202609,30.742,15,-3.666,12
30,202601,131.497,17,68.966,11
30,202602,-93.729,11,-11.134,5
30,202603,-11.235,9,11.636,5
30,202604,-32.663,6,-12.453,4
30,202605,-17.27,10,-45.26,4
30,202606,-23.812,7,17.978,3
30,202607,-18.434,5,-12.918,3
30,202608,43.703,10,3.947,4
30,202609,8.577,6,-3.758,5
31,202601,16.437,22,53.67,15
31,202602,20.495,15,35.711,3
31,202603,-114.952,8,-28.582,2
31,202604,-14.598,9,17.759,5
31,202605,-1.341,9,-18.06,7
31,202606,-16.812,9,-34.9,5
31,202607,37.868,8,29.409,4
31,202608,36.696,12,33.817,7
31,202609,-3.027,4,-2.279,2
32,202601,-8.373,8,-18.045,6
32,202602,-14.665,10,10.2,5
32,202603,5.089,2,-10.02,1
32,202604,29.028,5,10.337,2
32,202605,-21.961,7,-18.695,6
32,202606,-19.807,6,10.716,3
32,202607,10.151,7,8.991,7
32,202608,17.634,14,44.633,8
32,202609,25.192,5,2.371,5
33,202601,67.111,20,67.071,11
33,202602,12.763,11,-15.247,6
33,202603,-53.964,31,-104.759,23
33,202604,37.695,23,-12.963,18
33,202605,-16.9,30,46.906,16
33,202606,19.962,29,-25.631,16
33,202607,42.489,20,27.311,14
33,202608,27.839,23,29.22,16
33,202609,6.515,25,14.674,15
34,202601,-35.999,7,-18.272,3
34,202602,-23.634,4,-10.928,1
34,202603,32.778,5,12.171,3
34,202604,-31.755,6,-21.182,5
34,202605,14.258,12,36.361,8
34,202606,-15.165,9,-17.646,5
34,202607,-31.751,9,-35.927,6
34,202608,3.722,5,-2.436,4
34,202609,26.066,8,17.52,5
35,202601,30.916,8,28.427,6
35,202602,2.854,2,-11.372,1
35,202603,-50.548,14,-52.441,11
35,202604,62.588,10,17.644,7
35,202605,-11.924,13,23.491,7
35,202606,24.228,10,3.683,6
35,202607,51.032,6,54.974,4
35,202608,17.35,8,27.6,7
35,202609,-83.881,12,-39.888,6
36,202601,72.194,5,56.916,2
36,202602,33.543,5,7.053,4
36,202603,-36.194,12,-64.489,9
36,202604,6.862,7,-9.425,6
36,202605,-19.234,5,-12.946,1
36,202606,10.899,10,-11.668,5
36,202607,23.208,5,8.264,4
36,202608,6.767,10,4.056,5
36,202609,64.33,5,37.042,4
37,202601,130.029,127,45.873,93
37,202602,-258.179,110,-87.658,70
37,202603,-135.789,137,-101.981,71
37,202604,-39.484,124,-4.263,83
37,202605,-144.539,113,2.741,76
37,202606,105.301,119,74.527,78
37,202607,-248.235,119,-257.981,88
37,202608,166.569,113,50.351,59
37,202609,74.681,100,100.978,61
38,202601,92.949,42,74.705,31
38,202602,-142.086,41,-58.724,26
38,202603,-94.021,38,-59.415,16
38,202604,-153.468,54,-56.032,37
38,202605,31.051,42,48.567,27
38,202606,69.835,36,46.899,23
38,202607,-51.666,36,-40.325,25
38,202608,52.106,40,32.594,16
38,202609,120.561,41,92.163,17
39,202601,46.506,51,-4.815,37
39,202602,-68.948,37,-37.701,23
39,202603,-175.859,56,-112.023,32
39,202604,-1.597,38,-3.779,28
39,202605,-1.949,41,7.373,24
39,202606,-57.389,45,-52.508,29
39,202607,-51.066,43,-74.083,35
39,202608,48.506,38,0.302,24
39,202609,-31.7,30,25.826,23
40,202601,-9.426,34,-24.017,25
40,202602,-47.145,32,8.767,21
40,202603,134.091,43,69.457,23
40,202604,115.581,32,55.548,18
40,202605,-166.173,31,-53.199,25
40,202606,92.855,38,80.136,26
40,202607,-145.503,40,-143.573,28
40,202608,65.957,35,17.455,19
40,202609,-14.18,29,-17.011,21
41,202601,138.188,93,72.809,64
41,202602,-136.537,59,-95.797,39
41,202603,-131.996,62,-54.906,34
41,202604,-9.009,56,17.882,35
41,202605,-144.563,59,-77.252,41
41,202606,-34.181,36,-12.875,21
41,202607,-168.462,55,-129.455,42
41,202608,97.148,60,76.101,35
41,202609,41.872,46,51.47,26
42,202601,99.633,33,93.964,23
42,202602,-62.573,23,-41.381,17
42,202603,-43.79,19,-43.849,6
42,202604,-48.39,24,0.647,14
42,202605,-16.919,20,7.02,16
42,202606,50.296,8,47.471,6
42,202607,-55.286,16,-31.479,12
42,202608,39.472,19,62.075,10
42,202609,69.194,17,46.507,6
43,202601,-4.323,35,-48.176,25
43,202602,-27.228,19,-37.86,12
43,202603,-126.841,28,-58.852,20
43,202604,-11.062,17,-4.213,12
43,202605,-51.375,21,-31.233,11
43,202606,-66.474,18,-45.303,11
43,202607,-47.156,23,-52.472,20
43,202608,34.95,21,18.896,14
43,202609,-15.807,14,8.83,10
44,202601,42.878,25,27.021,16
44,202602,-46.736,17,-16.556,10
44,202603,38.635,15,47.795,8
44,202604,50.443,15,21.448,9
44,202605,-68.801,19,-53.039,14
44,202606,-18.003,10,-15.043,4
44,202607,-66.02,16,-45.504,10
44,202608,22.726,20,-4.87,11
44,202609,-11.515,15,-3.867,10
45,202601,-8.159,34,-26.936,29
45,202602,-121.642,51,8.139,31
45,202603,-3.793,75,-47.075,37
45,202604,-40.835,69,-32.153,49
45,202605,-10.186,55,69.925,36
45,202606,139.482,83,87.402,57
45,202607,-81.825,66,-128.526,46
45,202608,69.421,53,-25.75,24
45,202609,32.809,54,49.508,35
46,202601,-6.684,9,-19.259,8
46,202602,-79.513,18,-17.343,9
46,202603,-50.231,19,-15.566,10
46,202604,-105.078,30,-56.679,23
46,202605,47.97,22,41.547,11
46,202606,19.539,28,-0.572,17
46,202607,3.62,20,-8.846,13
46,202608,12.634,21,-29.481,6
46,202609,51.367,24,45.656,11
47,202601,50.829,16,43.361,12
47,202602,-41.72,18,0.159,11
47,202603,-49.018,28,-53.171,12
47,202604,9.465,21,0.434,16
47,202605,49.426,20,38.606,13
47,202606,9.085,27,-7.205,18
47,202607,-3.91,20,-21.611,15
47,202608,13.556,17,-18.594,10
47,202609,-15.893,16,16.996,13
48,202601,-52.304,9,-51.038,9
48,202602,-0.409,15,25.323,11
48,202603,95.456,28,21.662,15
48,202604,54.778,18,24.092,10
48,202605,-107.582,13,-10.228,12
48,202606,110.858,28,95.179,22
48,202607,-81.535,26,-98.069,18
48,202608,43.231,15,22.325,8
48,202609,-2.665,14,-13.144,11
49,202601,81.047,52,103.816,41
49,202602,-35.996,34,-75.573,22
49,202603,-137.128,45,-108.151,32
49,202604,-12.676,49,-12.121,40
49,202605,115.628,46,84.586,32
49,202606,172.724,45,135.931,30
49,202607,-56.971,38,-49.433,24
49,202608,64.265,41,10.492,35
49,202609,75.547,34,46.477,19
50,202601,84.707,13,63.297,10
50,202602,9.488,14,-11.676,9
50,202603,9.884,13,-14.871,7
50,202604,-82.997,14,-90.493,11
50,202605,23.039,19,44.07,14
50,202606,-7.377,11,-35.494,7
50,202607,-31.009,10,-42.774,8
50,202608,150.011,15,93.453,11
50,202609,40.546,5,-7.845,3
51,202601,0.024,20,39.641,18
51,202602,-59.57,9,-70.793,8
51,202603,-97.707,19,-56.188,15
51,202604,44.276,19,36.29,14
51,202605,83.351,17,70.584,11
51,202606,55.484,16,21.725,10
51,202607,19.123,14,30.525,8
51,202608,1.291,14,-6.342,13
51,202609,13.501,12,6.057,7
52,202601,-3.684,19,0.878,13
52,202602,14.086,11,6.896,5
52,202603,-49.305,13,-37.092,10
52,202604,26.045,16,42.082,15
52,202605,9.238,10,-30.068,7
52,202606,124.617,18,149.7,13
52,202607,-45.085,14,-37.184,8
52,202608,-87.037,12,-76.619,11
52,202609,21.5,17,48.265,9
53,202601,96.729,38,119.625,29
53,202602,-84.728,26,-70.702,18
53,202603,-29.751,15,-24.582,10
53,202604,47.992,19,23.484,16
53,202605,45.596,23,47.601,15
53,202606,62.203,17,31.002,12
53,202607,-51.632,19,-45.047,11
53,202608,14.288,22,-2.525,19
53,202609,40.1,12,33.121,8
54,202601,72.977,8,46.862,6
54,202602,-18.678,12,-1.222,8
54,202603,-5.075,5,-30.59,3
54,202604,-15.042,6,-28.757,5
54,202605,19.378,11,37.029,7
54,202606,10.576,5,-14.891,3
54,202607,-35.11,5,-40.676,4
54,202608,103.267,9,77.25,7
54,202609,27.758,4,2.201,2
55,202601,29.177,14,61.877,11
55,202602,-68.602,6,-70.206,6
55,202603,-27.501,8,-6.788,6
55,202604,22.262,6,19.097,5
55,202605,47.745,8,31.302,6
55,202606,-5.34,8,-20.282,6
55,202607,10.419,7,10.029,3
55,202608,-45.48,7,-46.822,7
55,202609,-5.081,3,4.812,2
56,202601,-5.425,16,10.886,12
56,202602,2.552,8,0.726,4
56,202603,2.825,2,12.796,1
56,202604,40.772,7,33.144,6
56,202605,-21.527,4,-20.73,2
56,202606,56.967,4,66.175,3
56,202607,-26.941,7,-14.4,4
56,202608,-43.499,6,-32.953,5
56,202609,17.423,5,26.108,4
57,202601,-15.682,14,-15.809,12
57,202602,48.732,8,-4.871,4
57,202603,-107.377,30,-83.569,22
57,202604,-60.668,30,-35.605,24
57,202605,70.032,23,36.985,17
57,202606,110.521,28,104.929,18
57,202607,-5.339,19,-4.386,13
57,202608,49.977,19,13.017,16
57,202609,35.447,22,13.356,11
58,202601,11.73,5,16.435,4
58,202602,28.166,2,-10.454,1
58,202603,14.959,8,15.719,4
58,202604,-67.955,8,-61.736,6
58,202605,3.661,8,7.041,7
58,202606,-17.953,6,-20.603,4
58,202607,4.101,5,-2.098,4
58,202608,46.744,6,16.203,4
58,202609,12.788,1,-10.046,1
59,202601,-29.153,6,-22.236,7
59,202602,9.032,3,-0.587,2
59,202603,-70.206,11,-49.4,9
59,202604,22.014,13,17.193,9
59,202605,35.606,9,39.282,5
59,202606,60.824,8,42.007,4
59,202607,8.704,7,20.496,5
59,202608,46.771,7,40.48,6
59,202609,18.582,9,1.245,5
60,202601,1.741,3,-10.008,1
60,202602,11.534,3,6.17,1
60,202603,-52.13,11,-49.888,9
60,202604,-14.727,9,8.938,9
60,202605,30.765,6,-9.338,5
60,202606,67.65,14,83.525,10
60,202607,-18.144,7,-22.784,4
60,202608,-43.538,6,-43.666,6
60,202609,4.077,12,22.157,5
61,202601,172.839,142,-26.367,92
61,202602,-189.15,104,-66.414,67
61,202603,-377.886,149,-217.162,84
61,202604,-102.763,139,-16.532,80
61,202605,-98.223,130,2.971,62
61,202606,12.998,129,71.878,78
61,202607,-85.152,132,-94.888,65
61,202608,-35.684,122,-97.941,66
61,202609,168.151,103,29.149,47
62,202601,105.292,40,0.77,25
62,202602,-139.043,35,-98.047,25
62,202603,-52.907,39,37.185,22
62,202604,22.263,48,75.713,27
62,202605,51.864,53,80.007,26
62,202606,10.539,41,39.203,26
62,202607,47.455,42,41.77,21
62,202608,36.296,46,9.372,21
62,202609,4.928,30,10.053,9
63,202601,-61.75,61,-63.08,43
63,202602,24.342,34,79.647,20
63,202603,-255.27,54,-200.259,29
63,202604,-157.975,47,-85.419,30
63,202605,29.232,44,70.787,24
63,202606,-49.28,47,-29.839,30
63,202607,-84.151,44,-74.298,19
63,202608,-2.825,38,-29.868,22
63,202609,79.538,42,13.912,22
64,202601,129.297,41,35.943,24
64,202602,-74.449,35,-48.014,22
64,202603,-69.709,56,-54.088,33
64,202604,22.585,45,-6.826,23
64,202605,-179.319,33,-147.823,12
64,202606,51.739,41,62.514,22
64,202607,-48.456,46,-62.36,25
64,202608,-69.155,38,-77.445,23
64,202609,89.568,32,5.184,16
65,202601,133.922,101,-37.496,67
65,202602,-131.594,65,-74.793,44
65,202603,-201.324,70,-131.727,43
65,202604,4.923,58,-53.938,33
65,202605,-37.7,59,31.589,26
65,202606,-177.654,58,-69.802,32
65,202607,-11.752,64,-95.894,32
65,202608,11.852,64,8.013,30
65,202609,40.373,46,-64.94,20
66,202601,106.271,27,28.434,16
66,202602,-69.295,21,-53.818,15
66,202603,-67.861,21,-11.118,11
66,202604,34.023,18,-5.456,12
66,202605,60.678,24,36.112,12
66,202606,-1.83,16,38.773,8
66,202607,-11.017,18,-6.963,10
66,202608,9.308,26,-6.251,11
66,202609,-28.95,11,-20.196,2
67,202601,-55.143,49,-85.859,33
67,202602,27.727,21,40.592,13
67,202603,-92.787,24,-78.783,13
67,202604,-66.714,21,-15.261,11
67,202605,-36.967,18,20.714,9
67,202606,-148.417,31,-77.17,17
67,202607,0.283,23,-39.888,9
67,202608,33.252,17,19.678,8
67,202609,79.201,21,17.692,11
68,202601,82.794,25,19.929,18
68,202602,-90.026,23,-61.567,16
68,202603,-40.676,25,-41.826,19
68,202604,27.25,20,-33.221,10
68,202605,-61.411,17,-25.237,5
68,202606,-27.407,11,-31.405,7
68,202607,-1.018,23,-49.043,13
68,202608,-30.708,21,-5.414,11
68,202609,-3.995,15,-62.436,7
69,202601,38.917,41,11.129,25
69,202602,-57.556,39,8.379,23
69,202603,-176.562,79,-85.435,41
69,202604,-107.456,81,37.406,47
69,202605,-60.523,71,-28.618,36
69,202606,190.652,71,141.68,46
69,202607,-73.4,68,1.006,33
69,202608,-47.536,58,-105.954,36
69,202609,127.778,57,94.089,27
70,202601,-0.979,13,-27.664,9
70,202602,-69.748,14,-44.229,10
70,202603,14.954,18,48.303,11
70,202604,-11.76,30,81.169,15
70,202605,-8.814,29,43.895,14
70,202606,12.369,25,0.43,18
70,202607,58.472,24,48.733,11
70,202608,26.988,20,15.623,10
70,202609,33.878,19,30.249,7
71,202601,-6.607,12,22.779,10
71,202602,-3.385,13,39.055,7
71,202603,-162.483,30,-121.476,16
71,202604,-91.261,26,-70.158,19
71,202605,66.199,26,50.073,15
71,202606,99.137,16,47.331,13
71,202607,-84.434,21,-34.41,10
71,202608,-36.077,21,-49.546,14
71,202609,0.337,21,-3.78,11
72,202601,46.503,16,16.014,6
72,202602,15.577,12,13.553,6
72,202603,-29.033,31,-12.262,14
72,202604,-4.435,25,26.395,13
72,202605,-117.908,16,-122.586,7
72,202606,79.146,30,93.919,15
72,202607,-47.438,23,-13.317,12
72,202608,-38.447,17,-72.031,12
72,202609,93.563,17,67.62,9
73,202601,91.687,48,83.633,34
73,202602,-80.923,39,-79.288,24
73,202603,-80.984,54,10.55,35
73,202604,-9.451,36,-20.295,23
73,202605,39.334,49,10.467,32
73,202606,-196.584,43,-86.16,27
73,202607,33.72,43,23.167,27
73,202608,87.504,46,23.281,34
73,202609,-45.928,46,27.788,21
74,202601,89.566,13,97.516,6
74,202602,-78.334,15,-34.14,10
74,202603,116.152,17,63.65,12
74,202604,-21.818,13,-20.355,10
74,202605,19.52,20,11.396,15
74,202606,-91.413,10,-49.048,6
74,202607,-34.503,17,-12.551,11
74,202608,31.929,12,2.999,7
74,202609,13.444,12,35.065,6
75,202601,-48.661,21,-55.192,18
75,202602,-2.538,13,-23.214,7
75,202603,-149.601,20,-41.956,11
75,202604,-21.229,13,-19.961,7
75,202605,49.991,21,25.848,10
75,202606,-133.479,16,-59.896,8
75,202607,83.727,13,29.116,7
75,202608,-13.793,17,-49.401,12
75,202609,-74.387,23,-19.354,11
76,202601,50.782,14,41.309,10
76,202602,-0.051,11,-21.934,7
76,202603,-47.535,17,-11.144,12
76,202604,33.596,10,20.021,6
76,202605,-30.177,8,-26.777,7
76,202606,28.308,17,22.784,13
76,202607,-15.504,13,6.602,9
76,202608,69.368,17,69.683,15
76,202609,15.015,11,12.077,4
77,202601,-4.932,35,-20.922,26
77,202602,-116.166,26,-122.401,17
77,202603,-60.257,23,-27.025,17
77,202604,-4.504,12,-4.203,7
77,202605,57.087,23,12.33,16
77,202606,-70.511,21,5.827,12
77,202607,-17.84,22,-30.373,12
77,202608,37.465,29,5.958,22
77,202609,4.844,19,25.036,8
78,202601,46.572,8,47.309,4
78,202602,-72.507,11,-44.952,7
78,202603,49.045,9,40.585,6
78,202604,-10.768,4,-10.798,4
78,202605,15.995,9,13.443,7
78,202606,-42.093,6,-0.138,2
78,202607,-30.612,9,-18.608,4
78,202608,11.578,7,-9.383,5
78,202609,-1.446,4,9.405,3
79,202601,-58.818,17,-55.587,15
79,202602,-38.305,8,-36.735,6
79,202603,-81.679,9,-51.121,7
79,202604,13.571,4,16.635,2
79,202605,39.056,11,3.674,6
79,202606,-54.821,9,-29.428,5
79,202607,17.482,7,-14.888,3
79,202608,-13.925,11,-24.782,8
79,202609,2.77,9,20.931,3
80,202601,7.314,10,-12.644,7
80,202602,-5.354,7,-40.714,4
80,202603,-27.623,5,-16.489,4
80,202604,-7.307,4,-10.04,1
80,202605,2.036,3,-4.787,3
80,202606,26.403,6,35.393,5
80,202607,-4.71,6,3.123,5
80,202608,39.812,11,40.123,9
80,202609,3.52,6,-5.3,2
81,202601,96.619,13,104.555,8
81,202602,35.243,13,43.113,7
81,202603,-20.727,31,37.575,18
81,202604,-4.947,24,-16.092,16
81,202605,-17.753,26,-1.863,16
81,202606,-126.073,22,-91.987,15
81,202607,51.56,21,53.54,15
81,202608,50.039,17,17.323,12
81,202609,-50.772,27,2.752,13
82,202601,42.994,5,50.207,2
82,202602,-5.827,4,10.812,3
82,202603,67.107,8,23.065,6
82,202604,-11.05,9,-9.557,6
82,202605,3.525,11,-2.047,8
82,202606,-49.32,4,-48.91,4
82,202607,-3.891,8,6.057,7
82,202608,20.351,5,12.382,2
82,202609,14.89,8,25.66,3
83,202601,10.157,4,0.395,3
83,202602,35.767,5,13.521,1
83,202603,-67.922,11,9.165,4
83,202604,-34.8,9,-36.596,5
83,202605,10.935,10,22.174,4
83,202606,-78.658,7,-30.468,3
83,202607,66.245,6,44.004,4
83,202608,0.132,6,-24.619,4
83,202609,-77.157,14,-40.285,8
84,202601,43.468,4,53.953,3
84,202602,5.303,4,18.78,3
84,202603,-19.912,12,5.345,8
84,202604,40.903,6,30.061,5
84,202605,-32.213,5,-21.99,4
84,202606,1.905,11,-12.609,8
84,202607,-10.794,7,3.479,4
84,202608,29.556,6,29.56,6
84,202609,11.495,5,17.377,2
85,202601,110.543,101,11.152,70
85,202602,-130.001,89,-61.24,52
85,202603,-290.173,100,-239.227,74
85,202604,43.351,107,37.72,69
85,202605,-48.023,95,-30.206,73
85,202606,-4.317,108,-47.412,76
85,202607,-280.039,105,-133.244,73
85,202608,-38.914,96,16.39,62
85,202609,101.342,99,45.101,62
86,202601,161.08,38,62.237,26
86,202602,-13.863,34,-3.367,23
86,202603,-111.801,26,-108.614,21
86,202604,-107.823,42,-79.963,25
86,202605,-30.336,29,-21.167,23
86,202606,-16.609,35,-46.509,23
86,202607,-46.942,36,-12.774,25
86,202608,29.321,31,28.219,21
86,202609,30.817,38,31.11,24
87,202601,0.063,36,-27.063,25
87,202602,-68.699,28,-66.499,13
87,202603,-147.685,38,-122.309,27
87,202604,62.452,37,23.439,22
87,202605,10.349,37,-23.897,27
87,202606,-17.155,37,-41.727,27
87,202607,-82.619,35,-18.991,25
87,202608,-53.46,37,-42.915,25
87,202609,71.487,34,76.623,21
88,202601,-50.6,27,-24.022,19
88,202602,-47.439,27,8.626,16
88,202603,-30.687,36,-8.304,26
88,202604,88.722,28,94.244,22
88,202605,-28.036,29,14.858,23
88,202606,29.447,36,40.824,26
88,202607,-150.478,34,-101.479,23
88,202608,-14.775,28,31.086,16
88,202609,-0.962,27,-62.632,17
89,202601,1.673,70,-29.167,52
89,202602,-84.334,50,15.047,28
89,202603,-165.405,39,-144.855,28
89,202604,3.553,56,-13.644,40
89,202605,-85.245,39,-93.858,28
89,202606,-48.822,45,-56.481,35
89,202607,-180.048,46,-108.919,31
89,202608,-94.185,49,-71.698,34
89,202609,75.341,40,27.432,22
90,202601,103.328,27,48.385,19
90,202602,6.304,18,20.137,12
90,202603,-58.809,11,-64.026,10
90,202604,-32.105,23,-56.487,15
90,202605,-27.449,11,-9.834,7
90,202606,-10.512,12,-16.242,10
90,202607,-53.853,12,-46.289,9
90,202608,9.984,13,16.613,9
90,202609,26.92,14,19.376,8
91,202601,-72.81,25,-68.464,18
91,202602,-49.481,16,-19.413,7
91,202603,-88.665,17,-82.573,14
91,202604,12.035,18,3.695,14
91,202605,-24.263,13,-58.138,11
91,202606,-10.067,22,-31.541,16
91,202607,-75.82,17,-51.298,11
91,202608,-65.551,20,-87.599,13
91,202609,58.706,15,52.361,8
92,202601,-28.845,18,-9.088,15
92,202602,-41.157,16,14.323,9
92,202603,-17.931,11,1.744,4
92,202604,23.623,15,39.148,11
92,202605,-33.533,15,-25.886,10
92,202606,-28.243,11,-8.698,9
92,202607,-50.375,17,-11.332,11
92,202608,-38.618,16,-0.712,12
92,202609,-10.285,11,-44.305,6
93,202601,108.87,31,40.319,18
93,202602,-45.667,39,-76.287,24
93,202603,-124.768,61,-94.372,46
93,202604,29.438,52,51.364,29
93,202605,37.222,56,63.652,45
93,202606,44.505,63,9.069,41
93,202607,-101.995,61,-34.853,43
93,202608,55.271,47,88.088,28
93,202609,26.001,59,17.669,40
94,202601,57.752,11,13.852,7
94,202602,-20.167,16,-23.504,11
94,202603,-52.992,15,-44.588,11
94,202604,-75.718,19,-23.476,10
94,202605,-2.887,18,-11.333,16
94,202606,-6.097,23,-30.267,13
94,202607,6.911,24,33.515,16
94,202608,19.337,18,11.606,12
94,202609,3.897,24,11.734,16
95,202601,72.873,11,41.401,7
95,202602,-19.218,12,-47.086,6
95,202603,-59.02,21,-39.736,13
95,202604,50.417,19,19.744,8
95,202605,34.612,24,34.241,16
95,202606,-7.088,15,-10.186,11
95,202607,-6.799,18,32.307,14
95,202608,12.091,17,44.684,12
95,202609,12.781,19,24.262,13
96,202601,-21.755,9,-14.934,4
96,202602,-6.282,11,-5.697,7
96,202603,-12.756,25,-10.048,22
96,202604,54.739,14,55.096,11
96,202605,5.497,14,40.744,13
96,202606,57.69,25,49.522,17
96,202607,-102.107,19,-100.675,13
96,202608,23.843,12,31.798,4
96,202609,9.323,16,-18.327,11
97,202601,43.647,39,-19.161,31
97,202602,-3.639,27,-30.944,25
97,202603,-34.604,37,-106.192,27
97,202604,29.5,27,28.01,20
97,202605,62.492,38,35.36,30
97,202606,-40.872,27,-23.966,21
97,202607,-47.616,37,-34.594,24
97,202608,-13.791,35,-79.064,23
97,202609,70.279,29,67.566,21
98,202601,52.914,10,17.501,5
98,202602,-22.556,8,-23.159,8
98,202603,31.071,13,-6.286,10
98,202604,1.561,7,20.986,5
98,202605,7.792,15,-4.662,11
98,202606,-48.359,7,-48.075,7
98,202607,-21.395,13,-34.926,9
98,202608,41.911,9,23.177,7
98,202609,26.64,8,24.976,6
99,202601,-56.4,17,-68.739,14
99,202602,-18.959,9,-14.863,9
99,202603,-21.707,13,-40.943,11
99,202604,9.486,11,9.397,9
99,202605,32.625,17,47.236,13
99,202606,9.507,13,-30.385,8
99,202607,-9.849,13,14.7,6
99,202608,-18.396,9,-50.796,5
99,202609,0.684,8,5.465,6
100,202601,47.133,12,32.077,12
100,202602,37.876,10,7.078,8
100,202603,-43.968,11,-58.963,6
100,202604,18.453,9,-2.373,6
100,202605,22.075,6,-7.214,6
100,202606,-2.02,7,54.494,6
100,202607,-16.372,11,-14.368,9
100,202608,-37.306,17,-51.445,11
100,202609,42.955,13,37.125,9
101,202601,76.653,28,44.134,23
101,202602,-68.908,21,-101.965,19
101,202603,0.625,17,-17.994,13
101,202604,6.122,11,11.082,6
101,202605,6.521,21,-18.891,15
101,202606,-25.556,10,16.018,8
101,202607,-26.468,14,-10.145,9
101,202608,8.424,19,-25.934,16
101,202609,41.974,12,29.144,7
102,202601,50.834,4,37.677,3
102,202602,-57.524,5,-58.13,5
102,202603,20.006,7,7.811,6
102,202604,-10.68,5,8.928,3
102,202605,12.91,10,-15.955,6
102,202606,-20.294,2,-20.198,2
102,202607,-14.878,3,-20.408,2
102,202608,45.876,7,33.243,6
102,202609,17.349,5,2.92,2
103,202601,-10.694,14,-30.251,10
103,202602,-43.586,7,-45.169,7
103,202603,4.781,6,-5.535,5
103,202604,11.891,4,2.154,3
103,202605,-8.369,8,-1.291,6
103,202606,-5.262,8,-25.019,5
103,202607,-2.706,6,9.791,3
103,202608,-15.404,4,-30.638,3
103,202609,13.847,2,8.749,1
104,202601,36.513,10,36.708,10
104,202602,32.202,9,1.334,7
104,202603,-24.162,4,-20.27,2
104,202604,4.911,2,0.0,0
104,202605,1.98,3,-1.645,3
104,202606,0.0,0,61.235,1
104,202607,-8.884,5,0.472,4
104,202608,-22.048,8,-28.539,7
104,202609,10.778,5,17.475,4
105,202601,-33.006,11,-63.295,8
105,202602,65.269,6,71.021,6
105,202603,-35.229,20,-88.198,14
105,202604,23.378,16,16.928,14
105,202605,55.971,17,54.251,15
105,202606,-15.316,17,-39.984,13
105,202607,-21.148,23,-24.449,15
105,202608,-22.215,16,-53.13,7
105,202609,28.305,17,38.422,14
106,202601,2.08,6,-20.176,2
106,202602,34.968,3,34.971,3
106,202603,11.065,6,-14.097,4
106,202604,12.241,2,12.058,2
106,202605,-5.118,5,11.293,5
106,202606,-28.065,5,-27.877,5
106,202607,-6.517,10,-14.518,7
106,202608,-3.965,2,-10.066,1
106,202609,9.291,3,22.056,4
107,202601,-45.706,3,-38.488,4
107,202602,24.627,2,30.306,2
107,202603,-26.488,7,-35.408,6
107,202604,-2.405,7,7.243,6
107,202605,40.994,9,48.527,7
107,202606,14.769,5,-5.366,3
107,202607,-7.143,7,4.909,3
107,202608,-2.992,5,-20.158,2
107,202609,-13.163,6,-3.284,5
108,202601,10.62,2,-4.631,2
108,202602,5.674,1,5.744,1
108,202603,-19.806,7,-38.693,4
108,202604,13.542,7,-2.373,6
108,202605,20.095,3,-5.569,3
108,202606,-2.02,7,-6.741,5
108,202607,-7.488,6,-14.84,5
108,202608,-15.258,9,-22.906,4
108,202609,32.177,8,19.65,5
109,202601,248.224,160,149.039,108
109,202602,191.395,147,-109.123,83
109,202603,-221.707,192,-124.688,115
109,202604,-148.41,175,-100.431,109
109,202605,35.652,163,129.001,79
109,202606,29.544,157,4.661,86
109,202607,-48.472,168,-25.738,79
109,202608,50.915,150,-68.152,76
109,202609,132.095,136,121.477,74
110,202601,97.067,59,-1.923,42
110,202602,69.494,58,-84.788,32
110,202603,-6.307,62,38.408,38
110,202604,-10.161,58,12.694,37
110,202605,41.719,52,75.507,22
110,202606,26.329,59,11.392,30
110,202607,-57.951,61,-23.091,28
110,202608,2.78,46,60.756,22
110,202609,148.352,51,99.032,23
111,202601,45.421,58,83.249,39
111,202602,11.251,47,-38.007,25
111,202603,-131.285,54,-46.783,29
111,202604,79.89,68,68.888,39
111,202605,127.091,69,167.925,36
111,202606,-25.152,50,12.76,24
111,202607,11.316,63,3.954,30
111,202608,17.684,48,-31.118,25
111,202609,36.85,44,12.706,30
112,202601,95.512,44,57.541,28
112,202602,110.65,42,13.672,26
112,202603,-84.115,76,-116.313,48
112,202604,-212.02,50,-182.013,33
112,202605,-133.158,42,-114.431,21
112,202606,28.367,48,-19.491,32
112,202607,-1.837,44,-6.601,21
112,202608,30.451,56,-97.79,29
112,202609,-53.107,41,9.739,21
113,202601,228.681,130,152.002,88
113,202602,18.851,101,-112.711,59
113,202603,-164.681,73,-131.163,43
113,202604,-83.907,71,-93.301,40
113,202605,35.353,69,81.64,33
113,202606,-91.595,64,-67.333,35
113,202607,9.045,85,-15.544,43
113,202608,101.326,91,-24.775,42
113,202609,10.705,49,22.87,23
114,202601,81.016,46,64.677,34
114,202602,-10.869,38,-40.063,23
114,202603,-37.879,20,-5.372,12
114,202604,-32.01,24,-5.37,15
114,202605,-25.911,25,4.473,8
114,202606,-35.9,20,-51.334,9
114,202607,-50.568,30,-37.02,17
114,202608,4.711,31,27.807,14
114,202609,10.061,15,-15.345,6
115,202601,41.802,46,21.542,30
115,202602,16.627,33,-15.09,17
115,202603,-70.144,22,-44.558,11
115,202604,-10.675,30,-19.732,15
115,202605,61.052,24,92.188,13
115,202606,-30.971,21,-2.28,10
115,202607,39.951,25,17.86,13
115,202608,62.097,26,-8.441,12
115,202609,46.164,18,32.453,11
116,202601,95.639,39,55.611,25
116,202602,13.093,30,-57.558,19
116,202603,-56.658,31,-81.233,20
116,202604,-35.103,18,-68.199,10
116,202605,0.212,20,-15.021,12
116,202606,-24.724,23,-13.719,16
116,202607,19.662,30,3.616,13
116,202608,34.518,34,-44.141,16
116,202609,-45.52,16,5.762,6
117,202601,19.543,30,-2.963,20
117,202602,172.544,46,3.588,24
117,202603,-57.026,119,6.475,72
117,202604,-64.503,104,-7.13,69
117,202605,0.299,94,47.361,46
117,202606,121.139,93,71.994,51
117,202607,-67.845,84,-10.194,36
117,202608,-50.411,59,-43.377,34
117,202609,121.39,87,98.607,51
118,202601,16.051,13,-66.6,8
118,202602,80.363,20,-44.725,9
118,202603,31.572,42,43.78,26
118,202604,21.849,34,18.064,22
118,202605,67.63,27,71.034,14
118,202606,62.229,39,62.726,21
118,202607,-7.383,31,13.929,11
118,202608,-1.931,15,32.949,8
118,202609,138.291,36,114.377,17
119,202601,3.619,12,61.707,9
119,202602,-5.376,14,-22.917,8
119,202603,-61.141,32,-2.225,18
119,202604,90.565,38,88.62,24
119,202605,66.039,45,75.737,23
119,202606,5.819,29,15.04,14
119,202607,-28.635,38,-13.906,17
119,202608,-44.413,22,-22.677,13
119,202609,-9.314,26,-19.747,19
120,202601,-0.127,5,1.93,3
120,202602,97.557,12,71.23,7
120,202603,-27.457,45,-35.08,28
120,202604,-176.917,32,-113.814,23
120,202605,-133.37,22,-99.41,9
120,202606,53.091,25,-5.772,16
120,202607,-31.827,15,-10.217,8
120,202608,-4.067,22,-53.649,13
120,202609,-7.587,25,3.977,15
121,202601,223.021,73,174.076,46
121,202602,11.335,59,-2.871,33
121,202603,-317.812,69,-193.434,40
121,202604,7.007,56,36.766,34
121,202605,-126.357,59,-145.793,37
121,202606,31.513,65,-13.739,39
121,202607,95.349,51,66.217,37
121,202608,95.675,68,103.736,36
121,202609,-46.931,50,-46.526,31
122,202601,169.74,25,84.423,14
122,202602,-28.124,16,-18.389,9
122,202603,-0.226,22,13.904,12
122,202604,-68.283,17,-22.248,11
122,202605,-86.22,20,-54.618,13
122,202606,11.203,24,0.942,14
122,202607,-23.836,21,-51.533,16
122,202608,32.083,23,15.362,8
122,202609,-19.281,21,-9.986,14
123,202601,62.752,32,124.588,22
123,202602,25.087,26,-1.735,15
123,202603,-169.937,30,-92.859,17
123,202604,37.916,23,19.987,15
123,202605,-38.175,24,-58.373,15
123,202606,19.935,20,-21.436,12
123,202607,65.911,14,56.614,6
123,202608,-9.481,23,7.417,15
123,202609,-81.404,18,-40.543,7
124,202601,-9.471,16,-34.935,10
124,202602,14.372,17,17.253,9
124,202603,-147.649,17,-114.479,11
124,202604,37.374,16,39.027,8
124,202605,-1.962,15,-32.802,9
124,202606,0.375,21,6.755,13
124,202607,53.274,16,61.136,15
124,202608,73.073,22,80.957,13
124,202609,53.754,11,4.003,10
125,202601,216.261,58,143.804,40
125,202602,-31.92,47,-24.223,23
125,202603,-202.466,26,-83.262,15
125,202604,-52.168,23,-6.055,12
125,202605,-46.663,22,-88.922,17
125,202606,-61.386,27,-26.42,19
125,202607,82.99,32,55.807,22
125,202608,95.417,48,87.443,24
125,202609,-38.311,19,-41.856,13
126,202601,156.766,20,88.595,12
126,202602,-19.655,13,-29.696,6
126,202603,4.929,9,17.732,6
126,202604,-22.805,6,-2.541,4
126,202605,-31.967,7,-37.748,5
126,202606,-14.917,11,-7.622,8
126,202607,-6.996,14,-33.726,9
126,202608,44.256,18,13.664,6
126,202609,-21.642,9,-24.029,7
127,202601,47.024,24,90.144,18
127,202602,22.034,23,-4.727,12
127,202603,-110.017,10,-41.236,5
127,202604,-48.209,10,-32.525,6
127,202605,-16.825,6,-31.318,4
127,202606,-22.697,6,-15.113,5
127,202607,19.497,7,11.309,3
127,202608,8.771,14,4.71,8
127,202609,-26.599,6,-5.086,2
128,202601,12.471,14,-34.935,10
128,202602,-34.299,11,10.2,5
128,202603,-97.378,7,-59.758,4
128,202604,18.846,7,29.011,2
128,202605,2.129,9,-19.856,8
128,202606,-23.772,10,-3.685,6
128,202607,70.489,11,78.224,10
128,202608,42.39,16,69.069,10
128,202609,9.93,4,-12.741,4
129,202601,6.76,15,30.272,6
129,202602,43.255,12,21.352,10
129,202603,-115.346,43,-110.172,25
129,202604,59.175,33,42.821,22
129,202605,-79.694,37,-56.871,20
129,202606,92.899,38,12.681,20
129,202607,12.359,19,10.41,15
129,202608,0.258,20,16.293,12
129,202609,-8.62,31,-4.67,18
130,202601,12.974,5,-4.172,2
130,202602,-8.469,3,11.307,3
130,202603,-5.155,13,-3.828,6
130,202604,-45.478,11,-19.707,7
130,202605,-54.253,13,-16.87,8
130,202606,26.12,13,8.564,6
130,202607,-16.84,7,-17.807,7
130,202608,-12.173,5,1.698,2
130,202609,2.361,12,14.043,7
131,202601,15.728,8,34.444,4
131,202602,3.053,3,2.992,3
131,202603,-59.92,20,-51.623,12
131,202604,86.125,13,52.512,9
131,202605,-21.35,18,-27.055,11
131,202606,42.632,14,-6.323,7
131,202607,46.414,7,45.305,3
131,202608,-18.252,9,2.707,7
131,202609,-54.805,12,-35.457,5
132,202601,-21.942,2,0.0,0
132,202602,48.671,6,7.053,4
132,202603,-50.271,10,-54.721,7
132,202604,18.528,9,10.016,6
132,202605,-4.091,6,-12.946,1
132,202606,24.147,11,10.44,7
132,202607,-17.215,5,-17.088,5
132,202608,30.683,6,11.888,3
132,202609,43.824,7,16.744,6
133,202601,161.776,142,107.741,107
133,202602,-76.287,123,-78.347,81
133,202603,-60.801,143,-29.217,84
133,202604,50.623,133,28.434,90
133,202605,-256.265,126,-80.137,82
133,202606,70.234,143,-30.912,95
133,202607,-10.092,119,-135.238,85
133,202608,137.6,119,120.102,67
133,202609,-27.96,110,-12.125,67
134,202601,94.4,48,51.364,35
134,202602,-16.292,44,-4.018,31
134,202603,-31.295,40,-24.985,25
134,202604,-187.444,54,-52.924,38
134,202605,-60.222,48,-38.603,31
134,202606,44.98,46,2.964,31
134,202607,-22.637,41,-2.482,29
134,202608,19.579,43,65.596,21
134,202609,69.098,43,51.712,21
135,202601,67.044,58,48.219,43
135,202602,-42.087,42,-90.135,26
135,202603,-31.861,58,-1.443,33
135,202604,141.357,47,45.816,30
135,202605,-37.179,42,-9.225,25
135,202606,-22.098,47,-67.885,30
135,202607,-2.845,41,-86.71,31
135,202608,56.439,40,29.032,25
135,202609,-11.36,36,36.851,26
136,202601,-9.762,37,-1.866,30
136,202602,-17.908,37,15.806,24
136,202603,2.355,45,-2.789,26
136,202604,96.71,32,35.542,22
136,202605,-151.396,37,-32.309,26
136,202606,47.352,50,34.009,34
136,202607,15.39,37,-46.046,25
136,202608,61.582,36,25.474,21
136,202609,-85.698,31,-100.688,20
137,202601,139.533,112,102.958,81
137,202602,-44.881,73,-33.967,50
137,202603,-130.052,48,-35.252,31
137,202604,49.133,52,24.476,35
137,202605,-130.906,56,-52.369,42
137,202606,-144.292,53,-107.654,29
137,202607,7.415,61,-77.102,46
137,202608,54.478,74,61.337,44
137,202609,42.338,46,37.134,24
138,202601,70.645,42,63.125,30
138,202602,6.132,29,10.14,22
138,202603,-12.35,9,-20.96,6
138,202604,-81.444,18,-17.859,12
138,202605,-51.191,21,-36.725,18
138,202606,-10.575,16,-11.207,10
138,202607,-34.74,24,-13.759,18
138,202608,6.179,26,59.634,14
138,202609,71.353,16,46.331,6
139,202601,19.356,42,-2.392,31
139,202602,-18.492,25,-41.456,16
139,202603,-72.896,21,-7.268,15
139,202604,62.343,21,9.65,14
139,202605,-33.078,14,6.735,7
139,202606,-70.325,16,-50.387,9
139,202607,-4.823,21,-45.429,16
139,202608,29.928,24,-1.058,17
139,202609,15.446,15,25.078,10
140,202601,49.532,28,42.225,20
140,202602,-32.521,19,-2.651,12
140,202603,-44.806,18,-7.024,10
140,202604,68.234,13,32.685,9
140,202605,-39.169,22,-22.379,17
140,202606,-63.392,21,-46.06,10
140,202607,46.978,16,-17.914,12
140,202608,18.371,24,2.761,13
140,202609,-44.461,15,-34.275,8
141,202601,22.243,30,4.783,26
141,202602,-31.406,50,-44.38,31
141,202603,69.251,95,6.035,53
141,202604,1.49,81,3.958,55
141,202605,-125.359,70,-27.768,40
141,202606,214.526,90,76.742,66
141,202607,-17.507,58,-58.136,39
141,202608,83.122,45,58.765,23
141,202609,-70.298,64,-49.259,43
142,202601,23.755,6,-11.761,5
142,202602,-22.424,15,-14.158,9
142,202603,-18.945,31,-4.025,19
142,202604,-106.0,36,-35.065,26
142,202605,-9.031,27,-1.878,13
142,202606,55.555,30,14.171,21
142,202607,12.103,17,11.277,11
142,202608,13.4,17,5.962,7
142,202609,-2.255,27,5.381,15
143,202601,47.688,16,50.611,12
143,202602,-23.595,17,-48.679,10
143,202603,41.035,37,5.825,18
143,202604,79.014,26,36.166,16
143,202605,-4.101,28,-15.96,18
143,202606,48.227,31,-17.498,21
143,202607,1.978,20,-41.281,15
143,202608,26.511,16,30.09,8
143,202609,-26.806,21,11.773,16
144,202601,-59.294,9,-44.091,10
144,202602,14.613,18,18.457,12
144,202603,47.161,27,4.235,16
144,202604,28.476,19,2.857,13
144,202605,-112.227,15,-9.93,9
144,202606,110.744,29,80.069,24
144,202607,-31.588,21,-28.132,13
144,202608,43.211,12,22.713,8
144,202609,-41.237,16,-66.413,12
145,202601,116.578,62,161.668,51
145,202602,-72.353,46,-139.084,31
145,202603,-86.192,54,-65.732,41
145,202604,-53.938,54,-24.71,42
145,202605,126.241,54,78.162,33
145,202606,155.651,50,104.946,37
145,202607,-9.879,46,-10.682,28
145,202608,-14.82,41,-38.931,32
145,202609,70.467,43,-11.199,27
146,202601,88.938,15,67.662,12
146,202602,31.507,14,-15.35,10
146,202603,21.661,14,1.276,10
146,202604,-83.823,18,-92.412,15
146,202605,-1.559,23,8.701,13
146,202606,-16.561,12,-31.66,9
146,202607,9.838,18,-6.681,15
146,202608,37.81,10,8.686,6
146,202609,20.147,7,-28.489,5
147,202601,81.329,25,121.05,23
147,202602,-91.986,15,-91.466,13
147,202603,-62.209,22,-15.412,15
147,202604,-24.798,23,4.574,15
147,202605,98.014,18,84.707,12
147,202606,63.662,16,21.445,10
147,202607,-22.833,14,1.283,5
147,202608,0.774,16,-12.794,13
147,202609,57.736,16,16.617,10
148,202601,-53.689,22,-27.044,16
148,202602,-11.874,17,-32.268,8
148,202603,-45.644,18,-51.596,16
148,202604,54.683,13,63.128,12
148,202605,29.786,13,-15.246,8
148,202606,108.55,22,115.161,18
148,202607,3.116,14,-5.284,8
148,202608,-53.404,15,-34.823,13
148,202609,-7.416,20,0.673,12
149,202601,159.269,46,185.985,37
149,202602,-121.218,35,-122.615,26
149,202603,-98.692,19,-72.883,14
149,202604,10.856,18,18.323,17
149,202605,-0.86,23,4.509,13
149,202606,19.808,21,18.049,14
149,202607,-51.357,28,-35.284,16
149,202608,-12.871,22,-27.432,16
149,202609,3.922,14,-21.702,10
150,202601,76.424,10,50.311,8
150,202602,-6.881,13,-15.35,10
150,202603,-28.176,5,-40.572,4
150,202604,-24.848,7,-26.093,7
150,202605,0.294,10,11.778,5
150,202606,1.516,6,-13.716,3
150,202607,-29.921,12,-40.356,10
150,202608,25.085,9,8.686,6
150,202609,17.573,5,-8.313,3
151,202601,108.541,18,130.772,16
151,202602,-70.559,11,-79.633,10
151,202603,-27.487,8,3.302,5
151,202604,-11.44,6,-2.355,5
151,202605,40.641,7,23.709,5
151,202606,-15.469,4,-15.294,3
151,202607,-25.282,8,-5.254,2
151,202608,-25.081,5,-41.694,4
151,202609,-4.927,3,-5.102,3
152,202601,-25.696,18,4.902,13
152,202602,-43.778,11,-27.632,6
152,202603,-43.029,6,-35.613,5
152,202604,47.144,5,46.771,5
152,202605,-41.795,6,-30.978,3
152,202606,33.761,11,47.059,8
152,202607,3.846,8,10.326,4
152,202608,-12.875,8,5.576,6
152,202609,-8.724,6,-8.287,4
153,202601,-42.691,16,-24.317,14
153,202602,48.865,11,-16.469,5
153,202603,12.5,35,7.151,27
153,202604,-64.794,36,-43.033,25
153,202605,127.101,31,73.653,20
153,202606,135.843,29,86.897,23
153,202607,41.478,18,24.602,12
153,202608,-1.949,19,-11.499,16
153,202609,66.545,29,10.503,17
154,202601,12.514,5,17.351,4
154,202602,38.388,1,0.0,0
154,202603,49.837,9,41.848,6
154,202604,-58.975,11,-66.319,8
154,202605,-1.853,13,-3.077,8
154,202606,-18.077,6,-17.944,6
154,202607,39.759,6,33.675,5
154,202608,12.725,1,0.0,0
154,202609,2.574,2,-20.176,2
155,202601,-27.212,7,-9.722,7
155,202602,-21.427,4,-11.833,3
155,202603,-34.722,14,-18.714,10
155,202604,-13.358,17,6.929,10
155,202605,57.373,11,60.998,7
155,202606,79.131,12,36.739,7
155,202607,2.449,6,6.537,3
155,202608,25.855,11,28.9,9
155,202609,62.663,13,21.719,7
156,202601,-27.993,4,-31.946,3
156,202602,31.904,6,-4.636,2
156,202603,-2.615,12,-15.983,11
156,202604,7.539,8,16.357,7
156,202605,71.581,7,15.732,5
156,202606,74.789,11,68.102,10
156,202607,-0.73,6,-15.61,4
156,202608,-40.529,7,-40.399,7
156,202609,1.308,14,8.96,8
157,202601,147.292,161,3.784,106
157,202602,-63.025,125,-60.155,78
157,202603,-378.643,170,-216.995,99
157,202604,-44.678,154,27.192,83
157,202605,-178.838,153,-4.893,78
157,202606,-78.897,155,88.932,92
157,202607,-66.75,144,-2.073,75
157,202608,8.358,124,-37.425,61
157,202609,98.974,115,-14.545,56
158,202601,89.895,46,19.465,32
158,202602,31.184,44,-15.099,27
158,202603,-39.93,48,43.894,29
158,202604,99.906,51,120.192,27
158,202605,-41.043,65,59.284,32
158,202606,29.52,53,51.097,35
158,202607,-9.912,54,36.152,25
158,202608,-37.381,43,-0.812,18
158,202609,-0.887,42,10.539,18
159,202601,-46.843,70,-32.327,45
159,202602,-64.784,41,-42.773,26
159,202603,-227.724,63,-213.109,34
159,202604,-151.023,61,-71.981,34
159,202605,32.255,50,57.934,28
159,202606,-53.465,50,23.303,27
159,202607,-19.896,38,-30.342,19
159,202608,61.423,37,17.015,19
159,202609,145.053,42,5.724,24
160,202601,104.24,45,16.646,29
160,202602,-29.425,40,-2.283,25
160,202603,-110.989,59,-47.78,36
160,202604,-3.925,43,-21.019,22
160,202605,-170.05,38,-122.111,18
160,202606,-54.952,52,14.532,30
160,202607,-36.942,52,-7.883,31
160,202608,-15.684,44,-53.628,24
160,202609,-39.309,32,-30.808,14
161,202601,120.579,125,-14.105,82
161,202602,-79.066,87,-32.412,56
161,202603,-172.858,65,-116.249,41
161,202604,55.893,60,-22.529,31
161,202605,-41.18,68,51.519,35
161,202606,-217.273,71,-89.658,40
161,202607,40.533,76,2.978,39
161,202608,-30.941,76,-27.751,30
161,202609,33.267,45,-76.444,21
162,202601,53.916,36,6.964,22
162,202602,0.273,32,-17.931,21
162,202603,-40.319,14,-39.474,7
162,202604,76.152,14,28.58,10
162,202605,8.709,33,41.399,19
162,202606,-15.152,25,10.41,17
162,202607,-17.251,28,0.878,14
162,202608,-55.581,30,-29.692,10
162,202609,-34.617,18,-25.445,7
163,202601,-38.878,58,-57.265,37
163,202602,-12.974,30,14.595,18
163,202603,-88.64,22,-51.633,13
163,202604,-79.8,31,-38.451,13
163,202605,-25.293,16,15.591,7
163,202606,-120.066,25,-45.684,9
163,202607,69.783,18,14.124,8
163,202608,32.728,18,14.965,7
163,202609,95.957,17,4.231,9
164,202601,105.541,31,36.196,23
164,202602,-66.365,25,-29.076,17
164,202603,-43.899,29,-25.142,21
164,202604,49.177,16,-12.658,8
164,202605,-24.596,19,-5.471,9
164,202606,-82.055,21,-54.384,14
164,202607,-11.999,30,-12.024,17
164,202608,-8.088,28,-13.024,13
164,202609,-22.19,11,-55.23,5
165,202601,26.713,36,17.889,24
165,202602,16.041,38,-27.743,22
165,202603,-205.785,105,-100.746,58
165,202604,-100.571,94,49.721,52
165,202605,-137.658,85,-56.412,43
165,202606,138.376,84,178.59,52
165,202607,-107.283,68,-5.051,36
165,202608,39.299,48,-9.674,31
165,202609,65.707,70,61.899,35
166,202601,35.979,10,12.501,10
166,202602,30.911,12,2.832,6
166,202603,0.389,34,83.368,22
166,202604,23.754,37,91.612,17
166,202605,-49.752,32,17.885,13
166,202606,44.672,28,40.687,18
166,202607,7.339,26,35.274,11
166,202608,18.2,13,28.88,8
166,202609,33.73,24,35.984,11
167,202601,-7.965,12,24.938,8
167,202602,-51.81,11,-57.368,8
167,202603,-139.084,41,-161.476,21
167,202604,-71.223,30,-33.53,21
167,202605,57.548,34,42.343,21
167,202606,66.601,25,68.987,18
167,202607,-89.679,20,-44.466,11
167,202608,28.695,19,2.05,12
167,202609,49.096,25,1.493,15
168,202601,-1.301,14,-19.55,6
168,202602,36.94,15,26.793,8
168,202603,-67.09,30,-22.638,15
168,202604,-53.102,27,-8.361,14
168,202605,-145.454,19,-116.64,9
168,202606,27.103,31,68.916,16
168,202607,-24.943,22,4.141,14
168,202608,-7.596,16,-40.604,11
168,202609,-17.119,21,24.422,9
169,202601,-4.628,63,41.967,47
169,202602,-168.739,57,-105.591,36
169,202603,37.694,71,44.033,46
169,202604,83.429,37,52.383,24
169,202605,-30.625,53,-35.562,33
169,202606,-144.624,54,-92.789,35
169,202607,143.036,51,90.858,35
169,202608,6.705,48,-11.001,36
169,202609,-22.425,53,12.927,26
170,202601,78.452,18,109.168,11
170,202602,-38.167,24,-25.509,15
170,202603,187.491,23,124.553,15
170,202604,-0.35,11,0.873,8
170,202605,-11.823,20,-13.158,15
170,202606,4.331,15,-7.351,9
170,202607,-16.856,22,-14.529,14
170,202608,-47.438,15,-36.955,11
170,202609,-4.65,18,4.709,9
171,202601,-79.499,27,-48.308,24
171,202602,-97.92,19,-55.253,13
171,202603,-24.694,27,-36.133,17
171,202604,41.793,15,26.03,9
171,202605,35.88,21,23.527,10
171,202606,-138.508,17,-82.016,9
171,202607,104.271,11,54.514,7
171,202608,1.525,15,-32.397,11
171,202609,-24.257,23,14.944,11
172,202601,-3.581,18,-18.893,12
172,202602,-32.652,14,-24.829,8
172,202603,-125.103,21,-44.387,14
172,202604,41.986,11,25.48,7
172,202605,-54.682,12,-45.931,8
172,202606,-10.447,22,-3.422,17
172,202607,55.621,18,50.873,14
172,202608,52.618,18,58.351,14
172,202609,6.482,12,-6.726,6
173,202601,23.56,45,2.845,34
173,202602,-113.145,41,-121.457,27
173,202603,-133.698,30,-71.593,19
173,202604,50.323,12,37.675,8
173,202605,-45.216,28,-55.495,19
173,202606,-74.087,29,-32.167,19
173,202607,28.385,29,-30.03,17
173,202608,18.452,33,0.422,26
173,202609,-0.42,18,9.974,8
174,202601,47.998,12,59.297,7
174,202602,6.702,19,12.085,12
174,202603,56.676,11,57.883,7
174,202604,9.166,3,9.118,3
174,202605,-27.85,10,-22.897,8
174,202606,5.525,9,-1.838,4
174,202607,-34.863,15,-32.024,7
174,202608,-42.536,13,-36.955,11
174,202609,-1.446,4,9.405,3
175,202601,-32.382,21,-29.117,19
175,202602,-91.943,14,-79.926,11
175,202603,-56.99,9,-49.892,6
175,202604,46.395,5,38.597,4
175,202605,15.299,10,1.353,6
175,202606,-50.268,7,-29.428,5
175,202607,38.026,5,-4.602,2
175,202608,26.809,9,1.958,6
175,202609,12.92,8,20.931,3
176,202601,7.944,12,-27.335,8
176,202602,-27.904,8,-53.616,4
176,202603,-133.384,10,-79.584,6
176,202604,-5.238,4,-10.04,1
176,202605,-32.665,8,-33.951,5
176,202606,-29.344,13,-0.901,10
176,202607,25.222,9,6.596,8
176,202608,34.179,11,35.419,9
176,202609,-11.894,6,-20.362,2
177,202601,-28.188,18,39.122,13
177,202602,-55.594,16,15.866,9
177,202603,171.392,41,115.626,27
177,202604,33.106,25,14.708,16
177,202605,14.591,25,19.933,14
177,202606,-70.537,25,-60.622,16
177,202607,114.651,22,120.888,18
177,202608,-11.747,15,-11.423,10
177,202609,-22.005,35,2.953,18
178,202601,30.454,6,49.871,4
178,202602,-44.869,5,-37.594,3
178,202603,130.815,12,66.67,8
178,202604,-9.516,8,-8.245,5
178,202605,16.027,10,9.739,7
178,202606,-1.194,6,-5.513,5
178,202607,18.007,7,17.495,7
178,202608,-4.902,2,0.0,0
178,202609,-3.204,14,-4.696,6
179,202601,-47.117,6,-19.191,5
179,202602,-5.977,5,24.673,2
179,202603,32.296,18,13.759,11
179,202604,-4.602,10,-12.567,5
179,202605,20.581,11,22.174,4
179,202606,-88.24,10,-52.588,4
179,202607,66.245,6,59.116,5
179,202608,-25.284,6,-34.355,5
179,202609,-37.177,15,-5.987,8
180,202601,-11.525,6,8.442,4
180,202602,-4.748,6,28.787,4
180,202603,8.281,11,35.197,8
180,202604,47.224,7,35.52,6
180,202605,-22.017,4,-11.98,3
180,202606,18.897,9,-2.521,7
180,202607,30.399,9,44.277,6
180,202608,18.439,7,22.932,5
180,202609,18.376,6,13.636,4
181,202601,71.645,122,24.934,84
181,202602,-70.621,105,-105.071,69
181,202603,-245.984,123,-208.278,86
181,202604,91.434,111,83.783,74
181,202605,-26.093,115,-66.713,77
181,202606,130.033,123,44.12,85
181,202607,-87.301,113,-11.02,78
181,202608,-76.125,99,-11.979,68
181,202609,97.644,105,46.116,69
182,202601,94.108,44,29.115,31
182,202602,106.268,42,45.891,31
182,202603,-81.6,28,-79.994,20
182,202604,-104.862,46,-82.064,31
182,202605,-34.083,39,-70.386,23
182,202606,30.725,48,26.451,34
182,202607,-8.64,43,-9.643,28
182,202608,60.299,30,45.836,23
182,202609,105.503,39,88.856,29
183,202601,20.999,41,-26.069,27
183,202602,-113.211,32,-122.773,20
183,202603,-126.407,45,-112.125,32
183,202604,96.55,38,54.881,22
183,202605,-13.886,42,-22.938,30
183,202606,29.459,36,-50.406,23
183,202607,-53.103,35,-40.879,25
183,202608,-58.873,36,-56.816,24
183,202609,51.395,32,73.212,18
184,202601,-43.462,37,21.888,26
184,202602,-63.678,31,-28.189,18
184,202603,-37.977,50,-16.159,34
184,202604,99.746,27,110.966,21
184,202605,21.876,34,26.611,24
184,202606,69.849,39,68.075,28
184,202607,-25.558,35,39.502,25
184,202608,-77.551,33,-0.999,21
184,202609,-59.254,34,-115.952,22
185,202601,-11.473,96,-13.65,70
185,202602,-26.787,72,-1.218,45
185,202603,-136.438,48,-80.668,34
185,202604,103.083,48,69.671,36
185,202605,-88.364,46,-75.179,28
185,202606,-60.23,55,-78.612,40
185,202607,-38.298,52,21.258,39
185,202608,-68.988,57,-17.864,42
185,202609,67.342,39,21.549,23
186,202601,57.761,37,24.095,27
186,202602,104.873,30,75.079,20
186,202603,-36.15,8,-16.015,6
186,202604,-28.928,21,-52.687,16
186,202605,-39.659,18,-38.217,6
186,202606,-47.456,21,-19.917,14
186,202607,-16.087,20,-23.791,14
186,202608,40.904,16,41.324,12
186,202609,43.862,13,38.919,9
187,202601,-56.944,31,-67.727,22
187,202602,-85.334,23,-70.41,14
187,202603,-83.017,18,-66.994,15
187,202604,58.832,16,48.066,11
187,202605,-46.822,10,-51.074,10
187,202606,21.458,19,-25.446,13
187,202607,-44.695,12,-32.855,9
187,202608,-54.758,19,-62.245,14
187,202609,38.237,13,37.161,7
188,202601,-12.29,28,29.982,21
188,202602,-46.326,19,-5.887,11
188,202603,-17.271,22,2.341,13
188,202604,73.179,11,74.292,9
188,202605,-1.883,18,14.112,12
188,202606,-34.232,15,-33.249,13
188,202607,22.484,20,77.904,16
188,202608,-55.134,22,3.057,16
188,202609,-14.757,13,-54.531,7
189,202601,83.118,26,38.584,14
189,202602,-43.834,33,-103.853,24
189,202603,-109.546,75,-127.61,52
189,202604,-11.649,63,14.112,38
189,202605,62.271,69,8.466,49
189,202606,190.263,68,122.732,45
189,202607,-49.003,61,-32.278,39
189,202608,-7.137,42,5.885,26
189,202609,30.302,66,24.567,46
190,202601,36.347,7,5.02,4
190,202602,1.395,12,-29.188,11
190,202603,-45.45,20,-63.979,14
190,202604,-75.934,25,-29.377,15
190,202605,5.576,21,-32.169,17
190,202606,78.181,27,46.368,20
190,202607,7.447,23,14.148,14
190,202608,19.395,14,4.512,11
190,202609,61.641,26,49.937,20
191,202601,77.943,10,41.658,5
191,202602,-27.877,9,-52.363,6
191,202603,-43.39,27,-45.131,17
191,202604,37.718,22,6.815,11
191,202605,32.936,32,28.136,20
191,202606,8.001,17,-24.96,10
191,202607,-8.408,23,-8.024,16
191,202608,-4.115,17,5.429,10
191,202609,13.158,19,36.051,11
192,202601,-31.172,9,-8.094,5
192,202602,-17.352,12,-22.302,7
192,202603,-20.706,28,-18.5,21
192,202604,26.567,16,36.674,12
192,202605,23.759,16,12.499,12
192,202606,104.081,24,101.324,15
192,202607,-48.042,15,-38.402,9
192,202608,-22.417,11,-4.056,5
192,202609,-44.497,21,-61.421,15
193,202601,52.185,51,1.385,41
193,202602,21.72,41,2.797,35
193,202603,11.558,44,-65.842,35
193,202604,24.699,39,57.592,29
193,202605,89.104,48,17.191,36
193,202606,-36.007,37,7.814,29
193,202607,-110.529,49,-57.435,37
193,202608,-90.723,40,-99.678,26
193,202609,-9.516,44,-4.593,32
194,202601,53.166,10,24.907,6
194,202602,38.613,13,32.304,11
194,202603,27.273,16,7.14,12
194,202604,6.801,11,23.672,7
194,202605,7.484,16,8.79,13
194,202606,-57.122,11,-46.078,10
194,202607,-11.519,21,0.664,16
194,202608,-30.824,13,-35.685,9
194,202609,-23.033,16,-14.504,13
195,202601,-49.823,25,-56.654,19
195,202602,-49.388,14,-30.672,12
195,202603,8.337,13,-7.297,11
195,202604,0.19,14,19.94,12
195,202605,35.348,21,37.239,15
195,202606,38.588,16,9.42,8
195,202607,-67.267,16,-35.336,10
195,202608,-38.785,11,-45.988,7
195,202609,-13.272,11,1.995,8
196,202601,48.842,16,33.132,16
196,202602,32.495,14,1.165,12
196,202603,-24.052,15,-65.685,12
196,202604,17.708,14,13.98,10
196,202605,46.272,11,-28.838,8
196,202606,-17.473,10,44.472,11
196,202607,-31.743,12,-22.763,11
196,202608,-21.114,16,-18.005,10
196,202609,26.789,17,7.916,11
197,202601,105.703,38,67.4,31
197,202602,-3.661,31,-58.79,28
197,202603,-31.118,21,-53.999,19
197,202604,-1.075,18,43.511,11
197,202605,-0.358,23,-34.653,16
197,202606,-39.054,13,12.288,10
197,202607,-70.901,24,-36.797,19
197,202608,-34.954,22,-24.207,17
197,202609,-41.868,17,-29.434,10
198,202601,40.652,5,27.663,4
198,202602,-13.307,9,-36.127,8
198,202603,9.987,9,-1.747,8
198,202604,2.114,6,21.626,4
198,202605,10.305,9,-4.971,6
198,202606,-3.34,2,-3.384,2
198,202607,-1.749,10,3.0,8
198,202608,-13.131,9,-15.553,7
198,202609,-19.627,8,-11.414,5
199,202601,16.495,20,-8.11,14
199,202602,-34.387,11,-35.963,11
199,202603,-5.298,5,-5.447,5
199,202604,2.853,7,23.123,5
199,202605,-16.801,9,-16.483,6
199,202606,5.092,7,-4.813,3
199,202607,-50.106,8,-30.155,6
199,202608,-25.529,5,-15.57,4
199,202609,-15.106,3,-10.042,1
200,202601,48.556,13,47.847,13
200,202602,44.033,11,13.3,9
200,202603,-35.807,7,-46.805,6
200,202604,-6.042,5,-1.238,2
200,202605,6.138,5,-13.199,4
200,202606,-40.806,4,20.485,5
200,202607,-19.046,6,-9.642,5
200,202608,3.706,8,6.916,6
200,202609,-7.135,6,-7.978,4
201,202601,-53.518,13,-66.015,10
201,202602,25.381,10,61.587,7
201,202603,42.676,23,-11.843,16
201,202604,25.774,21,14.081,18
201,202605,89.462,25,51.844,20
201,202606,3.047,24,-4.474,19
201,202607,-39.628,25,-20.638,18
201,202608,-55.769,18,-75.471,9
201,202609,32.352,27,24.841,22
202,202601,12.514,5,-2.756,2
202,202602,51.92,4,68.431,3
202,202603,17.286,7,8.887,4
202,202604,4.687,5,2.046,3
202,202605,-2.821,7,13.761,7
202,202606,-53.782,9,-42.694,8
202,202607,-9.77,11,-2.336,8
202,202608,-17.693,4,-20.132,2
202,202609,-3.406,8,-3.09,8
203,202601,-66.318,5,-48.544,5
203,202602,-15.001,3,5.291,1
203,202603,13.635,8,-1.85,6
203,202604,-2.663,7,-3.183,7
203,202605,52.149,12,53.722,9
203,202606,33.496,9,14.233,5
203,202607,-17.161,8,-5.181,4
203,202608,-13.256,6,-30.418,3
203,202609,1.834,8,12.037,7
204,202601,0.286,3,-14.715,3
204,202602,-11.538,3,-12.135,3
204,202603,11.755,8,-18.88,6
204,202604,23.75,9,15.218,8
204,202605,40.134,6,-15.639,4
204,202606,23.333,6,23.987,6
204,202607,-12.697,6,-13.121,6
204,202608,-24.82,8,-24.921,4
204,202609,33.924,11,15.894,7
205,202601,156.304,125,10.498,83
205,202602,-10.33,108,-116.651,70
205,202603,-281.912,146,-40.434,85
205,202604,40.108,122,-18.968,79
205,202605,60.836,123,106.355,64
205,202606,137.635,117,96.926,62
205,202607,-50.647,130,-95.236,52
205,202608,80.452,115,-54.398,55
205,202609,-39.679,99,69.205,56
206,202601,41.336,51,-92.856,32
206,202602,-6.487,34,-130.824,22
206,202603,-36.698,40,15.181,23
206,202604,39.841,44,34.52,27
206,202605,3.039,44,40.132,23
206,202606,56.374,38,-2.057,17
206,202607,-50.491,42,-21.722,17
206,202608,22.4,34,19.481,17
206,202609,2.174,34,84.4,20
207,202601,39.726,43,68.797,28
207,202602,49.187,40,56.148,27
207,202603,-275.006,46,-126.803,25
207,202604,59.34,45,8.741,29
207,202605,102.996,52,91.668,27
207,202606,-45.656,44,-13.16,25
207,202607,7.884,50,3.251,21
207,202608,-19.501,42,-60.867,17
207,202609,-19.695,31,-13.639,16
208,202601,75.242,31,34.557,23
208,202602,-53.03,34,-41.975,21
208,202603,29.792,60,71.188,37
208,202604,-59.073,33,-62.229,23
208,202605,-45.199,27,-25.445,14
208,202606,126.917,35,112.143,20
208,202607,-8.04,38,-76.765,14
208,202608,77.553,39,-13.012,21
208,202609,-22.158,34,-1.556,20
209,202601,113.399,91,82.6,60
209,202602,-108.057,66,-110.086,43
209,202603,-142.253,70,8.803,41
209,202604,-84.579,56,-94.918,38
209,202605,-87.136,51,4.247,27
209,202606,-24.407,48,32.834,23
209,202607,-5.899,60,-1.273,21
209,202608,82.246,59,-9.574,27
209,202609,-29.61,42,14.275,20
210,202601,37.828,34,-8.523,22
210,202602,-75.387,19,-98.382,13
210,202603,-70.569,23,-1.743,14
210,202604,-40.407,21,2.0,13
210,202605,-22.206,20,13.94,9
210,202606,9.172,10,-7.873,3
210,202607,-43.877,15,-38.312,6
210,202608,-7.984,19,16.915,9
210,202609,-35.258,10,-5.21,5
211,202601,5.318,32,13.358,20
211,202602,43.431,23,59.445,15
211,202603,-110.262,25,-63.579,13
211,202604,-3.053,18,-22.155,13
211,202605,-28.285,20,14.871,11
211,202606,-65.35,28,-15.309,15
211,202607,5.529,22,21.039,7
211,202608,25.486,20,-22.25,6
211,202609,29.386,14,15.698,7
212,202601,70.253,25,77.765,18
212,202602,-76.101,24,-71.149,15
212,202603,38.578,22,74.125,14
212,202604,-41.119,17,-74.763,12
212,202605,-36.645,11,-24.564,7
212,202606,31.771,10,56.016,5
212,202607,32.449,23,16.0,8
212,202608,64.744,20,-4.239,12
212,202609,-23.738,18,3.787,8
213,202601,42.905,34,-72.102,23
213,202602,97.727,42,-6.565,27
213,202603,-139.659,76,-49.237,44
213,202604,124.917,66,65.774,42
213,202605,147.972,72,102.108,37
213,202606,151.698,70,64.092,39
213,202607,-55.106,71,-93.963,31
213,202608,-1.794,56,-44.824,28
213,202609,-10.069,57,54.93,36
214,202601,3.508,17,-84.333,10
214,202602,68.9,15,-32.442,9
214,202603,33.871,17,16.924,9
214,202604,80.248,23,22.344,15
214,202605,25.245,24,26.192,14
214,202606,47.202,28,5.816,14
214,202607,-6.614,27,16.59,11
214,202608,30.384,15,2.566,8
214,202609,37.432,24,89.61,15
215,202601,34.408,11,55.439,8
215,202602,5.756,17,-3.297,12
215,202603,-164.744,21,-63.224,12
215,202604,62.393,27,30.896,16
215,202605,131.281,32,76.797,16
215,202606,19.694,16,2.149,10
215,202607,2.355,28,-17.788,14
215,202608,-44.987,22,-38.617,11
215,202609,-49.081,17,-29.337,9
216,202601,4.989,6,-43.208,5
216,202602,23.071,10,29.174,6
216,202603,-8.786,38,-2.937,23
216,202604,-17.724,16,12.534,11
216,202605,-8.554,16,-0.881,7
216,202606,84.802,26,56.127,15
216,202607,-50.847,16,-92.765,6
216,202608,12.809,19,-8.773,9
216,202609,1.58,16,-5.343,12
217,202601,180.511,56,146.669,37
217,202602,-57.895,38,11.833,16
217,202603,-75.207,40,-66.321,25
217,202604,25.42,33,-5.722,24
217,202605,-29.794,48,-27.417,29
217,202606,-33.005,44,-11.529,25
217,202607,56.993,34,65.889,25
217,202608,178.887,49,146.818,30
217,202609,32.395,31,5.931,22
218,202601,103.473,21,50.694,14
218,202602,-97.847,13,-22.062,6
218,202603,67.433,11,69.795,5
218,202604,-54.316,11,-33.635,9
218,202605,17.52,20,2.017,11
218,202606,-38.103,14,0.332,8
218,202607,-64.583,12,-56.067,8
218,202608,65.499,10,32.633,5
218,202609,22.76,9,4.34,7
219,202601,10.257,25,45.284,16
219,202602,8.534,15,24.339,4
219,202603,-112.382,17,-61.607,10
219,202604,40.177,12,23.28,9
219,202605,-11.055,18,7.283,12
219,202606,3.974,15,-10.909,9
219,202607,82.649,13,84.383,8
219,202608,68.363,17,65.496,12
219,202609,-64.662,14,-42.167,8
220,202601,66.781,10,50.691,7
220,202602,31.418,10,9.556,6
220,202603,-30.258,12,-74.509,10
220,202604,39.559,10,4.633,6
220,202605,-36.259,10,-36.717,6
220,202606,1.124,15,-0.952,8
220,202607,38.927,9,37.573,9
220,202608,45.025,22,48.689,13
220,202609,74.297,8,43.758,7
221,202601,147.075,41,92.088,28
221,202602,-70.658,27,27.08,10
221,202603,-71.678,15,11.734,5
221,202604,7.867,15,10.039,10
221,202605,-33.046,20,-74.323,13
221,202606,-47.816,18,3.84,10
221,202607,39.925,19,35.506,13
221,202608,125.771,30,102.533,17
221,202609,2.755,12,0.679,10
222,202601,141.675,16,68.966,11
222,202602,-74.213,9,-11.134,5
222,202603,-1.227,8,21.754,4
222,202604,-22.561,5,-12.453,4
222,202605,-6.832,9,-34.344,3
222,202606,-13.45,6,17.978,3
222,202607,-18.434,5,-12.918,3
222,202608,50.817,6,24.083,2
222,202609,-4.185,5,-3.758,5
223,202601,-7.985,19,29.347,12
223,202602,5.68,13,35.711,3
223,202603,-75.54,5,0.0,0
223,202604,1.4,5,12.155,4
223,202605,-9.189,6,-16.208,5
223,202606,-24.591,7,-24.854,4
223,202607,37.868,8,29.409,4
223,202608,36.696,12,33.817,7
223,202609,-3.027,4,-2.279,2
224,202601,13.385,6,-6.225,5
224,202602,-2.125,5,2.503,2
224,202603,5.089,2,-10.02,1
224,202604,29.028,5,10.337,2
224,202605,-17.025,5,-23.771,5
224,202606,-9.775,5,10.716,3
224,202607,20.491,6,19.015,6
224,202608,38.258,12,44.633,8
224,202609,9.967,3,6.716,3
225,202601,33.436,15,54.581,9
225,202602,12.763,11,-15.247,6
225,202603,-3.529,25,-78.055,20
225,202604,17.553,18,-15.761,14
225,202605,3.252,28,46.906,16
225,202606,14.811,26,-15.369,15
225,202607,17.068,15,30.383,12
225,202608,53.116,19,44.285,13
225,202609,29.64,19,5.252,12
226,202601,-38.202,5,-18.272,3
226,202602,-23.634,4,-10.928,1
226,202603,68.66,3,48.041,1
226,202604,-31.755,6,-21.182,5
226,202605,24.352,11,36.361,8
226,202606,-24.653,8,-17.646,5
226,202607,-46.149,7,-43.149,5
226,202608,14.682,4,8.55,3
226,202609,26.945,4,8.098,2
227,202601,18.242,6,15.937,4
227,202602,2.854,2,-11.372,1
227,202603,-36.842,12,-61.607,10
227,202604,38.777,7,11.125,5
227,202605,-1.866,12,23.491,7
227,202606,28.565,8,13.945,5
227,202607,44.781,5,54.974,4
227,202608,31.667,5,31.679,5
227,202609,-61.635,10,-39.888,6
228,202601,53.396,4,56.916,2
228,202602,33.543,5,7.053,4
228,202603,-35.347,10,-64.489,9
228,202604,10.531,5,-5.704,4
228,202605,-19.234,5,-12.946,1
228,202606,10.899,10,-11.668,5
228,202607,18.436,3,18.558,3
228,202608,6.767,10,4.056,5
228,202609,64.33,5,37.042,4
229,202601,147.491,104,93.345,74
229,202602,-183.331,78,-54.561,45
229,202603,-80.906,102,-108.894,57
229,202604,-47.044,101,-14.562,69
229,202605,-40.016,88,-2.191,61
229,202606,71.815,94,61.535,61
229,202607,-229.667,96,-236.067,77
229,202608,131.994,87,57.994,48
229,202609,-29.607,75,81.55,46
230,202601,101.355,38,89.033,28
230,202602,-75.966,26,-32.644,14
230,202603,-94.479,26,-72.354,11
230,202604,-127.596,40,-35.507,28
230,202605,29.913,27,26.956,18
230,202606,58.358,30,47.685,18
230,202607,-58.076,26,-45.117,21
230,202608,33.727,30,18.513,12
230,202609,36.102,29,82.604,14
231,202601,80.703,37,37.504,24
231,202602,-60.362,28,-34.044,17
231,202603,-76.138,41,-77.934,25
231,202604,-26.864,33,-33.874,26
231,202605,-13.952,36,-16.522,22
231,202606,-48.037,32,-38.884,22
231,202607,-56.417,37,-52.961,31
231,202608,42.998,30,5.88,21
231,202609,-4.068,25,42.271,17
232,202601,-34.567,29,-33.192,22
232,202602,-47.003,24,12.127,14
232,202603,89.711,35,41.394,21
232,202604,107.416,28,54.819,15
232,202605,-48.509,26,-12.625,21
232,202606,61.494,32,52.734,21
232,202607,-115.174,33,-137.989,25
232,202608,55.269,27,33.601,15
232,202609,-61.641,21,-43.325,15
233,202601,130.791,76,96.286,51
233,202602,-112.597,44,-52.945,26
233,202603,-91.819,48,-43.559,28
233,202604,-29.578,46,-4.689,30
233,202605,-121.617,48,-85.022,33
233,202606,1.768,27,-0.057,16
233,202607,-135.905,46,-100.568,35
233,202608,128.192,44,78.129,26
233,202609,12.789,36,66.953,22
234,202601,87.601,31,88.252,22
234,202602,-30.842,16,-19.354,11
234,202603,-35.947,16,-43.849,6
234,202604,-43.25,18,-1.765,11
234,202605,-4.235,12,13.087,11
234,202606,48.087,6,45.037,4
234,202607,-43.764,11,-23.714,9
234,202608,60.898,13,53.011,7
234,202609,22.683,11,46.507,6
235,202601,35.693,24,0.196,15
235,202602,-37.534,15,-32.632,9
235,202603,-85.685,19,-28.36,15
235,202604,-31.293,14,-19.241,11
235,202605,-51.347,19,-55.128,9
235,202606,-32.992,13,-30.051,8
235,202607,-36.349,20,-31.35,16
235,202608,50.304,17,13.842,12
235,202609,6.707,12,29.408,8
236,202601,7.497,21,7.838,14
236,202602,-44.221,13,-0.959,6
236,202603,29.813,13,28.65,7
236,202604,44.965,14,16.317,8
236,202605,-58.567,18,-42.981,13
236,202606,-13.327,8,-15.043,4
236,202607,-55.792,15,-45.504,10
236,202608,16.99,14,11.276,7
236,202609,-16.601,13,-8.962,8
237,202601,16.7,28,-2.941,23
237,202602,-70.734,34,-1.616,19
237,202603,10.913,54,-65.335,29
237,202604,-27.826,56,-19.881,40
237,202605,81.601,40,82.831,28
237,202606,70.047,67,61.592,45
237,202607,-95.814,52,-135.499,42
237,202608,3.802,43,-20.135,22
237,202609,-42.396,39,14.597,24
238,202601,13.754,7,0.781,6
238,202602,-45.124,10,-13.29,3
238,202603,-58.532,10,-28.505,5
238,202604,-84.346,22,-33.742,17
238,202605,34.148,15,13.869,7
238,202606,10.271,24,2.648,14
238,202607,-14.312,15,-21.403,12
238,202608,-27.171,17,-34.498,5
238,202609,13.419,18,36.097,8
239,202601,45.01,13,37.308,9
239,202602,-22.828,13,-1.412,8
239,202603,9.547,22,-49.574,10
239,202604,4.429,19,-14.633,15
239,202605,37.395,17,38.606,13
239,202606,-15.045,19,-8.833,14
239,202607,-20.068,17,-21.611,15
239,202608,-7.306,13,-7.962,9
239,202609,-10.775,13,12.863,9
240,202601,-42.064,8,-41.03,8
240,202602,-2.782,11,13.086,8
240,202603,59.898,22,12.744,14
240,202604,52.091,15,28.494,8
240,202605,10.058,8,30.356,8
240,202606,74.821,24,67.777,17
240,202607,-61.434,20,-92.485,15
240,202608,38.279,13,22.325,8
240,202609,-45.04,8,-34.363,7
241,202601,33.187,37,55.493,30
241,202602,-77.435,25,-113.879,15
241,202603,-138.778,32,-105.042,23
241,202604,12.107,40,-33.535,32
241,202605,78.509,35,40.518,24
241,202606,127.775,31,115.096,20
241,202607,-49.204,30,-37.149,19
241,202608,52.985,28,12.194,27
241,202609,38.414,24,64.355,13
242,202601,59.137,11,38.205,8
242,202602,-26.855,9,-35.095,5
242,202603,-21.307,10,-20.745,6
242,202604,-71.253,13,-90.493,11
242,202605,-2.488,17,18.883,12
242,202606,-22.529,6,-25.173,4
242,202607,-10.899,8,-22.492,6
242,202608,102.095,9,71.483,7
242,202609,27.836,4,2.201,2
243,202601,-12.849,16,20.19,13
243,202602,-69.473,8,-80.422,7
243,202603,-90.609,13,-49.584,9
243,202604,44.324,15,41.854,11
243,202605,51.277,10,41.589,6
243,202606,42.946,11,17.631,6
243,202607,19.208,12,20.421,7
243,202608,14.887,11,-2.87,11
243,202609,-24.471,9,-16.637,5
244,202601,-13.101,10,-2.902,9
244,202602,18.893,8,1.638,3
244,202603,-26.862,9,-34.713,8
244,202604,39.036,12,15.104,10
244,202605,29.72,8,-19.954,6
244,202606,107.358,14,122.638,10
244,202607,-57.513,10,-35.078,6
244,202608,-63.997,8,-56.419,9
244,202609,35.049,11,78.791,6
245,202601,40.536,27,57.878,21
245,202602,-126.486,19,-109.833,13
245,202603,-48.845,9,-28.28,7
245,202604,46.134,15,26.536,13
245,202605,8.098,17,8.245,11
245,202606,51.56,11,36.066,9
245,202607,-41.612,18,-34.795,10
245,202608,-0.564,15,-24.819,15
245,202609,22.165,9,28.165,6
246,202601,47.407,6,21.77,4
246,202602,-65.243,8,-35.095,5
246,202603,-30.49,3,-30.59,3
246,202604,-15.042,6,-28.757,5
246,202605,-6.149,9,11.842,5
246,202606,-14.882,3,-14.891,3
246,202607,-25.09,4,-30.424,3
246,202608,58.081,5,44.92,4
246,202609,15.048,3,2.201,2
247,202601,6.23,11,39.01,8
247,202602,-68.602,6,-70.206,6
247,202603,-31.236,5,-10.486,3
247,202604,27.609,4,29.243,4
247,202605,25.49,5,17.133,4
247,202606,14.81,6,-0.092,4
247,202607,10.419,7,10.029,3
247,202608,-35.472,6,-46.822,7
247,202609,-20.34,2,-10.228,1
248,202601,-13.101,10,-2.902,9
248,202602,7.359,5,-4.532,2
248,202603,12.881,1,12.796,1
248,202604,33.567,5,26.05,4
248,202605,-11.243,3,-20.73,2
248,202606,51.632,2,51.049,2
248,202607,-26.941,7,-14.4,4
248,202608,-23.173,4,-22.917,4
248,202609,27.457,4,36.192,3
249,202601,-7.349,10,-2.385,9
249,202602,49.051,6,-4.046,2
249,202603,-89.933,23,-76.762,16
249,202604,-34.027,25,-60.071,19
249,202605,70.411,18,32.273,13
249,202606,76.215,20,79.03,11
249,202607,-7.592,12,-2.354,9
249,202608,53.549,13,37.013,12
249,202609,16.249,15,36.19,7
250,202601,11.73,5,16.435,4
250,202602,38.388,1,0.0,0
250,202603,9.183,7,9.845,3
250,202604,-56.211,7,-61.736,6
250,202605,3.661,8,7.041,7
250,202606,-7.647,3,-10.282,1
250,202607,14.191,4,7.932,3
250,202608,44.014,4,26.563,3
250,202609,12.788,1,0.0,0
251,202601,-19.079,5,-18.82,5
251,202602,-0.871,2,-10.216,1
251,202603,-59.373,8,-39.098,6
251,202604,16.715,11,12.611,7
251,202605,25.787,5,24.456,2
251,202606,28.136,5,17.723,2
251,202607,8.789,5,10.392,4
251,202608,50.359,5,43.952,4
251,202609,-4.131,7,-6.409,4
252,202601,0.0,0,0.0,0
252,202602,11.534,3,6.17,1
252,202603,-39.743,8,-47.509,7
252,202604,5.469,7,-10.946,6
252,202605,40.963,5,0.776,4
252,202606,55.726,12,71.589,8
252,202607,-30.572,3,-20.678,2
252,202608,-40.824,4,-33.502,5
252,202609,7.592,7,42.599,3
253,202601,104.351,121,-62.579,76
253,202602,-144.106,87,-81.615,60
253,202603,-303.758,124,-137.342,69
253,202604,-100.625,116,-62.835,69
253,202605,-42.971,112,34.415,52
253,202606,-12.355,111,53.937,68
253,202607,-10.443,108,-20.222,50
253,202608,-16.737,106,-81.555,60
253,202609,104.984,87,18.574,40
254,202601,67.382,35,-11.821,24
254,202602,-70.67,27,-71.232,22
254,202603,-37.394,29,24.032,16
254,202604,40.156,44,62.398,26
254,202605,51.916,45,52.059,22
254,202606,17.999,34,37.547,20
254,202607,25.273,34,50.123,16
254,202608,29.187,39,0.443,18
254,202609,-12.218,24,10.053,9
255,202601,-69.902,52,-61.579,33
255,202602,20.818,29,70.586,17
255,202603,-211.361,49,-157.719,26
255,202604,-146.547,35,-107.116,23
255,202605,20.659,39,43.287,20
255,202606,-87.47,39,-46.124,26
255,202607,-27.187,36,-22.762,14
255,202608,13.736,34,-19.666,21
255,202609,50.375,36,6.166,19
256,202601,106.871,34,10.821,19
256,202602,-94.254,31,-80.969,21
256,202603,-55.003,46,-3.655,27
256,202604,-4.598,38,-18.117,20
256,202605,-115.546,28,-60.931,10
256,202606,57.116,38,62.514,22
256,202607,-8.529,38,-47.583,20
256,202608,-59.66,33,-62.332,21
256,202609,66.827,27,2.355,12
257,202601,85.761,87,-63.739,55
257,202602,-117.562,55,-97.078,39
257,202603,-124.32,54,-38.686,31
257,202604,10.662,50,-60.503,30
257,202605,-42.846,51,3.409,24
257,202606,-186.197,49,-98.572,27
257,202607,13.032,55,-62.605,24
257,202608,29.872,55,6.566,28
257,202609,14.908,37,-68.982,15
258,202601,71.198,24,15.843,15
258,202602,-34.88,17,-38.967,13
258,202603,-70.323,16,-11.05,8
258,202604,34.023,18,-5.456,12
258,202605,55.572,21,23.45,11
258,202606,-13.803,13,4.915,5
258,202607,-17.13,16,-25.426,7
258,202608,17.419,22,-12.679,10
258,202609,-13.409,8,-20.196,2
259,202601,-63.301,40,-94.418,24
259,202602,29.693,17,36.411,11
259,202603,-51.139,21,-36.243,10
259,202604,-61.417,15,-33.352,9
259,202605,-42.143,16,5.196,8
259,202606,-139.744,27,-72.082,15
259,202607,26.881,18,-8.382,6
259,202608,28.071,15,19.678,8
259,202609,45.445,17,-3.592,9
260,202601,77.864,23,14.836,16
260,202602,-112.375,21,-94.522,15
260,202603,-2.858,17,8.607,13
260,202604,27.692,18,-21.695,9
260,202605,-56.275,14,-25.237,5
260,202606,-32.65,9,-31.405,7
260,202607,3.281,21,-28.797,11
260,202608,-15.618,18,-0.433,10
260,202609,-17.128,12,-45.194,4
261,202601,18.59,34,1.16,21
261,202602,-26.544,32,15.463,21
261,202603,-179.438,70,-98.656,38
261,202604,-111.057,66,-2.332,39
261,202605,-0.125,61,31.006,28
261,202606,173.842,62,152.509,41
261,202607,-23.475,53,42.383,26
261,202608,-46.609,51,-88.121,32
261,202609,90.076,50,87.556,25
262,202601,-3.816,11,-27.664,9
262,202602,-35.79,10,-32.265,9
262,202603,32.929,13,35.082,8
262,202604,6.133,26,67.854,14
262,202605,-3.656,24,28.609,11
262,202606,31.802,21,32.632,15
262,202607,42.403,18,75.549,9
262,202608,11.768,17,13.122,8
262,202609,1.191,16,30.249,7
263,202601,-6.601,12,32.839,9
263,202602,-8.875,12,34.175,6
263,202603,-160.222,28,-121.476,16
263,202604,-85.13,20,-73.764,14
263,202605,62.802,23,38.091,12
263,202606,52.274,12,25.958,11
263,202607,-54.068,18,-14.38,8
263,202608,-14.335,19,-39.344,13
263,202609,4.93,19,9.758,10
264,202601,29.007,11,-4.015,3
264,202602,18.121,10,13.553,6
264,202603,-52.145,29,-12.262,14
264,202604,-32.06,20,3.578,11
264,202605,-59.271,14,-35.694,5
264,202606,89.766,29,93.919,15
264,202607,-11.81,17,-18.786,9
264,202608,-44.042,15,-61.899,11
264,202609,83.955,15,47.549,8
265,202601,126.919,43,98.887,31
265,202602,-75.869,33,-30.156,20
265,202603,-87.944,39,1.467,30
265,202604,8.667,31,-16.716,21
265,202605,-5.199,41,-15.981,29
265,202606,-156.155,37,-55.575,22
265,202607,28.483,36,11.034,23
265,202608,84.828,44,33.367,33
265,202609,-13.602,38,25.232,18
266,202601,99.744,12,97.516,6
266,202602,-53.052,11,4.912,7
266,202603,77.144,10,74.313,10
266,202604,-21.818,13,-20.355,10
266,202605,23.514,18,5.131,14
266,202606,-81.083,9,-38.584,5
266,202607,-54.352,15,-19.644,10
266,202608,29.253,10,13.085,6
266,202609,37.018,8,28.164,5
267,202601,-55.497,20,-61.79,17
267,202602,7.502,12,-13.134,6
267,202603,-104.487,17,-29.438,10
267,202604,-0.665,11,-9.935,6
267,202605,1.464,15,5.665,8
267,202606,-108.723,14,-45.396,7
267,202607,86.561,11,32.403,5
267,202608,-13.793,17,-49.401,12
267,202609,-68.538,21,-25.371,10
268,202601,82.672,11,63.161,8
268,202602,-30.319,10,-21.934,7
268,202603,-60.601,12,-43.408,10
268,202604,31.15,7,13.574,5
268,202605,-30.177,8,-26.777,7
268,202606,33.651,14,28.405,10
268,202607,-3.726,10,-1.725,8
268,202608,69.368,17,69.683,15
268,202609,17.918,9,22.439,3
269,202601,37.136,31,0.93,24
269,202602,-111.112,20,-73.269,13
269,202603,-84.725,16,-27.348,15
269,202604,15.952,10,-4.203,7
269,202605,36.874,18,-3.511,14
269,202606,-25.311,17,41.003,9
269,202607,-29.102,19,-28.412,10
269,202608,47.673,28,16.044,21
269,202609,1.69,16,29.381,6
270,202601,56.75,7,47.309,4
270,202602,-47.225,7,-5.9,4
270,202603,-0.299,4,27.744,5
270,202604,-10.768,4,-10.798,4
270,202605,19.989,7,7.178,6
270,202606,-42.093,6,-0.138,2
270,202607,-43.358,8,-18.608,4
270,202608,21.786,6,0.703,4
270,202609,-1.446,4,9.405,3
271,202601,-58.818,17,-55.587,15
271,202602,-28.265,7,-26.655,5
271,202603,-69.237,8,-38.603,6
271,202604,23.927,3,16.635,2
271,202605,14.849,8,-5.902,5
271,202606,-30.065,7,-14.928,4
271,202607,27.498,6,-4.6,2
271,202608,-13.925,11,-24.782,8
271,202609,-3.287,8,14.914,2
272,202601,39.204,7,9.208,5
272,202602,-35.622,6,-40.714,4
272,202603,-15.189,4,-16.489,4
272,202604,2.793,3,-10.04,1
272,202605,2.036,3,-4.787,3
272,202606,46.847,4,56.069,3
272,202607,-13.242,5,-5.204,4
272,202608,39.812,11,40.123,9
272,202609,6.423,4,5.062,1
273,202601,89.783,12,97.957,7
273,202602,35.243,13,43.113,7
273,202603,-3.219,23,28.815,15
273,202604,-7.285,21,-12.513,14
273,202605,-42.073,23,-12.47,15
273,202606,-130.844,20,-96.578,13
273,202607,57.585,17,39.446,13
273,202608,37.155,16,17.323,12
273,202609,-15.292,22,-4.149,12
274,202601,42.994,5,50.207,2
274,202602,-5.827,4,10.812,3
274,202603,77.443,6,46.569,5
274,202604,-11.05,9,-9.557,6
274,202605,3.525,11,-2.047,8
274,202606,-38.99,3,-38.446,3
274,202607,-10.994,7,-1.036,6
274,202608,7.467,4,12.382,2
274,202609,38.464,4,18.759,2
275,202601,3.321,3,-6.203,2
275,202602,35.767,5,13.521,1
275,202603,-35.25,9,9.165,4
275,202604,-24.592,8,-26.57,4
275,202605,-13.385,7,11.567,3
275,202606,-78.658,7,-30.468,3
275,202607,59.063,5,37.003,3
275,202608,0.132,6,-24.619,4
275,202609,-65.251,13,-40.285,8
276,202601,43.468,4,53.953,3
276,202602,5.303,4,18.78,3
276,202603,-45.412,8,-26.919,6
276,202604,28.357,4,23.614,4
276,202605,-32.213,5,-21.99,4
276,202606,-13.196,10,-27.664,7
276,202607,9.516,5,3.479,4
276,202608,29.556,6,29.56,6
276,202609,11.495,5,17.377,2
277,202601,103.522,86,9.537,59
277,202602,-107.716,64,-46.546,35
277,202603,-162.969,78,-187.414,60
277,202604,20.972,86,86.439,58
277,202605,-23.399,73,13.967,59
277,202606,-28.364,83,-93.839,61
277,202607,-206.113,81,-85.853,56
277,202608,-10.24,74,18.557,48
277,202609,41.509,78,-8.698,53
278,202601,102.027,31,41.399,22
278,202602,-30.843,22,-7.021,15
278,202603,-53.014,15,-70.981,13
278,202604,-93.064,33,-50.711,19
278,202605,-33.675,21,-6.719,20
278,202606,-36.133,26,-58.84,18
278,202607,-30.517,26,5.899,17
278,202608,11.408,25,6.941,17
278,202609,1.873,29,2.965,20
279,202601,52.095,28,-2.043,19
279,202602,-24.186,22,-41.249,9
279,202603,-95.338,32,-90.378,23
279,202604,52.051,29,53.707,19
279,202605,-16.471,30,-44.956,21
279,202606,-39.901,27,-56.124,21
279,202607,-65.96,25,-1.324,17
279,202608,-38.782,30,-29.519,20
279,202609,41.351,27,40.885,17
280,202601,-50.6,27,-29.819,18
280,202602,-52.687,20,1.724,11
280,202603,-14.617,31,-26.055,24
280,202604,61.985,24,83.443,20
280,202605,26.747,22,65.642,18
280,202606,47.67,30,21.125,22
280,202607,-109.636,30,-90.428,22
280,202608,17.134,19,41.135,11
280,202609,-1.715,22,-52.548,16
281,202601,23.4,60,-11.72,43
281,202602,-66.563,41,-4.229,22
281,202603,-103.251,33,-93.253,23
281,202604,6.662,46,25.908,33
281,202605,-32.912,28,-50.907,20
281,202606,-44.328,31,-46.615,27
281,202607,-111.293,37,-60.904,24
281,202608,-66.758,33,-59.867,23
281,202609,39.686,30,-3.131,18
282,202601,82.276,23,40.137,16
282,202602,-3.244,15,0.506,10
282,202603,-27.427,8,-32.638,7
282,202604,-30.451,19,-42.072,12
282,202605,-9.539,7,10.888,5
282,202606,-25.293,7,-25.978,7
282,202607,-45.892,9,-38.66,6
282,202608,-5.481,9,-2.485,7
282,202609,16.094,9,-6.071,6
283,202601,-30.031,19,-36.972,13
283,202602,-19.045,13,-9.319,6
283,202603,-67.899,15,-62.359,12
283,202604,27.374,14,33.963,11
283,202605,-24.235,11,-66.133,8
283,202606,-11.188,15,-21.977,12
283,202607,-35.278,13,-10.912,7
283,202608,-34.238,15,-66.719,9
283,202609,30.915,12,37.161,7
284,202601,-28.845,18,-14.885,14
284,202602,-44.274,13,4.584,6
284,202603,-7.925,10,1.744,4
284,202604,9.739,13,34.017,10
284,202605,0.862,10,4.338,7
284,202606,-7.847,9,1.34,8
284,202607,-30.123,15,-11.332,11
284,202608,-27.039,9,9.337,7
284,202609,-7.323,9,-34.221,5
285,202601,80.122,26,21.257,16
285,202602,-41.153,23,-42.317,13
285,202603,-59.718,45,-94.161,37
285,202604,3.95,41,60.531,25
285,202605,9.513,45,64.874,39
285,202606,15.964,52,-47.224,34
285,202607,-96.824,46,-35.477,33
285,202608,56.518,41,78.424,25
285,202609,1.823,48,-5.567,35
286,202601,19.751,8,1.262,6
286,202602,-27.599,7,-7.527,5
286,202603,-25.587,7,-38.343,6
286,202604,-62.613,14,-8.639,7
286,202605,-24.136,14,-17.607,15
286,202606,-10.84,19,-32.862,11
286,202607,15.375,17,44.559,11
286,202608,16.889,16,9.426,10
286,202609,-14.221,20,9.036,14
287,202601,82.126,9,34.929,6
287,202602,-5.141,9,-31.93,3
287,202603,-27.439,17,-28.019,11
287,202604,24.677,15,19.744,8
287,202605,7.764,19,21.177,13
287,202606,-28.713,12,-34.147,9
287,202607,-30.682,12,9.588,10
287,202608,-4.544,15,37.2,11
287,202609,10.436,15,3.724,10
288,202601,-21.755,9,-14.934,4
288,202602,-8.413,7,-2.86,5
288,202603,-6.692,21,-27.799,20
288,202604,41.886,12,49.426,10
288,202605,25.885,12,61.304,11
288,202606,55.517,21,19.785,14
288,202607,-81.517,17,-89.624,12
288,202608,44.173,10,31.798,4
288,202609,5.608,13,-18.327,11
289,202601,33.526,30,-15.22,24
289,202602,-0.673,21,-12.574,20
289,202603,-103.852,26,-126.709,20
289,202604,45.367,23,34.131,17
289,202605,21.685,31,-7.384,26
289,202606,-79.163,19,-36.476,15
289,202607,-31.831,26,-41.92,17
289,202608,-29.53,27,-91.236,18
289,202609,26.997,22,59.796,19
290,202601,55.969,8,27.639,4
290,202602,-19.136,6,-19.64,6
290,202603,10.046,9,-27.376,6
290,202604,11.747,6,20.986,5
290,202605,-7.721,12,-17.261,10
290,202606,-51.136,5,-50.41,5
290,202607,-18.18,11,-31.713,7
290,202608,3.234,5,-9.153,4
290,202609,11.524,5,35.06,5
291,202601,-41.511,13,-61.989,11
291,202602,-18.959,9,-14.863,9
291,202603,-48.544,10,-47.907,10
291,202604,30.426,9,30.755,7
291,202605,22.574,14,17.091,10
291,202606,-26.007,7,-40.56,4
291,202607,-12.055,9,-0.419,5
291,202608,-8.31,8,-40.69,4
291,202609,-4.456,7,5.465,6
292,202601,19.068,9,19.13,9
292,202602,37.422,6,21.929,5
292,202603,-65.354,7,-51.426,4
292,202604,3.194,8,-17.61,5
292,202605,6.832,5,-7.214,6
292,202606,-2.02,7,54.494,6
292,202607,-1.596,6,-9.788,5
292,202608,-24.454,14,-41.393,10
292,202609,19.929,10,19.271,8
293,202601,46.73,23,12.815,20
293,202602,-69.362,17,-87.114,16
293,202603,-31.812,12,-40.174,9
293,202604,27.08,9,21.818,5
293,202605,-3.869,16,-36.668,13
293,202606,-35.847,6,20.949,5
293,202607,-18.46,9,-15.22,7
293,202608,-13.874,15,-48.212,12
293,202609,11.576,9,29.144,7
294,202601,50.834,4,37.677,3
294,202602,-57.524,5,-58.13,5
294,202603,4.757,4,-7.405,3
294,202604,-0.494,4,8.928,3
294,202605,-2.603,7,-28.554,5
294,202606,-20.294,2,-20.198,2
294,202607,-14.878,3,-20.408,2
294,202608,13.44,4,0.913,3
294,202609,-7.909,3,2.92,2
295,202601,-17.559,11,-38.615,9
295,202602,-43.586,7,-45.169,7
295,202603,-12.407,4,-12.499,4
295,202604,22.663,3,12.89,2
295,202605,-3.246,6,-6.469,5
295,202606,-15.553,4,-20.088,2
295,202607,-15.094,3,-5.328,2
295,202608,-15.404,4,-30.638,3
295,202609,8.707,1,8.749,1
296,202601,13.455,8,13.753,8
296,202602,31.748,5,16.185,4
296,202603,-24.162,4,-20.27,2
296,202604,4.911,2,0.0,0
296,202605,1.98,3,-1.645,3
296,202606,0.0,0,61.235,1
296,202607,11.512,3,10.516,3
296,202608,-11.91,7,-18.487,6
296,202609,10.778,5,17.475,4
297,202601,-13.204,7,-28.035,4
297,202602,68.689,4,74.54,4
297,202603,-72.04,14,-86.535,11
297,202604,18.287,14,12.313,12
297,202605,25.554,15,29.284,13
297,202606,-43.316,13,-57.425,10
297,202607,-13.371,17,-26.7,10
297,202608,-15.656,12,-43.024,6
297,202609,15.421,13,30.652,12
298,202601,5.135,4,-10.038,1
298,202602,38.388,1,38.49,1
298,202603,5.289,5,-19.971,3
298,202604,12.241,2,12.058,2
298,202605,-5.118,5,11.293,5
298,202606,-30.842,3,-30.212,3
298,202607,-3.302,8,-11.305,5
298,202608,-10.206,1,-10.066,1
298,202609,19.433,2,32.14,3
299,202601,-23.952,2,-23.374,2
299,202602,24.627,2,30.306,2
299,202603,-36.137,6,-35.408,6
299,202604,7.763,6,17.865,5
299,202605,25.82,8,23.56,5
299,202606,-10.454,3,-20.472,2
299,202607,3.039,6,4.909,3
299,202608,7.094,4,-10.052,1
299,202609,-13.163,6,-3.284,5
300,202601,5.613,1,5.377,1
300,202602,5.674,1,5.744,1
300,202603,-41.192,3,-31.156,2
300,202604,-1.717,6,-17.61,5
300,202605,4.852,2,-5.569,3
300,202606,-2.02,7,-6.741,5
300,202607,-13.108,3,-20.304,2
300,202608,-12.544,7,-22.906,4
300,202609,9.151,5,1.796,4
301,202601,251.907,135,174.541,85
301,202602,82.043,117,-71.267,69
301,202603,-72.702,155,-57.604,94
301,202604,53.141,136,37.582,82
301,202605,-19.071,130,112.751,61
301,202606,94.99,123,-1.051,70
301,202607,13.788,140,35.251,60
301,202608,45.221,122,-90.719,64
301,202609,38.291,108,49.35,60
302,202601,116.705,48,-6.286,31
302,202602,81.505,42,-55.497,24
302,202603,57.753,48,30.946,31
302,202604,56.246,46,37.012,28
302,202605,-41.052,39,54.062,16
302,202606,43.368,44,-6.561,22
302,202607,-32.12,50,7.861,21
302,202608,8.356,37,55.857,18
302,202609,98.466,43,80.074,21
303,202601,22.861,49,81.99,30
303,202602,-65.587,38,-32.516,22
303,202603,-97.728,44,-79.724,25
303,202604,99.935,58,80.659,33
303,202605,111.334,56,123.679,29
303,202606,27.299,39,23.702,21
303,202607,7.171,50,10.668,22
303,202608,7.86,41,-57.561,22
303,202609,8.341,35,-6.197,22
304,202601,112.341,38,98.837,24
304,202602,66.125,37,16.746,23
304,202603,-32.727,63,-8.826,38
304,202604,-103.04,32,-80.089,21
304,202605,-89.353,35,-64.99,16
304,202606,24.323,40,-18.192,27
304,202607,38.737,40,16.722,17
304,202608,29.005,44,-89.015,24
304,202609,-68.516,30,-24.527,17
305,202601,233.819,107,165.14,66
305,202602,-26.099,81,-103.516,49
305,202603,-70.66,54,-46.486,33
305,202604,-27.012,64,-62.373,35
305,202605,-65.101,53,44.29,25
305,202606,-76.194,53,-73.221,29
305,202607,53.128,72,31.28,32
305,202608,82.891,73,-15.379,38
305,202609,-15.707,38,-22.736,17
306,202601,100.961,37,47.95,24
306,202602,13.694,29,-44.338,17
306,202603,-19.799,16,5.092,11
306,202604,-12.263,20,14.032,11
306,202605,-46.516,19,30.197,6
306,202606,-41.282,16,-58.305,8
306,202607,-38.593,25,-12.104,13
306,202608,2.794,25,38.121,13
306,202609,-13.755,12,-27.918,5
307,202601,20.39,37,20.283,21
307,202602,-22.873,26,-4.694,16
307,202603,-33.707,17,-50.634,10
307,202604,16.175,28,-19.732,15
307,202605,19.056,17,51.512,9
307,202606,-10.739,19,8.07,9
307,202607,41.299,20,19.618,8
307,202608,46.06,22,-19.367,10
307,202609,38.375,13,14.47,7
308,202601,112.468,33,96.907,21
308,202602,-16.92,26,-54.484,16
308,202603,-17.154,21,-0.944,12
308,202604,-30.924,16,-56.673,9
308,202605,-37.641,17,-37.419,10
308,202606,-24.173,18,-22.986,12
308,202607,50.422,27,23.766,11
308,202608,34.037,26,-34.133,15
308,202609,-40.327,13,-9.288,5
309,202601,18.088,28,9.401,19
309,202602,108.142,36,32.249,20
309,202603,-2.042,101,-11.118,61
309,202604,80.153,72,99.955,47
309,202605,46.03,77,68.461,36
309,202606,171.184,70,72.17,41
309,202607,-49.668,69,3.971,28
309,202608,-37.67,49,-75.34,26
309,202609,53.998,70,72.086,43
310,202601,15.744,11,-54.236,7
310,202602,67.811,13,-11.159,7
310,202603,77.552,32,25.854,20
310,202604,68.509,26,22.98,17
310,202605,5.464,20,23.865,10
310,202606,84.65,28,51.744,14
310,202607,6.473,25,19.965,8
310,202608,5.562,12,17.736,5
310,202609,112.221,31,107.992,16
311,202601,2.471,12,61.707,9
311,202602,-42.714,12,-27.822,6
311,202603,-64.021,27,-29.09,15
311,202604,83.76,30,100.391,18
311,202605,92.278,39,72.167,20
311,202606,38.038,20,15.632,12
311,202607,-34.128,30,-8.95,14
311,202608,-38.2,19,-38.194,12
311,202609,-30.034,22,-20.667,15
312,202601,-0.127,5,1.93,3
312,202602,83.045,11,71.23,7
312,202603,-15.573,42,-7.882,26
312,202604,-72.116,16,-23.416,12
312,202605,-51.712,18,-27.571,6
312,202606,48.496,22,4.794,15
312,202607,-22.013,14,-7.044,6
312,202608,-5.032,18,-54.882,9
312,202609,-28.189,17,-15.239,12
313,202601,221.824,60,159.711,39
313,202602,6.511,47,-29.81,26
313,202603,-192.91,59,-128.03,34
313,202604,59.197,39,67.461,25
313,202605,-151.1,53,-149.734,34
313,202606,63.054,54,23.718,34
313,202607,59.702,42,89.653,33
313,202608,122.229,56,104.578,30
313,202609,-23.437,40,-31.187,24
314,202601,161.253,21,84.423,14
314,202602,-42.367,13,-29.696,6
314,202603,45.664,19,59.892,9
314,202604,-64.762,13,-23.723,9
314,202605,-76.126,19,-54.618,13
314,202606,26.237,21,15.114,13
314,202607,-58.79,16,-48.415,14
314,202608,38.762,17,21.798,5
314,202609,-31.402,16,-19.408,11
315,202601,25.656,27,87.775,17
315,202602,2.484,23,-9.67,14
315,202603,-116.819,25,-73.443,14
315,202604,60.409,15,48.436,10
315,202605,-58.867,21,-48.371,14
315,202606,39.13,15,8.878,9
315,202607,44.582,12,56.614,6
315,202608,-10.23,19,1.823,12
315,202609,-48.784,15,-30.217,6
316,202601,34.915,12,-12.487,8
316,202602,46.394,11,9.556,6
316,202603,-121.755,15,-114.479,11
316,202604,63.55,11,42.748,6
316,202605,-16.107,13,-46.745,7
316,202606,-2.313,18,-0.274,12
316,202607,73.91,14,81.454,13
316,202608,93.697,20,80.957,13
316,202609,56.749,9,18.438,7
317,202601,228.599,49,141.929,35
317,202602,-35.095,37,-39.855,19
317,202603,-141.348,21,-44.562,12
317,202604,0.915,15,2.901,10
317,202605,-60.808,20,-102.865,15
317,202606,-38.289,23,-23.403,17
317,202607,73.821,29,65.831,21
317,202608,96.694,40,73.22,21
317,202609,-58.382,17,-37.511,11
318,202601,160.824,17,88.595,12
318,202602,-32.249,12,-29.696,6
318,202603,14.937,8,27.85,5
318,202604,-12.703,5,-2.541,4
318,202605,-31.967,7,-37.748,5
318,202606,-4.613,10,-7.622,8
318,202607,-26.505,12,-33.726,9
318,202608,39.975,13,9.114,4
318,202609,-34.404,8,-24.029,7
319,202601,22.602,21,65.821,15
319,202602,-0.569,20,-12.662,11
319,202603,-70.605,7,-12.654,3
319,202604,-27.735,6,-23.569,4
319,202605,-16.825,6,-31.318,4
319,202606,-12.651,5,-5.067,4
319,202607,19.497,7,11.309,3
319,202608,-6.295,13,-4.963,7
319,202609,-26.599,6,-5.086,2
320,202601,45.173,11,-12.487,8
320,202602,-2.277,5,2.503,2
320,202603,-85.68,6,-59.758,4
320,202604,41.353,4,29.011,2
320,202605,-12.016,7,-33.799,6
320,202606,-21.025,8,-10.714,5
320,202607,80.829,10,88.248,9
320,202608,63.014,14,69.069,10
320,202609,2.621,3,-8.396,2
321,202601,-6.775,11,17.782,4
321,202602,41.606,10,10.045,7
321,202603,-51.562,38,-83.468,22
321,202604,58.282,24,64.56,15
321,202605,-90.292,33,-46.869,19
321,202606,101.343,31,47.121,17
321,202607,-14.119,13,23.822,12
321,202608,25.535,16,31.358,9
321,202609,34.945,23,6.324,13
322,202601,0.429,4,-4.172,2
322,202602,-10.118,1,0.0,0
322,202603,30.727,11,32.042,4
322,202604,-52.059,8,-21.182,5
322,202605,-44.159,12,-16.87,8
322,202606,30.85,11,22.736,5
322,202607,-32.285,4,-14.689,5
322,202608,-1.213,4,12.684,1
322,202609,3.002,8,4.621,4
323,202601,3.054,6,21.954,2
323,202602,3.053,3,2.992,3
323,202603,-46.214,18,-60.789,11
323,202604,88.144,9,72.005,6
323,202605,-42.042,15,-17.053,10
323,202606,51.781,10,13.945,5
323,202607,25.085,5,45.305,3
323,202608,-3.935,6,6.786,5
323,202609,-22.185,9,-25.131,4
324,202601,-10.258,1,0.0,0
324,202602,48.671,6,7.053,4
324,202603,-36.075,9,-54.721,7
324,202604,22.197,7,13.737,4
324,202605,-4.091,6,-12.946,1
324,202606,18.712,10,10.44,7
324,202607,-6.919,4,-6.794,4
324,202608,30.683,6,11.888,3
324,202609,54.128,6,26.834,5
325,202601,28.726,46,62.029,38
325,202602,-123.462,33,-174.291,23
325,202603,-101.448,38,-64.479,26
325,202604,-34.129,43,-41.825,37
325,202605,89.075,40,54.354,27
325,202606,102.667,34,74.607,27
325,202607,-17.185,35,-16.028,22
325,202608,29.953,27,-32.268,24
325,202609,45.297,30,27.265,19
326,202601,63.368,13,42.57,10
326,202602,-14.938,10,-49.181,7
326,202603,0.269,10,-8.032,7
326,202604,-72.079,17,-92.412,15
326,202605,-29.275,19,-3.898,12
326,202606,-21.563,6,-21.333,6
326,202607,4.817,14,-11.943,11
326,202608,22.708,7,-3.909,5
326,202609,17.581,5,-7.957,3
327,202601,20.853,19,54.407,16
327,202602,-106.855,13,-105.942,11
327,202603,-55.111,16,-8.808,9
327,202604,-9.5,15,4.743,11
327,202605,73.094,12,63.384,8
327,202606,27.619,9,2.413,5
327,202607,-20.419,10,-8.821,4
327,202608,15.076,11,-18.626,10
327,202609,21.583,11,4.023,7
328,202601,-55.495,14,-34.948,12
328,202602,-1.669,10,-19.168,5
328,202603,-46.606,12,-47.639,10
328,202604,47.45,11,45.844,11
328,202605,45.256,9,-5.132,7
328,202606,96.611,19,93.527,16
328,202607,-1.583,11,4.736,7
328,202608,-7.831,9,-9.733,9
328,202609,6.133,14,31.199,9
329,202601,72.526,33,89.998,27
329,202602,-131.77,25,-148.193,19
329,202603,-84.319,12,-46.399,8
329,202604,-2.035,15,-4.474,15
329,202605,8.86,18,-8.09,12
329,202606,9.319,15,12.975,12
329,202607,-31.207,26,-25.2,15
329,202608,22.589,14,-19.883,13
329,202609,6.289,9,-6.072,6
330,202601,50.854,8,25.219,6
330,202602,-53.326,9,-49.181,7
330,202603,-30.502,3,-30.456,3
330,202604,-24.848,7,-26.093,7
330,202605,-2.146,8,-0.821,4
330,202606,-13.654,3,-13.716,3
330,202607,-19.785,11,-30.272,9
330,202608,9.983,6,-3.909,5
330,202609,15.007,3,2.173,2
331,202601,55.103,13,77.789,11
331,202602,-75.525,10,-84.48,9
331,202603,-31.222,5,-0.396,2
331,202604,-6.95,4,-7.868,4
331,202605,32.265,6,23.709,5
331,202606,-5.453,3,-5.242,2
331,202607,-15.268,7,-5.254,2
331,202608,-15.073,4,-41.694,4
331,202609,-10.028,1,-10.042,1
332,202601,-33.431,12,-13.01,10
332,202602,-2.919,6,-14.532,3
332,202603,-22.595,4,-15.547,3
332,202604,29.763,4,29.487,4
332,202605,-21.259,4,-30.978,3
332,202606,28.426,9,31.933,7
332,202607,3.846,8,10.326,4
332,202608,27.679,4,25.72,4
332,202609,1.31,5,1.797,3
333,202601,-43.8,13,-27.969,11
333,202602,8.308,8,-26.098,4
333,202603,-17.129,26,-18.08,18
333,202604,-32.094,28,-37.351,22
333,202605,80.215,22,62.444,15
333,202606,93.348,19,61.632,15
333,202607,14.022,9,9.172,7
333,202608,7.364,13,-12.385,11
333,202609,39.008,21,33.337,13
334,202601,12.514,5,17.351,4
334,202602,38.388,1,0.0,0
334,202603,30.771,7,22.424,4
334,202604,-47.231,10,-66.319,8
334,202605,-27.129,11,-3.077,8
334,202606,-7.909,3,-7.617,3
334,202607,24.602,3,18.329,2
334,202608,12.725,1,0.0,0
334,202609,2.574,2,-10.13,1
335,202601,-34.25,6,-23.382,5
335,202602,-31.33,3,-21.462,2
335,202603,-23.889,11,-8.412,7
335,202604,-2.55,11,12.611,7
335,202605,40.829,6,39.675,3
335,202606,33.072,6,7.655,3
335,202607,-5.151,3,-3.567,2
335,202608,30.149,7,23.068,6
335,202609,31.611,10,14.065,6
336,202601,-22.064,2,-21.938,2
336,202602,1.25,4,-4.636,2
336,202603,-24.011,8,-32.092,7
336,202604,17.687,7,16.357,7
336,202605,66.515,5,25.846,4
336,202606,68.185,10,61.594,9
336,202607,-5.429,3,-5.59,3
336,202608,-35.51,5,-35.453,5
336,202609,4.823,9,29.402,6
337,202601,101.31,140,-62.722,91
337,202602,-10.141,103,-83.558,69
337,202603,-312.957,148,-158.333,84
337,202604,11.688,129,27.134,72
337,202605,-134.0,131,41.838,64
337,202606,-48.563,133,93.154,79
337,202607,28.667,121,65.529,63
337,202608,40.135,108,3.129,57
337,202609,60.381,98,-44.364,48
338,202601,72.307,39,16.912,30
338,202602,96.202,34,-11.762,22
338,202603,-2.03,38,43.182,24
338,202604,123.004,45,116.907,25
338,202605,-52.99,53,35.929,25
338,202606,22.13,47,49.425,29
338,202607,21.57,43,67.821,20
338,202608,-4.8,36,19.568,16
338,202609,-7.886,35,-2.081,17
339,202601,-80.553,59,-76.173,35
339,202602,-67.367,34,-36.558,23
339,202603,-221.39,59,-187.654,30
339,202604,-139.007,51,-75.587,29
339,202605,32.867,44,41.128,23
339,202606,-31.408,38,19.091,21
339,202607,6.548,33,0.812,16
339,202608,66.318,34,17.015,19
339,202609,85.986,36,-11.498,20
340,202601,109.556,42,-3.461,26
340,202602,-38.976,35,-35.238,24
340,202603,-89.537,51,-13.861,30
340,202604,17.327,34,-14.186,18
340,202605,-113.877,34,-35.219,16
340,202606,-39.285,48,24.638,29
340,202607,0.549,45,-3.104,27
340,202608,-21.383,38,-33.454,22
340,202609,-17.719,27,-30.785,11
341,202601,67.188,107,-65.597,68
341,202602,-47.087,70,-42.152,48
341,202603,-138.745,52,-66.665,32
341,202604,85.2,52,-8.042,28
341,202605,-77.761,58,33.687,32
341,202606,-199.424,60,-87.548,33
341,202607,71.3,68,29.053,34
341,202608,9.054,64,-7.525,28
341,202609,3.652,38,-90.254,16
342,202601,39.165,31,4.411,20
342,202602,46.93,25,-0.931,17
342,202603,-47.95,11,-44.539,6
342,202604,76.152,14,28.58,10
342,202605,-2.433,28,39.085,17
342,202606,-31.731,22,-13.304,13
342,202607,-3.03,24,5.731,11
342,202608,-20.377,25,-19.508,9
342,202609,-26.381,14,-38.065,6
343,202601,-72.588,47,-101.111,27
343,202602,-15.557,23,20.81,15
343,202603,-68.348,20,-30.903,11
343,202604,-63.715,26,-38.451,13
343,202605,-30.469,14,0.073,6
343,202606,-90.685,20,-29.966,7
343,202607,65.861,16,25.248,7
343,202608,37.623,15,14.965,7
343,202609,41.705,14,-17.053,7
344,202601,100.611,29,31.103,21
344,202602,-78.46,22,-62.031,16
344,202603,-22.447,21,8.777,15
344,202604,62.399,13,1.829,5
344,202605,-44.859,16,-5.471,9
344,202606,-77.008,18,-44.278,13
344,202607,8.469,28,-1.926,16
344,202608,-8.192,24,-2.982,12
344,202609,-11.672,10,-35.136,3
345,202601,34.122,33,2.875,23
345,202602,36.946,33,-41.406,21
345,202603,-174.212,96,-91.668,52
345,202604,-73.512,77,35.176,44
345,202605,-56.239,73,8.151,32
345,202606,150.861,73,180.702,46
345,202607,-42.633,53,36.476,29
345,202608,31.081,44,10.654,29
345,202609,56.729,60,45.89,32
346,202601,33.142,8,12.501,10
346,202602,49.272,9,-10.831,5
346,202603,45.92,27,87.721,18
346,202604,46.852,31,88.327,15
346,202605,-50.557,25,-3.156,8
346,202606,53.861,25,62.729,16
346,202607,24.6,19,62.09,9
346,202608,15.577,11,39.076,7
346,202609,18.495,21,35.984,11
347,202601,-7.965,12,24.938,8
347,202602,-51.81,11,-57.368,8
347,202603,-153.042,39,-156.751,19
347,202604,-75.292,25,-37.136,16
347,202605,63.336,30,41.055,17
347,202606,59.277,18,49.057,14
347,202607,-59.313,17,-24.436,9
347,202608,28.695,19,2.05,12
347,202609,44.281,22,5.555,13
348,202601,8.945,13,-34.564,5
348,202602,39.484,13,26.793,8
348,202603,-67.09,30,-22.638,15
348,202604,-45.072,21,-16.015,13
348,202605,-69.018,18,-29.748,7
348,202606,37.723,30,68.916,16
348,202607,-7.92,17,-1.178,11
348,202608,-13.191,14,-30.472,10
348,202609,-6.047,17,4.351,8
349,202601,54.386,54,70.843,41
349,202602,-168.511,50,-62.037,31
349,202603,73.762,58,48.653,40
349,202604,71.276,32,38.364,21
349,202605,-58.317,44,-35.136,30
349,202606,-89.164,49,-48.177,31
349,202607,131.246,43,63.862,30
349,202608,2.487,44,-10.588,34
349,202609,-0.415,46,10.371,23
350,202601,98.924,16,109.168,11
350,202602,-17.711,19,7.965,11
350,202603,191.713,20,148.057,14
350,202604,-0.35,11,0.873,8
350,202605,-8.984,15,-2.125,13
350,202606,4.331,15,-7.351,9
350,202607,-43.258,19,-21.373,13
350,202608,-36.59,12,-26.869,10
350,202609,8.608,15,-2.192,8
351,202601,-76.159,25,-44.884,22
351,202602,-87.88,18,-45.173,12
351,202603,20.954,22,-22.753,14
351,202604,34.377,13,18.458,7
351,202605,5.349,17,12.92,9
351,202606,-113.752,15,-67.516,8
351,202607,107.105,9,42.689,4
351,202608,-13.541,14,-42.07,10
351,202609,-18.408,21,8.927,10
352,202601,31.621,13,6.559,8
352,202602,-62.92,13,-24.829,8
352,202603,-138.905,16,-76.651,12
352,202604,37.249,8,19.033,6
352,202605,-54.682,12,-45.931,8
352,202606,20.257,19,26.69,14
352,202607,67.399,15,42.546,13
352,202608,52.618,18,58.351,14
352,202609,9.385,10,3.636,5
353,202601,86.098,39,34.719,31
353,202602,-129.855,35,-95.207,23
353,202603,-128.744,26,-59.075,18
353,202604,34.393,9,20.077,7
353,202605,-52.482,24,-61.76,18
353,202606,-18.627,24,12.445,15
353,202607,3.467,24,-34.913,14
353,202608,27.118,30,0.835,24
353,202609,-3.574,15,14.319,6
354,202601,68.47,10,59.297,7
354,202602,10.22,15,28.255,9
354,202603,37.49,9,57.883,7
354,202604,9.166,3,9.118,3
354,202605,-28.905,7,-29.162,7
354,202606,5.525,9,-1.838,4
354,202607,-61.265,12,-38.868,6
354,202608,-18.804,11,-26.869,10
354,202609,-1.446,4,9.405,3
355,202601,-22.206,20,-19.095,18
355,202602,-81.903,13,-69.846,10
355,202603,-44.548,8,-37.374,5
355,202604,28.771,4,20.999,3
355,202605,9.088,9,1.353,6
355,202606,-25.512,5,-14.928,4
355,202607,48.042,4,5.686,1
355,202608,11.743,8,-7.715,5
355,202609,6.863,7,14.914,2
356,202601,39.834,9,-5.483,6
356,202602,-58.172,7,-53.616,4
356,202603,-121.686,9,-79.584,6
356,202604,-3.544,2,-10.04,1
356,202605,-32.665,8,-33.951,5
356,202606,1.36,10,29.211,7
356,202607,16.69,8,-1.731,7
356,202608,34.179,11,35.419,9
356,202609,-8.991,4,-10.0,1
357,202601,-31.712,15,36.124,10
357,202602,-38.656,15,33.17,8
357,202603,202.506,32,107.728,22
357,202604,36.883,23,18.287,14
357,202605,-5.835,20,26.624,12
357,202606,-70.537,25,-60.622,16
357,202607,127.779,19,98.775,16
357,202608,-24.631,14,-11.423,10
357,202609,3.159,31,-3.948,17
358,202601,30.454,6,49.871,4
358,202602,-27.931,4,-20.29,2
358,202603,154.223,11,90.174,7
358,202604,-9.516,8,-8.245,5
358,202605,19.921,8,27.037,6
358,202606,-1.194,6,-5.513,5
358,202607,18.007,7,17.495,7
358,202608,-17.786,1,0.0,0
358,202609,10.054,11,-11.597,5
359,202601,-53.953,5,-25.789,4
359,202602,-5.977,5,24.673,2
359,202603,65.502,14,14.621,9
359,202604,5.606,9,-2.541,4
359,202605,-3.739,8,11.567,3
359,202606,-88.24,10,-52.588,4
359,202607,59.063,5,37.003,3
359,202608,-25.284,6,-34.355,5
359,202609,-25.271,14,-5.987,8
360,202601,-8.213,4,12.042,2
360,202602,-4.748,6,28.787,4
360,202603,-17.219,7,2.933,6
360,202604,40.793,6,29.073,5
360,202605,-22.017,4,-11.98,3
360,202606,18.897,9,-2.521,7
360,202607,50.709,7,44.277,6
360,202608,18.439,7,22.932,5
360,202609,18.376,6,13.636,4
361,202601,91.912,99,46.831,67
361,202602,-98.697,78,-116.633,51
361,202603,-73.356,92,-132.711,65
361,202604,60.413,83,92.684,60
361,202605,-25.138,89,-49.625,61
361,202606,114.23,95,-6.369,71
361,202607,-96.046,86,-31.011,59
361,202608,-79.982,76,-37.989,53
361,202609,38.818,88,20.319,62
362,202601,78.004,35,50.939,25
362,202602,58.125,27,21.041,20
362,202603,-13.935,18,-25.501,13
362,202604,-81.486,34,-60.537,23
362,202605,-23.187,26,-48.103,17
362,202606,39.543,39,9.854,30
362,202607,34.532,31,31.41,20
362,202608,41.864,24,5.206,17
362,202609,83.649,31,83.663,25
363,202601,76.091,31,1.836,19
363,202602,-72.697,28,-102.583,18
363,202603,-48.837,33,-74.885,23
363,202604,62.979,25,47.386,17
363,202605,-56.036,34,-50.581,24
363,202606,-18.867,26,-59.673,19
363,202607,-58.373,25,-33.394,18
363,202608,-60.797,29,-42.199,19
363,202609,17.369,26,42.524,16
364,202601,-62.183,33,-5.944,23
364,202602,-84.125,23,-35.091,13
364,202603,-10.584,41,-32.325,29
364,202604,78.92,24,105.835,20
364,202605,54.085,29,49.059,20
364,202606,93.554,30,43.45,22
364,202607,-72.205,30,-29.027,21
364,202608,-61.049,23,-0.996,17
364,202609,-62.2,31,-105.868,21
365,202601,38.903,79,28.819,56
365,202602,-54.274,57,-47.322,36
365,202603,-62.264,37,-36.823,25
365,202604,106.561,38,77.581,30
365,202605,-24.794,34,-42.01,21
365,202606,-48.099,40,-65.719,34
365,202607,-53.414,40,-10.805,29
365,202608,-74.199,40,-29.078,30
365,202609,42.694,32,6.186,20
366,202601,67.125,30,45.919,21
366,202602,65.376,22,28.62,15
366,202603,-15.232,6,4.791,4
366,202604,-11.266,17,-44.619,13
366,202605,1.852,12,-17.479,4
366,202606,-39.34,16,-27.03,13
366,202607,-0.753,13,-13.006,9
366,202608,35.095,11,25.754,8
366,202609,28.81,10,13.472,7
367,202601,-4.019,24,-26.183,16
367,202602,-55.008,20,-60.316,13
367,202603,-37.371,12,-41.853,10
367,202604,58.532,12,53.039,9
367,202605,-46.794,8,-50.599,8
367,202606,-5.243,12,-25.906,10
367,202607,-24.531,10,-12.735,7
367,202608,-50.332,15,-57.892,10
367,202609,25.679,11,37.161,7
368,202601,-24.203,25,9.083,19
368,202602,-64.642,15,-15.626,8
368,202603,-9.661,19,0.239,11
368,202604,59.295,9,69.161,8
368,202605,20.148,14,26.068,9
368,202606,-3.516,12,-12.783,11
368,202607,-28.13,17,14.936,13
368,202608,-58.962,14,3.06,12
368,202609,-11.795,11,-44.447,6
369,202601,53.009,20,18.012,11
369,202602,-44.423,21,-69.311,15
369,202603,-11.092,55,-95.888,40
369,202604,-46.148,45,15.103,30
369,202605,-0.344,55,-7.615,40
369,202606,162.329,55,59.35,37
369,202607,-42.632,46,-20.206,30
369,202608,-5.783,36,-8.911,23
369,202609,-3.876,56,14.133,42
370,202601,10.879,5,5.02,4
370,202602,-7.251,5,-7.579,5
370,202603,1.297,12,-30.292,9
370,202604,-70.22,17,-15.918,10
370,202605,-25.039,14,-30.624,13
370,202606,78.883,23,36.884,17
370,202607,35.285,18,44.416,11
370,202608,6.769,13,-20.548,9
370,202609,54.839,21,70.191,18
371,202601,80.11,7,28.019,3
371,202602,-17.689,8,-42.267,5
371,202603,-11.466,21,-33.032,13
371,202604,4.447,13,-5.653,8
371,202605,-9.242,26,0.018,16
371,202606,-13.624,14,-33.767,9
371,202607,-33.842,15,-20.659,11
371,202608,-10.465,14,15.693,9
371,202609,-8.31,15,5.363,9
372,202601,-37.98,8,-15.027,4
372,202602,-19.483,8,-19.465,5
372,202603,-0.923,22,-32.564,18
372,202604,19.625,15,36.674,12
372,202605,33.937,15,22.991,11
372,202606,97.07,18,56.233,11
372,202607,-44.075,13,-43.963,8
372,202608,-2.087,9,-4.056,5
372,202609,-50.405,20,-61.421,15
373,202601,-0.19,41,-27.341,33
373,202602,32.783,29,5.843,24
373,202603,-34.201,31,-71.458,25
373,202604,45.008,33,58.2,25
373,202605,63.573,37,-1.109,29
373,202606,-98.408,24,-39.702,21
373,202607,-69.1,37,-46.429,28
373,202608,-42.375,33,-61.699,20
373,202609,-4.684,37,-12.363,30
374,202601,53.166,10,24.907,6
374,202602,19.061,11,-0.358,8
374,202603,16.006,10,-3.97,6
374,202604,16.987,10,23.672,7
374,202605,2.481,12,-6.167,10
374,202606,-54.9,7,-53.682,7
374,202607,-33.517,17,-21.349,12
374,202608,-22.938,10,-28.002,6
374,202609,-15.42,13,-4.42,12
375,202601,-58.968,19,-58.443,15
375,202602,-23.74,10,-15.243,9
375,202603,-8.407,11,-14.261,10
375,202604,15.448,11,35.785,9
375,202605,23.927,18,12.272,13
375,202606,-26.035,7,-30.492,3
375,202607,-27.049,12,-15.212,8
375,202608,-28.699,10,-35.882,6
375,202609,-8.194,9,1.995,8
376,202601,5.612,12,6.195,12
376,202602,37.462,8,21.444,7
376,202603,-41.8,10,-53.227,9
376,202604,12.573,12,-1.257,9
376,202605,37.165,7,-7.214,6
376,202606,-17.473,10,44.472,11
376,202607,-8.534,8,-9.868,8
376,202608,9.262,13,2.185,8
376,202609,18.93,15,-9.938,10
377,202601,36.581,30,13.552,26
377,202602,-6.862,22,-59.621,19
377,202603,-35.59,16,-58.505,14
377,202604,14.201,15,48.734,9
377,202605,28.388,18,-25.472,13
377,202606,-49.455,9,7.081,8
377,202607,-33.113,18,-19.287,15
377,202608,-16.93,18,-6.472,13
377,202609,-39.319,13,-29.434,10
378,202601,40.652,5,27.663,4
378,202602,-26.057,8,-61.854,6
378,202603,1.83,6,-10.171,5
378,202604,12.3,5,21.626,4
378,202605,17.879,6,-7.344,4
378,202606,-3.34,2,-3.384,2
378,202607,-14.393,9,-9.658,7
378,202608,-5.245,6,-7.87,4
378,202609,-22.156,6,-11.414,5
379,202601,-14.404,15,-25.013,12
379,202602,-19.121,8,-20.534,8
379,202603,-12.393,4,-12.411,4
379,202604,7.943,5,28.346,3
379,202605,-6.657,8,-16.483,6
379,202606,-5.309,3,-10.02,1
379,202607,-20.07,5,-10.031,4
379,202608,-25.529,5,-15.57,4
379,202609,-10.028,1,-10.042,1
380,202601,10.333,10,10.902,10
380,202602,38.316,6,22.767,5
380,202603,-25.027,6,-35.923,5
380,202604,-6.042,5,-1.238,2
380,202605,17.166,4,-1.645,3
380,202606,-40.806,4,20.485,5
380,202607,1.35,4,0.402,4
380,202608,13.844,7,16.968,5
380,202609,-7.135,6,-7.978,4
381,202601,-36.771,11,-40.893,7
381,202602,39.645,7,65.464,5
381,202603,1.389,15,-12.953,11
381,202604,30.807,18,9.466,16
381,202605,35.185,19,24.363,16
381,202606,-48.953,15,-46.783,13
381,202607,-35.987,19,-27.142,13
381,202608,-25.445,15,-55.227,7
381,202609,34.635,24,17.071,20
382,202601,12.514,5,-2.756,2
382,202602,45.118,3,61.496,2
382,202603,14.176,4,6.201,1
382,202604,4.687,5,2.046,3
382,202605,-15.398,6,1.177,6
382,202606,-51.56,5,-50.298,5
382,202607,-19.124,8,-11.691,5
382,202608,-17.693,4,-20.132,2
382,202609,6.736,7,6.994,7
383,202601,-44.564,4,-33.43,3
383,202602,-4.619,2,5.291,1
383,202603,3.986,7,-1.85,6
383,202604,7.505,6,7.439,6
383,202605,30.584,10,28.755,7
383,202606,-20.726,4,-20.472,2
383,202607,-6.979,7,-5.181,4
383,202608,-3.17,5,-20.312,2
383,202609,1.834,8,12.037,7
384,202601,-4.721,2,-4.707,2
384,202602,-0.854,2,-1.323,2
384,202603,-16.773,4,-17.304,4
384,202604,18.615,7,-0.019,7
384,202605,19.999,3,-5.569,3
384,202606,23.333,6,23.987,6
384,202607,-9.884,4,-10.27,4
384,202608,-4.582,6,-14.783,3
384,202609,26.065,9,-1.96,6
