name,net,pf,trades,win_pct,maxdd,maxdd_pct,min_eq,max_float_loss,max_lots,max_layers,days,win_days_pct,worst_day,best_day,max_consec_loss_days,blown,n_chot_lai_rong,n_chot_loi_1_huong,n_chot_tong,n_cat_lo_1_huong,n_cat_lo_ro,n_cham_SL,n_cham_TP,n_dong_ngoai_gio,n_dung_ngay,n_cat_lo_thoi_gian,m_2026-01,m_2026-02,m_2026-03,m_2026-04,m_2026-05
set710taikhoan20k,24909.73,1.080,34683,65.8,11290.28,25.13,17998.22,998.12,0.97,14,105,61.0,-3771.31,6061.56,4,0,208,160,235,2502,0,20892,9878,808,0,0,7798.12,14014.93,-2498.76,984.48,4610.96
r11_00000,-1069.99,0.910,2540,78.3,2118.84,10.26,18524.15,443.86,0.20,4,91,58.2,-518.47,221.19,4,0,4,0,0,0,0,2339,87,110,0,0,525.92,-967.22,-858.97,327.39,-97.12
r11_00001,-19.93,0.907,52,82.7,441.77,2.20,19611.15,468.66,0.08,3,12,83.3,-95.63,32.20,1,0,0,0,0,0,0,45,2,5,0,0,47.90,-95.63,0.00,-26.41,54.22
r11_00002,3485.54,1.032,16013,66.9,2716.03,11.48,18516.09,295.29,0.31,6,105,56.2,-863.31,1157.33,4,0,7,0,0,800,0,12400,2235,571,0,0,-129.97,3098.52,696.37,-355.28,175.89
r11_00003,-3275.95,0.931,7689,70.5,4980.40,24.20,15599.39,299.99,0.50,6,95,51.6,-687.26,604.20,6,0,48,0,0,0,233,6857,311,223,17,0,-40.67,-285.41,-2986.01,315.06,-278.93
r11_00004,2136.85,1.017,18361,77.2,2168.45,9.00,19793.02,400.05,0.16,3,117,50.4,-679.99,867.02,9,0,0,305,0,237,0,16762,552,505,0,0,1514.97,576.94,744.24,-458.17,-241.12
r11_00005,12870.01,1.063,24748,65.5,7748.06,20.57,18104.80,1692.64,0.52,7,105,61.0,-2436.48,3069.98,4,0,626,0,0,14,0,19341,4315,452,0,0,2996.38,13806.69,-3470.01,-1367.86,904.80
r11_00006,3234.34,1.012,44355,63.6,5462.92,23.45,17017.87,1030.13,0.45,13,105,51.4,-2301.77,2502.37,7,0,0,142,0,0,0,34067,9550,596,0,0,-859.28,3816.09,-169.11,1679.65,-1233.01
r11_00007,764.18,1.010,9433,76.3,1921.80,8.56,19313.72,399.07,0.12,3,105,45.7,-357.33,882.61,6,0,0,20,0,339,0,8200,307,567,0,0,198.71,1938.39,-302.15,-652.46,-418.32
r11_00008,9407.50,1.050,24807,67.8,5105.80,15.93,19171.51,498.03,0.39,10,105,56.2,-1188.56,2165.32,4,0,45,2,9,2563,0,15040,6321,827,0,0,5341.64,2932.86,148.33,2000.05,-1015.37
r11_00009,14845.78,1.055,39265,65.7,7611.18,25.92,19551.10,1899.77,0.84,15,105,56.2,-2637.68,2760.81,4,0,103,0,22,0,261,27680,10524,662,13,0,5620.81,4401.17,4931.29,489.60,-597.09
r11_00010,3491.85,1.044,16533,69.6,2743.28,11.26,19595.87,977.07,0.24,6,103,51.5,-814.38,944.79,4,0,0,0,0,0,0,9663,6070,800,0,0,1854.71,426.91,1137.11,1786.52,-1713.40
r11_00011,15616.63,1.051,37675,68.4,6809.83,17.14,18861.17,599.99,0.29,8,105,57.1,-1558.73,1382.71,7,0,0,0,644,2833,0,26149,7402,553,94,0,6667.16,7376.04,133.78,2588.25,-1148.61
r11_00012,2167.37,1.116,4278,72.8,2306.22,10.26,19770.45,1499.72,0.32,7,94,75.5,-1394.54,306.52,4,0,0,0,0,0,7,3374,646,251,0,0,1586.11,-154.25,-83.90,-187.40,1006.82
r11_00013,1770.07,1.086,4377,70.6,1825.39,8.19,19804.50,1592.09,0.24,7,102,67.6,-1486.39,351.48,2,0,0,67,0,6,0,3268,452,584,0,0,823.17,1150.99,-748.54,207.18,337.27
r11_00014,2160.35,1.032,14405,63.7,2872.45,11.50,19934.17,337.02,0.36,10,105,48.6,-579.08,635.12,9,0,0,0,0,0,0,11999,2054,352,0,0,1599.60,614.35,974.08,1378.71,-2406.39
r11_00015,2830.79,1.037,10403,75.4,1193.55,5.20,19822.31,685.52,0.12,3,105,50.5,-215.34,871.21,6,0,0,3,49,48,0,9461,313,529,0,0,1977.72,443.44,39.82,476.42,-106.61
r11_00016,5703.83,1.183,9557,67.5,2710.58,9.85,19568.48,1099.29,0.40,10,96,74.0,-918.31,485.98,3,0,0,0,0,50,0,4819,4049,639,0,0,2374.24,1925.51,1710.59,-35.14,-271.37
r11_00017,-2764.07,0.978,20095,69.6,3507.80,16.91,17235.93,648.36,0.16,4,117,37.6,-727.65,917.04,8,0,25,32,0,0,0,19048,606,384,0,0,-1086.19,818.66,-481.69,253.69,-2268.54
r11_00018,-796.97,0.995,15279,67.7,17883.45,57.51,13214.43,2293.86,0.81,8,105,59.0,-2458.55,3172.53,5,0,0,0,1284,164,0,11877,1416,481,57,0,6136.24,-5498.07,-3586.34,-1260.64,3411.84
r11_00019,5275.24,1.040,18269,66.2,6419.43,22.87,18714.49,698.44,0.72,16,105,69.5,-2063.95,578.66,5,0,0,0,0,1406,0,11252,4930,240,441,0,2423.77,2699.61,818.07,-1482.44,816.22
r11_00020,1188.22,1.003,37101,64.7,10832.49,35.80,17766.08,798.74,0.80,8,104,50.0,-2377.71,3219.36,5,0,0,0,0,852,0,28633,7145,443,28,0,4462.60,4863.40,-5077.49,1513.46,-4573.76
r11_00021,21595.93,1.080,31964,67.3,12470.96,53.60,10797.39,2636.32,0.52,14,117,60.7,-5574.20,4736.56,6,0,1773,846,0,76,0,21746,6912,611,0,0,-5487.47,20040.22,7283.78,2850.80,-3091.40
r11_00022,4269.33,1.020,31918,68.3,2399.57,9.51,19619.21,889.51,0.20,5,105,46.7,-1062.21,2422.24,13,0,298,0,0,90,0,24943,5903,684,0,0,1376.20,2221.87,1979.93,228.89,-1537.56
r11_00023,200.37,1.007,4360,68.5,1697.39,8.22,18960.03,1486.44,0.20,5,105,57.1,-985.81,573.89,4,0,0,0,8,0,0,3213,558,581,0,0,-473.92,-86.36,1077.23,-195.33,-121.25
r11_00024,19346.34,1.159,15913,67.5,8184.22,21.55,19432.66,1699.09,0.54,7,103,60.2,-2752.36,2207.27,5,0,0,556,0,0,28,12160,2606,544,19,0,4053.20,6795.57,2807.84,386.49,5303.25
r11_00025,-3299.62,0.946,12011,65.0,5983.59,26.91,16254.31,299.89,0.60,10,99,50.5,-936.08,715.03,7,0,0,0,0,744,0,7653,3473,141,0,0,853.31,621.71,-563.64,-712.09,-3498.92
r11_00026,-2289.79,0.510,626,78.4,2818.12,13.86,17520.07,499.23,0.14,5,68,67.6,-486.10,105.04,3,0,0,0,0,0,13,538,25,50,0,0,273.52,-1100.68,-304.00,-440.60,-718.03
r11_00027,9495.63,1.060,16928,69.2,5733.95,17.69,17831.85,1193.90,0.44,7,105,62.9,-1972.60,1910.40,4,0,0,48,0,329,0,12510,3341,700,0,0,-894.88,8724.80,-1423.44,3229.92,-140.77
r11_00028,10901.50,1.104,11544,68.9,7739.81,23.97,17472.85,1899.65,0.48,8,103,64.1,-2149.98,1986.41,3,0,0,263,151,209,0,8747,1535,639,0,0,5697.61,3037.18,-391.52,5394.25,-2836.01
r11_00029,-371.50,0.845,549,76.0,841.90,4.19,19227.55,296.84,0.18,6,50,72.0,-313.98,127.26,3,0,0,0,0,0,0,483,59,7,0,0,-35.21,-661.97,34.62,242.11,48.95
r11_00030,9369.22,1.112,12757,70.6,4609.13,18.16,18962.72,1699.64,0.22,8,105,58.1,-1632.57,2111.28,8,0,0,0,0,0,72,8114,3867,612,92,0,2607.18,-590.90,3070.35,2248.05,2034.54
r11_00031,5871.18,1.060,16328,69.9,5616.69,22.53,19317.90,2163.94,0.24,6,105,60.0,-1895.89,1707.87,5,0,0,0,10,30,0,9734,5661,893,0,0,2706.43,765.35,285.37,2159.29,-45.26
r11_00032,-694.04,0.973,4988,71.1,2511.69,11.85,18675.78,345.01,0.16,3,101,52.5,-493.09,362.44,7,0,0,0,0,0,0,4494,177,317,0,0,113.11,961.71,-1040.20,-797.80,69.14
r11_00033,2093.05,1.045,8658,69.5,647.35,2.87,19709.37,491.17,0.12,3,105,54.3,-208.11,606.37,5,0,0,0,58,0,0,7967,202,431,0,0,-59.18,1671.66,650.84,-11.73,-158.55
r11_00034,15024.56,1.084,15287,71.8,2761.81,8.80,19349.28,799.96,0.39,4,105,61.0,-1272.99,1626.09,3,0,60,12,0,56,318,13757,414,631,39,0,4909.14,1107.96,6641.92,3413.98,-1048.44
r11_00035,832.71,1.066,2908,76.1,2233.60,10.06,19712.38,699.66,0.27,9,93,71.0,-637.26,215.59,6,0,0,0,0,15,0,2397,341,155,0,0,1134.63,-148.16,544.83,-503.74,-194.85
r11_00036,22940.07,1.078,30992,69.6,10694.28,35.05,18248.62,2686.06,0.57,7,105,62.9,-5089.69,4368.24,4,0,0,1700,0,189,0,17452,10660,991,0,0,7426.91,4277.74,3766.13,7963.64,-494.36
r11_00037,5635.18,1.138,7345,69.2,4665.69,16.49,19633.81,1599.82,0.64,8,94,76.6,-1556.75,638.22,2,0,0,0,0,85,0,5903,1003,354,0,0,5633.16,-2273.71,743.67,2861.91,-1329.85
r11_00038,-1152.28,0.962,7134,65.3,1867.97,9.08,18706.41,280.45,0.46,7,95,51.6,-575.11,322.05,5,0,0,0,0,0,0,6537,389,208,0,0,37.90,-202.44,-436.11,757.42,-1309.05
r11_00039,15357.60,1.107,14048,64.1,11263.76,40.05,16860.06,1199.60,0.79,8,105,45.7,-1673.60,3860.25,8,0,32,7,269,0,493,9425,3348,298,176,0,5293.84,-7718.78,13659.65,4244.58,-121.70
r11_00040,6175.09,1.053,14691,68.6,6813.96,22.88,18515.36,1289.06,0.52,7,104,62.5,-1904.39,1390.94,5,0,0,351,0,0,6,12413,1502,408,11,0,1093.76,4398.87,869.75,-483.50,296.21
r11_00041,16199.04,1.076,19430,63.9,19381.00,37.90,18984.93,2889.06,1.62,10,105,61.0,-4273.22,6524.73,5,0,2689,476,0,317,0,11137,4104,633,74,0,6822.50,10196.70,11006.56,-5356.92,-6469.80
r11_00042,11126.19,1.055,24784,67.4,10533.70,34.16,18687.87,1879.97,0.67,12,105,62.9,-3714.33,2352.61,6,0,0,0,389,274,0,15846,7507,768,0,0,3801.53,3805.82,-2074.23,3076.77,2516.30
r11_00043,42169.51,1.155,25809,68.3,12873.24,22.67,18842.45,2181.25,0.79,7,105,73.3,-3904.15,5863.47,4,0,406,1755,580,126,0,18638,3665,633,6,0,11536.19,19437.56,1486.97,9901.24,-192.46
r11_00044,2801.42,1.116,4292,69.9,1898.79,7.76,19851.62,957.06,0.32,4,103,65.0,-971.51,667.98,5,0,0,0,0,0,0,3694,146,452,0,0,1673.06,757.76,823.42,477.34,-930.16
r11_00045,-5413.16,0.971,19351,68.7,11676.54,46.47,11547.68,1099.95,0.50,10,105,57.1,-5384.40,2333.07,7,0,0,137,0,0,1175,13044,4182,813,0,0,-4181.38,5702.61,-6827.55,3039.71,-3146.56
r11_00046,-1519.75,0.755,1113,78.3,2924.75,13.92,18090.82,1582.61,0.18,4,64,70.3,-1247.22,155.45,3,0,0,43,0,0,0,954,42,74,0,0,962.70,-445.32,-1595.05,106.51,-548.59
r11_00047,16581.10,1.094,24966,67.2,3289.69,10.75,19688.26,749.51,0.54,5,104,64.4,-2297.46,1727.85,4,0,0,0,13,0,0,20380,4047,526,0,0,5742.69,2832.64,2158.01,8816.10,-2968.34
r11_00048,2547.29,1.028,12737,67.0,4834.11,18.85,19671.44,891.05,0.54,10,105,67.6,-2456.43,1619.11,3,0,100,0,0,547,0,7198,4076,816,0,0,1955.16,2129.39,-1422.82,291.69,-406.12
r11_00049,15520.64,1.128,17575,69.6,5119.49,19.45,19128.04,2644.03,0.22,10,105,63.8,-1907.78,2446.98,3,0,0,79,0,18,0,10801,5787,890,0,0,3911.03,1986.66,9227.78,305.60,89.59
r11_00050,7227.29,1.121,9112,71.1,5125.63,17.80,19456.40,1005.01,0.37,5,100,59.0,-935.26,789.19,7,0,0,11,0,0,0,7870,978,253,0,0,1816.46,1895.89,615.02,1748.43,1151.49
r11_00051,6389.06,1.025,34934,69.3,6550.04,20.46,19830.76,687.20,0.28,7,117,56.4,-2078.77,2678.41,8,0,0,865,0,532,0,25204,7741,592,0,0,3110.65,7875.58,-3832.34,1241.11,-2005.94
r11_00052,-133.09,0.920,592,74.3,195.01,0.97,19852.39,30.54,0.08,2,51,33.3,-37.81,39.67,7,0,0,0,0,0,0,574,18,0,0,0,-22.80,-8.77,-21.40,-43.88,-36.25
r11_00053,4272.08,1.023,26337,68.7,3617.45,14.33,19485.57,1363.88,0.22,6,105,57.1,-997.82,1543.89,4,0,0,557,0,0,0,22576,2709,428,67,0,-219.28,2886.66,979.77,774.23,-149.31
r11_00054,16123.64,1.119,20081,69.3,7403.03,29.22,17936.31,1899.67,0.23,8,105,61.0,-2605.81,3504.45,4,0,0,0,0,71,0,11577,7666,753,14,0,-717.98,6861.61,6928.69,3648.05,-596.74
r11_00055,6297.28,1.023,34402,65.5,5086.91,22.53,17488.39,1000.77,0.35,4,105,49.5,-1493.55,1845.59,6,0,56,183,0,0,0,33000,747,416,0,0,1260.90,3248.92,3539.95,-1148.18,-604.32
r11_00056,1857.99,1.021,10939,76.4,1609.82,7.17,19901.17,595.21,0.12,3,105,56.2,-442.50,427.16,5,0,0,214,0,165,0,9654,333,573,0,0,900.79,1310.98,-733.32,257.63,121.91
r11_00057,-2584.95,0.983,14650,74.2,7252.62,30.22,16750.51,2085.21,0.22,4,105,55.2,-2190.75,1738.11,5,0,0,50,0,88,0,13285,497,730,0,0,540.68,2850.20,-3844.93,-1498.13,-632.76
r11_00058,-240.03,0.992,5074,73.5,1808.38,8.41,19697.48,442.54,0.12,3,103,56.3,-377.12,432.77,4,0,0,0,0,0,0,4572,178,324,0,0,439.09,277.84,-337.10,-89.77,-530.09
r11_00059,4366.36,1.032,19989,65.8,2611.13,11.58,19085.49,193.68,0.26,7,105,57.1,-1266.57,1430.10,8,0,0,1045,6,915,0,16406,1157,460,0,0,237.64,1040.87,2646.95,653.82,-212.91
r11_00060,-2402.85,0.955,11540,72.4,4671.33,21.31,17254.53,332.27,0.24,8,101,56.4,-519.93,418.57,7,0,0,0,0,0,0,10409,1000,108,23,0,28.26,1415.74,-1500.25,-1527.13,-819.47
r11_00061,4008.69,1.207,3421,72.6,4755.71,18.11,19535.26,2197.03,0.30,5,90,78.9,-2092.93,448.40,5,0,0,0,0,5,0,3032,259,125,0,0,1791.13,2135.80,-799.91,262.25,619.43
r11_00062,11331.67,1.169,9932,70.5,1700.06,6.66,19764.52,699.97,0.24,5,105,60.0,-857.91,1538.58,3,0,0,0,0,5,253,6543,2402,729,0,0,3557.46,449.40,4874.37,1865.63,584.81
r11_00063,-1597.74,0.919,4116,72.9,3042.28,14.19,18402.26,603.22,0.21,6,93,63.4,-957.92,299.44,4,0,0,0,0,0,0,3531,385,154,46,0,882.14,-433.91,-512.54,88.09,-1621.52
r11_00064,7220.38,1.020,32310,67.7,19562.02,50.84,11323.23,2296.33,0.79,11,105,61.0,-11249.71,4059.35,8,0,1181,0,20,568,0,20821,8814,906,0,0,6637.37,-2715.03,6645.67,-6094.74,2747.11
r11_00065,9594.73,1.062,17283,68.9,13008.33,34.28,18138.06,2399.88,0.51,8,103,60.2,-4644.49,2176.69,4,0,0,4,0,264,0,14154,2357,504,0,0,11074.72,273.42,875.16,-3083.10,454.53
r11_00066,47.76,1.001,6813,71.3,6668.71,25.83,18885.83,1896.39,0.22,7,99,67.7,-1766.93,661.46,4,0,0,0,0,14,0,5213,1087,499,0,0,-117.33,4011.10,-1319.00,-1346.41,-1180.60
r11_00067,10311.37,1.056,27324,66.9,3370.64,10.02,19116.73,599.53,0.22,6,117,40.2,-767.95,1883.72,15,0,0,186,0,0,62,24838,1939,294,5,0,627.40,4055.19,7198.12,1270.01,-2839.35
r11_00068,-811.15,0.922,2380,70.5,2259.42,10.70,18848.54,563.92,0.36,7,79,64.6,-555.66,208.42,3,0,0,0,0,0,0,1737,464,177,2,0,524.22,244.46,-340.68,-540.29,-698.85
r11_00069,-469.87,0.971,3341,77.2,2802.04,13.22,18386.81,399.99,0.12,3,97,54.6,-392.57,361.28,9,0,0,0,0,50,0,2998,142,151,0,0,697.03,-197.53,31.15,-1276.81,276.29
r11_00070,5045.55,1.015,37688,68.0,11381.17,36.38,18942.17,1880.97,0.71,7,114,54.4,-2804.58,2347.05,7,0,0,0,15,75,0,29882,7096,466,154,0,7530.01,-524.05,-4313.18,4958.36,-2605.59
r11_00071,16639.18,1.116,15953,68.7,9650.11,37.41,16147.18,2091.52,0.66,23,105,72.4,-3558.82,3759.99,3,0,0,162,0,589,0,9558,4437,1201,6,0,-854.22,10708.35,3390.83,3526.81,-132.59
r11_00072,16801.24,1.051,45402,63.6,6333.99,16.55,19653.26,299.82,0.69,10,105,54.3,-1951.07,3385.76,5,0,640,0,0,5840,0,25213,13074,635,0,0,10605.15,4584.95,3613.25,1764.92,-3767.02
r11_00073,5625.31,1.057,16396,69.1,8730.74,29.15,18967.89,699.98,0.30,7,100,53.0,-2058.78,1194.44,8,0,0,97,30,596,0,10767,4316,590,0,0,5974.83,3113.13,-4959.59,484.90,1012.05
r11_00074,6588.64,1.133,8970,70.1,3435.48,12.47,19665.73,1199.77,0.59,14,102,73.5,-1073.96,863.31,2,0,13,9,76,178,0,6452,1679,545,18,0,1907.89,4470.80,-199.69,724.48,-314.85
r11_00075,-1159.15,0.934,4116,70.2,2261.06,10.84,18600.26,350.32,0.35,9,96,56.2,-354.85,232.78,6,0,0,0,0,0,0,3522,355,239,0,0,578.33,168.23,-230.72,-64.30,-1610.70
r11_00076,-5575.20,0.958,14783,70.7,10567.14,43.40,13779.82,1984.59,0.27,4,105,46.7,-2601.69,1457.59,11,0,0,4,0,4,0,13763,413,594,5,0,-792.66,4588.26,-6126.27,-1789.12,-1455.41
r11_00077,13294.25,1.097,11965,67.6,8057.12,20.66,19608.25,1099.04,0.73,7,105,71.4,-2611.63,3341.36,5,0,279,82,0,587,0,9413,1083,521,0,0,4568.20,9641.49,1734.96,-1683.38,-967.03
r11_00078,-6115.48,0.952,11283,69.1,12650.20,52.26,11553.88,1199.73,0.78,9,105,69.5,-4119.77,1099.22,3,0,0,1090,499,18,548,7781,822,525,0,0,2104.35,1852.98,-10182.10,-32.93,142.21
r11_00079,-795.66,0.889,1762,74.1,1142.77,5.62,19204.34,140.18,0.12,3,77,50.6,-204.40,166.56,7,0,0,0,0,0,0,1559,71,132,0,0,234.47,-140.85,-86.89,-99.98,-702.42
r11_00080,25962.67,1.146,23129,67.2,5930.58,11.45,19984.97,899.40,0.68,10,105,63.8,-2262.98,2302.60,7,0,0,0,880,0,186,17110,4378,575,0,0,6704.99,7584.12,10665.67,5277.70,-4269.81
r11_00081,-2964.98,0.926,6613,75.2,4825.81,23.24,15938.01,777.31,0.21,3,99,51.5,-667.33,751.55,4,0,0,6,0,0,0,6067,229,311,0,0,-591.08,-645.56,-1653.22,485.88,-561.00
r11_00082,14117.54,1.068,22887,67.7,6471.96,25.31,19101.03,1862.21,0.71,5,105,67.6,-3737.89,902.70,5,0,1846,16,0,20,0,19210,1349,330,116,0,4809.06,2896.93,2771.26,5445.39,-1805.10
r11_00083,45144.78,1.094,39597,66.2,13317.15,21.98,19793.15,1495.05,1.12,10,105,70.5,-5124.01,8232.73,4,0,374,2359,0,1112,0,25762,9325,665,0,0,8717.72,29787.04,1126.20,10042.29,-4528.47
r11_00084,3012.86,1.028,14701,69.0,3096.61,13.13,19685.57,1457.23,0.20,5,105,54.3,-1080.91,789.32,6,0,0,21,0,0,0,10893,3116,671,0,0,1462.41,561.61,-288.10,2196.52,-919.58
r11_00085,10196.54,1.056,22605,68.6,8371.84,30.30,19259.87,399.70,0.20,5,105,60.0,-2139.85,1854.36,6,0,297,16,0,1773,0,15293,4626,598,2,0,4327.99,1421.65,1387.38,1310.09,1749.43
r11_00086,4527.49,1.028,27191,67.4,2193.18,8.24,19212.17,637.64,0.28,7,105,40.0,-415.77,1574.11,8,0,0,0,0,0,0,24529,2296,366,0,0,1662.98,3994.29,577.98,-944.14,-763.62
r11_00087,-6704.47,0.955,23333,67.0,9785.01,45.22,11852.78,1949.45,0.32,8,105,46.7,-3308.00,1259.35,8,0,0,0,7,0,0,14893,7776,657,0,0,170.08,-2408.07,-2625.71,-2238.37,397.60
r11_00088,-1914.00,0.976,14910,67.3,5093.13,22.78,17261.85,200.00,0.39,6,110,48.2,-870.45,800.05,8,0,0,8,0,1584,0,10580,2435,303,0,0,1500.45,-685.90,-1622.25,1801.38,-2907.69
r11_00089,-855.06,0.894,2550,67.9,1115.02,5.53,19044.44,64.60,0.12,4,81,35.8,-124.76,225.23,20,0,0,0,0,0,0,2400,69,81,0,0,21.28,23.76,-126.00,-436.51,-337.60
r11_00090,-788.83,0.942,2913,64.8,1391.47,6.76,19180.95,118.67,0.29,4,71,50.7,-435.27,186.28,5,0,0,0,0,0,0,2803,96,14,0,0,534.54,-390.77,-192.50,-105.86,-634.23
r11_00091,-9258.43,0.923,15732,71.6,14591.63,63.41,8418.81,699.56,0.52,8,103,50.5,-2646.58,942.67,8,0,0,1137,0,556,0,12627,976,436,0,0,-965.71,2714.46,-6639.50,380.40,-4748.08
r11_00092,4985.86,1.055,17197,68.4,1732.72,6.51,19559.24,523.28,0.26,8,105,55.2,-729.63,870.66,7,0,0,3,0,0,0,14735,1977,475,7,0,596.85,2117.08,2554.90,1204.54,-1487.51
r11_00093,12661.64,1.066,29396,68.8,8958.15,26.10,18315.67,2269.83,0.40,10,117,55.6,-3038.83,3455.50,4,0,0,0,0,107,0,15934,12195,1122,38,0,2242.03,6294.14,2573.22,2665.63,-1113.39
r11_00094,4667.12,1.029,22703,68.0,9187.89,31.62,19751.55,1199.56,0.52,16,105,64.8,-4207.52,1672.09,5,0,0,201,0,0,477,13841,7356,822,6,0,3297.86,4299.37,-5248.98,969.48,1349.39
r11_00095,5449.08,1.019,55188,65.9,5039.71,22.00,17865.62,1204.56,0.24,6,105,51.4,-2828.94,1732.92,6,0,0,3865,60,0,0,28950,21548,765,0,0,1885.99,2171.70,1352.07,667.15,-627.84
r11_00096,40.57,1.000,13409,67.4,5424.08,21.84,19407.69,793.50,0.50,11,105,50.5,-789.33,1673.11,6,0,0,72,0,116,0,10812,1903,396,110,0,1445.32,3179.14,-3276.96,-990.84,-316.08
r11_00097,15550.23,1.086,22680,68.5,11208.78,44.41,14028.06,2268.59,0.52,15,105,59.0,-3755.57,4114.30,4,0,253,691,0,75,0,15679,5277,701,4,0,-770.43,7046.40,7956.85,2820.90,-1503.49
r11_00098,-358.89,0.993,9261,73.8,3986.56,18.41,17671.48,299.89,0.16,4,104,51.0,-832.27,525.67,8,0,10,0,0,256,0,8170,319,506,0,0,771.22,89.86,-2117.45,-183.39,1080.87
r11_00099,-5087.16,0.958,19389,66.1,5845.95,28.18,14559.92,2209.29,0.59,10,105,39.0,-3223.05,517.58,15,0,0,175,17,0,0,17835,1050,240,72,0,-79.08,219.83,-2641.54,-1417.16,-1169.22
r11_00100,-2953.33,0.923,9959,70.9,3194.60,15.80,17029.20,171.42,0.14,5,99,29.3,-274.52,197.47,15,0,0,0,0,0,0,9510,225,224,0,0,-139.09,-21.02,-1017.02,-222.64,-1553.56
r11_00101,-1313.01,0.990,25271,65.2,5315.39,22.39,18423.27,200.34,0.24,6,105,44.8,-856.44,1422.12,8,0,0,8,9,2961,0,12421,9232,640,0,0,358.89,2461.02,-443.52,-2623.02,-1066.37
r11_00102,22116.58,1.065,36425,67.1,4121.46,15.43,17816.56,1356.45,0.32,6,105,47.6,-1508.13,3550.13,8,0,0,932,0,0,0,32308,2798,387,0,0,3404.62,10192.57,10227.36,1179.13,-2887.10
r11_00103,-1170.74,0.925,2586,71.3,4374.45,19.69,17845.91,994.78,0.98,8,86,77.9,-1325.26,376.88,2,0,0,0,0,21,0,2217,96,252,0,0,1105.72,555.63,-945.87,-881.82,-1004.41
r11_00104,39962.34,1.141,30850,68.2,12450.93,33.16,18283.76,2989.95,0.58,8,105,65.7,-7727.41,4664.58,4,0,0,129,0,344,0,18428,10870,1079,0,0,13478.86,7759.24,11495.14,5098.11,2131.00
r11_00105,22649.42,1.092,29030,68.6,11700.27,41.19,16703.79,2769.45,0.74,14,105,63.8,-2546.45,4907.16,5,0,899,405,0,89,0,20845,6092,652,48,0,722.36,13941.32,4783.12,4764.71,-1562.08
r11_00106,9331.36,1.097,10672,67.8,7083.26,20.75,19509.97,1386.95,1.82,12,100,67.0,-2478.00,1584.89,3,0,47,0,298,168,0,8734,1057,368,0,0,4946.26,4702.03,112.99,2656.56,-3086.48
r11_00107,2712.92,1.030,16236,69.6,2977.01,12.57,19251.70,613.66,0.43,8,101,52.5,-1216.12,674.18,5,0,99,0,0,0,0,14171,1735,231,0,0,1723.73,1657.49,-953.79,-191.87,477.36
r11_00108,4651.63,1.017,34782,68.3,7332.05,31.43,15995.96,1937.71,0.33,5,105,56.2,-3705.42,2079.27,5,0,0,185,0,10,0,21746,12138,703,0,0,662.23,1401.11,2255.76,3030.71,-2698.18
r11_00109,9963.50,1.184,7401,69.5,3241.81,12.68,19675.18,1781.58,0.79,8,105,66.7,-1550.24,997.20,5,0,265,993,0,12,0,5420,351,360,0,0,2318.67,344.05,6073.26,1874.64,-647.11
r11_00110,6851.09,1.076,17222,71.5,2067.99,7.30,19740.59,834.80,0.29,11,103,57.3,-640.38,907.60,7,0,0,1281,0,0,0,12933,2443,565,0,0,3326.52,3059.73,970.89,-11.92,-494.13
r11_00111,-112.71,0.939,534,74.9,548.34,2.70,19773.43,365.64,0.14,4,49,73.5,-269.71,86.15,3,0,0,0,0,0,0,440,17,77,0,0,248.76,-189.23,45.45,139.02,-356.72
r11_00112,9672.86,1.107,14656,70.5,4123.04,17.44,19167.01,2154.37,0.28,7,105,66.7,-3672.22,766.31,3,0,0,4,0,0,0,9683,4103,636,230,0,628.71,2470.17,3709.56,3040.32,-175.90
r11_00113,21334.25,1.118,16847,68.2,9169.03,32.94,18662.90,1481.79,0.93,9,105,63.8,-2346.18,4225.99,5,0,180,0,5,211,18,13373,2453,581,26,0,2558.15,9539.51,7308.49,979.57,948.54
r11_00114,9609.77,1.037,33211,68.6,5397.75,16.82,18590.15,599.93,0.43,8,105,61.0,-2688.37,1096.61,4,0,0,4238,0,2218,0,16179,9752,683,141,0,5737.12,2019.83,689.96,1315.30,-152.44
r11_00115,3802.02,1.045,16974,71.5,1416.52,6.16,19618.13,520.69,0.16,4,102,57.8,-574.98,705.69,4,0,43,0,0,0,0,16031,561,339,0,0,756.28,1679.00,523.61,126.60,716.51
r11_00116,594.51,1.009,11413,69.9,4231.13,18.96,18088.22,400.57,0.32,12,102,52.9,-1016.12,735.37,10,0,0,49,0,866,0,8400,1728,370,0,0,2016.78,-772.29,-2117.70,784.98,682.74
r11_00117,852.58,1.007,15767,65.6,3069.12,12.86,19708.41,412.79,0.18,3,105,46.7,-638.96,1505.42,8,0,61,220,0,0,0,14768,308,410,0,0,2615.49,-395.73,959.33,451.46,-2777.98
r11_00118,13913.69,1.079,29540,68.0,4650.85,14.67,19659.10,699.99,0.28,7,105,58.1,-1852.75,2411.41,6,0,0,169,0,0,1174,12999,14172,1013,13,0,6214.79,3804.30,1174.03,3553.27,-832.70
r11_00119,1016.57,1.008,17111,71.4,1649.92,7.32,19787.36,710.05,0.12,3,105,47.6,-656.70,821.80,7,0,0,104,0,0,0,16041,493,473,0,0,1163.22,978.43,-305.41,-270.17,-549.50
r11_00120,2022.15,1.014,17927,67.9,6417.76,25.19,17774.72,1524.49,0.56,7,105,51.4,-1191.34,3745.97,7,0,0,6,0,28,0,14757,2562,464,110,0,-255.49,5400.45,-4517.12,1439.93,-45.62
r11_00121,2311.88,1.012,18722,69.1,10278.07,41.46,14512.22,1990.58,0.48,7,105,58.1,-6007.11,1885.81,5,0,258,0,0,203,0,12975,4457,821,8,0,2131.95,-642.51,1398.76,961.07,-1537.38
r11_00122,12511.85,1.117,18829,69.1,3410.23,10.20,19210.96,1696.03,0.42,12,104,61.5,-1236.56,1973.47,4,0,0,0,0,0,0,12588,5399,710,132,0,3667.51,3900.24,645.85,3316.24,982.01
r11_00123,-2783.23,0.973,22386,69.6,4497.14,20.74,17181.81,369.96,0.36,8,105,37.1,-583.30,735.56,9,0,0,0,0,0,9,21368,792,217,0,0,-270.80,1160.05,-644.93,-1820.66,-1206.89
r11_00124,-474.99,0.995,16947,66.3,4960.75,21.08,18573.79,299.52,0.44,4,104,49.0,-934.65,805.52,7,0,0,8,0,20,0,16252,383,284,0,0,1094.66,1541.38,-1131.59,-1615.50,-363.95
r11_00125,-1352.94,0.965,8295,70.3,1621.48,8.07,18481.98,197.96,0.18,6,102,43.1,-337.70,270.87,9,0,0,0,0,10,0,7729,401,155,0,0,-706.95,554.94,-741.58,22.35,-481.71
r11_00126,5892.42,1.026,29457,71.6,2649.13,9.31,19836.77,1099.00,0.18,3,105,56.2,-716.54,1612.92,7,0,0,12,66,0,0,28069,767,543,0,0,1562.21,2836.67,2325.55,275.74,-1107.75
r11_00127,6647.96,1.155,7403,69.8,2918.51,10.49,19715.93,499.81,0.36,7,103,58.3,-682.36,688.36,7,0,0,0,0,308,0,5599,1081,415,0,0,3122.54,1156.47,2181.98,425.72,-238.75
r11_00128,8738.77,1.075,15341,68.6,5537.83,17.99,19221.45,899.96,0.38,5,104,51.0,-1610.66,1790.94,7,0,0,8,0,0,436,11709,2523,659,6,0,5203.60,1001.66,1074.54,793.14,665.82
r11_00129,-5304.01,0.766,4162,80.2,6529.90,31.03,14515.85,2203.44,0.12,3,93,48.4,-1557.75,301.29,9,0,0,0,0,0,0,3795,149,218,0,0,248.15,-131.62,-3362.93,-1333.42,-724.19
r11_00130,-142.64,0.919,398,70.9,897.11,4.38,19598.03,729.36,0.42,10,44,75.0,-662.06,157.56,1,0,0,0,0,0,0,311,31,56,0,0,427.47,20.74,-639.55,-83.18,131.88
r11_00131,-2201.77,0.928,5825,65.9,3104.19,14.87,17772.61,207.38,0.27,5,101,39.6,-474.77,234.63,10,0,0,3,0,0,0,5544,157,121,0,0,375.73,-739.64,-949.47,65.92,-954.31
r11_00132,932.08,1.038,3766,68.3,2958.95,12.70,19886.30,899.89,0.19,6,105,70.5,-1646.17,562.39,3,0,0,4,0,0,63,2595,517,582,5,0,1134.94,1441.18,-1199.77,-576.66,132.39
r11_00133,-2675.27,0.930,6254,72.2,5354.90,24.23,16746.35,931.35,0.22,5,94,56.4,-1026.56,571.17,10,0,0,0,0,0,0,5520,540,182,12,0,1500.56,171.74,-1240.86,-1609.63,-1497.08
r11_00134,-1655.44,0.981,13722,65.9,7322.24,28.93,17992.05,499.94,0.85,10,100,54.0,-1425.73,1261.90,4,0,0,4,0,0,1002,8989,3274,452,1,0,877.00,4029.31,-3609.61,799.17,-3751.31
r11_00135,-250.33,0.997,14661,69.9,4270.02,18.69,18578.64,199.87,0.22,7,105,50.5,-651.58,579.89,8,0,0,0,66,1635,0,11497,1098,365,0,0,47.62,1652.09,-1564.79,-512.42,127.17
r11_00136,-283.11,0.989,4757,68.5,3251.26,15.03,18378.04,601.22,0.31,7,90,52.2,-729.27,408.04,6,0,0,0,0,0,0,4120,549,88,0,0,235.50,960.14,-1274.80,-978.98,775.03
r11_00137,283.46,1.022,2839,73.1,1378.09,6.53,19716.95,287.08,0.19,4,92,56.5,-265.70,391.99,4,0,0,4,0,0,0,2615,106,114,0,0,374.02,303.86,-109.34,-408.35,123.28
r11_00138,2214.71,1.017,14852,71.7,2619.34,11.02,19761.74,1496.34,0.21,4,117,47.9,-991.89,975.05,6,0,0,7,21,0,0,13752,478,553,41,0,390.45,1081.13,1302.43,1358.91,-1918.20
r11_00139,-3211.22,0.622,1349,76.7,3805.79,18.67,16579.88,1415.82,0.14,3,84,65.5,-1228.37,178.88,4,0,0,0,0,0,0,1153,48,148,0,0,-308.61,-562.83,-979.69,-1040.14,-319.95
r11_00140,31762.05,1.125,24842,66.0,5706.14,9.93,17943.92,800.00,0.64,8,105,63.8,-2183.18,3476.12,3,0,1520,0,1971,1283,0,16660,2833,575,0,0,6780.13,16861.08,7337.02,4532.81,-3748.99
r11_00141,11872.27,1.043,40713,65.2,4702.15,12.86,19743.89,395.40,0.28,10,117,51.3,-737.93,2275.92,6,0,50,39,39,1461,0,28585,9905,634,0,0,5177.52,5887.56,3771.53,-103.12,-2861.22
r11_00142,6958.50,1.034,28410,68.0,3325.03,10.99,19137.42,300.16,0.27,9,105,50.5,-548.13,1435.57,5,0,0,3,45,1599,0,22248,3946,557,12,0,2779.13,4569.53,1505.06,80.64,-1975.86
r11_00143,14311.09,1.033,54138,66.0,7417.45,27.98,19089.67,1286.93,0.32,6,105,53.3,-3909.60,3528.79,6,0,41,38,60,0,0,46367,7145,483,4,0,3402.05,9044.45,3938.99,1010.71,-3085.11
r11_00144,4525.18,1.024,23327,66.0,8304.29,27.33,17956.61,500.24,0.32,8,105,50.5,-1586.38,3177.99,11,0,0,12,0,1448,0,15357,5909,588,13,0,-250.30,10031.14,-1416.50,-4532.45,693.29
r11_00145,-470.72,0.475,99,79.8,812.24,4.03,19326.80,399.63,0.16,4,18,83.3,-393.55,96.63,2,0,0,0,0,0,5,87,4,3,0,0,98.59,-349.80,-393.55,53.84,120.21
r11_00146,96.11,1.001,21040,66.9,7582.21,29.69,17956.40,795.22,0.32,8,105,56.2,-2322.30,1070.72,8,0,86,92,0,575,0,10260,9010,1006,11,0,934.04,4406.39,-3837.78,-1596.51,189.98
r11_00147,30378.34,1.055,64432,63.9,8250.82,16.56,18392.94,399.97,0.71,7,105,62.9,-2928.01,4333.51,5,0,7385,214,0,5813,0,36774,13625,616,5,0,9079.81,16223.82,7683.30,86.37,-2694.97
r11_00148,-4462.45,0.758,2632,66.0,6939.21,31.70,14951.49,1403.01,0.73,7,91,69.2,-1555.65,286.08,3,0,0,0,0,0,0,2029,205,398,0,0,872.04,257.98,-634.47,-3057.46,-1900.53
r11_00149,20760.55,1.098,23472,69.4,8334.07,33.87,16269.42,1883.69,0.46,15,105,66.7,-3730.01,2861.15,6,0,0,18,0,304,0,15816,6470,864,0,0,-626.08,14435.02,2584.26,5537.86,-1170.51
r11_00150,-2085.80,0.874,3930,67.6,2248.63,11.22,17792.81,92.54,0.16,4,97,35.1,-166.06,119.92,8,0,0,0,0,0,0,3760,113,57,0,0,-487.38,-330.76,-123.64,-513.37,-630.66
r11_00151,451.16,1.031,3343,75.9,817.69,4.03,19479.86,283.68,0.12,3,92,56.5,-300.41,207.53,4,0,0,32,0,0,0,2957,131,223,0,0,31.87,-495.34,611.92,347.28,-44.57
r11_00152,-1109.59,0.690,649,77.2,1636.23,8.04,18708.18,494.36,0.12,3,68,67.6,-364.58,81.23,3,0,0,0,0,0,0,560,27,62,0,0,296.57,-484.94,-343.01,-27.59,-550.62
r11_00153,750.76,1.004,25362,66.2,5322.22,20.42,18965.18,542.07,0.23,3,105,42.9,-781.05,995.24,12,0,0,348,0,0,0,24183,548,283,0,0,553.31,839.48,3447.46,603.11,-4692.59
r11_00154,65320.51,1.138,35888,65.3,18083.21,20.58,17639.26,2599.77,1.50,15,105,62.9,-4605.17,15008.39,5,0,110,3793,12,28,1675,20449,8910,867,44,0,24527.38,11642.29,20036.78,1773.64,7340.42
r11_00155,-4950.13,0.922,11891,69.0,6488.72,31.75,13947.42,886.30,0.24,7,103,50.5,-1158.48,597.72,4,0,0,11,0,0,0,9293,2192,395,0,0,-1377.12,1732.61,-2407.19,-3058.32,159.89
r11_00156,688.30,1.017,8150,67.9,1223.95,5.61,19845.33,258.99,0.19,7,101,54.5,-339.72,334.52,4,0,90,0,0,0,0,7361,350,349,0,0,439.58,-29.82,456.54,802.82,-980.83
r11_00157,-6558.83,0.949,17620,66.3,8489.64,40.97,12229.73,1368.81,0.46,8,105,41.9,-2649.16,1387.33,6,0,0,0,101,28,0,14818,2109,564,0,0,-2407.02,-3988.22,2140.12,-1867.26,-436.45
r11_00158,5756.92,1.027,24598,69.4,7052.75,21.84,19168.83,1098.90,0.55,12,105,54.3,-1757.56,3243.46,5,0,23,0,0,1131,0,16664,6069,661,50,0,2761.02,4986.28,-243.26,1902.65,-3649.78
r11_00159,-2311.24,0.851,1907,67.3,5360.14,23.91,17053.82,1310.15,2.49,10,59,67.8,-3055.70,591.49,3,0,0,0,0,0,0,1738,160,9,0,0,1125.92,325.56,-404.96,809.26,-4167.01
r11_00160,-3851.22,0.894,8702,67.4,3929.87,19.65,16071.91,147.68,0.14,6,100,33.0,-292.33,250.83,10,0,0,0,0,0,0,8330,303,69,0,0,-358.80,-270.74,-1137.43,-566.86,-1517.39
r11_00161,-3165.49,0.993,38807,65.3,28795.25,74.05,10088.56,1299.97,1.19,11,105,53.3,-4530.45,8542.62,3,0,1981,5,34,278,2187,25402,8255,648,17,0,11371.01,800.90,-17070.09,2098.42,-365.73
r11_00162,11507.19,1.241,9235,69.3,4413.04,13.46,19388.32,1565.09,0.75,11,102,73.5,-1644.13,878.50,3,0,0,0,0,0,0,6218,2479,538,0,0,3056.73,2953.30,3240.09,1556.56,700.51
r11_00163,10432.50,1.078,19905,70.5,6243.45,19.68,19420.24,1098.13,0.41,5,104,61.5,-2263.90,1343.90,4,0,0,0,26,5,0,16284,3039,551,0,0,6591.05,2357.71,-779.57,4204.78,-1941.48
r11_00164,-617.72,0.965,4185,70.3,1439.29,7.03,19038.28,156.41,0.17,3,94,52.1,-236.61,224.89,5,0,0,0,0,0,0,3851,119,215,0,0,296.72,-95.14,-252.22,-540.44,-26.65
r11_00165,-883.23,0.987,10844,64.3,2718.93,13.56,17334.49,222.27,0.26,7,105,39.0,-1275.08,636.15,9,0,0,181,0,434,0,9333,550,343,3,0,-1687.98,47.24,1471.21,52.06,-765.75
r11_00166,17731.78,1.164,14289,73.0,3697.67,9.20,19252.72,699.99,0.22,6,105,65.7,-1183.84,829.96,4,0,0,19,0,0,430,10846,2411,431,152,0,4013.78,5796.86,3890.88,4813.82,-783.56
r11_00167,-3062.33,0.947,9033,70.8,8018.33,34.68,15103.61,599.89,0.22,5,99,56.6,-1463.33,678.59,10,0,28,0,0,25,0,8219,493,268,0,0,640.59,1870.70,-5344.01,115.05,-344.67
r11_00168,-1969.67,0.984,20048,67.8,6056.88,25.72,17488.45,2178.13,0.28,7,105,50.5,-2089.06,986.81,10,0,0,0,23,0,0,11811,7490,716,8,0,777.14,2412.93,-2550.51,-1626.76,-982.47
r11_00169,-3378.63,0.951,15630,66.2,4303.84,20.66,16524.09,383.15,0.50,8,103,44.7,-412.90,457.04,8,0,0,0,0,0,0,14364,1099,167,0,0,-274.38,314.25,-523.52,-835.58,-2059.40
r11_00170,1420.72,1.008,30654,66.2,5104.06,20.96,17359.04,1275.75,0.72,11,111,63.1,-1560.68,383.34,6,0,0,21,579,35,0,22901,6623,206,289,0,1481.34,842.46,-803.01,2074.13,-2174.20
r11_00171,549.53,1.007,14215,70.6,4006.97,17.09,19433.99,699.35,0.20,5,105,57.1,-980.57,996.42,11,0,8,0,0,270,0,8399,4683,855,0,0,1280.01,1914.57,-1676.94,-877.53,-90.58
r11_00172,18544.71,1.099,26791,67.1,7128.57,21.47,18681.21,2099.98,0.30,8,105,65.7,-3034.86,3023.24,4,0,0,15,0,95,54,16038,9518,1071,0,0,2647.94,5466.34,4545.53,5266.15,618.74
r11_00173,-2689.67,0.903,3671,69.6,4858.20,22.92,16340.97,598.73,0.67,9,94,60.6,-1061.39,654.82,3,0,12,0,0,205,0,2981,309,164,0,0,658.61,-1512.83,359.52,-1636.01,-558.95
r11_00174,-7753.26,0.970,34471,66.3,16726.97,62.99,9829.20,1399.72,0.32,6,105,39.0,-1123.62,2681.45,7,0,0,106,0,0,13,28201,5700,385,66,0,2219.26,-2993.05,-3113.58,-4296.21,430.32
r11_00175,6280.52,1.035,26155,67.6,5608.54,17.59,19964.72,1395.94,0.24,6,117,47.0,-1796.82,2163.65,7,0,0,12,0,0,0,17171,8368,597,7,0,2075.64,5809.50,1584.05,981.64,-4170.32
r11_00176,35969.65,1.153,18830,67.2,11998.05,34.82,18294.20,2669.30,0.93,7,105,65.7,-3157.59,4599.18,3,0,0,12,74,82,0,14253,3710,655,44,0,5574.28,4028.07,19274.61,11163.18,-4070.49
r11_00177,693.98,1.020,6064,72.9,4755.08,19.85,19203.48,1299.40,0.41,8,100,76.0,-1116.50,491.13,5,0,0,21,0,56,0,4948,544,495,0,0,837.72,2517.64,-1669.72,-1277.30,285.64
r11_00178,-1502.29,0.905,3335,72.2,3013.18,14.02,18476.19,520.47,0.30,5,86,67.4,-529.27,325.60,4,0,0,0,0,0,0,2675,643,17,0,0,1038.45,-943.32,263.36,-781.06,-1079.72
r11_00179,-261.77,0.995,9165,68.5,6724.22,28.63,16765.63,899.86,0.67,11,93,60.2,-1613.70,810.29,4,0,8,4,0,0,241,5795,2781,336,0,0,1896.88,1163.63,-2527.12,-152.77,-642.40
r11_00180,8073.51,1.067,12198,70.6,5235.62,17.14,19187.18,1399.66,0.43,5,105,60.0,-2030.37,1600.62,6,0,151,0,0,5,189,9941,1315,597,0,0,4841.04,2455.01,-623.19,973.42,427.22
r11_00181,834.52,1.071,2851,75.4,1708.71,7.95,19779.07,458.38,0.15,3,90,64.4,-461.17,290.84,5,0,0,21,0,0,0,2466,114,250,0,0,411.57,350.49,162.91,-425.99,335.54
r11_00182,756.08,1.008,11237,70.9,2842.32,13.05,18945.81,999.96,0.20,4,105,56.2,-761.66,646.00,5,0,0,0,0,8,45,10255,388,541,0,0,275.91,466.53,-233.88,167.54,79.99
r11_00183,5977.30,1.064,11368,74.5,1531.91,6.09,19933.68,1791.92,0.18,4,105,60.0,-1035.88,1783.70,3,0,22,0,97,56,0,10062,383,748,0,0,2582.59,1643.47,452.47,1731.81,-433.03
r11_00184,752.33,1.112,1596,75.3,670.39,3.17,19921.45,206.18,0.18,4,82,64.6,-318.69,151.76,3,0,0,0,0,0,0,1488,72,36,0,0,563.58,125.71,19.53,40.86,2.65
r11_00185,23531.90,1.117,17492,70.6,12196.13,26.58,19004.87,2289.02,0.79,7,105,68.6,-6250.12,1937.96,6,0,138,40,0,205,0,15045,1420,571,73,0,11711.88,6691.28,-2148.36,2960.90,4316.20
r11_00186,8202.00,1.068,16183,70.0,2900.24,11.28,19755.93,1199.96,0.20,5,105,61.9,-2459.77,1677.91,4,0,0,0,46,0,84,11034,4332,687,0,0,2229.23,1947.06,1700.70,2312.30,12.72
r11_00187,8775.01,1.094,11984,68.5,3098.24,11.90,19672.52,1594.49,0.40,5,105,59.0,-1153.60,1396.26,5,0,20,0,146,5,0,9783,1509,508,13,0,2311.01,2536.53,3159.52,1010.55,-242.60
r11_00188,2740.63,1.114,6344,72.0,2410.67,10.58,19698.57,746.84,0.50,13,90,67.8,-815.38,450.80,4,0,0,0,0,0,0,4365,1952,27,0,0,1909.40,-191.78,43.22,-792.59,1772.38
r11_00189,358.01,1.083,1299,77.8,760.25,3.70,19789.70,205.96,0.16,7,72,66.7,-277.01,185.23,4,0,0,0,0,0,0,1167,89,43,0,0,368.75,-227.53,-269.62,293.99,192.42
r11_00190,1523.54,1.021,11621,66.8,1937.39,8.30,19402.67,394.07,0.20,5,105,41.9,-365.76,892.84,8,0,0,0,14,145,0,9433,1516,513,0,0,751.71,35.12,1706.94,-5.57,-964.66
r11_00191,-845.56,0.983,7889,75.1,2909.43,13.26,19034.05,1049.08,0.12,3,104,49.0,-656.26,682.72,12,0,0,0,0,0,0,7168,313,408,0,0,1829.64,-593.84,-115.78,-488.80,-1476.78
r11_00192,-999.55,0.917,2672,74.7,2061.54,10.00,18561.24,341.36,0.20,9,83,60.2,-521.10,214.84,6,0,0,0,0,0,0,2349,216,107,0,0,424.87,-276.83,-921.18,246.06,-472.46
r11_00193,6021.94,1.038,18616,69.7,8380.03,24.59,19128.53,899.99,0.92,10,105,54.3,-2773.95,1746.63,6,0,60,28,0,966,0,15420,1595,545,2,0,9503.21,3915.34,-4877.44,394.93,-2914.09
r11_00194,19112.44,1.062,27273,68.3,10714.04,22.70,19722.23,899.50,0.80,7,111,65.8,-3925.82,1678.63,4,0,0,105,0,1502,0,22595,2594,239,238,0,8847.87,7051.26,2997.79,4737.90,-4522.38
r11_00195,-3230.02,0.978,31592,68.5,6425.02,28.19,16370.35,506.76,0.32,8,105,48.6,-874.55,976.26,5,0,0,0,0,0,0,24480,6525,587,0,0,413.10,1915.79,-1723.12,-2138.29,-1697.49
r11_00196,14070.53,1.071,29581,63.4,4035.50,13.48,19668.78,299.82,0.43,11,105,52.4,-1220.60,2636.17,7,0,31,90,0,4347,0,15834,8587,692,0,0,4914.80,1626.90,7459.48,3437.09,-3367.74
r11_00197,-1999.68,0.982,20621,66.2,5805.70,26.08,16457.64,1697.52,0.38,12,105,49.5,-2266.39,1308.72,6,0,0,15,0,0,21,12033,7860,680,12,0,723.18,1212.46,-2834.00,-335.58,-765.74
r11_00198,6834.02,1.024,36403,69.0,12144.44,50.97,11682.88,2880.32,0.43,10,117,54.7,-4273.24,3646.40,4,0,0,0,100,90,0,22111,13076,1021,5,0,-2853.85,6199.95,2749.77,1689.59,-951.44
r11_00199,-9386.22,0.951,22344,67.1,22563.04,78.86,6046.71,2099.64,0.82,15,105,57.1,-4079.23,1784.12,6,0,0,85,0,0,611,13003,7980,248,417,0,4334.52,-2818.85,-7871.00,-2973.91,-56.97
r11_00200,5946.79,1.044,19420,71.5,1177.53,4.70,19872.91,757.73,0.12,3,105,56.2,-957.94,894.34,8,0,130,6,0,0,0,18239,527,518,0,0,1004.10,2455.87,1857.32,1148.71,-519.22
r11_00201,2830.55,1.059,8681,72.2,4716.40,19.97,18902.16,776.03,0.38,8,103,65.0,-1461.89,536.42,5,0,0,0,0,0,0,7782,732,167,0,0,1757.32,574.68,-2694.60,1002.42,2190.73
r11_00202,2481.66,1.019,10928,65.3,10580.77,36.94,16327.57,2399.74,2.32,10,103,69.9,-2409.10,2569.63,3,0,88,2,84,0,320,9268,812,320,34,0,4742.58,1192.78,-1897.95,162.42,-1718.17
r11_00203,-3622.32,0.824,4249,72.7,5479.79,25.17,16287.37,634.93,0.51,13,86,60.5,-905.20,399.08,6,0,0,0,0,135,0,3000,837,277,0,0,1591.98,-1188.68,-710.57,-1086.70,-2228.34
r11_00204,4406.08,1.015,24185,70.6,10525.54,32.37,17459.50,1499.95,0.24,4,117,54.7,-2507.34,2092.68,4,0,19,0,603,0,105,22346,625,487,0,0,797.86,3796.68,3093.57,-3520.50,238.46
r11_00205,7378.48,1.110,12091,69.7,2988.50,11.62,19584.78,499.99,0.34,11,102,62.7,-860.57,810.72,5,0,0,0,0,0,720,7980,2890,501,0,0,3021.10,1237.64,1286.86,1782.44,50.46
r11_00206,-2870.60,0.976,19794,69.7,7394.31,32.35,15464.99,1133.59,0.48,11,105,50.5,-1081.45,1100.45,7,0,0,1442,0,0,0,14854,3032,466,0,0,111.39,2347.39,-5326.60,-771.12,768.35
r11_00207,10594.71,1.050,28691,65.8,5159.06,17.26,19465.47,373.21,0.30,12,105,55.2,-1897.76,1652.38,6,0,0,30,0,0,3941,17840,6260,620,0,0,5121.47,3335.07,-331.76,2733.53,-263.59
r11_00208,3034.23,1.021,20175,66.4,7367.34,26.80,19179.91,500.00,0.42,11,105,41.9,-738.00,3775.88,10,0,352,0,0,0,1825,11994,5489,406,109,0,1826.79,3012.13,-3449.41,1264.50,380.22
r11_00209,-12026.80,0.949,21324,66.3,20865.89,85.74,3469.35,2391.67,1.67,15,105,68.6,-9466.03,1759.87,4,0,447,85,0,546,0,14989,4451,648,158,0,3079.35,-637.88,-9124.85,-4246.46,-1096.96
r11_00210,9565.93,1.049,17094,63.9,10563.90,31.67,19961.30,398.42,1.05,8,105,55.2,-2399.35,3842.95,5,0,0,8,122,1411,0,13030,2076,447,0,0,8361.88,663.84,-100.27,2384.63,-1744.16
r11_00211,-2251.08,0.888,5659,68.7,2401.69,11.93,17727.74,111.41,0.14,5,99,41.4,-195.52,128.61,6,0,0,0,0,0,0,5398,184,77,0,0,-505.02,-197.55,-1045.36,-288.18,-214.97
r11_00212,2516.94,1.040,10570,71.4,8962.49,32.58,18546.64,2499.30,0.42,10,105,65.7,-2343.41,964.05,5,0,0,454,0,39,0,7076,2182,819,0,0,4420.97,1685.29,-4230.13,485.53,155.27
r11_00213,15070.38,1.129,18800,72.8,7314.54,18.52,19442.46,1199.38,0.20,9,117,56.4,-2767.38,2140.14,5,0,0,466,0,410,0,13210,3986,728,0,0,3281.23,9114.96,1859.30,-448.38,1263.28
r11_00214,-4579.37,0.646,2604,72.5,5648.84,26.86,15381.83,999.16,0.34,10,78,73.1,-1048.29,258.27,2,0,0,0,0,0,49,1808,563,184,0,0,245.55,-1763.46,-861.11,-215.49,-1984.87
r11_00215,8497.03,1.038,28909,66.7,7017.35,28.41,17682.69,1875.96,0.32,8,105,47.6,-2673.96,2499.86,8,0,74,8,8,0,0,22690,5536,583,10,0,732.39,204.46,6472.89,2458.32,-1371.04
r11_00216,742.46,1.021,5024,73.6,1410.62,6.44,19762.74,1175.29,0.14,3,105,53.3,-341.82,322.89,7,0,3,0,6,9,0,4272,173,561,0,0,766.92,672.43,-318.84,187.33,-565.38
r11_00217,-2539.91,0.920,7384,71.3,3344.72,16.08,17460.09,344.29,0.25,8,107,54.2,-623.11,279.53,4,0,0,173,0,0,0,6319,644,248,0,0,361.78,93.89,-2245.90,-130.73,-618.95
r11_00218,-3212.50,0.979,16464,65.3,10265.11,39.04,16030.24,499.98,0.50,8,105,43.8,-1080.90,2662.37,6,0,0,108,0,0,678,14094,1243,242,99,0,-1975.49,6921.94,-4685.73,-2404.49,-1068.73
r11_00219,8733.31,1.097,15264,67.0,2484.53,9.30,19643.54,513.22,0.41,5,100,64.0,-848.55,943.19,3,0,313,0,0,0,0,12193,2329,429,0,0,4189.59,1833.96,-48.37,3644.57,-886.45
r11_00220,1775.37,1.032,8665,68.5,2756.25,11.29,19355.90,671.12,0.27,6,102,51.0,-849.24,702.83,4,0,0,7,0,0,0,6425,1671,562,0,0,1005.54,-1104.48,2504.85,952.05,-1582.60
r11_00221,2390.98,1.041,9842,71.1,4168.66,16.44,19328.16,1323.67,0.52,7,98,66.3,-2429.69,937.38,3,0,0,0,0,7,0,8804,742,289,0,0,2327.40,1374.08,-240.70,-619.39,-450.40
r11_00222,-2033.73,0.981,21101,68.5,14566.30,50.71,14158.59,799.98,0.54,21,100,51.0,-1583.26,1210.13,10,0,0,0,0,1085,0,12187,7114,715,0,0,5393.74,1337.04,-3597.14,-3862.13,-1305.24
r11_00223,-385.81,0.995,10447,75.2,3961.94,17.06,19256.28,1893.27,0.16,4,105,43.8,-1467.14,1044.10,10,0,0,11,11,32,0,9231,394,762,6,0,1508.86,495.62,-1695.25,-414.01,-281.02
r11_00224,10119.85,1.084,14797,67.4,5421.37,22.95,18201.39,799.99,0.42,12,105,58.1,-3095.74,2848.33,4,0,0,4,0,0,484,9329,4205,767,8,0,600.82,7121.37,869.79,2006.95,-479.08
r11_00225,1623.09,1.016,17354,64.7,3199.87,13.17,19406.08,518.33,0.45,6,100,55.0,-1037.32,893.34,6,0,6,100,0,0,0,14771,2283,194,0,0,2260.36,909.18,-1466.91,1755.72,-1835.26
r11_00226,46.08,1.046,260,78.8,661.81,3.25,19679.95,338.69,0.22,5,32,75.0,-233.17,135.35,3,0,0,0,0,0,0,215,26,19,0,0,311.60,-294.85,-147.54,-60.28,237.14
r11_00227,8074.94,1.026,47539,67.3,3645.75,16.03,19101.34,496.65,0.20,9,105,53.3,-1159.38,2855.33,7,0,0,4354,186,974,0,33266,8152,607,0,0,1336.03,3381.06,1856.05,1967.44,-465.62
r11_00228,-2124.57,0.916,6323,70.2,2614.47,12.87,17697.73,208.50,0.20,7,101,46.5,-392.02,193.02,7,0,0,115,0,0,0,5710,301,197,0,0,40.15,-106.26,-839.56,29.66,-1248.56
r11_00229,916.94,1.022,8357,72.8,1865.28,8.38,19755.68,344.40,0.16,3,99,54.5,-484.47,380.41,3,0,0,0,0,0,0,7783,245,329,0,0,222.63,1584.98,-697.89,116.24,-309.02
r11_00230,3273.07,1.020,15219,67.8,7362.87,24.05,18278.63,899.77,0.67,10,105,52.4,-1609.30,5401.91,4,0,21,25,0,0,432,12560,1632,447,102,0,-34.92,3068.46,1388.03,4317.45,-5465.94
r11_00231,1580.30,1.010,16528,64.0,9675.33,35.61,17492.75,399.74,0.71,7,105,59.0,-1960.16,2501.57,7,0,2785,26,0,1485,0,11282,512,427,11,0,788.93,5437.99,-764.14,-5405.54,1523.06
r11_00232,19932.40,1.042,45341,63.4,8723.19,19.66,17544.02,299.98,0.77,7,105,48.6,-1559.81,4407.84,10,0,2275,0,0,6999,0,31232,4380,455,0,0,8847.91,10592.62,-373.88,-823.09,1688.84
r11_00233,2807.52,1.090,6323,74.6,2302.16,9.90,19742.81,524.00,0.24,6,99,63.6,-510.89,394.03,5,0,0,0,0,0,0,5342,805,176,0,0,1126.59,1187.59,-902.36,546.36,849.34
r11_00234,-5023.34,0.986,41501,64.4,12335.10,55.63,9836.71,1459.39,0.82,8,105,55.2,-2082.73,3863.72,7,0,5983,0,0,79,0,31746,3242,336,115,0,-2400.66,3239.92,-51.08,-6338.34,526.82
r11_00235,-1504.28,0.963,5313,73.4,7081.85,29.14,17219.60,1199.82,0.49,6,92,73.9,-1397.52,777.63,2,0,0,0,0,82,0,4633,257,341,0,0,2745.76,-494.97,-924.79,-481.81,-2348.48
r11_00236,5316.57,1.044,11680,70.8,2532.00,11.27,19657.51,1347.19,0.22,3,105,54.3,-1218.59,1277.20,5,0,0,81,0,0,0,10799,328,472,0,0,2207.77,1137.25,1593.75,1626.20,-1248.41
r11_00237,-2221.76,0.978,15541,68.2,9365.74,40.59,13706.62,1231.60,0.56,10,105,61.0,-2261.33,589.89,5,0,0,0,8,0,0,12517,2412,404,200,0,-371.67,1619.84,-4909.23,816.60,622.71
r11_00238,7909.44,1.046,18109,69.1,7518.22,22.06,19775.32,1099.70,0.70,7,105,56.2,-2942.72,2391.65,6,0,0,32,0,351,0,15578,1711,437,0,0,6130.53,4544.46,-75.63,2287.49,-4977.41
r11_00239,4917.84,1.048,18113,70.2,3707.49,12.96,19853.21,959.15,0.53,11,103,60.2,-942.93,910.54,5,0,0,54,0,0,0,15766,1886,407,0,0,1934.82,2941.14,1181.74,685.85,-1825.73
r11_00240,7266.35,1.033,21896,68.0,8930.06,28.58,19548.00,1280.48,0.77,6,105,54.3,-1559.83,6100.56,5,0,210,47,0,57,0,19907,1218,322,135,0,6493.12,6702.21,-2176.42,67.05,-3819.61
r11_00241,13687.49,1.047,28476,71.9,4866.48,12.95,18046.35,700.00,0.23,4,117,60.7,-2757.12,2847.53,4,0,0,1571,0,128,444,25151,647,535,0,0,194.77,11929.75,721.84,2156.05,-1314.92
r11_00242,-212.79,0.994,4918,73.6,7132.76,28.02,18321.66,2391.60,0.58,6,97,75.3,-2218.43,579.48,5,0,0,0,0,12,0,4312,387,206,1,0,2613.23,814.89,-448.45,-2526.72,-665.73
r11_00243,1198.08,1.033,7179,68.1,2547.43,11.60,19416.76,357.39,0.32,6,95,58.9,-530.87,420.48,5,0,0,0,0,0,0,6162,931,86,0,0,720.13,812.52,-1385.67,837.37,213.73
r11_00244,1777.45,1.049,7956,71.5,3088.33,12.91,19632.93,1034.81,0.25,5,97,61.9,-871.43,569.12,4,0,0,0,0,0,0,5848,1688,420,0,0,1400.10,1998.72,-1490.80,336.44,-467.01
r11_00245,3518.83,1.045,12294,69.1,2596.13,11.79,19419.03,1621.93,0.20,5,105,56.2,-889.71,993.46,6,0,0,0,34,0,0,8174,3397,689,0,0,1268.35,-14.85,338.50,2222.63,-295.81
r11_00246,37580.94,1.217,17619,68.5,9710.10,26.38,17226.69,2792.81,0.79,14,105,66.7,-2877.37,2751.72,3,0,0,0,49,114,0,13408,3286,486,276,0,12126.25,-1026.64,16390.33,10182.12,-91.12
r11_00247,-90.19,0.999,19058,67.5,4633.19,20.36,18119.15,296.43,0.32,5,105,53.3,-1230.87,1369.81,7,0,347,0,0,545,0,15205,2480,473,8,0,-381.10,2728.18,-2154.45,-1071.13,788.31
r11_00248,-1709.65,0.966,11902,68.3,5637.73,23.84,18013.99,492.64,0.39,12,97,52.6,-1005.85,413.61,7,0,0,0,0,0,0,8004,3308,590,0,0,1742.30,1288.30,-1235.53,-1623.54,-1881.19
r11_00249,19896.84,1.413,7884,69.4,4411.93,10.60,19849.53,2883.00,1.51,21,105,86.7,-2676.82,1361.29,2,0,0,4,0,46,0,6196,945,693,0,0,4824.21,2924.69,9409.53,779.68,1958.73
r11_00250,-490.80,0.997,15750,64.5,7877.95,31.14,17418.31,499.94,0.52,10,105,56.2,-2853.48,1162.66,5,0,0,0,0,0,1680,10264,3179,580,47,0,3254.96,-1876.93,302.64,18.19,-2189.66
r11_00251,12436.51,1.121,16794,70.3,4629.03,14.73,19512.00,599.66,0.40,7,103,63.1,-1355.96,1502.55,5,0,0,53,0,605,0,12760,2804,572,0,0,6126.71,3234.11,663.56,2105.94,306.18
r11_00252,4591.17,1.062,8917,68.1,3751.39,14.50,19464.99,594.07,0.32,5,105,54.3,-2420.37,2494.76,4,0,465,42,0,355,0,6085,1319,648,3,0,3945.29,50.34,40.50,1346.24,-791.20
r11_00253,924.88,1.014,12932,65.6,2125.27,9.86,19435.37,271.41,0.29,7,105,48.6,-504.14,671.26,8,0,47,0,0,0,0,11494,1017,374,0,0,1052.28,131.69,627.72,882.59,-1769.40
r11_00254,-4633.11,0.956,17933,72.9,5619.50,26.78,15366.89,556.41,0.12,3,117,42.7,-854.33,615.12,15,0,0,0,83,0,0,16883,571,395,1,0,243.81,216.32,-3157.31,-545.15,-1390.78
r11_00255,-351.58,0.978,3551,70.9,1272.51,6.21,19215.82,322.13,0.22,7,90,53.3,-418.79,221.33,5,0,0,4,0,0,0,2981,473,93,0,0,295.55,-190.73,-3.28,-372.16,-80.96
r11_00256,-4313.70,0.887,7671,72.4,8965.40,37.60,14877.52,2299.36,0.48,22,97,69.1,-2262.07,476.40,5,0,0,0,0,47,0,5047,2189,388,0,0,1428.30,1735.17,-3724.33,-2752.54,-1000.30
r11_00257,-3591.69,0.982,26786,62.7,10229.35,42.73,13708.57,1580.95,0.51,10,105,45.7,-4873.49,1944.79,6,0,6,0,151,10,0,18251,7804,548,16,0,-3669.35,2891.41,-496.78,1301.84,-3618.82
r11_00258,24271.58,1.108,17647,68.5,17622.28,60.35,11575.80,2885.70,0.78,17,105,71.4,-8519.03,6189.51,3,0,53,8,356,624,0,12994,2846,766,0,0,-6601.65,15774.31,8545.21,10597.62,-4043.92
r11_00259,-2922.93,0.932,8846,68.2,3510.33,17.25,16841.80,360.09,0.23,5,93,45.2,-1099.24,377.49,5,0,0,0,0,0,0,7946,865,35,0,0,-681.87,772.19,-1514.80,-1138.43,-360.02
r11_00260,-1986.67,0.935,4520,70.8,4096.46,20.36,16019.14,1155.72,0.27,4,100,59.0,-1136.88,451.36,4,0,12,0,0,0,0,3979,163,366,0,0,-301.25,-3298.43,1276.97,670.93,-334.90
r11_00261,7523.35,1.068,16123,70.7,9740.87,27.41,18240.31,2095.35,0.52,14,114,71.9,-2801.61,1267.47,3,0,0,52,0,61,0,12136,3111,763,0,0,3375.34,1837.31,4204.86,-186.11,-1708.05
r11_00262,2449.31,1.016,17977,60.5,4576.46,21.64,16575.37,199.97,0.56,7,105,52.4,-1087.72,1572.76,8,0,0,23,0,3258,0,11618,2605,452,21,0,-657.65,-484.81,1673.30,2511.46,-592.99
r11_00263,-460.65,0.936,1952,74.2,993.82,4.86,19457.44,492.68,0.46,7,79,55.7,-565.67,150.31,5,0,0,0,0,0,8,1780,63,101,0,0,312.49,-370.90,-49.83,-154.35,-198.06
r11_00264,-1425.65,0.870,2649,72.4,1666.10,8.26,18500.18,464.86,0.42,6,89,55.1,-801.91,156.29,5,0,0,0,0,0,0,2444,125,80,0,0,-70.46,-429.56,-399.88,294.32,-820.07
r11_00265,373.31,1.417,367,76.8,374.35,1.84,19954.91,270.94,0.18,5,30,83.3,-120.71,108.33,1,0,0,7,0,0,0,288,46,26,0,0,297.10,52.75,-120.71,34.10,110.06
r11_00266,5456.92,1.024,21877,71.6,5959.05,19.51,16072.28,799.96,0.23,5,105,55.2,-2332.41,1254.91,5,0,0,16,0,0,923,16884,3436,545,73,0,-1214.12,4903.77,2072.15,1249.83,-1554.70
r11_00267,-8901.77,0.951,14642,69.0,13652.50,60.21,9021.63,1999.39,0.52,8,105,66.7,-3798.79,971.16,6,0,474,0,373,290,0,11536,1490,170,309,0,-7601.38,1976.61,1641.65,5023.04,-9941.68
r11_00268,-13.21,0.961,96,76.0,226.59,1.13,19878.98,148.84,0.22,8,12,75.0,-187.80,64.16,2,0,0,0,0,0,0,86,10,0,0,0,90.49,-187.80,0.00,-11.04,95.14
r11_00269,3652.89,1.022,22189,72.3,2938.38,11.61,19313.03,1497.31,0.21,4,105,60.0,-956.65,1211.13,8,0,159,0,0,0,0,20682,650,671,27,0,1398.91,2004.07,345.04,1792.77,-1887.91
r11_00270,9181.59,1.039,27090,67.0,7059.66,20.27,19749.79,1137.05,0.75,5,103,62.1,-2642.63,1643.59,4,0,1110,0,0,0,0,21670,3846,464,0,0,9861.55,3577.72,-3341.31,3510.30,-4426.68
r11_00271,5625.48,1.057,13828,66.5,3142.24,12.00,19771.98,400.00,0.42,12,105,54.3,-713.87,1770.09,6,0,706,0,0,0,1493,8873,2101,655,0,0,1881.63,2326.51,708.23,-590.52,1299.63
r11_00272,-740.08,0.866,1547,75.0,794.93,3.97,19251.40,81.09,0.15,4,84,50.0,-150.87,147.84,6,0,0,0,0,0,0,1440,43,64,0,0,-76.42,-132.13,-47.35,-109.72,-374.45
r11_00273,11772.17,1.057,32315,63.0,4337.68,14.61,19190.93,299.99,0.30,12,105,51.4,-973.62,2033.98,7,0,0,147,0,4759,0,16083,10596,730,0,0,5497.58,2522.18,4710.12,2458.39,-3416.11
r11_00274,13127.20,1.054,30392,65.1,5155.05,15.28,19506.05,599.99,0.32,7,105,45.7,-1170.47,2936.00,7,0,0,341,0,0,475,26077,3100,399,0,0,5086.23,7503.66,1349.86,215.79,-1028.35
r11_00275,-4868.57,0.916,11372,70.1,7972.69,35.65,14391.15,1198.79,0.42,7,99,55.6,-1220.36,739.79,5,0,0,4,0,0,0,7714,3256,391,7,0,521.65,932.34,-2541.62,-1092.40,-2688.54
r11_00276,2376.51,1.047,7417,68.2,7247.67,31.54,15729.60,2999.77,0.22,8,105,67.6,-2787.93,1242.31,3,0,0,11,0,16,0,4860,1847,683,0,0,-1049.92,422.99,2296.86,-62.10,768.68
r11_00277,8415.88,1.051,23723,69.1,3867.84,13.40,19642.16,299.99,0.20,5,105,56.2,-794.98,1746.62,6,0,0,230,0,180,1127,16115,5466,605,0,0,2153.04,5736.49,860.81,-81.43,-253.03
r11_00278,11500.61,1.033,35926,69.6,5617.55,15.75,19031.89,497.89,0.40,4,105,56.2,-2507.25,2936.76,6,0,14,63,0,1064,0,33314,885,583,3,0,4127.26,5256.57,4247.99,-470.83,-1660.37
r11_00279,10808.97,1.077,17550,67.4,8787.67,33.83,17188.21,1792.69,0.65,6,105,64.8,-3724.66,1710.53,5,0,414,1203,0,138,0,9390,5542,849,14,0,364.80,6595.12,-890.01,1983.35,2755.70
r11_00280,2361.71,1.027,11066,74.9,935.51,4.26,19985.64,499.04,0.12,3,105,51.4,-223.02,680.60,8,0,0,39,0,108,0,10017,338,564,0,0,1123.67,44.21,1119.80,431.91,-357.86
r11_00281,4343.72,1.037,17425,68.1,2882.39,11.39,19219.74,785.36,0.20,5,105,50.5,-876.99,1176.72,9,0,0,0,8,45,0,12611,4156,605,0,0,1282.75,2825.80,51.31,1249.06,-1065.21
r11_00282,1064.92,1.008,16363,74.7,1869.70,8.15,19345.53,1475.58,0.16,4,117,53.0,-739.88,647.04,3,0,0,998,0,0,0,14216,456,653,40,0,595.81,-833.93,3109.66,-889.84,-916.78
r11_00283,-3527.67,0.939,8916,72.1,6979.41,33.89,13615.77,299.94,0.22,5,103,48.5,-1105.05,631.66,7,0,0,0,0,459,0,7852,476,129,0,0,-939.43,30.77,-2788.93,-1628.32,1798.25
r11_00284,-1203.93,0.984,13911,66.6,3165.54,15.01,17917.92,683.95,0.24,6,105,47.6,-1174.30,725.15,6,0,0,4,0,84,0,9499,3760,564,0,0,-59.01,489.09,-1496.55,68.46,-205.92
r11_00285,21314.31,1.141,12792,67.2,7114.94,26.59,17986.04,2181.03,0.88,7,105,62.9,-3456.61,3280.92,4,0,79,21,1168,128,0,9087,1656,648,5,0,2438.86,6812.69,5030.27,6198.95,833.54
r11_00286,14837.39,1.156,11489,71.5,5377.20,16.86,18178.29,1099.89,0.21,5,105,59.0,-1445.44,2707.14,6,0,0,20,0,248,0,9109,1686,342,84,0,7149.44,1440.10,3386.54,447.11,2414.20
r11_00287,2189.32,1.056,7801,75.0,1468.73,6.54,19376.88,564.99,0.12,3,110,53.6,-524.17,373.50,4,0,0,45,0,0,0,7127,268,311,50,0,-122.81,1616.46,465.86,217.28,12.53
r11_00288,5067.08,1.035,21476,66.6,2791.43,10.02,19543.30,396.97,0.22,7,105,41.0,-809.74,1483.87,17,0,0,4,22,207,0,19207,1649,387,0,0,1993.75,2319.74,2918.46,22.01,-2186.88
r11_00289,-9667.53,0.957,32449,65.1,12222.91,56.58,9381.82,1760.14,0.54,18,105,43.8,-3999.72,1700.21,10,0,14,12,0,0,0,22663,9219,541,0,0,-1991.57,-147.16,-4978.95,-2255.50,-294.36
r11_00290,5654.21,1.062,12575,69.0,3711.25,15.03,19940.16,594.12,0.24,6,105,59.0,-1171.87,1461.60,4,0,0,13,0,204,0,9100,2659,599,0,0,2449.58,655.04,-358.35,2111.94,795.99
r11_00291,76.17,1.020,1131,73.6,620.66,3.00,19746.92,578.65,0.18,5,64,68.8,-511.91,190.22,4,0,0,4,0,0,0,890,62,175,0,0,194.71,58.42,-403.76,577.01,-350.22
r11_00292,12882.02,1.051,38594,64.6,4991.64,15.51,19050.24,408.26,0.52,9,105,47.6,-1320.52,3918.86,12,0,0,2748,0,1172,0,27683,6515,467,9,0,3778.56,8078.78,1971.92,-533.65,-413.59
r11_00293,245.86,1.026,2489,75.5,873.40,4.19,19787.97,206.31,0.12,3,78,60.3,-307.80,208.60,5,0,0,6,0,0,0,2234,105,144,0,0,424.46,178.10,-139.89,-69.49,-147.32
r11_00294,-1012.16,0.932,3530,73.5,2209.29,10.54,18756.74,253.44,0.12,3,101,52.5,-246.98,204.82,5,0,0,0,0,0,0,3156,115,259,0,0,432.47,342.91,-1189.88,-389.38,-208.29
r11_00295,-1553.16,0.941,3985,65.7,3629.21,17.36,17276.00,275.85,0.22,4,93,44.1,-776.99,444.40,6,0,0,0,0,0,0,3600,103,282,0,0,470.83,-627.26,-1103.96,-841.59,548.81
r11_00296,4162.91,1.104,4375,69.5,6137.28,24.70,18707.18,2073.51,0.64,10,105,75.2,-2229.64,1079.72,3,0,0,0,0,79,0,3214,484,596,2,0,-51.61,3662.53,-1573.14,1820.78,304.35
r11_00297,-3700.48,0.978,19363,69.5,8490.83,38.37,13637.92,799.97,0.29,8,105,56.2,-2444.76,1787.53,5,0,0,131,0,0,1170,12366,4877,810,9,0,-3964.28,4340.54,-4391.67,451.24,-136.32
r11_00298,3423.13,1.009,62968,64.2,7480.75,31.27,16440.56,899.61,0.37,7,117,49.6,-4103.53,2705.69,10,0,0,33,1785,0,0,43862,16832,448,8,0,-361.01,4040.36,1971.03,3347.73,-5574.98
r11_00299,-1179.28,0.990,12894,74.5,3766.81,16.95,18462.82,1616.64,0.22,3,105,55.2,-1134.32,692.66,5,0,0,0,6,0,0,11959,380,549,0,0,199.39,1497.03,-2252.19,22.64,-646.15
r11_00300,-831.11,0.886,1802,74.1,1625.49,7.86,19044.70,340.74,0.16,7,80,53.8,-423.05,195.67,5,0,0,0,0,0,0,1579,85,138,0,0,644.37,-623.96,-346.48,63.88,-568.92
r11_00301,7.17,1.000,10127,72.8,4918.91,21.86,17465.66,2397.64,0.26,5,101,56.4,-2083.96,792.34,4,0,0,0,0,5,0,7690,1887,545,0,0,-255.90,1588.69,40.93,-1576.88,210.32
r11_00302,779.79,1.037,4698,75.6,2054.31,9.62,19307.99,1442.32,0.12,3,102,57.8,-1106.19,417.92,5,0,0,0,0,0,0,4062,149,487,0,0,505.64,595.80,-730.34,360.85,47.83
r11_00303,17242.15,1.069,29513,68.7,6168.37,16.01,19525.09,781.06,0.30,6,105,62.9,-2479.81,3367.17,5,0,0,40,0,390,0,22861,5586,636,0,0,5438.31,12394.80,-2779.54,3134.32,-945.74
r11_00304,33802.93,1.091,26122,68.9,7022.27,12.52,18216.53,1097.62,0.50,6,105,56.2,-3977.61,6484.49,5,0,43,61,0,1542,0,19106,4800,566,4,0,11573.28,17380.93,5694.93,4402.24,-5248.45
r11_00305,-2997.78,0.890,4553,69.8,4750.23,22.09,16752.40,362.81,0.30,5,93,54.8,-568.53,322.03,6,0,7,0,0,0,0,4227,165,154,0,0,660.20,487.87,-1514.88,-1446.70,-1184.27
r11_00306,-918.43,0.990,12202,76.3,3020.02,14.27,18150.20,2081.29,0.16,4,105,53.3,-838.79,464.26,9,0,8,0,8,32,0,10910,465,770,9,0,-121.47,859.87,-970.91,-1262.46,576.54
r11_00307,13.65,1.000,16519,70.2,1977.09,9.00,19089.70,540.50,0.12,3,105,45.7,-369.30,682.30,8,0,0,1131,5,0,0,14634,348,401,0,0,29.63,-136.35,1499.68,450.53,-1829.83
r11_00308,6958.76,1.049,18737,69.2,9607.91,28.06,19225.65,899.94,0.63,10,104,53.8,-2052.30,1365.19,5,0,0,199,246,956,0,13582,3158,555,41,0,6385.98,1459.93,-2173.04,3512.09,-2226.19
r11_00309,-2513.60,0.901,6446,74.5,2879.95,14.17,17451.08,165.39,0.19,5,101,42.6,-322.26,166.33,7,0,0,0,0,0,0,6060,212,174,0,0,-120.77,-49.57,-1296.35,294.14,-1341.05
r11_00310,2649.13,1.039,14028,69.9,1812.48,8.09,19686.63,199.99,0.26,8,102,57.8,-594.81,758.88,5,0,0,0,0,1422,0,10725,1475,406,0,0,869.88,777.29,50.52,1685.18,-733.74
r11_00311,13987.80,1.043,36021,65.6,10013.35,36.53,17401.63,1893.59,0.95,7,105,58.1,-5242.47,3681.35,5,0,0,26,0,14,0,30339,5131,495,16,0,4392.17,3423.86,6030.07,3504.16,-3362.46
r11_00312,-6649.80,0.919,12412,70.9,14641.74,56.69,11183.79,799.47,0.49,10,99,55.6,-2090.69,1205.37,6,0,0,0,0,477,0,10200,1344,391,0,0,4083.77,-1758.17,-950.54,-3736.65,-4288.20
r11_00313,-3915.86,0.838,5172,68.0,5449.21,25.51,15913.94,400.87,0.30,9,93,49.5,-600.12,254.42,10,0,0,0,0,0,0,3836,1039,297,0,0,427.58,593.90,-2003.55,-2113.64,-820.15
r11_00314,-639.71,0.966,5165,68.8,3230.60,15.27,17919.69,399.85,0.44,16,83,63.9,-667.98,313.83,7,0,0,0,0,281,0,2887,1886,111,0,0,560.44,-254.44,-166.43,-930.22,150.95
r11_00315,14006.60,1.051,29208,66.3,10112.15,25.93,19698.43,1375.18,0.64,7,105,59.0,-4987.59,1547.81,6,0,0,38,8,203,0,16898,11171,749,141,0,8367.01,8793.72,-5407.62,5743.21,-3489.71
r11_00316,3970.24,1.036,14938,71.1,1534.69,6.02,19694.53,689.38,0.12,3,105,48.6,-774.31,906.22,7,0,0,0,34,0,0,14004,429,471,0,0,1349.88,1153.51,1856.39,623.51,-1013.04
r11_00317,-929.49,0.932,3519,77.2,1747.75,8.53,18745.79,145.39,0.12,3,95,47.4,-180.13,145.57,10,0,0,7,0,0,0,3269,120,123,0,0,154.91,-194.89,-330.13,-96.32,-463.05
r11_00318,3260.19,1.012,33149,65.8,15083.40,45.72,17273.69,599.42,0.62,11,105,54.3,-1773.37,2060.29,10,0,0,12,1592,2819,0,20038,7970,718,0,0,6018.34,1103.13,-2655.39,-2681.86,1475.97
r11_00319,15972.30,1.134,14722,67.1,7573.04,31.45,16505.64,2861.58,0.52,8,105,72.4,-4202.08,1601.90,5,0,0,7,0,14,0,11472,2686,505,38,0,2998.87,316.96,7366.88,3233.61,2055.98
r11_00320,21658.41,1.075,37346,65.4,6743.72,27.11,18130.12,1143.48,0.32,6,117,59.8,-1908.24,3786.63,5,0,0,568,0,30,0,31530,4844,354,20,0,1020.92,8773.58,9465.90,5440.17,-3042.17
r11_00321,10839.32,1.116,12777,71.3,7503.02,25.30,18913.49,2599.44,0.42,6,104,66.3,-2531.25,2134.03,5,0,0,7,0,40,0,10544,1504,682,0,0,4790.75,2230.76,-1471.84,3068.06,2221.59
r11_00322,2086.96,1.140,3535,73.6,1988.98,8.56,19713.38,674.29,0.26,10,93,69.9,-681.29,293.47,5,0,0,0,0,0,0,2821,530,184,0,0,1791.40,-851.31,1083.56,558.95,-495.63
r11_00323,5971.05,1.108,11139,72.7,1548.30,6.52,19688.87,822.87,0.21,4,100,64.0,-521.97,613.51,4,0,0,0,0,0,0,10253,385,501,0,0,915.82,2086.77,1035.81,1835.04,97.61
r11_00324,1394.95,1.009,16279,65.4,5282.05,22.65,18040.21,853.56,0.24,4,105,49.5,-1340.54,1585.07,5,0,0,96,0,0,0,15423,339,408,13,0,2543.67,-2276.36,441.04,1798.05,-1111.46
r11_00325,1748.82,1.016,14348,69.2,5122.16,20.76,19546.52,638.62,0.30,5,114,57.9,-1187.96,1043.02,6,0,763,0,0,0,0,12803,499,283,0,0,1916.61,-223.55,1293.74,2604.60,-3842.58
r11_00326,123.07,1.004,6695,72.8,2470.06,11.71,18630.45,329.18,0.16,4,99,48.5,-407.95,359.79,10,0,0,4,0,0,0,6258,266,167,0,0,388.62,426.67,-1090.30,57.78,340.30
r11_00327,20975.72,1.102,29269,67.1,9482.39,34.03,18384.19,2585.68,0.49,15,105,71.4,-4959.72,4344.96,4,0,91,8,0,191,0,15764,12044,1144,27,0,3735.33,4684.71,8744.45,3380.83,430.40
r11_00328,88.20,1.003,4894,70.0,2368.29,10.94,19286.79,398.66,0.50,8,91,59.3,-614.61,396.82,3,0,0,0,0,31,0,4311,279,273,0,0,895.09,-300.94,-647.02,-98.08,239.14
r11_00329,6153.43,1.023,36348,67.7,3653.69,12.91,19612.12,836.80,0.24,4,105,52.4,-1617.67,993.42,4,0,524,51,0,0,0,34318,903,505,47,0,2736.21,3999.77,63.86,1360.60,-2007.02
r11_00330,6118.10,1.015,44685,59.6,8451.73,24.51,18421.86,321.28,1.61,9,105,51.4,-1946.38,2241.83,5,0,0,338,0,7170,0,26937,9758,482,0,0,5324.85,3810.56,331.64,4313.29,-7662.26
r11_00331,20170.27,1.061,28392,68.2,9080.40,28.85,19040.47,1199.99,0.46,5,105,57.1,-3684.63,3585.63,6,0,0,35,18,10,1099,20750,5704,766,10,0,3643.84,8289.29,4817.29,1845.39,1574.46
r11_00332,3421.63,1.029,13166,75.2,3045.11,11.96,19931.47,686.86,0.16,3,117,58.1,-947.94,1069.65,5,0,0,572,0,177,0,11460,421,531,5,0,2002.78,3279.97,-1926.11,486.93,-421.94
r11_00333,5593.13,1.026,26099,73.7,3054.87,10.66,19705.96,799.97,0.18,3,117,54.7,-502.00,1027.47,5,0,52,3,0,0,52,24720,747,525,0,0,2360.13,3817.27,592.64,1041.61,-2218.52
r11_00334,12548.56,1.063,20689,68.2,5868.36,18.52,19780.20,1484.36,0.35,4,105,63.8,-2715.76,1824.95,4,0,0,32,149,0,0,19417,497,594,0,0,4843.97,4997.33,22.53,3146.56,-461.83
r11_00335,-2490.77,0.828,3172,75.4,2563.76,12.77,17509.23,305.06,0.15,3,102,52.0,-444.33,243.51,3,0,0,0,0,0,0,2906,108,158,0,0,-98.37,-812.91,-801.38,-118.51,-659.60
r11_00336,6086.37,1.047,18256,68.2,2096.22,9.41,18919.95,1132.50,0.24,6,105,57.1,-732.69,1338.48,4,0,0,10,0,0,0,15038,2647,532,29,0,1001.01,1290.88,3067.70,1958.99,-1232.21
r11_00337,6405.12,1.059,16807,71.0,4040.02,14.28,19047.58,993.50,0.30,5,104,57.7,-1222.93,746.94,5,0,0,0,0,5,0,14316,2016,421,49,0,2814.20,914.44,2823.88,209.19,-356.60
r11_00338,-1859.66,0.914,4082,72.9,3202.36,15.51,17438.90,425.16,0.24,4,92,55.4,-566.02,255.34,7,0,0,0,0,0,0,3805,161,116,0,0,242.36,-400.74,-1276.74,-527.20,102.66
r11_00339,-3568.57,0.899,6070,70.4,5347.55,26.38,14921.47,612.73,0.35,5,97,54.6,-1248.98,535.93,4,0,0,0,0,0,0,5236,555,279,0,0,-539.20,-64.64,-1790.30,-656.47,-517.96
r11_00340,7576.21,1.030,26609,69.0,4479.33,15.43,19584.57,494.15,0.24,3,105,59.0,-905.75,1565.11,5,0,0,167,0,204,0,25153,635,450,0,0,3423.99,4045.58,-241.51,1691.23,-1343.08
r11_00341,19551.42,1.096,27586,67.2,5478.76,13.54,18920.97,699.45,0.44,15,105,65.7,-1920.05,3027.97,5,0,0,0,0,2194,0,16117,8331,931,13,0,6451.47,9589.09,1431.98,2245.47,-166.58
r11_00342,8728.31,1.042,21733,70.4,6651.59,18.85,19110.83,596.62,0.35,4,105,60.0,-1185.21,4505.09,5,0,0,226,0,316,0,20131,572,396,92,0,1011.27,9704.56,-472.23,1764.05,-3279.35
r11_00343,-8457.49,0.965,41295,63.9,9954.76,47.55,10981.21,1736.26,0.84,12,105,45.7,-4832.68,678.74,7,0,0,10,0,20,0,28842,11919,389,115,0,-4196.09,4605.38,-5689.86,-950.49,-2226.43
r11_00344,-1752.71,0.977,18068,66.6,2590.91,12.46,18202.12,157.59,0.16,5,101,44.6,-263.62,342.61,8,0,12,0,0,0,0,17338,476,242,0,0,257.90,-113.25,30.41,88.05,-2015.82
r11_00345,9427.96,1.033,33841,68.3,9265.77,36.83,15892.32,1195.44,0.30,8,105,62.9,-3962.14,2884.84,7,0,0,4280,0,479,0,18362,9852,868,0,0,-1030.82,7833.51,-302.47,3544.66,-616.92
r11_00346,4835.01,1.051,12532,68.7,13928.34,40.10,18273.97,2199.89,0.70,6,100,66.0,-3131.86,1413.81,6,0,0,0,0,0,96,8521,3321,594,0,0,3828.13,7024.75,-1362.23,-4724.97,69.33
r11_00347,141.47,1.207,248,76.6,177.30,0.88,19918.77,68.46,0.14,5,33,66.7,-66.52,43.58,2,0,0,0,0,0,0,229,19,0,0,0,108.38,-84.70,-29.81,58.35,89.25
r11_00348,2292.11,1.021,21232,65.0,3346.51,13.10,19898.15,630.04,0.54,10,102,56.9,-823.82,1017.93,5,0,0,0,0,0,0,15478,5233,521,0,0,2063.93,-1488.24,2182.14,2325.84,-2791.57
r11_00349,8202.31,1.121,11704,69.3,4087.18,13.03,19811.45,1294.56,0.95,15,102,66.7,-1336.09,1468.01,3,0,12,11,0,0,0,9435,1716,518,12,0,3834.93,3782.95,1311.93,2159.33,-2886.84
r11_00350,2578.25,1.053,9137,66.4,3373.93,14.03,19591.42,598.41,0.56,8,103,65.0,-1505.11,487.36,4,0,0,21,0,84,0,5914,2513,479,126,0,2589.03,-1135.22,789.33,48.43,286.68
r11_00351,6864.58,1.024,24764,67.0,6898.29,20.62,18847.13,499.43,0.31,5,105,55.2,-1900.18,4412.47,4,0,1027,47,0,1099,0,20631,1530,415,15,0,4411.75,4824.69,481.73,-12.09,-2841.50
r11_00352,19699.70,1.081,23815,66.6,11116.93,29.17,19852.64,1199.92,0.88,10,105,64.8,-2460.30,1759.52,4,0,342,142,0,0,413,19646,2721,411,140,0,10310.65,7046.51,-2438.30,6273.93,-1493.10
r11_00353,1227.90,1.033,5572,75.9,847.99,4.03,19938.25,1326.71,0.12,3,105,51.4,-242.16,376.89,5,0,0,3,0,6,0,4801,215,547,0,0,511.49,-177.30,623.70,241.19,28.83
r11_00354,-3214.15,0.953,13196,70.6,5118.42,23.50,16663.51,299.62,0.28,10,103,46.6,-658.41,381.54,5,0,0,0,0,66,0,11321,1377,432,0,0,155.95,1237.97,-2362.08,-353.24,-1892.75
r11_00355,-7378.30,0.929,14211,67.6,13352.76,53.72,11504.24,999.86,0.50,10,99,50.5,-2011.71,1138.98,8,0,384,5,0,0,678,9064,3476,604,0,0,3510.69,-1292.80,-3659.32,-1168.12,-4768.75
r11_00356,-4364.80,0.913,12735,70.0,4679.28,23.05,15618.99,236.55,0.22,6,98,34.7,-618.05,390.25,8,0,0,0,0,0,0,10707,1696,332,0,0,-293.88,-23.75,-995.71,-398.50,-2652.96
r11_00357,20831.87,1.131,19095,68.3,9395.38,33.97,18259.06,2456.84,0.69,12,105,68.6,-5012.77,1511.23,6,0,0,6,0,154,0,12803,5316,726,90,0,6551.17,-422.21,8429.71,5385.90,887.30
r11_00358,5039.74,1.040,25744,66.8,2049.57,7.58,19775.72,391.37,0.22,7,105,53.3,-924.18,874.25,7,0,0,0,0,0,0,24350,945,449,0,0,1141.82,1070.33,3185.61,1526.49,-1884.50
r11_00359,5995.04,1.015,36652,63.0,16294.04,40.88,17550.15,399.48,0.70,9,105,52.4,-2493.44,4104.84,8,0,881,19,0,5111,0,25056,5155,415,15,0,2186.32,14525.90,-7709.06,2833.86,-5841.98
r11_00360,115.98,1.132,326,75.2,187.58,0.94,19820.46,128.92,0.14,4,40,65.0,-115.87,41.35,3,0,0,0,0,0,0,289,14,23,0,0,65.33,-39.48,2.72,78.38,9.03
r11_00361,334.80,1.003,14474,66.9,10770.50,43.39,14052.73,2283.47,1.04,12,105,60.0,-2251.34,1932.59,5,0,0,2,18,54,0,11616,2169,395,220,0,2392.59,1569.99,-7815.19,1884.26,2303.15
r11_00362,3680.86,1.044,10213,74.7,1189.66,4.80,19833.49,699.35,0.16,4,105,52.4,-415.07,1138.36,7,0,99,0,0,244,0,8806,333,712,19,0,1920.61,-292.55,1949.44,941.94,-838.59
r11_00363,270.63,1.065,1305,78.2,456.49,2.24,19835.40,176.54,0.29,7,72,61.1,-204.41,159.77,3,0,0,0,0,0,0,1185,59,61,0,0,277.81,-261.12,-46.06,178.56,121.43
r11_00364,911.66,1.010,13067,66.5,4304.57,19.00,18349.79,798.75,0.58,10,101,53.5,-1224.40,961.77,4,0,0,0,0,0,0,10473,2402,192,0,0,2309.47,-1539.18,-677.83,1459.40,-640.20
r11_00365,-461.33,0.664,217,79.7,814.05,4.04,19356.26,782.18,0.46,7,30,80.0,-767.77,47.85,3,0,0,0,0,0,0,190,19,7,1,0,132.59,-748.25,12.83,120.57,20.94
r11_00366,-1445.06,0.982,12238,65.7,4432.02,19.77,17985.80,199.97,0.49,6,102,48.0,-811.02,978.43,5,0,0,30,0,1503,0,9608,869,228,0,0,811.34,630.59,-605.11,-792.02,-1489.86
r11_00367,1017.62,1.008,17025,73.3,2515.90,11.06,19422.17,1073.32,0.18,3,105,48.6,-486.22,875.15,7,0,0,3,0,0,0,16054,454,514,0,0,194.09,1968.71,-798.93,-179.15,-167.10
r11_00368,-802.13,0.988,11323,67.5,4808.11,20.11,19098.22,592.71,0.34,7,102,54.9,-975.12,957.11,3,0,0,0,0,0,0,7354,3563,406,0,0,2490.92,-1557.46,-411.31,298.56,-1622.83
r11_00369,-77.67,0.996,5012,70.8,1050.23,5.08,19611.34,296.36,0.18,6,101,52.5,-297.73,242.76,6,0,0,0,0,0,0,4622,206,184,0,0,156.40,179.42,-314.52,206.38,-305.35
r11_00370,-994.02,0.987,9981,68.7,2534.70,11.82,18900.62,387.75,0.17,3,105,49.5,-940.13,439.87,6,0,0,256,0,69,0,8954,250,452,0,0,-41.83,756.46,-814.69,503.64,-1397.61
r11_00371,2772.67,1.035,12334,71.0,2372.32,9.70,19522.64,490.32,0.16,4,105,50.5,-384.26,1172.48,8,0,19,50,14,120,0,11145,387,599,0,0,959.17,3331.52,-418.02,-1039.56,-60.44
r11_00372,302.91,1.669,187,80.7,295.15,1.46,19960.92,167.89,0.12,4,28,75.0,-131.62,99.60,3,0,0,0,0,0,0,158,9,20,0,0,221.01,0.89,-131.62,60.83,151.80
r11_00373,-3812.59,0.948,11408,68.8,9534.44,38.39,15300.18,957.14,0.51,8,103,55.3,-1487.58,807.57,5,0,0,0,0,0,0,10374,704,315,15,0,920.67,3184.59,-2110.20,-4545.38,-1262.27
r11_00374,-542.53,0.925,1724,68.6,1633.50,7.81,19289.84,488.05,0.24,9,87,58.6,-420.74,127.23,6,0,0,0,0,0,0,1299,139,286,0,0,352.91,359.02,-203.55,-731.70,-319.22
r11_00375,1720.17,1.030,7348,70.7,2700.11,11.89,19867.08,1550.31,0.21,3,105,57.1,-968.59,675.41,4,0,0,0,24,0,0,6710,221,393,0,0,1253.49,358.65,-294.06,1209.12,-807.03
r11_00376,6821.77,1.055,22608,68.3,3099.04,11.60,19199.27,499.82,0.33,5,104,53.8,-872.81,994.61,7,0,0,0,0,0,75,14845,7367,321,0,0,3043.15,2158.05,-121.63,1834.48,-92.28
r11_00377,2454.45,1.013,25569,74.6,2555.72,10.42,19663.03,1455.72,0.16,4,105,49.5,-509.35,1172.46,7,0,0,1788,0,8,0,22487,570,716,0,0,2261.88,1422.84,-405.55,475.89,-1300.61
r11_00378,15246.21,1.064,29737,66.8,6219.26,17.13,19746.63,899.99,0.52,10,105,76.2,-1950.95,847.69,2,0,0,76,0,0,621,22639,5789,357,255,0,7493.29,5310.92,642.62,1824.34,-24.95
r11_00379,11641.94,1.078,22219,69.8,3380.21,12.84,19265.97,2190.94,0.29,6,105,59.0,-2198.75,1816.49,3,0,109,0,0,30,0,13610,7565,905,0,0,3947.47,3992.28,2384.47,3501.48,-2183.76
r11_00380,379.94,1.003,29965,66.4,3961.30,16.43,19930.39,337.81,0.31,10,105,54.3,-740.70,696.84,10,0,0,0,0,0,0,27073,2513,379,0,0,2042.47,1821.51,-2273.30,-257.05,-953.68
r11_00381,218.68,1.003,14441,70.7,3864.62,16.39,19665.52,399.82,0.28,8,103,54.4,-714.31,686.16,8,0,0,3,0,0,21,12103,2113,201,0,0,1447.43,1372.25,-1267.03,-771.36,-562.60
r11_00382,22094.11,1.071,29501,66.6,7370.43,16.94,18534.55,799.93,0.64,10,105,59.0,-3412.86,5242.82,9,0,115,4,0,0,2821,20770,5165,623,3,0,5933.63,5155.01,4087.30,4571.75,2346.42
r11_00383,9418.15,1.044,36121,67.5,5875.17,19.60,18869.30,1677.85,0.32,8,105,58.1,-2380.68,2065.40,5,0,15,0,0,80,0,18360,16732,918,16,0,2542.96,5541.59,127.93,95.53,1110.13
r11_00384,1823.35,1.033,6623,64.2,5423.69,23.43,16153.47,900.09,0.82,9,105,82.9,-2771.80,528.63,3,0,19,0,22,339,0,4313,1463,102,365,0,365.10,355.28,1122.06,2478.07,-2497.16
r11_00385,4607.83,1.133,7383,70.9,2665.89,10.48,19411.42,603.87,0.24,6,96,62.5,-428.90,430.39,11,0,0,0,0,0,0,5605,1422,356,0,0,1398.57,662.86,1489.78,716.48,340.15
r11_00386,21931.53,1.143,19650,68.7,4680.37,18.74,19570.27,2255.90,0.35,7,105,60.0,-3497.26,3959.02,3,0,0,39,0,21,0,13012,5762,813,3,0,914.72,12425.52,8453.96,2777.46,-2640.12
r11_00387,7250.35,1.248,5612,68.4,4064.98,13.82,19775.66,2882.56,0.82,14,101,78.2,-2644.30,505.36,4,0,39,0,0,14,0,4341,714,504,0,0,2058.21,3042.52,1613.80,-116.70,652.51
r11_00388,13452.50,1.258,7782,68.9,3110.90,11.02,19939.44,1093.99,0.76,6,105,81.9,-2028.58,600.02,3,0,0,0,0,0,7,6105,1177,45,448,0,4744.88,1566.51,2145.46,2954.05,2041.60
r11_00389,22630.99,1.180,13254,67.9,6831.90,14.87,19800.40,1989.13,0.73,7,105,66.7,-2673.26,3196.99,7,0,336,164,0,111,0,10100,1916,611,16,0,6223.99,6462.99,6688.76,2856.42,398.83
r11_00390,12221.60,1.125,10371,70.0,9960.42,31.55,19587.41,2196.47,0.29,6,105,63.8,-3035.77,2808.63,3,0,0,12,75,108,0,7504,2041,631,0,0,6282.42,2198.50,799.76,3930.11,-989.18
r11_00391,-3225.69,0.991,34998,64.2,13150.66,48.49,13971.06,2162.20,0.89,7,105,49.5,-8017.54,3044.72,5,0,0,314,21,0,7,26587,7584,485,0,0,5136.58,-329.08,-5818.77,-607.25,-1607.18
r11_00392,18570.79,1.074,22568,70.0,16432.55,33.87,17990.95,2497.36,0.47,7,105,58.1,-3715.49,5427.57,7,0,5,19,0,390,0,17766,3611,730,47,0,6217.55,9396.93,4361.47,-6100.92,4695.76
r11_00393,-2939.28,0.904,5692,72.4,6569.26,30.64,14871.40,599.72,0.29,7,97,64.9,-1044.32,561.16,6,0,0,0,0,0,182,4397,868,245,0,0,1062.84,-1736.68,-1360.03,-304.52,-600.89
r11_00394,-993.47,0.947,5174,68.8,1028.56,5.14,18983.93,99.17,0.18,4,92,45.7,-193.00,137.80,7,0,0,0,0,0,0,5011,157,6,0,0,-244.29,65.41,-419.69,-58.42,-336.49
r11_00395,1009.04,1.060,3644,70.0,1140.18,5.26,19989.21,588.27,0.20,5,101,63.4,-921.99,388.04,6,0,0,0,0,0,0,2758,422,464,0,0,721.12,516.76,84.16,-132.85,-180.15
r11_00396,-1486.82,0.890,2797,70.4,1707.94,8.46,18482.32,165.50,0.14,5,97,44.3,-243.73,146.51,8,0,0,0,0,0,0,2619,103,75,0,0,-142.12,-4.28,-34.53,-521.54,-784.35
r11_00397,-3933.37,0.917,11687,65.0,4409.03,21.58,16021.60,181.82,0.21,6,98,49.0,-471.41,211.49,8,0,0,0,0,0,0,11155,431,101,0,0,-15.24,74.53,-963.21,-864.86,-2164.59
r11_00398,6502.01,1.049,16789,69.3,6626.45,28.84,16352.28,2422.28,0.58,9,110,53.6,-1014.99,4765.42,6,0,0,80,0,8,0,13908,2253,348,192,0,-1460.25,9487.97,-1824.51,3918.50,-3619.71
r11_00399,97.24,1.004,5094,72.2,5217.16,22.50,17971.58,1199.72,0.48,13,101,72.3,-1154.70,392.22,5,0,5,0,0,59,0,3951,562,517,0,0,1418.56,1393.05,-2311.66,-1557.83,1155.12
r11_00400,10903.12,1.034,41795,64.5,5881.79,16.15,18911.77,199.89,0.34,6,105,47.6,-1049.63,4102.23,8,0,0,8,463,6579,0,29432,4799,514,0,0,4044.13,4994.97,4283.59,2360.86,-4780.44
r11_00401,2367.26,1.035,5364,68.0,9386.15,33.96,17664.09,2674.01,1.22,9,105,80.0,-3253.01,3483.13,4,0,19,3,25,99,0,4270,474,455,19,0,-260.91,4511.71,-3460.00,1159.06,417.40
r11_00402,-2219.05,0.842,3201,75.4,3605.14,16.93,17684.47,299.98,0.16,4,74,51.4,-447.00,311.72,4,0,0,0,0,138,0,2811,126,126,0,0,1192.11,-758.44,-693.45,-768.47,-1190.80
r11_00403,9556.48,1.038,29189,67.1,12644.29,48.85,13240.56,2082.12,0.50,8,105,63.8,-4261.98,2340.89,4,0,0,1046,43,120,0,18893,8169,902,16,0,-1785.64,4938.28,1356.28,3893.08,1154.48
r11_00404,-307.87,0.959,1845,70.4,1519.39,7.18,19648.28,265.63,0.34,6,68,58.8,-608.42,246.14,5,0,0,0,0,0,0,1615,107,123,0,0,555.36,140.49,-221.38,567.55,-1349.89
r11_00405,-4376.57,0.873,9495,69.0,4555.41,22.65,15554.26,125.06,0.18,4,97,28.9,-276.00,167.60,12,0,0,0,0,0,0,9097,248,150,0,0,-821.64,-254.95,-1039.10,-662.98,-1597.91
r11_00406,-212.18,0.998,20177,69.6,3490.86,15.05,19711.17,449.74,0.20,5,104,52.9,-644.48,610.54,7,0,0,0,0,0,0,16547,3114,516,0,0,1688.06,281.47,-1320.55,806.05,-1667.21
r11_00407,9751.96,1.046,23795,69.5,7402.63,29.86,17390.90,1399.65,0.24,7,105,59.0,-3398.13,4208.59,9,0,0,0,60,184,0,18614,4291,646,0,0,8.26,13199.30,-2087.66,28.75,-1396.70
r11_00408,5019.45,1.015,45335,67.1,12859.52,47.26,14347.80,1587.30,0.65,18,105,62.9,-6054.03,1251.26,4,0,0,3,924,654,0,28416,14435,730,173,0,699.96,5359.26,12.89,2337.59,-3390.25
r11_00409,736.57,1.019,6772,71.6,1902.82,8.42,19813.85,299.45,0.16,4,102,49.0,-390.51,517.83,6,0,0,0,0,0,7,6097,230,438,0,0,947.16,621.55,442.93,-161.21,-1113.86
r11_00410,8314.88,1.127,10626,70.1,1921.56,7.38,19879.60,599.93,0.20,5,105,63.8,-966.89,1086.37,7,0,0,145,0,0,265,6624,2834,758,0,0,2343.42,1877.84,2672.91,1768.34,-347.64
r11_00411,19730.61,1.055,52746,62.6,4382.17,18.77,18959.96,297.68,0.31,8,115,62.6,-1108.37,1461.54,3,0,0,130,428,2099,0,40032,9691,320,46,0,1893.41,9104.43,6570.63,4003.50,-1841.36
r11_00412,26296.70,1.098,27168,68.4,13700.72,32.92,18314.02,1300.23,0.67,9,105,66.7,-3861.48,2182.65,4,0,0,408,0,790,0,18345,6864,674,87,0,11385.86,8933.70,-4322.46,10266.41,33.18
r11_00413,797.63,1.033,5089,72.5,1041.02,4.94,19821.40,360.04,0.12,3,102,53.9,-460.16,382.27,4,0,3,0,0,0,0,4548,174,364,0,0,73.86,764.58,97.40,245.93,-384.14
r11_00414,14043.64,1.039,45817,66.5,5353.84,14.93,19753.33,698.94,0.22,6,105,59.0,-4025.44,2624.90,5,0,7,0,252,462,0,33834,10713,549,0,0,4851.62,9602.66,-833.18,4077.14,-3654.61
r11_00415,1432.14,1.019,9485,68.0,8475.49,30.86,18988.42,998.86,0.77,12,105,63.8,-2322.60,1616.35,5,0,0,3,0,264,0,7217,1386,600,15,0,2038.56,2973.61,-4529.90,-216.20,1166.08
r11_00416,-20001.00,0.843,17446,67.5,23052.81,100.00,-1.00,899.98,0.95,13,94,45.7,-3323.49,1497.31,7,1,0,4,0,0,922,12084,4001,435,0,0,381.73,168.87,-8467.31,-6448.31,-5635.98
r11_00417,9079.19,1.077,18099,71.0,8945.04,29.22,18925.21,2496.31,0.34,8,104,55.8,-2492.11,2092.01,6,0,0,0,0,23,0,13518,3917,627,14,0,6133.00,-1176.13,3555.31,-2458.74,3025.75
r11_00418,413.77,1.003,24768,64.4,3714.32,15.44,19050.52,480.97,0.30,8,105,40.0,-930.86,1986.48,8,0,519,14,0,210,0,20398,3137,459,31,0,-172.66,907.69,3251.64,-829.29,-2743.61
r11_00419,14500.33,1.070,29350,64.5,3975.57,10.38,19597.32,215.69,0.34,8,105,59.0,-845.08,1944.58,8,0,0,128,0,4921,0,19637,4114,550,0,0,3953.68,4416.42,7312.57,2064.45,-3246.79
r11_00420,16852.41,1.072,20622,69.5,13234.95,27.82,15570.16,2597.87,1.24,7,112,51.8,-2976.46,4883.07,5,0,46,0,1382,148,0,17427,1236,323,60,0,-91.63,5304.74,10138.82,5425.41,-3924.93
r11_00421,1038.44,1.051,4245,73.3,1610.46,7.33,19837.41,331.64,0.22,8,94,55.3,-458.40,360.56,6,0,0,10,0,0,0,3612,499,124,0,0,1050.45,-121.34,296.10,-149.11,-37.66
r11_00422,-2610.23,0.979,22815,65.1,5086.93,22.67,17350.73,289.99,0.38,4,102,46.1,-1068.45,783.82,7,0,0,52,0,0,0,21899,483,381,0,0,1038.48,1111.73,-438.36,-2349.55,-1972.53
r11_00423,-8625.54,0.840,8270,70.1,8853.99,44.14,11205.60,1099.76,0.54,20,101,65.3,-1804.71,509.43,3,0,0,0,0,338,0,6173,1128,631,0,0,-2204.00,1361.10,-3013.90,-932.91,-3835.83
r11_00424,-1663.13,0.966,10514,68.9,2384.20,11.77,17867.06,237.82,0.21,4,99,48.5,-512.54,412.76,5,0,0,0,0,0,0,9899,284,331,0,0,-232.95,-475.57,-669.75,177.70,-462.56
r11_00425,-2978.54,0.988,43811,68.0,11040.40,41.84,15347.70,2344.16,0.28,7,105,50.5,-2824.92,1873.77,7,0,0,24,68,21,0,22680,20084,934,0,0,1229.79,3347.62,-6034.00,218.69,-1740.64
r11_00426,3369.85,1.027,17483,76.3,1439.86,5.81,19834.36,1077.52,0.12,3,105,49.5,-416.39,1053.85,4,0,0,15,0,0,0,16391,524,553,0,0,1337.71,2271.31,321.45,362.36,-922.99
r11_00427,3967.40,1.014,32259,69.5,10670.33,40.99,15362.91,1386.55,0.41,6,105,57.1,-3676.99,2610.08,10,0,0,166,0,294,0,21714,9252,820,13,0,-1715.40,8414.83,-1990.18,1943.42,-2685.27
r11_00428,-367.22,0.996,10831,70.8,5911.68,25.92,16897.10,1698.78,0.32,8,105,62.9,-2324.92,851.75,6,0,2,206,0,160,0,7321,2266,874,2,0,625.35,-1000.55,-1164.83,-467.37,1640.19
r11_00429,16671.55,1.100,20416,68.9,17775.90,45.72,18339.27,1699.84,0.89,16,104,59.6,-4949.92,2106.16,6,0,0,0,0,604,0,14770,4358,667,17,0,9301.94,4329.59,-8786.27,8146.24,3680.04
r11_00430,517.88,1.004,28539,66.0,3195.16,13.55,19812.07,189.99,0.22,4,102,49.0,-710.51,694.33,7,0,16,0,0,0,0,27487,703,333,0,0,1217.20,614.53,248.53,805.75,-2368.14
r11_00431,5066.48,1.068,9945,71.6,7561.18,28.05,19394.06,2959.10,0.20,9,105,63.8,-2418.38,1119.27,4,0,0,0,0,36,0,6907,2151,825,26,0,3351.23,1671.07,-1416.49,1170.11,290.56
r11_00432,-5516.90,0.966,21874,68.2,12388.35,48.88,12956.89,793.33,0.50,8,105,41.0,-1396.07,1900.74,7,0,0,0,0,612,34,14164,6353,428,283,0,1682.33,-993.45,-6101.48,5.07,-109.37
r11_00433,1596.56,1.011,21922,67.2,2866.23,11.78,19359.72,542.20,0.22,4,105,41.0,-903.02,1114.20,8,0,0,320,0,0,0,20792,466,344,0,0,-335.13,2899.24,1297.05,-1611.89,-652.72
r11_00434,-2833.14,0.941,11397,71.4,3027.11,15.07,17054.90,160.39,0.21,3,97,40.2,-358.79,304.62,6,0,0,26,0,0,0,11056,274,41,0,0,-451.55,-270.72,-1469.16,-207.07,-434.65
r11_00435,-274.01,0.892,711,77.2,725.09,3.60,19442.40,273.55,0.16,6,52,65.4,-262.78,160.86,4,0,0,0,0,0,0,626,50,35,0,0,64.99,-279.26,-177.32,-41.22,158.80
r11_00436,2819.52,1.018,20175,69.2,8979.03,37.34,15069.26,2966.48,0.48,12,105,54.3,-2194.40,2937.11,6,0,0,228,0,36,0,13907,5163,618,223,0,-1016.00,-225.22,1163.12,3718.46,-820.84
r11_00437,-2168.05,0.897,3217,70.0,4520.90,21.00,17007.64,599.92,0.58,6,82,65.9,-1033.40,424.69,5,0,0,0,0,144,0,2642,404,27,0,0,788.47,-756.16,-2.48,-1239.76,-958.11
r11_00438,290.63,1.453,230,69.1,401.96,1.97,19929.26,460.02,0.48,8,25,72.0,-53.66,80.58,2,0,0,0,0,0,0,166,32,32,0,0,201.99,-1.84,36.26,69.95,-15.73
r11_00439,-3797.80,0.919,8307,67.9,5943.12,27.11,15977.90,199.91,0.34,6,99,46.5,-959.48,348.02,7,0,0,0,0,883,0,6613,547,216,48,0,1467.75,100.91,-3072.36,-1075.26,-1218.84
r11_00440,12565.45,1.089,24241,68.2,2734.79,9.39,19610.59,696.12,0.31,6,105,66.7,-1961.37,1781.41,5,0,4,14,0,396,0,12359,10611,850,7,0,2949.95,4258.07,2441.31,3439.90,-523.78
r11_00441,279.54,1.014,4133,72.0,2455.20,11.10,19497.84,599.95,0.35,10,93,68.8,-670.25,374.62,3,0,0,0,0,0,99,3175,517,342,0,0,1804.48,-1433.58,910.92,-118.55,-883.73
r11_00442,7669.01,1.036,33438,66.0,4824.41,21.00,18151.16,1892.54,0.20,9,117,59.8,-1688.40,2619.06,6,0,8,10,0,0,0,22344,10483,568,25,0,-490.07,8293.17,347.99,2596.00,-3078.07
r11_00443,-135.30,0.998,16441,65.8,4791.84,20.98,18051.24,2058.79,0.38,11,105,51.4,-2246.48,1112.92,9,0,0,106,0,10,0,9034,6593,677,21,0,13.61,1310.59,754.89,-742.02,-1472.37
r11_00444,37817.61,1.229,15053,67.6,7246.86,23.64,19900.31,2175.87,1.10,14,105,71.4,-3945.25,4001.12,3,0,244,127,0,281,0,10666,3006,729,0,0,9205.32,6503.62,14226.55,5139.66,2742.48
r11_00445,7153.32,1.030,32140,68.2,6534.36,28.91,16070.42,1372.16,0.20,7,105,55.2,-3509.87,4628.80,4,0,0,1840,0,105,0,19305,10091,799,0,0,-3475.55,11047.05,173.37,112.58,-704.14
r11_00446,-12079.08,0.895,15691,69.2,16304.86,69.62,7113.52,798.98,0.64,9,113,54.0,-2185.64,886.88,4,0,46,0,0,87,111,13273,1762,412,0,0,795.09,1230.17,-2083.35,-6362.74,-5658.26
r11_00447,23826.14,1.091,24487,68.7,13106.43,45.41,15755.62,2391.44,0.52,11,117,65.8,-5576.47,3772.97,3,0,2320,0,0,424,0,16501,4402,832,8,0,546.28,10349.08,7880.36,8941.52,-3891.11
r11_00448,6851.35,1.028,31386,63.9,7224.82,31.40,15781.02,878.44,0.22,5,105,52.4,-4486.81,2919.13,6,0,0,263,10,5,0,26197,4381,530,0,0,1760.12,-433.84,3485.42,4390.23,-2350.59
r11_00449,-564.29,0.995,18879,66.1,4199.87,17.79,19414.27,399.94,0.45,10,103,49.5,-707.03,1055.62,7,0,0,3,0,0,122,15621,2703,302,128,0,2888.67,-119.96,-1306.29,113.16,-2139.86
r11_00450,5571.28,1.060,17154,71.1,12801.16,36.63,19110.79,2199.94,0.50,8,98,62.2,-1937.94,1526.83,5,0,20,0,0,126,0,10452,6102,454,0,0,7121.98,6411.43,-3809.67,-3936.88,-215.58
r11_00451,1074.01,1.018,8959,68.9,2150.96,9.97,19418.87,443.51,0.23,3,102,56.9,-520.53,724.76,6,0,0,0,10,0,0,8335,239,375,0,0,584.03,617.78,-503.39,344.42,31.17
r11_00452,-3602.65,0.961,15372,66.1,5217.38,24.14,16397.35,689.17,0.76,6,103,47.6,-992.08,770.84,8,0,0,6,0,0,0,14587,542,230,7,0,697.55,105.30,-1419.81,-477.73,-2507.95
r11_00453,30482.14,1.041,54171,63.6,18765.64,32.47,15279.46,699.62,1.25,10,105,56.2,-2983.17,8491.22,4,0,0,2010,74,6423,0,36621,8597,415,31,0,16007.22,21040.42,2579.91,2761.56,-11906.96
r11_00454,19651.62,1.119,18441,70.2,4565.14,11.06,18225.93,2634.38,0.22,5,105,58.1,-1427.33,1984.77,4,0,0,0,204,14,0,14601,3035,587,0,0,3047.18,8402.18,3996.26,3963.63,242.37
r11_00455,28030.47,1.105,23714,67.5,13732.48,26.73,17909.73,799.61,0.68,9,105,60.0,-3566.02,7243.77,4,0,0,80,12,1720,0,18910,2427,558,7,0,7856.56,21994.29,-8637.37,4271.39,2545.60
r11_00456,19898.46,1.098,26055,66.2,2588.37,8.85,19687.57,799.35,0.22,5,105,58.1,-819.08,3402.15,5,0,219,76,0,18,0,24423,866,448,5,0,5522.56,4998.15,6203.93,5045.67,-1871.85
r11_00457,1282.67,1.010,17000,68.7,11251.57,37.12,19056.12,1216.60,0.54,5,104,54.8,-1649.58,1187.40,5,0,0,21,0,0,0,13883,2544,552,0,0,3309.72,6546.51,-6075.34,-1364.30,-1133.92
r11_00458,2399.33,1.030,10990,66.8,4166.71,19.58,17108.65,199.84,0.24,7,105,55.2,-907.18,894.06,7,0,39,317,0,1605,0,7264,1281,484,0,0,772.12,-2416.54,2974.50,1430.33,-361.08
r11_00459,2963.49,1.085,6385,74.3,1040.92,4.72,19881.44,300.00,0.18,4,102,58.8,-327.97,542.42,6,0,0,4,0,300,0,5616,217,248,0,0,858.17,637.95,181.65,901.99,383.72
r11_00460,-1880.05,0.877,2696,72.8,2822.21,13.60,17924.04,688.27,0.27,5,92,59.8,-629.28,212.22,3,0,0,0,0,0,0,2296,167,233,0,0,526.22,-867.65,247.12,-968.38,-817.35
r11_00461,3274.83,1.039,10949,70.7,2373.74,10.11,19440.57,499.90,0.16,4,105,58.1,-1322.37,951.24,3,0,0,18,0,0,104,9945,309,573,0,0,1847.77,64.03,345.28,1142.66,-124.90
r11_00462,4334.83,1.056,9451,68.7,3818.91,13.78,19363.76,1061.34,0.66,11,103,55.3,-1412.78,1190.80,3,0,0,0,0,0,0,7455,1631,365,0,0,3527.70,752.02,1147.34,-306.27,-785.97
r11_00463,-1440.09,0.963,7518,70.0,2917.86,13.63,18485.37,377.69,0.21,5,96,57.3,-710.61,220.40,3,0,0,0,0,0,0,6964,275,248,31,0,568.34,534.84,-1260.33,-34.40,-1248.55
r11_00464,-2078.58,0.945,7437,75.8,4708.77,21.85,16837.05,999.58,0.20,5,110,62.7,-1026.57,506.79,5,0,0,0,0,47,0,6000,946,444,0,0,-64.49,270.28,-919.94,-1541.54,177.10
r11_00465,-273.02,0.996,9644,73.7,3206.32,14.45,18990.03,1275.40,0.18,4,105,47.6,-744.77,702.50,10,0,0,20,0,56,0,8525,288,755,0,0,518.68,1490.46,-1437.83,-556.31,-288.02
r11_00466,-4348.56,0.893,7836,69.9,5785.90,27.65,15136.02,426.72,0.22,6,97,54.6,-803.21,464.69,8,0,0,0,0,0,0,7052,613,171,0,0,-23.87,639.64,-2157.23,-2474.58,-332.52
r11_00467,54.02,1.058,323,74.9,360.20,1.78,19890.02,162.73,0.16,6,28,67.9,-175.03,143.53,2,0,0,0,0,0,0,256,57,10,0,0,217.42,-224.70,-31.20,89.28,3.21
r11_00468,6130.70,1.056,17742,69.0,2043.80,8.93,19938.38,1812.97,0.20,5,105,55.2,-906.16,1128.98,4,0,6,4,0,0,0,10953,6048,731,0,0,1835.50,1480.36,1993.02,1521.26,-699.45
r11_00469,13038.75,1.051,30029,65.6,3468.66,11.39,19273.19,595.39,0.79,12,105,50.5,-948.24,2773.66,6,0,0,2596,0,1056,0,19818,6006,553,0,0,2356.37,5870.35,4392.08,2683.38,-2263.43
r11_00470,-3888.86,0.985,27652,68.9,13374.33,49.36,13722.81,2108.47,0.24,5,116,49.1,-4101.14,1446.60,7,0,0,24,0,0,0,21913,5269,380,66,0,2725.94,1615.14,-8157.91,-770.50,698.47
r11_00471,-2126.68,0.927,5782,72.6,6079.46,26.95,16475.01,2296.88,0.38,11,100,73.0,-2173.95,322.90,3,0,0,0,0,0,7,4358,1003,414,0,0,1706.57,-36.29,-4093.24,731.58,-435.31
r11_00472,22.27,1.000,12200,66.2,12182.40,40.39,17976.50,998.63,0.80,8,101,53.5,-2193.05,1503.62,7,0,0,7,12,195,0,8434,3097,455,0,0,4496.48,2288.12,63.13,-2371.29,-4454.17
r11_00473,3985.49,1.021,26009,64.6,7240.82,24.69,18392.01,199.78,0.39,6,105,49.5,-1062.98,1538.57,8,0,0,640,0,3892,0,17902,3115,444,16,0,724.16,7702.25,-2830.93,-1399.99,-210.01
r11_00474,-4499.94,0.891,11002,69.7,4936.91,24.63,15110.66,393.62,0.24,6,93,45.2,-631.55,349.71,6,0,0,0,0,0,0,7650,3183,169,0,0,-611.93,370.62,-2123.41,-1475.08,-660.13
r11_00475,14219.33,1.148,21380,69.1,3526.32,10.56,19054.94,1407.18,0.50,17,102,65.7,-1865.90,1311.26,5,0,0,824,0,0,0,11925,8045,586,0,0,4988.86,5311.97,-718.62,1944.15,2692.96
r11_00476,-4581.93,0.967,21888,66.3,9232.73,42.55,12465.47,1499.97,0.32,15,105,57.1,-2912.15,1209.76,6,0,0,0,0,25,213,12730,8023,897,0,0,-1345.99,947.24,-2679.66,-1956.83,453.31
r11_00477,-1746.45,0.842,3125,66.0,1875.84,9.34,18215.31,114.21,0.16,4,78,41.0,-352.28,73.18,6,0,0,0,0,0,0,2947,91,87,0,0,-107.27,128.58,-125.07,-334.29,-1308.39
r11_00478,12456.85,1.080,19786,68.2,6046.49,21.31,19493.41,1599.64,0.30,6,105,67.6,-3021.02,2684.68,4,0,0,4,46,0,52,14220,4698,737,29,0,1701.84,4509.71,-44.99,5104.62,1185.66
r11_00479,9552.53,1.114,10497,70.7,5040.12,17.31,19631.99,899.83,0.22,7,105,74.3,-3229.74,1125.74,3,0,0,42,0,353,0,7707,1810,582,3,0,4067.01,2517.66,1049.86,855.61,1062.38
r11_00480,4127.37,1.127,6542,70.2,2049.91,8.14,19910.03,808.85,0.32,8,101,62.4,-699.51,531.90,4,0,0,4,0,0,0,4996,1191,351,0,0,1734.18,1116.87,977.84,296.95,1.53
r11_00481,-8317.47,0.965,24824,68.0,25098.30,84.48,4612.31,2794.11,0.76,10,105,61.9,-13048.04,2451.11,6,0,48,529,0,460,0,15868,6819,1100,0,0,5025.76,-3314.41,-10419.97,-887.40,1278.54
r11_00482,6128.65,1.032,18180,64.3,6033.84,19.63,18423.45,698.98,0.52,8,105,54.3,-2678.52,2333.41,5,0,0,117,0,1184,0,11488,4794,597,0,0,4693.23,-3325.58,5247.64,710.37,-1197.01
r11_00483,-803.24,0.912,2468,75.4,1768.82,8.73,18485.71,244.93,0.22,8,86,59.3,-422.69,193.09,6,0,0,0,0,0,0,2180,233,55,0,0,107.85,-856.28,-724.12,260.22,409.09
r11_00484,2134.31,1.044,9699,70.2,2677.47,11.02,19451.24,599.39,0.40,13,101,60.4,-691.80,660.04,5,0,0,0,0,44,0,7419,1632,604,0,0,1667.20,176.21,1161.06,98.53,-968.68
r11_00485,2041.32,1.012,31701,64.1,4901.28,18.23,18846.57,284.25,0.28,9,105,41.9,-463.57,1371.35,7,0,0,8,26,606,0,23941,6686,434,0,0,271.60,5794.61,-5.15,-1813.80,-2205.94
r11_00486,-472.59,0.981,5219,70.8,1912.91,9.05,19228.12,199.94,0.27,4,93,46.2,-281.31,278.76,5,0,0,0,0,96,0,4770,148,205,0,0,562.62,299.91,-887.23,-28.83,-419.06
r11_00487,21573.63,1.087,33962,68.7,8203.40,26.51,19220.16,1199.98,0.57,16,105,63.8,-2898.41,2040.58,6,0,3,20,0,206,1475,20495,10754,876,133,0,4218.51,15116.14,-1313.22,4991.33,-1439.12
r11_00488,16485.60,1.039,44619,68.2,8179.36,19.68,18619.00,987.77,0.33,6,105,57.1,-3950.60,4708.81,4,0,39,12,0,444,0,32860,10627,627,10,0,7338.29,9275.87,-506.82,1156.02,-777.77
r11_00489,9951.30,1.146,12508,67.9,2877.98,9.31,19337.48,779.68,0.42,7,103,76.7,-1213.76,360.65,2,0,0,29,0,0,0,8774,3119,201,385,0,2606.05,1453.06,3594.63,1643.75,653.82
r11_00490,4424.37,1.065,14392,72.5,5123.95,18.16,19402.02,1199.97,0.20,5,103,57.3,-1035.98,1099.89,6,0,0,0,0,75,0,9826,3783,708,0,0,4275.91,2477.59,-931.40,-1971.35,573.62
r11_00491,-11459.69,0.884,7933,68.1,17036.32,75.10,5648.79,2193.55,1.15,9,105,75.2,-3485.14,1035.00,3,0,134,5,174,186,0,6604,495,6,329,0,-2592.36,-651.86,-3302.67,-2080.12,-2832.68
r11_00492,10566.37,1.086,22414,67.1,2976.54,9.12,19508.95,1317.84,0.30,6,105,64.8,-2425.02,1216.61,4,0,0,24,0,0,0,13821,7996,573,0,0,2528.61,3386.22,3180.29,2286.64,-815.38
r11_00493,-1878.50,0.984,12317,67.6,13008.01,48.04,14071.97,1428.06,0.50,11,105,67.6,-2878.04,1382.60,5,0,17,33,26,478,0,8238,2745,780,0,0,6131.02,-2430.03,-3320.55,-4067.97,1809.02
r11_00494,6766.43,1.095,11548,69.8,4173.98,13.57,19647.55,1153.20,0.38,10,102,58.8,-775.03,1077.67,3,0,0,0,0,0,0,9050,1921,577,0,0,3236.66,1996.09,3084.43,1874.49,-3425.25
r11_00495,-2738.51,0.922,6059,72.7,5438.11,24.98,16334.33,999.57,0.22,10,98,68.4,-1066.80,385.29,2,0,0,40,0,104,0,4667,700,548,0,0,726.31,-1621.86,-1145.79,1294.97,-1992.14
r11_00496,904.06,1.018,10643,70.1,5086.69,21.11,18705.43,1298.61,0.42,14,97,62.9,-1324.77,674.77,3,0,0,0,0,14,0,6598,3445,586,0,0,2053.83,1309.14,-3122.62,2323.20,-1659.48
r11_00497,15827.99,1.090,19226,68.4,9461.79,29.33,18731.93,2782.45,0.76,8,105,67.6,-5193.66,891.49,4,0,0,36,0,44,0,15991,2522,316,317,0,4537.76,7558.07,-5230.23,5219.17,3743.22
r11_00498,-5652.04,0.967,25924,67.4,9733.65,43.47,12658.81,898.65,0.22,8,105,48.6,-3024.27,1090.75,5,0,0,0,73,127,0,20746,4453,525,0,0,-1414.30,-380.14,-4362.84,-91.32,596.56
r11_00499,8645.17,1.092,15102,71.4,7147.00,21.04,18943.85,1899.21,0.48,12,104,65.4,-1962.03,1231.04,6,0,0,0,0,125,0,10748,3333,894,2,0,5481.51,5444.86,-1589.45,-470.07,-221.68
r11_00500,1331.10,1.051,5344,66.9,1713.32,7.48,19789.72,722.32,0.20,5,104,60.6,-683.52,598.44,4,0,0,0,19,0,0,3329,1397,599,0,0,1225.88,412.65,342.09,232.51,-882.02
r11_00501,4230.86,1.099,8007,73.3,1668.70,7.44,19687.87,499.93,0.18,4,102,59.8,-440.96,787.71,6,0,117,23,0,166,0,6951,264,486,0,0,1105.63,1069.79,407.09,1209.13,439.22
r11_00502,2655.63,1.041,8330,69.3,3151.79,12.91,19090.61,299.68,0.22,4,100,53.0,-635.77,1084.85,5,0,3,4,0,407,0,7310,241,365,0,0,1231.58,-1830.82,3232.86,778.88,-756.86
r11_00503,590.66,1.007,20923,66.8,2540.92,11.00,19965.26,337.17,0.34,7,102,47.1,-474.66,352.11,10,0,210,0,0,0,0,19759,819,135,0,0,1528.00,1089.86,-53.39,-602.84,-1370.96
r11_00504,37334.26,1.103,34087,67.3,13627.67,26.38,18687.63,1395.70,0.51,8,105,61.0,-3318.78,7729.82,5,0,0,170,0,696,0,26251,6394,524,52,0,10830.81,10291.90,1998.78,13011.19,1201.56
r11_00505,962.84,1.015,8512,76.5,1132.23,5.14,19893.67,1993.17,0.14,3,105,51.4,-481.98,405.63,5,0,0,0,0,15,0,7633,253,611,0,0,416.51,671.31,-49.15,558.61,-634.45
r11_00506,-2056.12,0.989,26324,67.5,10272.56,37.40,17193.88,1572.64,0.41,6,105,49.5,-1409.53,2124.63,4,0,0,0,0,0,0,18803,6806,595,120,0,467.41,5938.85,-6527.18,576.40,-2511.59
r11_00507,-1213.28,0.990,15707,71.2,8065.25,37.14,13651.45,299.99,0.21,5,105,47.6,-1082.70,867.48,7,0,6,0,0,0,1452,13250,625,374,0,0,323.15,-2273.74,-1698.14,1366.25,1069.21
r11_00508,4757.03,1.054,17006,71.0,4848.78,17.83,18505.35,1468.13,0.41,6,100,60.0,-3136.78,1204.90,4,0,9,282,0,0,0,10859,5202,654,0,0,3888.92,1112.60,112.54,415.36,-772.39
r11_00509,-1653.23,0.929,4450,69.2,2298.98,11.17,18289.27,299.62,0.49,5,84,54.8,-558.77,315.13,6,0,15,0,0,0,17,4158,200,60,0,0,390.25,-462.41,-408.16,-471.80,-701.11
r11_00510,-2032.24,0.981,23564,66.8,4295.66,19.36,17890.67,578.67,0.26,8,105,37.1,-559.20,543.76,10,0,43,0,0,0,0,22101,997,365,58,0,377.62,932.28,49.76,-1402.26,-1989.64
r11_00511,-416.09,0.995,15902,75.0,2779.42,12.48,19490.51,461.27,0.16,3,103,50.5,-653.96,516.34,5,0,0,9,0,0,0,15030,430,433,0,0,1191.21,863.53,-1129.98,-1010.20,-330.66
r11_00512,9969.07,1.091,14144,71.2,9435.69,26.61,19333.11,1599.52,0.48,7,105,61.0,-1920.58,1840.63,5,0,7,0,210,224,0,11811,1379,477,36,0,6252.84,4334.53,2288.17,-4761.00,1854.52
r11_00513,532.72,1.008,15051,68.3,3057.24,13.58,19456.55,470.28,0.36,13,99,52.5,-986.30,494.09,5,0,0,0,0,0,0,11493,3198,360,0,0,743.43,1405.75,-1204.11,-139.48,-272.86
r11_00514,32419.04,1.066,37038,66.9,15741.82,27.56,15171.76,1800.00,0.82,12,105,66.7,-4610.57,2487.38,4,0,0,8,62,1203,0,26257,8749,616,143,0,10826.50,9426.40,4835.21,5743.99,1586.95
r11_00515,-6713.75,0.688,2875,78.7,8800.54,40.37,12999.20,2096.52,0.64,12,84,72.6,-1977.53,384.46,5,0,0,0,0,29,0,2530,181,135,0,0,-183.83,-1192.45,85.20,-2728.26,-2694.41
r11_00516,8089.36,1.030,34176,64.2,4611.89,14.66,18637.99,1297.49,0.52,6,105,62.9,-2381.61,935.84,5,0,0,16,0,0,0,29811,3831,326,192,0,2055.80,4921.72,469.18,3222.47,-2579.82
r11_00517,4163.65,1.011,47885,67.1,8779.40,26.85,19061.41,595.95,0.24,3,105,41.0,-1016.06,2799.11,7,0,0,3,2837,0,0,43843,739,463,0,0,5770.34,5536.58,84.79,-2804.37,-4423.69
r11_00518,-7119.17,0.860,7623,74.3,9195.54,41.92,12742.35,1399.96,0.32,6,98,60.2,-1290.91,688.62,5,0,0,61,0,87,0,6166,1059,243,7,0,-1486.04,1416.47,881.23,-3528.85,-4401.99
r11_00519,4742.32,1.035,16003,69.3,2767.00,13.16,18251.38,1030.73,0.20,4,105,58.1,-1195.88,1216.40,5,0,0,131,0,0,0,14877,438,557,0,0,881.30,1715.52,1821.30,1135.03,-810.83
r11_00520,6676.05,1.078,12374,67.2,3145.28,10.97,19611.57,398.47,0.40,10,105,74.3,-1285.69,438.46,4,0,0,86,0,1144,0,9099,1605,193,247,0,1848.67,-1676.02,5204.21,2287.50,-988.31
r11_00521,8585.97,1.038,34127,66.8,10671.17,41.17,15246.13,2335.94,0.44,12,105,58.1,-3818.89,2877.82,7,0,2,271,0,0,0,19575,13271,1008,0,0,-2653.55,10194.13,834.28,3301.97,-3090.86
r11_00522,1961.38,1.009,32352,65.2,5019.11,20.15,19540.11,199.78,0.20,9,105,50.5,-965.18,1236.36,5,0,8,1454,0,4901,0,19004,6373,612,0,0,3161.62,473.01,-1486.66,-983.37,796.79
r11_00523,7030.99,1.035,32733,66.4,1571.49,5.90,19836.21,424.48,0.18,3,105,56.2,-455.94,1033.56,5,0,12,536,0,0,0,31124,620,441,0,0,2667.53,3300.13,1365.02,-4.98,-296.71
r11_00524,1711.99,1.010,25027,65.5,4806.39,23.61,15549.53,599.94,0.81,9,105,42.9,-1636.00,3340.66,7,0,0,12,7,0,274,22880,1503,330,21,0,-2361.25,3003.19,2698.54,-168.44,-1460.04
r11_00525,-428.32,0.857,941,68.1,668.30,3.30,19553.62,98.99,0.20,6,51,47.1,-200.17,89.71,5,0,0,0,0,0,0,887,43,11,0,0,63.48,-22.28,-22.16,-221.24,-226.13
r11_00526,11604.73,1.049,35374,65.5,2965.10,9.85,19848.99,688.17,0.27,5,105,52.4,-779.18,2377.01,10,0,7,46,0,0,0,31517,3284,514,6,0,4636.18,4167.34,2422.06,2573.40,-2194.25
r11_00527,7577.87,1.032,38510,66.8,3277.31,11.18,19192.63,668.20,0.28,8,105,42.9,-534.60,2781.34,12,0,0,4,0,56,0,32728,5224,498,0,0,3294.44,4006.66,3106.20,-783.94,-2045.49
r11_00528,1773.16,1.031,9472,70.3,4692.15,19.19,19660.73,499.98,0.32,10,103,58.3,-1104.98,920.13,3,0,0,93,0,0,451,6724,1771,433,0,0,3211.13,346.30,-1907.01,327.25,-204.51
r11_00529,2166.05,1.014,18796,62.1,6091.21,27.48,16072.21,1169.30,0.32,6,105,58.1,-2826.52,2129.67,4,0,0,15,104,0,0,15137,3099,423,18,0,-720.46,1162.85,416.47,3501.79,-2194.61
r11_00530,20962.81,1.061,25474,66.4,15527.10,47.23,17347.35,1284.42,0.75,5,105,60.0,-7247.05,3850.98,5,0,0,715,0,390,0,18696,5044,617,12,0,5271.32,4592.26,-2734.13,11569.59,2263.76
r11_00531,-4263.57,0.796,2759,68.2,10377.29,41.02,14922.76,2699.71,0.78,10,72,75.0,-2691.02,434.74,3,0,170,0,0,28,0,2079,291,191,0,0,3843.62,-1210.62,-2754.64,907.18,-5049.12
r11_00532,6330.73,1.055,13340,68.9,5742.93,20.57,19708.33,1479.15,0.69,10,105,64.8,-2034.30,2754.74,3,0,0,171,262,106,0,10837,1385,570,9,0,3646.12,2605.31,-2270.70,2425.96,-75.95
r11_00533,458.04,1.012,7599,65.7,1713.74,8.02,19467.92,606.24,0.27,5,105,48.6,-891.62,761.29,5,0,0,0,106,0,0,6441,645,393,14,0,633.51,289.63,-366.50,101.45,-200.05
r11_00534,17491.00,1.062,24933,66.5,11244.48,26.81,19127.03,1094.44,0.52,6,105,61.9,-3917.32,4586.83,6,0,6012,40,0,577,0,15552,2213,537,2,0,10820.41,4484.58,-436.46,3537.61,-915.15
r11_00535,-5344.01,0.917,15068,69.0,5568.25,27.66,14561.68,319.88,0.21,8,101,45.5,-582.10,489.09,5,0,0,0,0,0,0,13537,1423,108,0,0,-1142.20,577.49,-1446.79,-1435.95,-1896.56
r11_00536,10636.30,1.070,26123,68.9,4182.68,12.01,19530.11,599.85,0.48,16,117,59.8,-1469.65,1618.50,4,0,0,7,0,622,0,17542,7197,755,0,0,4664.17,3204.79,4491.47,256.58,-1980.72
r11_00537,11912.83,1.102,15713,71.3,4121.20,16.83,19611.52,899.95,0.26,6,105,60.0,-1982.81,3522.44,6,0,0,41,0,0,458,10758,3702,729,25,0,841.27,5692.66,3076.55,1310.77,991.58
r11_00538,226.41,1.268,286,75.9,342.18,1.69,19890.38,115.14,0.15,4,28,71.4,-120.28,105.94,4,0,0,0,0,0,0,273,12,1,0,0,215.26,-134.28,-120.28,118.22,147.48
r11_00539,8444.81,1.109,10722,66.5,6617.37,20.42,18298.97,999.49,1.19,11,98,62.2,-1658.81,1403.81,5,0,6,16,0,0,482,8110,1685,423,0,0,4088.92,5816.27,545.61,-1640.61,-365.38
r11_00540,29438.22,1.160,23814,66.8,6832.09,12.89,18394.60,2684.43,0.82,10,105,66.7,-2304.29,2695.50,4,0,5273,0,0,38,0,16248,1710,358,187,0,2538.21,18937.27,6637.66,1172.17,152.90
r11_00541,5241.45,1.035,14613,67.8,9715.13,31.58,19171.83,1197.18,2.32,10,108,50.9,-1671.05,3413.27,8,0,188,2,0,434,0,12415,1304,210,60,0,4148.28,1561.43,4856.30,-4459.60,-864.96
r11_00542,16503.85,1.105,18402,69.4,4293.71,12.28,19710.56,696.24,0.32,6,105,63.8,-1843.60,4276.03,4,0,41,0,0,374,0,15425,2067,495,0,0,5236.71,8240.65,158.20,2596.18,272.12
r11_00543,4321.33,1.073,8257,73.3,9375.47,32.91,18314.39,2799.77,0.30,5,110,67.3,-2751.97,1281.54,3,0,0,4,0,25,0,6647,1224,357,0,0,1181.81,5480.90,-4777.12,-1161.43,3597.16
r11_00544,-5621.02,0.931,10891,72.3,11042.56,43.44,14378.98,1299.91,0.23,5,110,51.8,-1701.47,1174.30,5,0,0,237,0,158,0,9223,871,402,0,0,-799.31,5380.27,-1511.73,-5543.91,-3146.34
r11_00545,6920.53,1.027,35790,64.0,4907.24,15.51,19021.59,201.49,0.47,6,105,49.5,-1216.18,1992.50,9,0,0,193,0,2843,0,29433,2918,403,0,0,2893.70,7553.73,-2865.07,530.53,-1192.36
r11_00546,17130.18,1.060,36515,68.5,6101.22,24.24,18761.87,1185.98,0.80,10,117,53.8,-2281.64,4036.14,5,0,0,12,76,213,0,31766,3997,439,12,0,1670.78,11417.09,2633.68,3975.51,-2566.87
r11_00547,20641.11,1.090,21026,68.3,11118.62,22.04,19662.88,1599.83,1.45,11,105,60.0,-2318.67,5683.36,4,0,4316,0,0,0,504,15317,486,327,76,0,5956.18,7757.32,7939.02,7812.22,-8823.64
r11_00548,619.78,1.004,22867,66.1,4073.44,16.55,19753.95,411.40,0.18,3,105,41.0,-780.57,940.86,7,0,0,771,0,0,0,21266,445,385,0,0,1838.55,1953.09,-1087.06,-648.30,-1436.49
r11_00549,-3676.52,0.966,18515,72.7,10578.87,39.88,15947.63,1399.70,0.24,5,104,49.0,-2040.44,1595.77,4,0,0,0,0,0,144,12571,5050,750,0,0,4164.99,356.30,-3613.59,-2957.00,-1627.22
r11_00550,-36.80,0.890,85,72.9,132.35,0.66,19948.35,62.58,0.09,3,13,69.2,-52.23,17.14,2,0,0,0,0,0,0,80,3,2,0,0,70.65,-52.23,0.00,-48.80,-6.42
r11_00551,-225.39,0.999,32462,67.0,9787.59,37.42,16366.04,1599.89,0.83,21,105,52.4,-2076.61,2181.77,8,0,0,76,0,0,227,23478,7972,601,108,0,2439.19,-87.44,-3210.35,1467.18,-833.97
r11_00552,2353.43,1.022,13888,66.7,3159.52,13.86,19634.29,214.32,0.22,8,105,56.2,-604.41,1175.63,5,0,0,768,0,1821,0,9104,1676,519,0,0,1123.32,-505.44,1467.89,1006.59,-738.92
r11_00553,-1181.90,0.969,6659,76.3,4525.13,19.85,18267.24,800.00,0.14,3,103,50.5,-1403.24,533.60,7,0,0,0,0,27,0,6028,242,362,0,0,778.95,677.90,-1880.19,-938.20,179.65
r11_00554,6548.90,1.069,15051,72.6,6989.21,22.71,18393.36,2110.09,0.32,10,102,65.7,-2720.05,1157.60,3,0,11,0,0,0,0,11810,2669,561,0,0,1758.42,1135.06,4113.40,862.40,-1320.38
r11_00555,-3231.82,0.966,12151,73.8,5484.60,24.99,16465.21,1965.86,0.16,4,105,46.7,-1532.07,516.59,6,0,7,4,18,0,0,11043,409,670,0,0,460.27,1064.02,-3050.62,-1438.72,-266.76
r11_00556,-1587.63,0.967,10582,69.5,3085.67,14.45,18261.31,213.03,0.20,4,103,38.8,-383.11,514.10,9,0,0,6,0,0,0,10108,247,221,0,0,330.58,587.44,-1386.04,-507.08,-612.54
r11_00557,-536.37,0.992,10761,71.7,2784.43,12.66,19210.12,599.70,0.12,3,105,45.7,-294.56,508.22,7,0,0,3,25,0,6,9949,326,448,4,0,-62.26,1698.81,-939.53,-795.42,-437.97
r11_00558,245.77,1.001,17340,68.7,15129.87,69.60,6608.44,2996.57,0.50,6,105,55.2,-4980.45,4813.58,5,0,0,18,0,209,0,14095,2300,702,16,0,-5196.70,4151.82,6540.56,-3268.77,-1981.15
r11_00559,-1956.12,0.990,27481,71.5,4420.28,19.69,18028.76,535.66,0.12,3,105,41.0,-1336.95,1104.69,13,0,0,5043,0,0,0,21593,326,519,0,0,150.01,1108.18,-912.27,-550.39,-1751.66
r11_00560,8037.19,1.041,23883,68.1,2542.20,10.13,19615.10,403.56,0.28,6,117,48.7,-1136.28,1699.54,6,0,0,279,0,2812,0,17508,2720,564,0,0,2452.41,320.27,4632.04,2221.65,-1589.18
r11_00561,-1551.93,0.941,6179,73.0,2154.60,10.46,18445.15,194.64,0.12,3,92,51.1,-250.81,207.44,8,0,0,0,0,0,0,5688,185,306,0,0,-360.74,788.96,-555.32,-149.44,-1275.38
r11_00562,391.40,1.077,1462,70.2,365.65,1.77,19847.92,118.85,0.16,7,79,62.0,-108.06,154.73,5,0,0,0,0,0,0,1320,86,56,0,0,101.94,127.83,-107.81,431.13,-161.69
r11_00563,-1881.53,0.987,11966,70.4,11921.94,46.73,13587.76,2883.25,0.52,5,105,61.9,-3981.30,1564.45,5,0,0,31,0,80,0,9878,1338,634,5,0,3259.81,-2102.91,-4188.27,-14.71,1164.55
r11_00564,-845.41,0.867,1161,74.8,1950.05,9.47,18632.46,353.84,0.30,5,72,72.2,-614.27,211.06,2,0,10,0,0,0,0,1088,58,5,0,0,490.67,-1277.38,-430.85,531.92,-159.77
r11_00565,225.59,1.016,2934,69.9,1325.58,6.22,19963.27,445.45,0.18,7,102,57.8,-401.59,291.11,5,0,0,0,0,0,0,2367,168,399,0,0,492.40,358.80,-525.06,262.85,-363.39
r11_00566,10874.14,1.067,14579,71.5,3713.38,15.58,19709.69,899.91,0.39,4,105,61.0,-1730.48,1722.05,5,0,4,4695,0,0,103,9025,121,616,15,0,1446.52,3924.56,3049.09,3723.97,-1269.99
r11_00567,11860.27,1.045,35087,66.4,3034.13,13.18,19270.30,801.79,0.35,4,116,50.9,-898.01,1880.47,9,0,0,14,1152,0,0,32872,676,350,23,0,1364.20,4153.61,5970.85,2689.90,-2318.29
r11_00568,-285.23,0.811,314,72.9,942.03,4.71,19078.96,700.09,0.23,6,30,86.7,-696.91,74.80,3,0,0,0,0,0,0,259,43,12,0,0,-89.94,-672.00,4.32,237.91,234.47
r11_00569,2800.23,1.071,6324,74.7,574.01,2.78,19890.29,1153.28,0.12,3,105,59.0,-179.51,351.97,4,0,0,0,5,0,0,5576,216,523,4,0,426.72,754.01,716.05,741.10,162.36
r11_00570,-468.80,0.990,7826,64.1,4420.24,21.51,16126.97,1449.14,0.65,9,105,54.3,-2576.25,821.06,8,0,0,0,0,0,0,6437,946,438,5,0,-2094.32,229.31,2082.13,-161.97,-523.95
r11_00571,-1121.46,0.876,2225,71.4,3696.93,17.05,17986.08,1694.52,0.24,6,67,73.1,-1685.40,189.72,2,0,0,0,0,0,6,1534,495,190,0,0,1533.51,-554.90,-1862.82,-25.14,-212.12
r11_00572,1688.93,1.012,23812,66.4,5374.13,23.01,17978.09,1157.96,0.32,8,105,47.6,-951.64,1328.58,8,0,0,37,0,0,0,16087,7084,604,0,0,1354.96,1269.30,-994.12,283.60,-224.81
r11_00573,10520.68,1.056,25211,65.4,4342.86,17.97,19826.62,952.17,0.41,5,117,52.1,-1554.71,2153.89,4,0,3184,23,0,0,0,20267,1404,300,33,0,1834.15,3655.66,1509.42,4469.09,-947.64
r11_00574,4865.05,1.058,15624,71.6,2468.19,9.45,19529.57,727.27,0.21,4,103,54.4,-614.65,1095.25,7,0,0,33,0,0,0,14666,474,451,0,0,1544.63,3653.22,-343.23,268.15,-257.73
r11_00575,15826.01,1.074,25489,64.0,5312.97,16.84,19559.93,500.64,0.56,11,105,59.0,-1528.59,2263.21,6,0,0,23,0,2780,0,15217,6768,701,0,0,6875.13,815.80,6058.47,5851.94,-3775.33
r11_00576,-1961.02,0.880,3342,70.7,2724.94,13.44,17549.91,299.91,0.42,8,74,55.4,-648.67,381.90,4,0,0,14,0,229,0,2685,395,19,0,0,-406.72,-927.41,-550.18,140.22,-216.93
r11_00577,-1293.20,0.885,2618,74.1,1824.93,8.92,18643.60,260.12,0.20,6,74,59.5,-487.76,289.72,3,0,0,0,0,0,0,2309,211,98,0,0,357.63,-665.62,-427.88,105.46,-662.79
r11_00578,1391.30,1.039,8756,66.1,2917.91,12.13,19789.91,699.45,0.42,13,101,65.3,-633.47,352.60,4,0,0,0,0,221,0,3940,4145,148,302,0,2470.41,448.28,69.64,-56.29,-1540.73
r11_00579,8439.87,1.084,15755,70.1,2852.68,9.94,19041.04,472.79,0.21,6,105,75.2,-1169.26,378.41,4,0,0,4,0,0,1071,12179,1952,176,373,0,3403.90,2205.25,1428.19,221.79,1180.73
r11_00580,8644.33,1.036,38386,66.4,4552.11,15.43,19667.70,207.29,0.27,5,105,60.0,-798.29,1043.80,8,0,4,138,0,4138,0,24039,9484,554,29,0,1978.74,4642.97,311.04,3215.91,-1504.33
r11_00581,-858.59,0.947,3875,71.7,2467.75,11.97,18147.64,296.61,0.21,5,83,54.2,-521.16,360.71,4,0,8,0,0,0,0,3526,193,148,0,0,405.90,-448.11,-952.58,137.15,-0.94
r11_00582,-161.78,0.980,2094,71.4,992.72,4.84,19499.21,197.59,0.22,8,83,59.0,-259.29,217.26,4,0,0,0,0,0,0,1749,141,204,0,0,280.86,40.67,-346.87,-79.34,-57.10
r11_00583,-1533.39,0.986,16493,66.4,3707.11,17.43,16938.87,985.30,0.40,11,105,47.6,-1836.91,1828.72,9,0,0,2477,0,0,0,12090,1449,447,30,0,-823.47,1197.77,-1629.46,689.73,-967.96
r11_00584,-4603.78,0.909,6734,75.7,7333.72,33.63,14475.26,2398.85,0.14,3,104,49.0,-2207.69,916.98,6,0,5,0,0,0,9,5949,278,493,0,0,-145.59,179.14,-3936.96,-785.61,85.25
r11_00585,102871.35,1.209,33695,66.0,12772.74,16.53,16108.09,2993.45,1.50,10,105,66.7,-6915.96,11051.76,3,0,2325,43,0,920,166,21817,7569,855,0,0,23137.48,34182.49,26975.63,26949.12,-8373.38
r11_00586,28298.58,1.089,23338,67.7,8349.96,31.12,18479.53,1590.02,0.67,5,117,61.5,-3776.97,3878.69,5,0,7,97,0,245,0,19623,2788,564,14,0,2075.52,9897.15,15167.64,3192.02,-2033.76
r11_00587,1770.14,1.021,13715,68.4,2008.97,8.94,19534.08,528.55,0.12,3,105,49.5,-397.80,782.80,6,0,0,81,0,0,0,12874,344,416,0,0,703.15,1052.96,83.09,671.42,-740.48
r11_00588,6521.02,1.087,12874,70.5,3378.79,12.90,19655.08,849.45,0.27,5,104,62.5,-703.04,802.50,4,0,0,4,0,0,0,10167,2313,390,0,0,2395.87,2115.30,506.70,1612.79,-109.65
r11_00589,-607.64,0.994,14328,68.4,5543.73,25.27,16397.69,2146.33,0.22,7,105,57.1,-2433.85,1554.21,8,0,0,0,0,0,0,10359,3380,559,30,0,-575.00,2032.72,-3051.43,239.20,746.87
r11_00590,-2071.73,0.981,20860,63.8,3254.32,15.41,17858.09,223.57,0.26,9,105,37.1,-475.35,897.60,9,0,0,1178,0,473,0,16658,2073,442,36,0,-1033.97,1475.82,-76.75,-71.73,-2365.09
r11_00591,-3140.96,0.982,36180,66.8,6693.17,28.43,16845.67,184.10,0.18,3,103,44.7,-542.81,513.56,8,0,6,0,6,0,0,35014,801,353,0,0,1979.78,920.97,-858.42,-860.87,-4322.42
r11_00592,2461.74,1.129,4260,69.1,2254.94,9.56,19967.96,698.42,0.37,10,99,74.7,-853.56,447.04,2,0,0,0,0,0,70,3003,709,478,0,0,1440.76,1273.92,-435.91,-384.12,567.09
r11_00593,-96.35,0.995,3874,69.1,2363.29,10.81,19495.80,1100.35,0.26,5,102,58.8,-1098.62,305.62,6,0,0,0,0,0,0,2820,518,536,0,0,1031.63,517.46,-795.09,-768.00,-82.35
r11_00594,-4267.41,0.952,16850,67.2,8245.22,34.81,15440.35,637.87,0.46,10,102,48.0,-1272.53,639.63,4,0,0,0,0,0,0,12372,3946,532,0,0,2452.49,437.73,-2552.52,-1940.74,-2664.38
r11_00595,8056.66,1.144,8812,69.9,1759.44,6.75,19895.74,699.56,0.24,6,105,69.5,-699.71,889.71,3,0,0,4,0,0,149,5919,2048,692,0,0,874.07,3751.51,2032.18,997.31,401.59
r11_00596,688.32,1.011,7922,67.7,4494.57,19.06,18970.40,799.95,0.62,11,105,63.8,-2199.01,442.79,5,0,0,87,0,0,151,5706,1340,290,348,0,2297.73,-2428.21,1499.33,1514.30,-2194.83
r11_00597,-1113.50,0.995,31389,71.0,5915.24,23.86,18875.48,984.39,0.16,4,105,42.9,-900.53,1521.92,8,0,0,1195,12,0,0,28798,758,626,0,0,224.72,2781.64,-644.14,-373.67,-3102.06
r11_00598,-333.05,0.893,771,78.0,1176.68,5.72,19405.17,299.99,0.25,6,61,73.8,-298.47,188.18,2,0,0,0,0,12,0,669,25,65,0,0,436.89,-280.89,-212.48,-202.52,-74.06
r11_00599,-779.40,0.954,3146,72.0,2721.02,12.68,18741.87,942.93,0.47,9,92,66.3,-812.57,309.16,3,0,4,0,0,0,0,2693,310,139,0,0,1148.51,-841.17,1040.73,-1714.12,-413.34
r11_00600,10736.42,1.051,31764,66.7,3227.41,11.56,19471.26,199.54,0.22,6,105,55.2,-629.39,1327.94,8,0,49,4,0,4753,0,21860,4573,502,23,0,2829.57,3304.15,4155.88,-5.70,452.51
r11_00601,-2978.92,0.989,34760,68.2,7488.69,30.58,16998.04,598.47,0.48,4,114,44.7,-1273.00,1745.13,5,0,0,786,989,0,0,31866,679,440,0,0,1395.94,1962.25,-4065.47,821.93,-3093.56
r11_00602,-1611.16,0.975,15542,68.4,3595.63,16.36,18387.50,327.69,0.12,3,105,41.9,-380.49,386.75,9,0,0,0,0,0,0,14880,362,300,0,0,433.80,1146.24,-833.93,-1276.47,-1080.80
r11_00603,-2038.52,0.951,8557,68.0,3634.36,16.92,17846.53,243.70,0.25,6,99,46.5,-510.89,318.41,12,0,0,0,0,0,0,7695,552,310,0,0,-146.65,1063.36,-692.68,-587.98,-1674.56
r11_00604,3635.76,1.034,16287,67.3,4162.73,16.24,18976.75,1185.69,0.50,12,105,57.1,-2571.53,724.30,6,0,9,8,0,161,0,12134,3415,493,67,0,1936.88,3142.06,-1249.81,-875.42,682.06
r11_00605,3125.03,1.081,5827,68.6,1416.49,6.39,19158.68,640.73,0.48,7,103,61.2,-694.30,699.11,5,0,0,0,47,0,0,5262,275,243,0,0,236.82,356.16,1302.33,1312.52,-82.80
r11_00606,20.60,1.025,197,77.2,393.35,1.95,19787.56,291.42,0.15,4,30,80.0,-304.54,63.55,2,0,0,0,0,0,0,186,9,2,0,0,158.31,-331.36,0.07,184.20,9.36
r11_00607,19217.60,1.064,30725,67.7,4828.41,12.64,18884.88,598.54,0.40,5,105,60.0,-1934.35,2535.13,5,0,0,58,0,855,0,23905,5328,567,12,0,3989.29,10019.13,252.73,4650.65,305.79
r11_00608,4386.26,1.042,17226,71.8,3646.26,13.25,19295.94,499.90,0.20,5,105,55.2,-1215.56,1234.80,11,0,0,0,0,203,0,13254,3186,583,0,0,1584.35,3386.50,-281.93,395.03,-697.70
r11_00609,-4002.75,0.888,6721,78.4,5799.57,26.85,15803.19,1498.98,0.12,3,100,53.0,-1338.66,352.95,3,0,0,0,0,0,6,6046,259,410,0,0,178.31,538.84,-3364.53,-533.29,-822.07
r11_00610,3343.66,1.029,20049,68.3,3665.73,14.94,19454.65,736.81,0.42,8,105,50.5,-893.90,1310.08,6,0,0,0,6,0,0,17375,2205,463,0,0,1773.24,1677.76,9.70,1837.32,-1954.37
r11_00611,-24.39,0.998,3259,74.6,3281.81,15.27,18215.29,899.96,0.14,3,90,64.4,-804.72,318.50,6,0,0,0,0,3,0,2899,135,222,0,0,504.64,650.62,-951.56,-1275.59,1047.49
r11_00612,42.39,1.002,4094,74.7,2078.87,9.84,19039.00,399.74,0.27,6,97,61.9,-665.65,395.76,4,0,0,0,0,101,0,3598,274,121,0,0,-230.58,-34.07,537.01,-260.85,30.88
r11_00613,175.90,2.371,77,74.0,79.10,0.39,19979.66,84.10,0.31,6,13,76.9,-11.32,75.46,1,0,0,0,0,0,0,54,9,14,0,0,49.31,2.01,0.00,44.63,79.94
r11_00614,26867.32,1.130,20052,65.5,5512.42,22.94,18521.81,497.58,0.50,6,105,61.9,-4173.00,2556.89,3,0,5045,0,0,1277,0,12785,483,456,6,0,1262.18,7796.24,12735.43,4271.56,801.92
r11_00615,392.71,1.002,18370,69.7,11875.75,46.97,13409.25,1599.96,0.54,12,105,61.0,-3582.96,1605.06,6,0,41,11,0,0,752,12163,4426,977,0,0,-2390.56,5268.05,-6418.82,1569.86,2364.19
r11_00616,12513.01,1.047,33681,66.8,13687.30,32.55,17742.40,709.01,1.19,11,104,56.7,-2197.83,2861.25,7,0,0,21,0,2466,0,24660,6093,441,0,0,10996.34,5119.34,-991.66,-3378.33,767.31
r11_00617,-2832.31,0.977,15970,63.1,5216.53,25.06,15600.16,882.74,0.30,5,105,48.6,-2116.75,1349.83,6,0,0,38,0,15,0,12505,2955,442,15,0,-1266.60,732.81,-1093.70,1963.46,-3168.28
r11_00618,134.11,1.074,587,74.4,416.95,2.05,19885.67,172.05,0.14,4,54,64.8,-246.67,111.22,3,0,0,3,0,0,0,492,15,77,0,0,219.91,-13.54,-237.73,165.35,0.12
r11_00619,16731.02,1.126,15087,69.7,8499.83,32.30,17812.89,1699.94,0.50,18,105,73.3,-3977.51,2655.80,2,0,0,985,0,0,663,8719,3719,996,5,0,1988.92,1509.50,7935.55,4829.02,468.02
r11_00620,4279.60,1.131,7236,75.0,2271.38,9.74,19624.82,799.93,0.18,4,99,58.6,-784.29,696.21,7,0,0,12,0,22,0,6503,220,479,0,0,1422.80,1065.76,198.11,772.36,820.57
r11_00621,21278.89,1.153,18845,69.5,4422.05,13.36,19607.43,1598.72,0.24,6,105,68.6,-2410.25,2418.68,3,0,0,0,105,0,34,12385,5696,625,0,0,4849.45,5031.55,4859.20,5755.22,783.47
r11_00622,9828.48,1.079,13647,67.8,7729.07,26.04,19724.39,1177.27,0.59,8,105,63.8,-2871.64,1330.76,4,0,187,74,99,196,0,9902,2617,527,45,0,6105.44,2198.60,-1703.76,3395.81,-167.60
r11_00623,17026.95,1.072,33879,66.9,3804.75,17.18,18339.10,588.64,0.36,12,105,62.9,-1807.59,4216.08,4,0,103,54,0,988,0,23359,8600,775,0,0,-613.49,10824.42,4996.95,1473.57,345.50
r11_00624,21369.79,1.048,46834,66.3,8399.34,22.26,18571.61,399.47,0.54,7,105,56.2,-1690.70,6204.57,4,0,0,3407,0,5466,0,28312,9101,548,0,0,6612.39,8329.50,6852.48,2702.10,-3126.68
r11_00625,-980.25,0.593,356,77.2,1678.30,8.22,18729.04,1027.99,0.15,6,34,82.4,-748.31,123.27,2,0,0,3,0,0,0,294,32,27,0,0,253.96,-514.60,-746.41,229.98,-203.18
r11_00626,11123.33,1.147,11466,72.6,4549.10,15.91,18810.54,1099.89,0.29,8,104,61.5,-1017.16,1485.93,3,0,0,0,0,244,0,9349,1238,633,2,0,3573.30,2697.09,-668.34,5034.86,486.42
r11_00627,5435.93,1.020,39315,67.2,4633.84,20.74,17703.64,1036.52,0.24,6,105,44.8,-1982.66,1895.60,8,0,11,4,0,6,0,30648,8066,580,0,0,-4.53,7787.56,-809.92,217.70,-1754.87
r11_00628,20443.38,1.069,33750,65.6,4056.81,17.87,18554.11,307.76,0.40,8,105,55.2,-1938.87,3572.66,5,0,0,1812,0,2479,0,26106,2933,416,4,0,1345.68,8387.32,10791.01,1515.17,-1595.80
r11_00629,37331.58,1.117,28625,67.4,11965.38,33.01,19162.30,1899.95,0.93,7,105,64.8,-3580.01,7086.53,3,0,10,65,375,35,305,18019,9007,809,0,0,11378.18,14104.27,6492.50,9455.54,-4098.91
r11_00630,-529.75,0.985,7198,72.1,2096.23,9.90,19082.14,380.55,0.12,3,103,44.7,-333.49,307.79,9,0,0,0,0,0,0,6576,246,376,0,0,1066.99,-184.44,-1062.12,-230.26,-119.93
r11_00631,-4268.73,0.904,9057,63.1,5224.22,25.09,15600.88,271.52,0.47,6,97,54.6,-934.55,373.93,7,0,0,0,0,0,0,7827,1018,205,7,0,214.75,501.92,-1742.16,-1535.70,-1707.54
r11_00632,105.96,1.002,7982,74.9,2735.91,12.43,19282.28,1042.56,0.16,3,105,51.4,-403.80,618.46,6,0,0,1391,0,0,0,5963,110,518,0,0,1010.95,298.71,-1210.04,651.08,-644.74
r11_00633,433.39,1.028,4151,67.7,771.06,3.65,19476.85,153.55,0.29,6,93,54.8,-229.16,177.13,7,0,0,0,0,0,0,3888,172,91,0,0,-380.43,643.27,72.20,502.57,-404.22
r11_00634,-21.99,1.000,8064,77.4,2076.75,9.74,19246.63,992.55,0.12,3,105,51.4,-832.22,450.66,10,0,0,0,0,57,0,7137,302,568,0,0,-49.02,538.57,64.00,-736.62,161.09
r11_00635,1697.54,1.008,26051,67.8,4526.76,20.62,17421.36,1486.25,0.42,16,105,42.9,-2553.07,3361.55,10,0,9,46,0,92,0,21170,4065,669,0,0,-1452.83,4911.90,-428.68,-136.69,-1196.16
r11_00636,3607.10,1.079,6503,68.4,4667.06,18.19,17582.86,2655.59,0.75,22,105,62.9,-3250.81,1027.07,8,0,0,0,13,55,0,4481,1351,603,0,0,-1818.19,3555.43,1979.60,-34.40,-75.34
r11_00637,-9088.60,0.893,20688,66.9,9268.29,45.94,10906.36,219.55,0.18,5,101,28.7,-508.16,246.56,14,0,0,129,0,0,0,19746,551,262,0,0,-1292.95,54.34,-2848.80,-1497.85,-3503.35
r11_00638,-1189.13,0.907,3151,71.4,2345.40,11.52,18015.36,383.76,0.29,10,86,54.7,-442.75,252.26,5,0,0,0,0,0,0,2616,508,27,0,0,-241.95,-598.78,-396.57,-466.17,514.33
r11_00639,-1871.91,0.990,17972,66.0,11456.17,44.31,14399.21,1499.50,0.69,8,105,49.5,-1806.61,2541.26,8,0,0,20,0,0,65,14515,2818,296,258,0,2444.15,2351.36,-9336.42,2293.79,375.21
r11_00640,2425.43,1.018,23221,67.2,4991.85,19.41,19432.29,699.49,0.22,6,105,59.0,-1318.11,456.57,6,0,0,329,0,0,21,18865,3474,385,147,0,2416.61,2579.12,-3016.52,254.73,191.48
r11_00641,-1755.76,0.977,15018,65.3,3019.23,14.34,18029.21,399.78,0.33,12,105,48.6,-1081.54,234.88,8,0,0,0,148,0,193,11802,2440,378,57,0,450.60,15.10,-1684.85,217.68,-754.29
r11_00642,9879.03,1.049,13058,67.1,15874.89,34.70,16358.33,2699.99,0.80,7,105,60.0,-2500.49,3542.04,3,0,249,6,0,315,0,10305,1676,380,127,0,11461.40,-9072.86,11270.41,9960.08,-13740.00
r11_00643,7852.94,1.063,13837,72.7,5049.88,17.39,19487.87,999.95,0.32,4,117,53.0,-2086.69,2144.63,5,0,54,0,0,268,0,12486,415,614,0,0,2930.08,5070.40,-1395.44,1450.56,-202.66
r11_00644,-2953.69,0.794,2506,74.9,3676.18,18.10,16637.40,611.18,0.32,5,73,53.4,-732.19,310.74,3,0,0,12,0,0,0,2214,251,29,0,0,-123.92,-327.99,-1089.39,49.53,-1461.93
r11_00645,2092.10,1.073,5200,69.2,1590.28,6.73,19761.56,869.92,0.33,12,100,55.0,-710.20,592.49,6,0,0,0,0,0,0,4027,839,334,0,0,1164.91,-247.15,2036.22,13.88,-875.77
r11_00646,-1037.29,0.964,6582,71.7,5036.38,23.32,16562.61,687.26,0.38,11,99,60.6,-673.34,401.49,6,0,0,0,0,0,0,5127,1354,60,41,0,945.06,-1072.98,-1976.90,406.84,660.69
r11_00647,1075.61,1.051,4064,68.8,3840.56,17.29,18374.18,699.13,0.84,8,75,66.7,-1393.54,593.28,3,0,0,0,0,61,0,3064,841,96,2,0,1606.67,-1611.20,-614.34,1412.03,282.44
r11_00648,719.33,1.005,18761,67.4,7670.82,32.26,16103.68,2189.43,0.56,8,105,46.7,-1882.23,1950.17,6,0,0,192,0,56,0,12807,4905,475,326,0,-65.52,369.79,-3839.43,3941.22,313.27
r11_00649,3194.27,1.023,20080,69.8,1831.78,7.33,19978.35,525.77,0.12,3,105,44.8,-394.18,817.84,8,0,120,0,0,0,0,18973,514,473,0,0,1784.69,310.47,1566.84,925.48,-1393.21
r11_00650,5635.96,1.021,34613,62.0,6991.48,22.78,19955.99,299.87,0.51,8,105,54.3,-1255.26,2949.26,5,0,0,0,0,3651,0,22114,8342,462,44,0,4064.93,2887.27,1023.35,852.99,-3192.58
r11_00651,-1346.34,0.956,5418,77.7,5089.29,21.79,18264.64,2205.26,0.12,3,100,50.0,-1540.24,430.11,10,0,0,0,0,0,0,4801,231,386,0,0,1211.42,1788.58,-3983.50,-88.42,-274.41
r11_00652,-804.47,0.993,15884,73.5,2215.90,10.50,18882.40,495.92,0.16,3,105,44.8,-466.86,533.80,5,0,52,0,0,0,0,14880,456,449,47,0,46.94,134.62,316.89,-329.69,-973.24
r11_00653,10020.25,1.086,22058,69.3,4056.92,12.96,19689.16,799.65,0.20,9,115,60.0,-826.79,1151.32,5,0,0,0,0,9,0,15203,6234,612,0,0,4661.15,3558.48,2682.79,695.59,-1577.76
r11_00654,17169.84,1.103,18163,67.9,9432.33,34.01,18008.12,2299.40,0.85,8,105,59.0,-2795.04,3002.95,4,0,0,3,0,0,94,10941,6288,699,138,0,-315.46,929.00,12506.03,5781.96,-1731.70
r11_00655,14177.67,1.034,35692,67.7,7874.32,19.13,18427.79,499.92,0.31,5,117,53.0,-1726.67,3009.35,6,0,35,85,0,1743,0,29818,3564,431,16,0,5414.11,4816.46,6971.29,-871.87,-2152.33
r11_00656,4254.77,1.151,7227,68.5,2141.71,8.84,19911.11,2090.10,0.42,10,100,71.0,-1840.24,619.79,3,0,0,0,0,9,0,4063,2353,802,0,0,2247.87,1314.29,647.69,249.57,-204.65
r11_00657,-3471.61,0.962,15787,70.3,4758.35,22.35,16528.39,299.99,0.26,6,114,45.6,-1157.94,644.74,12,0,0,0,0,1250,0,10840,3181,516,0,0,544.99,-1815.76,-834.33,1334.29,-2700.81
r11_00658,4168.13,1.035,18086,67.9,3197.67,11.73,19098.93,300.00,0.35,9,105,45.7,-566.26,3249.48,7,0,0,0,70,0,581,15011,1991,433,0,0,1225.26,4834.86,-556.21,-490.97,-844.80
r11_00659,3162.50,1.031,19519,65.8,2912.21,11.18,19923.99,338.90,0.30,6,101,57.4,-702.23,683.31,9,0,0,66,0,0,0,18375,651,427,0,0,1565.53,-454.07,2542.24,2328.58,-2819.78
r11_00660,3110.46,1.159,3548,73.2,4428.60,16.56,19454.77,2296.28,1.01,9,85,84.7,-2262.71,496.43,2,0,66,0,0,0,24,3048,210,200,0,0,2549.19,1947.00,-1374.80,2560.90,-2571.83
r11_00661,-10.24,1.000,9162,72.5,3156.68,14.25,18996.16,411.24,0.16,4,102,47.1,-594.27,640.84,7,0,0,201,0,0,0,8294,296,371,0,0,279.68,980.99,-1167.75,-143.03,39.86
r11_00662,18530.13,1.065,44121,64.9,5993.27,13.50,19749.34,998.99,0.49,8,105,55.2,-1501.81,4380.77,12,0,77,4,106,64,0,37425,6041,379,25,0,4488.19,9795.47,8361.78,921.33,-5036.65
r11_00663,4373.11,1.020,22190,65.9,10683.62,32.66,19105.34,797.03,0.73,8,105,51.4,-3242.74,3852.72,5,0,12,47,0,1121,0,12584,7541,885,0,0,8156.95,98.14,-4037.00,4082.21,-3927.19
r11_00664,546.29,1.056,1845,79.4,2201.41,10.25,19270.04,599.84,0.34,5,89,79.8,-563.07,239.70,2,0,0,0,0,33,0,1652,77,73,10,0,1143.78,-923.45,-188.70,-239.55,754.22
r11_00665,-1961.31,0.970,9159,67.7,7479.98,34.34,14300.95,1784.84,0.75,15,105,77.1,-2906.22,402.36,3,0,0,71,0,188,0,6477,1694,159,570,0,593.59,517.74,-5550.24,1855.01,622.59
r11_00666,330.61,1.317,271,77.1,713.83,3.50,19684.89,567.65,0.42,6,28,82.1,-229.29,139.59,3,0,0,0,0,0,0,257,13,1,0,0,341.47,-248.00,-87.21,-24.55,348.90
r11_00667,4220.51,1.142,4911,68.3,4996.39,20.92,18890.07,2464.80,0.21,5,105,64.8,-2208.01,773.80,5,0,0,0,0,5,0,3763,675,468,0,0,2235.48,770.71,-1398.78,884.03,1729.07
r11_00668,3873.12,1.023,26383,65.6,4212.52,16.03,18863.99,565.35,0.20,5,105,40.0,-1747.64,1777.69,8,0,0,3205,0,30,0,20458,2282,408,0,0,1271.03,3987.96,1139.47,-1304.04,-1221.30
r11_00669,1130.19,1.013,11728,71.8,2043.30,9.21,19986.96,685.79,0.12,3,105,55.2,-358.91,590.15,3,0,0,614,0,0,0,10362,246,506,0,0,1183.80,20.90,-89.10,444.24,-429.65
r11_00670,3932.81,1.032,15969,67.6,11714.86,51.09,11216.30,2425.05,0.91,7,105,43.8,-4455.66,7262.64,8,0,36,26,0,0,0,14800,776,317,14,0,-3217.10,-1363.47,9187.67,-165.46,-508.83
r11_00671,6362.63,1.030,27022,69.5,5576.63,18.92,19160.69,1497.34,0.27,5,105,54.3,-2037.57,2275.44,8,0,0,11,13,0,13,19239,7011,718,17,0,1461.81,6668.48,-2772.18,1642.97,-638.45
r11_00672,13436.74,1.078,19526,69.0,6115.13,22.36,19233.84,699.93,0.22,7,105,61.0,-3836.14,3013.81,5,0,0,25,65,1117,0,13384,4267,668,0,0,5376.42,3720.40,4317.42,1821.41,-1798.91
r11_00673,-1066.46,0.906,3208,70.5,1290.79,6.41,18847.57,89.25,0.13,4,95,44.2,-178.13,106.21,9,0,0,0,0,0,0,3088,101,19,0,0,-163.21,-241.57,-408.02,-125.86,-127.80
r11_00674,7600.53,1.073,14602,72.2,1164.84,4.07,19833.24,1405.74,0.16,4,105,62.9,-676.00,1503.54,6,0,0,0,64,0,0,13407,432,699,0,0,2802.90,1768.80,1553.00,2339.48,-863.64
r11_00675,4367.74,1.023,37923,68.3,2343.22,8.78,19852.38,341.14,0.12,3,105,48.6,-440.02,1142.86,9,0,16,0,335,0,0,36326,751,495,0,0,2214.73,2714.91,1563.92,-371.23,-1754.59
r11_00676,-437.03,0.986,4588,66.1,4021.93,17.29,19242.90,593.31,0.34,6,105,59.0,-1266.99,902.66,4,0,0,8,0,156,0,2999,764,661,0,0,1674.50,741.46,-1012.21,-1216.93,-623.84
r11_00677,-4042.88,0.958,14321,69.3,11855.28,47.50,13101.42,599.97,0.71,12,103,54.4,-1453.98,985.84,4,0,51,0,0,554,0,11283,2097,336,0,0,2102.12,487.44,-3132.77,-2947.32,-552.35
r11_00678,8102.14,1.042,28119,67.2,3259.31,14.90,18622.45,1070.67,0.28,7,105,52.4,-1473.69,2170.31,8,0,0,9,0,0,0,22304,5228,578,0,0,-335.76,3011.91,4846.27,1413.75,-834.04
r11_00679,1383.89,1.026,8816,69.8,9896.00,35.04,18346.81,2598.08,0.80,12,103,73.8,-2400.52,1214.61,3,0,0,0,0,9,0,6948,1296,548,15,0,4180.13,2945.52,-2274.15,-2078.98,-1388.62
r11_00680,7978.07,1.110,12135,70.9,4643.46,17.33,19836.81,1695.07,0.28,7,105,64.8,-2164.63,881.79,7,0,0,4,0,0,6,8921,2540,664,0,0,1807.42,2536.36,1091.82,1154.71,1387.77
r11_00681,7022.61,1.069,11678,69.3,5420.39,17.74,19260.91,2179.53,0.32,5,105,53.3,-2065.74,3326.78,5,0,2,0,17,60,0,7044,3747,808,0,0,3744.39,5649.83,-1750.37,818.34,-1439.57
r11_00682,-3921.25,0.917,11528,67.8,4267.17,21.04,16017.73,223.28,0.29,6,99,42.4,-532.59,217.77,16,0,0,19,0,0,0,11037,298,174,0,0,-491.47,357.86,-898.73,-623.46,-2265.46
r11_00683,4987.60,1.027,18553,68.3,7480.88,35.80,13413.28,596.73,0.46,6,105,57.1,-1437.38,1004.51,4,0,0,1078,0,1087,0,13384,2442,470,92,0,-3167.19,5900.04,284.32,-369.36,2339.78
r11_00684,1991.29,1.022,12952,71.8,2999.67,12.45,19859.25,698.23,0.20,5,105,56.2,-729.60,741.45,10,0,0,0,0,325,0,8729,3117,781,0,0,2293.86,1146.04,-701.35,177.75,-925.01
r11_00685,7137.96,1.137,9038,70.9,5253.85,20.59,19800.20,899.10,0.43,12,104,67.3,-1449.91,1106.64,4,0,0,0,0,274,0,6369,1725,670,0,0,2397.90,1137.04,-977.57,2273.06,2307.53
r11_00686,-239.57,0.956,1413,67.9,839.79,4.09,19705.73,399.36,0.34,8,65,72.3,-357.38,166.27,3,0,0,0,0,12,0,1046,115,240,0,0,298.51,-12.58,55.40,114.10,-695.00
r11_00687,43.64,1.075,202,80.2,144.78,0.72,19900.87,58.18,0.09,3,30,66.7,-67.20,32.25,4,0,0,0,0,0,0,191,9,2,0,0,42.71,-79.97,1.70,11.65,67.55
r11_00688,12297.67,1.063,26098,69.1,5864.92,18.15,19493.42,1992.28,0.54,12,117,62.4,-1355.82,1324.77,4,0,0,0,0,12,28,19088,6260,613,97,0,1939.26,7492.94,2489.55,1954.13,-1578.20
r11_00689,1129.55,1.010,13400,74.6,3738.99,15.81,19512.71,696.87,0.21,4,105,51.4,-945.10,851.12,7,0,0,0,39,276,0,11976,425,684,0,0,1093.86,1641.31,-1113.92,-829.01,337.31
r11_00690,7600.54,1.036,20281,70.5,4566.32,19.73,18578.11,460.32,0.22,4,105,60.0,-2043.79,1997.98,6,0,0,4655,0,1281,0,13608,255,474,8,0,-1217.20,4592.81,2840.68,2317.78,-933.53
r11_00691,-2942.43,0.820,2582,75.2,4412.12,21.48,16131.35,1593.26,0.67,9,89,67.4,-1474.44,499.07,3,0,8,55,0,0,7,2303,102,107,0,0,-40.05,-2072.34,-405.19,-691.12,266.27
r11_00692,-205.12,0.905,521,79.5,603.18,2.99,19541.05,263.45,0.13,4,47,70.2,-260.32,143.23,4,0,0,0,0,0,0,498,21,2,0,0,65.86,-222.59,-207.71,140.57,18.75
r11_00693,18814.89,1.115,20655,69.1,10709.53,27.82,19534.47,2536.71,0.32,6,105,65.7,-3284.51,2899.72,4,0,128,0,0,18,0,13208,6597,674,30,0,4101.41,8189.70,-159.73,5251.75,1431.76
r11_00694,5946.49,1.015,33742,64.4,15358.37,38.09,16322.12,699.12,0.80,10,105,53.3,-2228.53,9025.86,5,0,32,21,63,3420,0,23632,6057,436,81,0,10971.14,6614.78,-8092.25,-1191.06,-2356.12
r11_00695,2225.54,1.031,9906,71.9,6863.67,24.90,19370.55,1495.75,0.20,7,105,66.7,-1897.46,1604.66,6,0,0,0,0,126,0,7429,1590,761,0,0,2318.28,5106.89,-3600.99,-1738.11,139.46
r11_00696,151.43,1.043,936,76.0,390.49,1.92,19733.91,135.82,0.18,3,74,64.9,-202.46,101.21,5,0,0,0,0,0,0,868,35,33,0,0,220.59,-98.33,-106.02,57.92,77.26
r11_00697,8154.49,1.046,20208,67.7,5423.56,23.18,17971.67,1097.50,0.32,8,117,49.6,-2460.02,3101.72,5,0,0,7,7,149,0,17004,2629,408,4,0,-138.11,9106.78,744.56,2137.49,-3696.22
r11_00698,2478.47,1.022,16014,71.5,2993.54,13.12,19628.49,699.99,0.16,4,105,56.2,-1320.81,791.28,7,0,29,0,15,20,46,14797,474,633,0,0,1080.88,759.59,-387.91,1382.07,-356.17
r11_00699,17661.38,1.166,10980,71.0,5616.13,17.70,18814.59,2896.63,0.22,5,105,60.0,-1786.16,2106.33,3,0,0,0,241,10,0,8993,1265,445,26,0,5493.78,1754.21,6625.31,2921.39,866.68
r11_00700,-813.92,0.984,9715,65.7,2403.10,11.14,19160.46,206.75,0.22,4,101,55.4,-614.06,463.53,5,0,8,11,0,0,0,9218,237,237,4,0,1113.87,-153.18,-959.44,631.45,-1446.63
r11_00701,10246.32,1.047,24176,67.4,6647.21,27.16,17824.84,1408.55,0.22,5,105,53.3,-4466.26,3622.22,4,0,0,45,0,5,0,19816,3801,509,0,0,-703.08,7055.33,3486.55,4104.94,-3697.42
r11_00702,-5690.39,0.879,10405,65.5,5941.51,29.56,14155.00,128.61,0.17,3,101,35.6,-358.82,275.58,10,0,0,0,0,0,0,10056,285,64,0,0,-1058.20,76.51,-2053.79,-789.69,-1865.22
r11_00703,857.10,1.021,8691,65.8,3814.31,15.64,19659.22,199.32,0.32,7,100,46.0,-690.35,540.28,8,0,0,2,0,907,0,5802,1566,414,0,0,1066.91,1858.76,-590.26,-781.69,-696.62
r11_00704,-576.56,0.857,1142,66.9,799.81,3.96,19411.68,65.15,0.16,4,63,47.6,-169.34,119.50,6,0,0,0,0,0,0,1103,35,4,0,0,31.17,32.00,76.78,-248.63,-467.87
r11_00705,-20004.14,0.837,8484,64.3,25380.25,100.02,-4.14,2751.62,1.08,12,22,54.5,-13735.03,1003.55,3,1,0,8,138,178,0,5207,2826,127,0,0,-6269.11,-13735.03,0.00,0.00,0.00
r11_00706,-3650.11,0.876,6528,70.6,4399.95,21.20,16349.89,323.82,0.24,8,104,41.3,-432.79,293.79,9,0,0,0,0,0,0,5664,548,316,0,0,103.97,397.88,-1563.14,-484.73,-2104.09
r11_00707,682.87,1.027,5662,66.8,1976.38,8.76,19508.92,280.69,0.22,5,94,60.6,-461.53,338.87,5,0,0,0,0,0,0,4271,1101,290,0,0,390.00,1699.98,-493.21,-23.80,-890.09
r11_00708,14970.75,1.084,13550,67.5,7942.68,27.18,19485.54,1192.79,0.50,6,105,59.0,-3776.57,4268.22,2,0,0,100,118,270,0,10898,1608,548,8,0,5380.11,1344.84,2587.59,6049.54,-391.34
r11_00709,10483.26,1.023,43146,66.5,12489.04,37.73,15453.28,2597.30,0.49,5,105,61.9,-4946.85,3892.83,3,0,0,22,0,0,6,31099,11350,639,30,0,410.27,11401.48,-6500.57,4918.92,253.15
r11_00710,8501.21,1.104,7766,71.5,2863.47,12.09,19316.14,1852.04,0.22,4,105,53.3,-863.14,1320.23,8,0,0,62,0,16,0,6955,241,492,0,0,1913.05,-243.61,5075.80,2220.61,-464.64
r11_00711,6507.45,1.094,7809,69.4,7077.10,21.89,19436.70,999.10,0.80,10,98,66.3,-1824.56,1077.90,4,0,4,0,0,200,0,6838,577,190,0,0,4773.83,2729.63,-124.97,1384.14,-2255.18
r11_00712,3323.33,1.027,17460,72.1,7639.26,33.72,15018.31,2173.52,0.20,6,117,53.0,-5698.53,1941.00,5,0,0,0,44,84,0,11004,5424,904,0,0,-4074.49,4291.78,225.58,2433.34,447.13
r11_00713,-468.91,0.869,1094,74.4,530.12,2.64,19518.36,61.64,0.12,3,72,41.7,-74.25,66.31,6,0,0,0,0,0,0,1059,33,2,0,0,-32.24,-36.35,-110.11,-49.97,-240.25
r11_00714,20649.35,1.065,29277,68.3,9015.42,22.52,18918.57,1386.12,0.48,5,105,65.7,-4456.92,3890.61,3,0,3060,0,0,245,0,21693,3700,579,0,0,1802.69,13659.95,1767.80,2090.49,1328.42
r11_00715,1719.69,1.055,6611,69.1,2252.20,9.54,19878.99,298.52,0.35,8,93,62.4,-760.91,426.32,6,0,0,0,0,53,0,5165,1302,91,0,0,1686.20,1354.78,-1014.79,245.50,-552.00
r11_00716,-5858.41,0.974,31290,65.2,15186.76,59.24,10451.23,2266.14,1.19,15,105,54.3,-5991.84,2525.80,6,0,29,340,45,221,0,18660,11323,672,0,0,-585.76,-1072.48,-2150.75,-1847.07,-202.35
r11_00717,8082.84,1.078,14387,67.9,8858.78,26.77,18637.84,1499.91,1.04,17,101,61.4,-3795.45,1434.36,10,0,33,0,0,0,538,8694,4736,386,0,0,6053.61,-2988.54,4498.50,636.70,-117.43
r11_00718,-1220.28,0.854,1861,76.1,1558.73,7.71,18662.62,343.93,0.15,3,72,55.6,-295.45,178.88,4,0,0,0,0,0,0,1646,70,145,0,0,-85.39,55.17,-553.16,-3.55,-633.36
r11_00719,6735.90,1.041,20010,68.7,4840.90,21.89,17276.55,1081.42,0.30,12,105,61.9,-2203.45,1059.81,3,0,3,9,141,252,0,15783,3191,631,0,0,389.40,2109.31,2960.25,1296.57,-19.62
r11_00720,881.77,1.050,2519,70.1,4623.67,18.84,19279.95,1498.18,0.64,8,100,77.0,-1430.90,377.42,2,0,0,0,0,7,0,2040,172,300,0,0,1163.17,732.60,1763.15,-1743.46,-1033.68
r11_00721,38.97,1.001,7526,76.6,1349.13,6.54,19282.29,1216.77,0.16,4,105,50.5,-407.20,420.78,6,0,4,0,0,0,0,6530,243,672,77,0,136.76,42.68,-116.65,-33.35,9.54
r11_00722,5976.82,1.017,54951,63.5,7356.65,22.78,19279.21,199.16,0.22,5,105,50.5,-2407.38,1705.73,5,0,0,3766,182,2631,0,36963,10899,510,0,0,3952.34,7283.62,-3838.31,302.85,-1723.68
r11_00723,4573.34,1.048,14966,67.0,4099.50,15.18,19702.11,499.97,0.35,12,105,59.0,-1246.38,1017.28,6,0,20,0,0,0,1040,9156,3936,814,0,0,958.42,4253.93,1548.32,-2793.27,605.93
r11_00724,-2066.21,0.761,1755,81.4,2617.57,12.89,17681.64,314.89,0.12,3,85,63.5,-385.85,146.89,6,0,0,0,0,0,0,1650,72,33,0,0,110.91,-771.78,-93.99,-782.98,-528.37
r11_00725,11652.12,1.130,8014,68.6,10826.98,25.89,19508.12,1895.92,1.09,9,103,68.0,-2711.01,1696.88,3,0,0,47,0,159,0,6779,631,384,14,0,8367.71,-2748.81,8853.94,2979.67,-5800.40
r11_00726,16140.93,1.103,18892,69.3,9020.92,25.04,19619.47,1699.97,0.60,15,105,70.5,-3277.69,2077.98,3,0,0,0,970,0,651,11954,4317,1000,0,0,3626.12,9550.93,-2014.24,2853.62,2124.51
r11_00727,14321.88,1.054,34737,67.4,6822.47,28.62,17019.35,999.70,0.22,6,117,61.5,-3079.41,2110.20,4,0,0,38,0,112,0,25725,8369,493,0,0,-457.23,6282.40,4241.84,6395.23,-2140.36
r11_00728,-1344.27,0.955,5407,75.2,3738.54,17.07,18158.88,963.76,0.20,5,109,55.0,-951.02,373.94,11,0,0,8,0,0,0,4633,419,347,0,0,1022.04,97.46,-164.96,-903.04,-1395.78
r11_00729,-73.52,0.945,257,72.8,710.48,3.48,19716.99,326.39,0.21,4,30,80.0,-341.69,72.52,2,0,0,0,0,0,0,235,11,11,0,0,184.68,-79.12,1.15,214.95,-395.18
r11_00730,13589.59,1.087,18580,71.6,7520.78,23.25,19150.45,2084.64,0.34,6,117,59.0,-2444.76,2388.86,3,0,0,0,0,138,0,13283,4281,861,17,0,1100.22,5691.62,2325.27,4688.22,-215.74
r11_00731,-119.16,0.999,23076,68.4,8557.84,30.26,19447.15,948.95,0.20,8,105,49.5,-819.09,1120.19,5,0,0,0,0,0,0,14897,7483,528,168,0,4177.10,3623.74,-4949.04,-559.43,-2411.53
r11_00732,193.93,1.001,27459,64.7,3577.38,16.62,17945.02,883.45,0.22,6,105,50.5,-1289.27,1421.76,7,0,0,7,0,0,0,19990,6920,513,29,0,260.91,-48.54,1236.90,912.20,-2167.53
r11_00733,453.23,1.002,30887,67.4,6240.65,24.99,17422.86,1043.04,0.27,5,105,48.6,-2072.73,1488.39,12,0,198,0,6,0,0,23384,6769,527,3,0,-125.03,4400.62,-2463.49,-1857.43,498.57
r11_00734,7666.62,1.056,19361,70.5,6410.47,23.25,19357.85,2156.06,0.28,7,105,61.9,-1790.70,1864.81,7,0,0,0,0,0,0,14195,4471,695,0,0,2002.89,4371.24,-2253.15,1476.39,2069.25
r11_00735,16124.62,1.210,11070,71.0,5629.06,21.64,19593.83,1888.81,0.22,9,105,63.8,-2741.43,1796.85,4,0,0,0,0,98,0,6862,3283,825,2,0,2661.87,3200.20,7091.54,1973.04,1197.96
r11_00736,53041.63,1.088,49998,65.8,19052.01,26.75,19648.26,2692.21,2.91,14,114,61.4,-5515.75,6837.57,4,0,3341,56,16,452,360,32663,12518,511,81,0,16589.02,19110.17,3661.48,16540.04,-2859.09
r11_00737,29377.92,1.214,17128,69.5,8943.60,16.35,17599.97,2099.87,0.50,8,103,66.0,-3651.68,2845.24,4,0,0,0,68,0,311,13380,2805,562,2,0,12504.30,8743.75,768.52,10648.25,-3286.89
r11_00738,6899.64,1.053,20043,67.1,8248.50,23.47,19430.30,998.94,0.82,10,101,62.4,-2566.88,1267.35,6,0,0,52,0,0,113,13636,5692,548,2,0,3238.84,4893.18,3652.22,1463.75,-6348.35
r11_00739,-3917.25,0.882,6774,78.6,4628.86,22.59,15857.56,300.00,0.12,3,110,40.9,-581.80,451.68,11,0,0,0,0,215,0,5982,244,333,0,0,-314.90,-702.30,-834.13,-1413.64,-652.28
r11_00740,16029.41,1.107,20866,69.6,2928.36,10.21,19352.81,2463.79,0.34,10,105,60.0,-2480.91,2672.29,5,0,0,225,0,46,0,12894,6813,882,6,0,2926.25,4583.20,5838.90,3688.53,-1007.46
r11_00741,1058.77,1.023,8069,74.2,1491.84,6.85,19828.94,839.68,0.12,3,104,55.8,-950.07,444.25,6,0,0,0,0,0,0,7325,263,481,0,0,832.97,415.79,-675.94,1137.79,-651.84
r11_00742,21558.63,1.078,25504,66.4,11799.01,22.13,19314.42,799.91,0.69,8,117,58.1,-4339.75,2477.94,5,0,0,10,251,12,817,20121,3730,513,50,0,9345.23,3960.21,13537.15,3257.25,-8541.20
r11_00743,21638.29,1.159,17820,68.5,5669.34,12.45,18628.61,1439.39,0.55,8,111,65.8,-2060.25,939.99,4,0,0,4,0,0,0,12940,4488,235,153,0,7180.86,6414.38,6172.30,2189.03,-318.28
r11_00744,556.45,1.006,12349,72.6,7986.25,29.93,18697.13,1157.40,0.22,4,100,55.0,-1244.96,847.39,9,0,0,7,0,0,0,11641,362,339,0,0,2252.31,3200.15,-77.69,-4083.30,-735.01
r11_00745,1643.52,1.017,13626,65.0,2725.75,12.35,19353.28,726.57,0.33,5,105,47.6,-1638.59,1110.15,5,0,0,0,45,0,0,12276,921,384,0,0,1713.34,150.14,-12.53,838.31,-1045.72
r11_00746,-680.88,0.850,1410,69.1,722.25,3.61,19303.25,69.61,0.12,5,75,41.3,-120.71,47.28,12,0,0,0,0,0,0,1317,36,57,0,0,-253.16,-39.02,89.54,-31.97,-446.27
r11_00747,-1977.69,0.975,12674,72.0,2544.28,12.44,17905.75,368.20,0.12,3,105,50.5,-329.23,184.00,6,0,0,0,0,0,0,11826,411,299,138,0,317.34,-1662.72,18.66,417.39,-1068.36
r11_00748,3787.31,1.024,14013,66.2,9472.82,31.99,18306.64,797.05,0.80,7,105,66.7,-2181.96,1014.27,5,0,113,2470,0,890,0,8768,1405,113,254,0,3271.50,1338.59,188.94,3809.66,-4821.38
r11_00749,-2250.69,0.988,28508,65.4,6629.27,27.85,17171.20,591.63,0.30,12,105,41.0,-2511.87,1740.02,6,0,40,1442,18,639,0,19769,6069,531,0,0,1054.30,1647.03,-1238.83,-2626.16,-1087.03
r11_00750,360.01,1.029,2838,72.7,1793.53,8.46,19410.23,514.89,0.52,11,85,62.4,-1077.43,232.71,5,0,0,0,0,0,0,2452,354,32,0,0,632.13,193.73,-539.53,-176.04,249.71
r11_00751,3628.21,1.025,19232,65.4,5874.70,22.13,18971.53,299.48,0.43,9,105,57.1,-1051.46,2053.51,5,0,0,0,48,2189,0,13771,2701,523,0,0,2519.12,1045.61,-553.66,865.97,-248.84
r11_00752,5830.29,1.011,60127,62.5,11542.86,35.90,17590.90,327.88,0.49,7,105,49.5,-3155.79,3195.27,12,0,0,196,0,8991,0,37943,12448,549,0,0,6039.29,3243.46,-4982.75,-519.99,2050.28
r11_00753,-4073.60,0.929,11477,68.7,5420.91,25.55,15798.85,199.99,0.42,7,98,42.9,-777.98,615.42,5,0,0,0,0,963,0,9342,915,257,0,0,582.76,378.63,-2018.76,-1365.49,-1650.75
r11_00754,10026.01,1.031,38490,65.3,5123.42,15.78,19603.80,999.74,0.31,6,105,53.3,-1380.92,3664.36,4,0,5,40,0,70,0,33553,4350,472,0,0,3860.07,6397.72,2864.26,-1026.04,-2069.98
r11_00755,-1657.47,0.926,5840,71.6,2036.73,10.14,18051.93,145.22,0.12,3,92,44.6,-211.51,180.83,7,0,0,0,0,0,0,5567,207,66,0,0,-601.80,-41.28,-677.66,-474.73,138.00
r11_00756,21665.60,1.088,42593,67.8,8491.75,19.56,19125.14,1399.98,0.40,10,105,66.7,-4259.92,2276.63,5,0,0,7,0,0,1000,19416,20829,1234,107,0,5353.59,17219.80,-3618.24,2214.96,495.49
r11_00757,12333.00,1.068,23225,68.9,5447.69,23.33,17905.13,599.85,0.32,12,105,59.0,-3679.32,2116.67,5,0,0,274,0,0,1006,15797,5389,747,12,0,214.63,4992.27,3486.76,2722.06,917.28
r11_00758,624.99,1.021,5718,69.3,5242.54,21.30,19367.53,665.77,0.22,6,97,55.7,-586.42,526.32,9,0,0,0,0,0,0,4074,1354,290,0,0,2601.81,328.25,-106.80,-1540.67,-657.59
r11_00759,853.44,1.005,24927,66.1,6071.98,26.13,17166.49,1465.60,0.24,6,105,52.4,-1983.08,1211.32,6,0,0,0,0,0,0,16374,7929,624,0,0,1204.57,893.62,-1899.48,879.98,-225.26
r11_00760,-704.47,0.846,1040,76.7,1380.39,6.70,19221.88,787.99,0.16,6,72,73.6,-702.62,110.16,3,0,0,0,0,0,0,866,47,127,0,0,321.73,142.11,-539.31,-524.19,-104.81
r11_00761,925.84,1.014,8676,70.7,6217.80,22.92,19497.22,399.98,0.38,5,104,51.9,-1128.30,969.65,5,0,0,0,0,0,633,7078,565,393,7,0,1530.60,2587.42,1489.26,-1584.01,-3097.43
r11_00762,-5600.99,0.913,9044,73.1,7855.68,37.88,12881.87,799.94,0.20,5,101,51.5,-1827.94,701.84,3,0,0,0,0,0,263,7661,821,299,0,0,-1637.26,-406.57,-70.84,-1593.47,-1892.84
r11_00763,2780.71,1.019,14316,71.8,5009.88,18.84,18996.20,421.16,0.21,3,105,54.3,-1042.18,1570.33,7,0,0,302,0,489,0,12700,348,477,0,0,1472.91,4236.84,-877.50,-1826.75,-224.79
r11_00764,841.13,1.042,4188,71.3,3257.55,14.06,19165.82,699.27,0.54,10,95,75.8,-691.91,315.77,6,0,60,0,0,120,0,3205,685,118,0,0,954.28,-434.64,1011.83,87.35,-777.70
r11_00765,-2588.99,0.912,7072,63.7,3040.19,14.95,17297.96,143.26,0.22,8,94,42.6,-278.10,190.19,9,0,0,33,0,0,0,6349,548,142,0,0,-116.19,138.23,-960.74,18.27,-1668.56
r11_00766,3562.13,1.015,41888,64.8,4563.27,16.24,19351.13,597.80,0.20,5,105,44.8,-996.34,2291.11,16,0,0,10,0,0,0,36000,5386,465,27,0,1265.24,5879.68,-69.53,-116.74,-3396.52
r11_00767,4254.41,1.046,18958,68.0,1527.59,7.06,19824.76,391.24,0.20,5,105,51.4,-445.54,774.83,5,0,0,14,0,0,0,17347,1146,451,0,0,1059.43,-52.24,3709.81,774.93,-1237.52
r11_00768,4213.29,1.082,8937,73.0,3028.48,12.16,19709.10,899.87,0.22,4,102,55.9,-762.90,764.62,7,0,0,48,0,68,0,8084,306,431,0,0,2582.75,1058.27,-772.40,223.39,1121.28
r11_00769,20243.99,1.103,18278,67.1,6395.57,13.73,18426.04,899.28,0.49,10,105,63.8,-1824.46,1585.27,5,0,0,46,0,1186,0,13213,3169,560,104,0,8558.00,1650.79,9619.48,5131.69,-4715.97
r11_00770,4639.69,1.200,7037,68.4,1669.24,6.55,19681.11,657.57,0.32,10,94,69.1,-508.93,364.26,5,0,0,16,0,0,0,4102,2519,400,0,0,1704.95,1722.50,853.51,431.86,-73.13
r11_00771,-6520.50,0.969,19569,69.3,27870.31,90.35,2978.20,2692.31,0.80,14,105,66.7,-4551.65,2618.40,4,0,0,21,0,537,0,14292,3828,849,42,0,2766.07,-3582.53,-10521.24,4538.29,278.91
r11_00772,2507.26,1.021,15339,71.3,5386.12,20.73,18784.81,968.34,0.39,4,109,50.5,-1333.84,1129.44,5,0,0,4,0,0,0,14406,482,424,23,0,83.05,1527.80,271.43,1718.43,-1093.44
r11_00773,7295.88,1.023,44997,67.0,6000.12,25.70,17342.96,1542.75,0.48,12,117,45.3,-1182.68,2755.58,6,0,69,0,25,0,0,34473,9888,529,13,0,2177.53,6496.32,2677.69,-198.85,-3856.82
r11_00774,3069.14,1.048,8204,78.5,923.96,4.29,19914.40,1351.64,0.12,3,105,58.1,-574.16,831.36,3,0,3,0,6,30,0,7273,309,583,0,0,779.64,1093.43,842.96,471.65,-118.55
r11_00775,35293.79,1.088,32575,67.6,10480.94,17.18,17695.32,1496.25,0.52,8,105,65.7,-3536.55,4920.07,4,0,0,288,0,839,0,23079,7705,664,0,0,8763.66,17787.28,8906.31,1110.41,-1273.86
r11_00776,4307.43,1.068,10754,70.4,7787.41,27.99,19665.42,1999.36,0.34,6,104,60.6,-3137.86,1243.91,7,0,0,222,0,30,0,7267,2406,829,0,0,4228.16,3175.90,-5552.43,415.22,2040.57
r11_00777,8660.85,1.035,34431,68.9,4800.59,14.48,19604.71,1380.40,0.33,5,105,53.3,-2580.07,2339.69,6,0,56,4,23,105,0,20454,12994,795,0,0,5122.59,5812.15,404.85,860.30,-3539.03
r11_00778,12810.60,1.056,25334,68.6,3839.83,11.17,18971.84,599.95,0.22,7,105,58.1,-1522.26,2340.04,6,0,0,12,0,693,0,20065,3975,571,18,0,3904.50,6357.78,897.31,2351.79,-700.79
r11_00779,1083.95,1.011,13506,73.9,2170.64,9.42,19536.68,299.98,0.12,3,105,53.3,-362.02,655.24,8,0,0,125,4,0,352,12122,388,515,0,0,662.79,2233.06,-859.29,-456.92,-495.68
r11_00780,49543.83,1.131,31033,64.0,15755.29,25.46,18505.06,2398.75,2.93,15,105,67.6,-9495.95,7592.65,5,0,0,447,2377,87,510,20111,6879,622,0,0,19660.61,18237.52,2908.71,14357.41,-5620.43
r11_00781,23001.26,1.206,14401,68.7,3382.47,9.69,19586.37,1576.65,0.34,8,105,71.4,-2116.16,1994.08,3,0,872,0,33,80,0,10075,2671,670,0,0,4791.86,5855.23,6220.27,4548.79,1585.10
r11_00782,4720.98,1.039,19609,66.8,3859.56,13.54,18523.06,524.74,0.22,5,105,45.7,-1006.32,2077.16,8,0,129,4,0,0,0,18661,488,317,10,0,-427.07,639.53,6439.16,1089.47,-3020.12
r11_00783,-2738.12,0.947,9041,71.8,5163.98,23.64,16682.15,299.58,0.22,5,98,54.1,-787.80,550.72,5,0,0,0,0,206,0,7908,658,261,8,0,418.34,666.78,-1922.62,-470.40,-1430.23
r11_00784,3185.54,1.040,10184,73.8,1226.92,5.08,19912.10,1347.45,0.12,3,105,55.2,-307.88,1184.81,4,0,0,45,15,0,0,9300,302,522,0,0,1523.80,421.72,1603.41,-129.44,-233.96
r11_00785,6632.53,1.039,26474,65.0,3249.02,13.06,19523.48,1325.29,0.32,8,105,53.3,-1091.81,1262.76,6,0,0,14,0,0,0,18073,7666,721,0,0,1403.80,2612.42,1672.21,2016.01,-1071.91
r11_00786,9143.08,1.058,23778,74.3,1422.42,5.24,19531.71,298.28,0.16,4,105,55.2,-371.15,2117.39,7,0,0,0,24,1064,0,21409,609,672,0,0,2633.58,4271.06,1546.87,458.74,232.83
r11_00787,6764.19,1.068,11868,66.5,7239.88,23.65,19778.90,1499.47,0.50,11,105,69.5,-3547.39,1854.57,5,0,0,28,0,388,0,8034,2626,773,19,0,6060.82,1984.26,197.82,-2527.01,1048.29
r11_00788,-15.76,0.975,160,85.6,441.35,2.19,19699.36,470.96,0.10,3,30,83.3,-222.19,30.83,2,0,0,0,0,0,0,142,9,9,0,0,119.33,-201.14,0.24,68.96,-3.15
r11_00789,6745.05,1.040,21713,67.6,5377.64,17.36,19406.39,400.02,0.29,11,105,52.4,-759.62,3259.54,6,0,0,92,0,2407,0,14286,4376,501,51,0,2248.04,6691.78,-1092.53,-459.42,-642.81
r11_00790,-1293.82,0.924,4329,65.8,1470.99,7.32,18638.27,108.19,0.21,5,90,41.1,-205.63,123.16,11,0,0,0,0,0,0,4128,146,55,0,0,-346.37,340.67,-577.16,-177.78,-533.18
r11_00791,675.43,1.011,8868,73.7,3806.20,16.29,19566.15,792.85,0.16,4,105,54.3,-1106.55,655.22,11,0,0,0,0,116,0,7749,302,701,0,0,1169.55,2038.17,-2078.84,-673.35,219.89
r11_00792,8635.72,1.049,20717,65.7,8898.71,31.80,19085.44,1778.63,1.24,14,105,70.5,-2501.01,1061.45,4,0,0,3113,0,27,0,14874,2221,325,157,0,5454.96,1649.83,-674.08,-530.83,2735.84
r11_00793,37.26,1.046,227,84.1,372.27,1.84,19842.51,185.21,0.11,3,28,75.0,-177.23,80.43,3,0,0,0,0,0,0,217,9,1,0,0,187.05,-199.65,-89.94,57.97,81.83
r11_00794,2721.35,1.031,19225,65.7,1596.27,6.68,19461.03,299.26,0.24,4,104,47.1,-358.94,1047.44,6,0,0,8,0,0,0,18416,451,350,0,0,822.55,2445.48,66.63,-429.81,-183.50
r11_00795,14789.78,1.077,23756,67.2,3256.57,10.81,19955.64,1064.66,0.41,5,105,59.0,-1345.75,1414.04,4,0,0,18,0,0,0,19020,4168,490,60,0,4083.09,3144.34,6223.36,3815.72,-2476.74
r11_00796,2256.96,1.019,15225,72.2,8180.08,29.67,19388.53,1698.66,0.30,4,105,57.1,-3085.35,1262.33,5,0,0,46,0,4,0,14204,481,490,0,0,4947.95,1992.45,-4726.93,-874.53,918.02
r11_00797,20805.98,1.080,24762,66.4,17998.24,34.22,17537.19,2593.98,1.50,12,105,68.6,-4694.89,7038.06,4,0,3803,0,0,650,0,16279,3352,656,22,0,6480.97,13156.18,2792.07,299.15,-1922.39
r11_00798,6640.68,1.024,28942,67.3,7871.90,23.42,18994.02,400.00,0.75,7,105,52.4,-3039.35,3175.40,5,0,0,193,0,0,3383,22922,2018,426,0,0,5329.88,1769.73,-233.98,4276.65,-4501.61
r11_00799,-5698.13,0.913,7384,65.1,7745.10,36.77,13319.82,299.32,0.67,7,105,46.7,-505.21,502.11,7,0,0,4,0,921,0,5510,644,17,288,0,711.30,-2065.63,-1871.10,-1155.41,-1317.30
r11_00800,850.98,1.028,6484,74.0,1116.78,5.21,19359.25,199.97,0.12,3,99,51.5,-356.93,520.92,6,0,0,3,0,154,0,5800,214,313,0,0,-331.54,1328.44,255.50,-589.03,187.62
r11_00801,1339.14,1.014,12684,68.6,5092.27,19.93,19284.96,399.98,0.32,5,99,58.6,-1483.73,1062.72,5,0,876,0,0,0,380,10123,1013,289,3,0,2135.60,832.66,-2045.35,2042.33,-1626.10
r11_00802,-3420.30,0.799,2726,71.8,4449.51,21.36,16381.61,1097.79,0.39,5,77,61.0,-1304.54,380.29,3,0,0,0,0,5,0,2390,190,141,0,0,-546.52,-14.97,-135.98,533.15,-3255.98
r11_00803,12419.90,1.093,17983,67.7,3195.68,9.79,19690.94,496.40,0.30,8,105,59.0,-1362.85,2487.31,5,0,0,19,0,766,0,11318,5042,838,0,0,5151.24,3284.93,3287.51,2209.50,-1513.27
r11_00804,2830.03,1.036,12238,65.2,2670.79,11.90,19521.60,877.29,0.41,6,105,54.3,-2066.18,1577.01,5,0,0,15,0,0,0,10653,1113,457,0,0,2216.29,-552.25,594.53,1036.52,-465.07
r11_00805,11370.30,1.060,26315,69.2,5912.46,23.99,18737.74,1489.47,0.32,8,117,53.8,-3450.26,1930.54,6,0,0,0,0,16,0,19142,6529,610,18,0,795.47,5905.95,4161.46,3030.45,-2523.02
r11_00806,1530.35,1.084,3850,75.7,2020.62,9.45,19361.91,930.27,0.22,5,94,70.2,-740.36,313.99,3,0,0,0,0,0,0,3358,245,247,0,0,1146.76,-876.70,-352.07,1054.61,557.76
r11_00807,-815.43,0.900,1649,76.7,2233.57,10.63,18784.11,599.25,0.20,7,73,64.4,-572.30,167.71,4,0,0,0,0,0,28,1357,175,89,0,0,802.00,-564.15,-289.24,-579.48,-184.56
r11_00808,-663.24,0.997,32411,67.5,17042.91,62.12,10393.05,2737.53,0.33,12,105,58.1,-5232.77,2814.11,4,0,0,0,0,59,0,19490,12042,804,16,0,5119.30,-146.27,-8735.94,1175.73,1923.94
r11_00809,-2625.11,0.909,8119,70.3,2729.87,13.60,17347.50,144.64,0.20,5,98,33.7,-217.27,180.98,8,0,0,0,0,0,0,7730,210,179,0,0,-301.84,222.58,-967.62,-407.68,-1170.55
r11_00810,21597.21,1.119,21035,70.6,3863.82,9.18,19126.95,1100.00,0.37,6,105,64.8,-2062.51,4142.74,4,0,9,0,0,0,293,15674,4314,745,0,0,4725.62,7794.65,5508.11,2016.82,1552.00
r11_00811,5126.50,1.098,10336,70.8,4552.15,16.74,19334.74,1299.89,0.29,10,98,67.3,-1229.65,825.61,5,0,0,0,0,138,0,6763,2999,436,0,0,4315.72,1520.20,-757.04,-1508.25,1555.87
r11_00812,-9498.22,0.976,28820,66.6,22200.89,80.82,5267.00,800.00,0.50,6,116,45.7,-2879.71,3872.71,6,0,0,86,0,0,2684,18695,6808,502,45,0,154.33,-11474.87,9111.02,-2598.08,-4690.60
r11_00813,4878.91,1.103,6632,70.0,2850.82,12.12,19767.39,982.64,0.22,6,105,63.8,-1036.18,948.70,6,0,0,0,0,90,0,4721,1204,617,0,0,2322.51,-1075.97,2447.83,1632.54,-448.01
r11_00814,2940.93,1.089,5496,73.7,5608.29,20.51,19517.17,1799.65,0.57,9,100,78.0,-1666.45,444.27,4,0,141,0,0,0,38,4683,367,267,0,0,3084.73,61.81,1768.89,-1203.02,-771.48
r11_00815,911.19,1.012,13092,67.6,5070.17,19.84,19855.23,199.97,0.31,6,99,54.5,-792.24,704.83,6,0,0,31,0,1015,0,10943,818,285,0,0,3491.94,1524.55,-1009.96,-325.58,-2769.77
r11_00816,9942.19,1.063,23841,68.2,5217.96,17.88,19363.62,878.35,0.32,8,105,64.8,-1576.39,2236.66,5,0,0,111,0,199,0,15807,7008,708,8,0,2420.67,6288.45,-1679.67,1845.13,1067.61
r11_00817,-2653.07,0.976,19137,68.9,8857.12,35.96,15771.60,499.67,0.22,6,104,52.9,-1365.10,1011.67,6,0,0,461,0,0,44,13771,4504,357,0,0,1687.68,1741.34,-4324.06,-863.77,-894.25
r11_00818,-401.35,0.997,15950,73.4,2827.11,12.61,19598.65,783.22,0.12,3,117,49.6,-789.79,520.26,7,0,0,63,0,48,0,14816,512,511,0,0,506.15,676.25,-473.54,400.70,-1510.91
r11_00819,1391.88,1.163,1741,73.6,2174.81,9.70,19462.41,2219.18,0.54,6,67,79.1,-1209.09,323.38,2,0,0,0,0,0,0,1413,230,98,0,0,1772.20,-1149.32,597.97,866.74,-695.72
r11_00820,8311.23,1.052,21530,68.9,2552.18,8.28,19891.94,1045.73,0.20,5,105,61.0,-616.55,1429.24,7,0,602,0,0,25,0,16988,3354,561,0,0,1714.87,4008.46,2863.59,1716.02,-1991.71
r11_00821,-17.68,0.965,139,73.4,956.12,4.74,19212.85,1022.41,0.23,6,14,85.7,-308.91,49.73,1,0,0,0,0,0,0,103,20,16,0,0,151.98,-308.91,0.00,63.44,75.82
r11_00822,-388.11,0.906,912,77.5,1233.45,5.96,19456.28,577.17,0.14,3,77,74.0,-392.07,167.86,3,0,0,0,0,0,0,770,41,101,0,0,599.75,-320.85,-383.46,390.18,-673.73
r11_00823,-3935.43,0.853,5530,72.8,4088.82,20.35,16007.22,230.20,0.12,3,94,39.4,-417.59,240.13,6,0,0,0,0,0,0,5157,203,170,0,0,-379.69,-13.78,-1536.57,-1067.30,-938.09
r11_00824,-4449.77,0.967,21570,68.0,6708.51,30.17,15526.32,537.30,0.24,3,105,39.0,-571.45,1132.50,9,0,0,12,123,0,0,20633,432,302,68,0,33.41,928.16,-1848.00,-2006.09,-1557.26
r11_00825,6532.18,1.030,22011,66.4,6840.14,26.87,18618.54,435.60,0.31,6,105,48.6,-1591.70,3588.89,9,0,5,47,0,0,2473,15861,3111,514,0,0,3799.40,-3818.17,7930.64,1858.77,-3238.46
r11_00826,3453.10,1.011,37741,66.0,6869.34,22.71,18907.14,299.76,0.32,5,105,48.6,-1887.50,1559.34,5,0,0,32,0,1084,0,34608,1598,356,63,0,961.28,8010.18,-2960.35,-462.13,-2095.88
r11_00827,90.38,1.002,8321,74.2,1837.86,8.38,19736.01,302.07,0.16,3,98,57.1,-539.55,382.56,5,0,0,0,0,0,0,7856,280,185,0,0,736.20,364.15,174.23,-308.56,-875.64
r11_00828,1097.63,1.017,8882,77.3,1575.73,7.14,19893.91,1974.35,0.12,3,105,52.4,-531.70,587.28,7,0,0,18,0,15,0,7925,334,590,0,0,704.79,647.95,-119.22,-119.08,-16.81
r11_00829,12831.94,1.081,22406,66.8,3358.12,14.71,19475.28,964.66,0.28,8,105,59.0,-1364.15,1868.04,5,0,0,40,0,48,0,16409,5290,619,0,0,2049.96,3807.36,5139.08,3137.92,-1302.38
r11_00830,-456.94,0.982,3622,71.9,1611.13,7.66,19435.15,1124.55,0.16,3,105,56.2,-409.48,281.87,4,0,0,3,0,0,0,3011,116,492,0,0,668.29,-288.31,-252.89,-298.72,-285.31
r11_00831,1305.40,1.012,19606,68.6,4255.89,17.78,19679.12,200.00,0.24,6,105,54.3,-829.02,772.34,7,0,0,0,0,2056,0,14501,2571,476,2,0,1880.12,686.38,-921.24,47.59,-387.46
r11_00832,-2558.67,0.924,5827,71.3,4499.37,21.02,16906.25,401.63,0.22,4,99,48.5,-685.14,450.14,6,0,0,0,0,0,0,5445,174,208,0,0,522.90,403.51,-314.82,-1672.17,-1498.10
r11_00833,1449.05,1.031,7043,73.5,6602.61,25.53,17829.49,600.00,0.30,5,97,56.7,-1593.22,830.64,5,0,0,0,0,266,0,5814,887,76,0,0,202.15,1271.57,1153.50,-306.54,-871.63
r11_00834,2901.80,1.036,9945,69.0,5041.11,19.49,19763.03,499.95,0.21,8,105,62.9,-814.46,1890.59,6,0,0,426,0,768,0,6547,1594,610,0,0,2070.11,3018.70,-1276.22,-1650.39,739.60
r11_00835,-4434.45,0.929,13246,71.0,7392.78,32.33,15476.45,581.81,0.26,7,111,43.2,-816.99,645.27,11,0,0,0,0,0,0,10092,2712,442,0,0,1322.04,983.23,-1690.10,-2383.07,-2666.56
r11_00836,-5416.04,0.875,12449,67.7,5596.65,27.78,14552.16,225.58,0.22,8,98,40.8,-412.01,196.47,8,0,0,0,0,0,0,10593,1608,248,0,0,-357.32,-411.49,-1666.83,-984.04,-1996.36
r11_00837,4602.55,1.099,6472,67.4,1761.56,8.16,19826.54,397.68,0.34,8,105,66.7,-733.56,1237.79,3,0,0,0,87,379,0,4653,817,536,0,0,602.60,1546.14,2353.74,-122.99,223.07
r11_00838,-3839.41,0.966,19442,68.2,6474.46,28.64,16135.59,330.40,0.23,3,104,46.2,-892.27,598.78,7,0,0,0,5,0,0,18720,434,283,0,0,1080.72,1321.64,-3273.78,-1207.28,-1760.72
r11_00839,-2792.01,0.909,6286,71.1,6489.45,28.57,16227.68,1034.13,0.38,13,93,64.5,-1314.43,402.45,9,0,0,8,0,0,0,4605,1548,124,1,0,1279.01,965.82,-2395.96,-1516.08,-1124.81
r11_00840,7934.93,1.053,20304,68.2,2347.24,11.15,18702.15,695.95,0.24,6,105,58.1,-1675.72,1950.31,7,0,0,161,9,216,0,15609,3676,633,0,0,-161.04,3698.90,3339.46,1375.20,-317.59
r11_00841,2929.29,1.044,12965,68.7,6334.39,24.35,18973.23,999.94,0.51,10,101,62.4,-1547.70,809.53,5,0,0,0,0,249,0,7680,4454,582,0,0,5064.78,-4410.41,792.00,3105.05,-1622.13
r11_00842,1019.92,1.099,3186,71.0,667.40,3.13,19819.68,270.58,0.24,6,75,64.0,-322.67,175.76,4,0,0,0,0,0,0,2341,751,94,0,0,714.24,-46.84,-75.37,299.37,128.52
r11_00843,-1170.16,0.939,4886,68.2,1395.30,6.95,18692.50,141.67,0.16,5,97,44.3,-152.35,143.56,8,0,0,0,0,0,0,4679,143,64,0,0,-455.18,-138.09,-187.15,-214.01,-175.73
r11_00844,25311.83,1.088,21758,66.1,10331.16,33.32,19441.97,1492.67,0.80,11,105,62.9,-4045.83,4716.12,3,0,564,0,208,527,0,17208,2727,515,9,0,3106.79,16678.26,1742.89,6114.30,-2330.40
r11_00845,42236.67,1.129,25881,68.1,11586.92,34.59,17418.78,2492.81,0.78,7,105,60.0,-4128.79,5068.54,3,0,0,95,0,546,0,19067,5297,876,0,0,4794.94,8713.54,22933.72,7258.71,-1464.25
r11_00846,14920.46,1.057,29584,68.6,10213.76,30.35,19439.14,1687.40,0.32,6,105,64.8,-3663.34,4498.98,5,0,0,0,52,66,0,23303,5569,567,27,0,2986.68,8223.49,-2384.70,3761.06,2333.92
r11_00847,1659.22,1.139,2821,77.3,1713.83,7.85,19713.20,652.44,0.33,8,95,72.6,-556.95,220.63,7,0,0,0,0,0,0,2482,205,134,0,0,1134.01,-766.70,180.20,821.58,290.14
r11_00848,2863.36,1.043,10985,70.0,5896.10,26.25,16566.45,1754.32,0.30,12,105,72.4,-1923.27,327.34,5,0,0,0,0,24,0,7737,2423,125,676,0,290.22,1523.99,-2351.01,2161.18,1238.98
r11_00849,532.72,1.003,20685,72.5,5556.05,21.30,19436.30,598.79,0.23,3,114,50.9,-900.96,1573.59,6,0,0,439,0,204,0,19027,552,433,30,0,762.59,3800.03,-3061.26,1474.61,-2443.25
r11_00850,7603.06,1.081,17343,71.0,4543.18,15.63,19373.38,799.98,0.42,12,115,58.3,-1716.98,1436.06,6,0,0,0,0,0,473,12689,3392,789,0,0,3738.00,4692.40,-2505.06,1423.72,254.00
r11_00851,3082.46,1.034,14475,65.1,6214.26,22.94,19315.03,885.16,0.46,15,105,57.1,-3321.10,2293.46,5,0,0,78,0,314,0,7455,5718,899,11,0,4020.96,1870.94,-2889.67,1502.23,-1422.01
r11_00852,63573.52,1.138,33944,66.8,18271.36,25.69,18831.04,2595.08,0.82,7,105,65.7,-4161.79,6576.64,4,0,1921,307,0,310,8,27019,3784,557,38,0,12580.49,24947.04,11019.60,10837.42,4188.98
r11_00853,19563.96,1.101,18744,70.7,6624.18,26.22,18635.35,2863.73,0.23,5,105,63.8,-2060.15,2682.96,4,0,66,0,62,10,0,15598,2414,594,0,0,1077.42,8298.89,8091.06,2883.80,-787.22
r11_00854,-3567.05,0.912,10575,68.8,3780.27,18.73,16407.59,97.39,0.16,6,99,30.3,-281.67,163.43,12,0,7,0,0,0,0,10081,305,182,0,0,-405.76,-257.38,-834.43,-198.77,-1870.72
r11_00855,18875.21,1.137,14087,67.1,17171.69,34.42,17177.72,2498.68,1.18,12,100,65.0,-4374.75,2273.64,5,0,39,0,40,361,0,10507,2651,487,2,0,13086.40,-1937.71,8950.45,1763.45,-2987.37
r11_00856,4215.67,1.062,9372,70.8,2018.23,7.76,19771.21,459.06,0.22,4,103,57.3,-987.60,903.26,4,0,0,0,0,0,0,8752,282,334,4,0,2047.11,1402.40,1482.68,-149.76,-566.75
r11_00857,4383.15,1.035,14469,66.5,12069.44,39.15,18758.28,1099.81,1.02,13,103,58.3,-2055.53,1682.50,6,0,0,258,0,782,0,10375,2616,392,46,0,4698.17,2202.27,-4162.61,725.44,919.87
r11_00858,7810.62,1.047,18160,65.8,9282.28,25.97,18120.44,1194.03,0.50,6,102,52.0,-2439.91,2036.56,5,0,0,0,925,18,0,12940,3931,346,0,0,4423.12,2137.07,6769.31,-1425.89,-4092.99
r11_00859,-536.68,0.976,5195,70.0,3770.32,17.33,17986.03,605.31,0.20,9,92,60.9,-833.73,365.65,9,0,0,0,0,0,0,4055,881,250,9,0,868.57,544.82,-570.72,-1306.69,-72.66
r11_00860,181.18,1.264,212,82.1,440.14,2.19,19646.74,468.59,0.12,4,37,75.7,-350.01,145.98,2,0,0,0,0,0,0,172,12,28,0,0,47.51,63.17,-352.78,107.53,315.75
r11_00861,368.35,1.018,3641,70.2,2772.00,12.53,19236.28,732.56,0.34,5,86,67.4,-684.30,429.09,7,0,50,0,0,0,0,3031,420,140,0,0,-49.76,372.97,459.64,-40.92,-373.58
r11_00862,41573.98,1.128,26583,67.5,7013.48,10.27,19389.21,698.62,0.52,8,117,60.7,-2225.74,6011.99,4,0,0,203,0,1727,0,21092,3061,500,0,0,13071.97,11770.60,16844.93,3079.09,-3192.60
r11_00863,10703.08,1.063,18099,68.9,8050.35,23.58,19436.26,496.94,0.33,5,105,65.7,-1418.55,948.92,7,0,12,2249,0,654,0,12841,1962,202,179,0,5851.04,2215.68,2517.84,-330.41,448.94
r11_00864,1669.37,1.018,9037,68.6,11024.86,44.69,13642.46,1495.76,2.52,10,98,63.3,-2825.33,1494.12,4,0,60,27,0,177,0,7638,815,320,0,0,3350.19,-4548.00,-3115.02,4018.83,1963.37
r11_00865,-3612.44,0.883,6662,66.6,4026.53,19.78,16326.51,332.99,0.45,5,93,43.0,-771.20,226.86,8,0,0,0,0,0,0,6415,186,61,0,0,-161.34,179.23,-1723.78,-742.41,-1164.14
r11_00866,12671.15,1.046,26940,68.7,10726.86,29.76,18694.80,1599.99,0.33,8,105,64.8,-5324.84,3511.28,4,0,1934,0,114,0,592,18275,5261,764,0,0,2556.21,9158.16,-1482.79,6626.44,-4186.87
r11_00867,-5957.67,0.976,24467,66.4,20690.61,73.92,6757.51,1399.99,0.94,10,105,57.1,-5417.97,3556.52,6,0,0,207,0,0,1321,13927,8062,950,0,0,-5877.20,6975.38,-6612.07,-2565.99,2122.20
r11_00868,-362.10,0.961,2554,72.8,972.43,4.81,19223.53,160.70,0.16,5,73,56.2,-288.45,232.06,5,0,0,0,0,0,0,2349,199,6,0,0,116.01,-354.36,-416.66,552.27,-259.35
r11_00869,25998.29,1.157,17538,70.9,8187.94,31.25,18011.27,1595.87,0.32,6,105,64.8,-2602.38,4771.33,4,0,143,2147,0,191,0,11492,2926,617,22,0,215.96,7395.04,8548.97,8401.25,1437.08
r11_00870,-1921.09,0.989,27490,70.3,4360.80,19.43,18078.91,525.81,0.12,3,105,38.1,-401.58,587.37,8,0,0,205,0,0,0,26142,706,340,97,0,1028.21,321.77,-52.40,-1652.88,-1565.78
r11_00871,-2857.24,0.967,11135,72.1,12553.56,53.57,10878.22,2998.49,0.86,7,97,64.9,-3055.12,1041.08,3,0,0,0,0,7,0,9728,996,404,0,0,-32.08,-1827.14,-2906.16,-377.29,2285.43
r11_00872,-2138.61,0.951,7236,67.7,4610.21,20.72,17639.17,696.12,0.77,8,102,64.7,-1349.99,289.65,3,0,0,55,0,54,0,6343,463,155,166,0,2093.87,-497.55,-1504.55,-358.10,-1872.27
r11_00873,1156.82,1.017,10493,67.1,4530.29,19.50,18705.71,499.05,0.48,17,105,51.4,-1044.40,1274.58,6,0,0,20,0,944,0,6341,2602,586,0,0,1937.65,-2647.97,2696.98,524.06,-1353.89
r11_00874,1715.64,1.061,5105,73.2,1754.61,7.64,19850.37,897.45,0.21,3,102,54.9,-475.76,480.66,6,0,0,0,0,3,0,4500,137,465,0,0,953.87,1183.85,386.84,-128.82,-680.10
r11_00875,-1300.85,0.984,15099,65.1,3789.70,18.75,16425.51,1090.19,0.48,15,105,45.7,-1637.24,504.64,8,0,0,0,118,0,0,11594,2912,475,0,0,-1576.74,168.76,393.40,186.48,-472.74
r11_00876,9729.00,1.043,28390,66.8,7696.80,21.30,18625.64,796.69,0.59,14,105,52.4,-1387.58,2770.99,6,0,4,0,1547,1997,0,18242,5945,587,68,0,3966.64,4807.62,3121.89,272.22,-2439.36
r11_00877,726.16,1.014,7727,70.9,2418.48,10.56,19818.65,1196.38,0.16,4,105,57.1,-1244.89,449.72,7,0,0,0,0,0,0,6931,250,546,0,0,830.95,1480.11,-1325.17,105.62,-365.36
r11_00878,-1319.31,0.970,6225,64.0,4306.64,18.77,18639.55,1065.34,0.41,5,105,57.1,-1787.14,831.89,4,0,0,274,0,0,0,3601,1784,566,0,0,1140.03,1143.76,-1211.27,-1236.15,-1155.70
r11_00879,6365.28,1.093,8489,68.8,2653.79,9.51,19602.33,881.43,0.32,4,105,66.7,-1115.70,995.35,5,0,0,0,146,32,0,7553,241,504,13,0,1520.56,4030.45,696.57,1218.13,-1100.43
r11_00880,676.57,1.022,4447,71.0,4318.89,17.95,18690.89,1095.04,0.45,6,104,72.1,-1747.96,320.18,4,0,0,41,0,5,0,3633,398,132,238,0,990.84,-342.37,2340.86,-780.19,-1532.58
r11_00881,-1428.77,0.943,6149,64.6,2428.22,11.65,18419.67,453.31,0.48,8,84,51.2,-458.50,198.14,6,0,0,0,0,0,0,5176,897,76,0,0,386.15,0.24,77.52,-587.43,-1305.24
r11_00882,2427.19,1.066,7065,70.3,2652.64,11.27,19668.82,587.12,0.36,11,103,61.2,-681.55,551.46,5,0,0,0,18,0,0,5759,899,389,0,0,1116.84,1542.44,-206.71,-510.82,485.44
r11_00883,4875.29,1.109,8211,73.8,3964.02,16.82,19049.88,2399.57,0.32,6,109,67.0,-2555.19,668.24,3,0,0,0,0,6,0,6761,902,542,0,0,1898.98,100.23,-766.52,3310.04,332.56
r11_00884,3681.39,1.027,16842,65.9,8319.17,33.98,16166.23,999.57,0.52,7,105,70.5,-3211.35,1141.57,4,0,0,215,0,37,0,14741,1438,229,182,0,2672.49,-3915.30,3313.98,1457.54,152.69
r11_00885,1090.81,1.012,19659,67.7,4786.52,18.51,19592.55,679.51,0.32,8,101,52.5,-821.71,893.20,11,0,0,383,0,0,0,11603,6980,693,0,0,2725.95,311.12,893.07,645.28,-3484.62
r11_00886,1251.29,1.005,47708,64.4,3676.92,15.68,19737.19,666.78,0.24,6,105,53.3,-2163.97,1258.60,8,0,0,0,211,0,0,34687,12177,633,0,0,3046.85,-809.31,752.93,1215.03,-2954.20
r11_00887,-145.00,0.999,13626,64.2,7518.95,30.16,17407.86,884.95,0.67,11,105,48.6,-975.24,1957.16,7,0,768,0,0,77,0,9694,2574,342,171,0,3885.45,-4503.44,1755.16,411.09,-1693.27
r11_00888,11424.02,1.050,35997,64.6,3168.91,9.38,19913.25,299.95,0.22,10,105,58.1,-1250.38,2651.22,5,0,61,40,0,3626,0,18709,12909,652,0,0,6092.83,-713.60,6195.95,854.79,-1005.95
r11_00889,-2343.37,0.985,17428,67.7,12610.02,47.80,13769.12,1583.79,1.08,16,105,68.6,-4288.11,1609.48,7,0,144,33,74,305,0,13209,3065,548,50,0,3295.59,1553.88,-9805.23,766.60,1845.80
r11_00890,3591.79,1.024,20681,74.0,2335.37,9.15,19769.46,870.32,0.12,3,117,47.9,-481.55,1132.83,6,0,0,59,0,12,0,19477,631,502,0,0,2310.00,1934.62,199.72,501.70,-1354.25
r11_00891,8469.80,1.049,25168,66.1,3400.24,15.63,18353.09,508.64,0.29,11,105,48.6,-737.55,1718.13,9,0,0,148,0,0,586,19187,4634,613,0,0,-77.31,5061.66,2705.23,2165.89,-1385.67
r11_00892,2527.19,1.009,42382,67.6,7181.07,29.52,17142.81,1699.98,0.28,7,105,55.2,-5826.62,2623.61,4,0,0,0,0,0,62,25602,15827,883,8,0,3584.71,2651.29,-4065.88,1787.94,-1430.87
r11_00893,2919.49,1.019,22854,67.3,6109.27,21.57,19399.37,299.99,0.20,8,105,50.5,-684.65,1939.79,7,0,707,0,0,0,1303,16289,4017,538,0,0,1549.57,6440.63,-1673.26,-2711.54,-685.91
r11_00894,7081.17,1.039,25908,66.5,6413.30,26.43,17851.35,1564.70,0.50,7,105,50.5,-1216.07,4133.67,7,0,0,18,0,0,0,23998,1484,244,164,0,403.83,1020.95,4420.83,1628.34,-392.79
r11_00895,-1048.48,0.804,1208,72.1,1520.30,7.53,18658.75,237.19,0.28,7,72,55.6,-321.80,104.76,5,0,0,0,0,0,0,1116,70,22,0,0,-24.37,-978.89,-144.70,-103.30,202.78
r11_00896,3320.70,1.053,14482,69.2,1542.04,6.20,19920.83,194.11,0.26,7,101,64.4,-345.61,505.01,9,0,0,4,0,20,0,13686,456,316,0,0,886.12,331.55,2026.81,1296.72,-1220.51
r11_00897,-990.96,0.873,1980,68.0,1988.05,9.54,18856.80,345.93,0.22,8,89,61.8,-484.04,149.79,4,0,0,0,0,0,0,1316,363,301,0,0,397.58,337.53,-346.12,-932.29,-447.66
r11_00898,-3682.25,0.951,17148,65.8,4928.68,23.23,16283.73,395.15,0.40,8,103,39.8,-631.08,686.50,8,0,0,0,0,15,0,14987,1894,252,0,0,-460.42,897.07,-1495.45,-729.77,-1893.68
r11_00899,-3130.51,0.966,18233,67.8,6325.30,27.49,16683.44,299.99,0.35,8,102,50.0,-799.76,706.53,8,0,0,2,63,1661,0,11578,4357,545,27,0,2849.29,-1094.20,-2183.50,1168.82,-3870.91
r11_00900,4938.27,1.025,30685,64.8,4692.23,15.85,19348.53,1062.10,0.20,9,117,49.6,-1330.10,1679.22,12,0,0,11,0,0,0,23377,6926,371,0,0,2761.93,2387.70,2324.26,1119.06,-3654.66
r11_00901,375.43,1.032,2580,67.2,1755.16,8.01,19895.02,476.26,0.42,10,101,64.4,-515.24,229.75,4,0,0,0,0,0,0,2010,187,383,0,0,736.57,596.94,-200.39,-666.71,-90.97
r11_00902,1750.41,1.037,6454,74.7,736.13,3.35,19736.54,1158.00,0.12,3,105,56.2,-268.39,342.71,3,0,0,3,0,0,0,5656,247,540,8,0,325.50,-237.67,1296.11,219.44,147.03
r11_00903,-4482.52,0.953,14839,69.8,13983.32,50.74,13572.83,899.72,0.50,10,103,48.5,-2010.57,1098.05,7,0,0,0,0,379,0,10119,3982,357,2,0,3949.85,1417.29,-2775.45,-4792.21,-2282.01
r11_00904,4157.67,1.143,6862,69.8,2553.68,11.23,19148.69,1304.88,0.28,9,94,71.3,-846.79,404.12,4,0,8,0,0,0,0,4781,1510,563,0,0,1255.69,66.03,1225.76,1861.64,-251.45
r11_00905,304.03,1.009,6535,75.6,1202.64,5.61,19546.32,398.73,0.12,3,99,50.5,-381.18,393.89,6,0,0,0,0,0,0,5898,227,410,0,0,422.86,87.89,253.79,632.78,-1093.29
r11_00906,2807.32,1.175,3795,74.3,2242.16,9.38,19255.26,1299.21,0.30,7,86,77.9,-1220.55,351.57,2,0,0,14,0,0,19,3268,254,240,0,0,2360.07,936.12,-497.03,704.91,-696.76
r11_00907,-8166.60,0.862,7247,71.8,11453.76,50.32,11307.44,2799.33,0.35,4,100,50.0,-2554.22,960.05,8,0,0,0,0,8,0,6594,259,386,0,0,254.62,1859.55,-5949.35,-2513.01,-1818.42
r11_00908,2021.61,1.014,19768,67.1,3231.00,14.13,19446.54,683.51,0.34,16,105,42.9,-1412.39,1730.96,11,0,0,532,0,85,0,17041,1715,395,0,0,1181.26,790.09,234.11,1179.73,-1363.59
r11_00909,-2235.86,0.871,3057,72.5,4478.02,21.82,16048.99,661.80,0.51,11,85,64.7,-1012.76,454.82,4,0,0,0,0,0,0,2760,235,62,0,0,-53.46,-1269.27,-806.27,-345.61,238.75
r11_00910,-1528.48,0.933,3101,73.7,4588.16,20.29,18024.69,699.81,0.29,6,100,68.0,-1177.78,460.57,5,0,0,0,0,0,66,2673,182,180,0,0,1583.40,-3260.87,1774.90,-482.20,-1143.71
r11_00911,-652.82,0.921,1538,74.8,2611.90,12.24,18733.12,1299.27,0.22,7,72,73.6,-831.70,237.59,3,0,0,0,0,0,0,1295,134,109,0,0,1005.30,-634.54,-479.62,-95.57,-448.39
r11_00912,-5258.88,0.973,19433,70.6,10190.62,41.26,14509.31,696.10,0.30,4,111,50.5,-1255.54,934.09,5,0,0,440,0,168,0,17819,484,338,184,0,2867.81,-2849.26,-2369.22,239.63,-3147.82
r11_00913,75.50,1.036,679,75.7,506.52,2.49,19775.08,122.54,0.20,6,47,55.3,-159.20,177.87,4,0,0,0,0,0,0,596,83,0,0,0,287.70,-83.80,-146.88,-20.03,38.50
r11_00914,-4703.43,0.918,11428,73.5,6709.53,31.11,14855.10,458.57,0.24,8,101,48.5,-557.35,407.57,5,0,7,0,0,0,0,10251,763,407,0,0,-12.52,1253.16,-2324.70,-1891.08,-1728.29
r11_00915,-5022.60,0.992,37611,63.0,24966.73,62.50,14977.40,900.00,3.43,11,115,49.6,-4257.03,3617.94,5,0,663,594,64,0,4863,24390,6611,341,85,0,7158.12,1874.76,1950.39,3207.81,-19213.69
r11_00916,16212.21,1.073,31402,66.2,3944.20,10.61,19538.31,399.97,0.22,10,105,56.2,-1950.96,3277.26,10,0,401,0,0,3483,0,17646,9180,691,1,0,5357.28,8068.63,2617.61,-716.68,885.37
r11_00917,-3480.58,0.956,15998,66.2,5260.48,24.18,16493.80,569.38,0.67,12,103,39.8,-790.73,505.06,7,0,0,0,0,0,0,15153,711,134,0,0,746.93,339.45,-1504.05,-1186.90,-1876.00
r11_00918,27764.09,1.081,32304,67.7,13895.56,46.90,15732.39,2585.01,0.75,10,105,61.0,-6176.01,4439.56,5,0,0,208,0,197,0,23910,7231,736,22,0,-1813.20,23507.74,608.01,7768.89,-2307.35
r11_00919,-998.47,0.991,14095,73.8,4657.95,19.73,18948.66,950.13,0.17,3,105,46.7,-765.44,1116.15,8,0,25,2374,0,30,0,10925,240,501,0,0,467.43,2579.85,-1795.68,-542.23,-1707.85
r11_00920,10144.49,1.179,9792,71.8,2621.39,8.16,19417.80,1397.23,0.39,6,103,68.9,-1379.15,1122.03,3,0,0,255,0,0,0,7435,1492,609,1,0,4149.75,335.39,3908.59,1204.43,546.33
r11_00921,-1133.32,0.964,5836,73.9,3231.00,14.67,18791.35,399.99,0.18,4,98,46.9,-686.59,499.71,11,0,0,0,0,0,183,5219,218,216,0,0,1069.23,-28.55,-878.29,10.59,-1306.30
r11_00922,7290.71,1.072,10809,70.4,9072.78,36.73,15630.77,1299.95,0.24,5,105,61.9,-1535.76,2534.11,7,0,0,154,0,0,226,7578,2384,415,52,0,1113.77,-1747.10,6382.92,431.56,1109.56
r11_00923,-3475.69,0.946,12157,70.3,6846.13,29.83,16102.70,532.40,0.41,8,102,48.0,-937.76,566.50,6,0,0,0,0,0,0,10798,938,421,0,0,1952.98,434.36,-3130.49,-1394.29,-1338.24
r11_00924,207.10,1.009,6008,68.7,1867.12,8.54,19832.88,249.45,0.22,8,92,58.7,-301.24,259.71,6,0,0,0,0,0,0,4746,1083,179,0,0,588.66,877.21,-730.09,165.67,-694.35
r11_00925,16022.66,1.071,25603,70.6,12435.43,36.65,18649.83,1890.15,0.31,12,105,64.8,-9144.70,2724.06,6,0,0,0,0,499,0,17033,7106,965,0,0,11090.78,2561.30,-3090.91,2827.29,2634.20
r11_00926,-365.07,0.986,3538,70.8,3946.85,17.43,18691.59,999.54,0.30,5,90,77.8,-1108.73,462.21,3,0,0,108,0,0,80,2980,244,126,0,0,2390.56,-2424.97,673.18,452.90,-1456.75
r11_00927,-1567.72,0.980,9612,65.9,5563.17,26.19,15681.74,1348.65,0.49,7,105,49.5,-1323.40,719.06,6,0,0,128,0,0,0,7912,1053,519,0,0,427.35,-596.26,-1217.17,988.91,-1170.55
r11_00928,585.86,1.012,8955,69.5,11887.50,40.29,17617.51,2997.17,0.50,8,94,73.4,-3027.51,805.67,2,0,0,0,0,24,0,6461,2038,432,0,0,4130.42,3361.34,-3349.79,-4024.71,468.61
r11_00929,3216.53,1.048,12561,65.8,2647.63,12.09,19259.97,299.36,0.34,13,105,60.0,-1241.64,723.31,4,0,0,4,0,1239,0,7609,2963,738,8,0,233.31,1993.89,-362.62,1258.12,93.83
r11_00930,38193.98,1.093,36037,66.5,20409.69,30.87,19108.58,2461.10,0.93,7,105,66.7,-7445.24,8919.61,4,0,15,7,0,124,0,25936,9273,682,0,0,10308.70,35163.87,-9893.16,7984.51,-5369.94
r11_00931,-1059.11,0.992,22352,69.3,11130.24,39.53,17024.96,999.63,0.28,8,116,53.4,-1688.80,1583.68,9,0,0,4,0,199,0,15116,6205,828,0,0,1597.31,3393.16,-1347.45,-3180.47,-1521.66
r11_00932,31703.41,1.119,22308,68.9,21728.99,29.69,18449.38,1598.96,1.18,8,104,54.8,-3645.03,6957.45,6,0,86,28,0,803,0,19262,1652,477,0,0,14192.97,5465.08,14169.99,11245.97,-13370.60
r11_00933,24403.73,1.179,15976,71.2,5224.22,13.38,19348.58,2198.62,0.22,5,105,63.8,-1938.22,4821.43,5,0,0,0,523,30,0,12755,2179,466,23,0,4865.93,8916.64,6690.81,1521.68,2408.67
r11_00934,-4252.09,0.935,11117,68.3,5189.24,25.06,15517.92,290.63,0.32,4,98,49.0,-866.55,361.12,8,0,0,0,0,0,0,10571,321,225,0,0,-346.86,310.29,-982.00,-839.05,-2394.46
r11_00935,8109.32,1.087,11960,69.7,2804.68,12.52,19557.91,1585.85,0.24,6,105,61.0,-1037.01,1424.51,3,0,0,45,0,54,0,7791,3232,838,0,0,651.51,1809.84,3743.13,2328.55,-423.71
r11_00936,2826.70,1.020,19690,67.1,6408.07,21.92,19368.91,837.66,0.74,6,102,52.9,-1151.47,1659.99,7,0,0,148,0,0,0,16604,2439,389,110,0,3278.27,1241.36,2500.61,1644.29,-5837.82
r11_00937,-1611.48,0.914,5079,68.3,1737.02,8.66,18321.58,112.20,0.14,6,94,42.6,-153.99,150.48,7,0,0,0,0,0,0,4840,137,102,0,0,-282.55,-205.60,-132.68,-329.77,-660.88
r11_00938,-20001.90,0.856,16625,70.7,24423.40,100.01,-1.90,1999.95,0.21,8,97,46.4,-2055.84,3402.58,7,1,9,261,0,280,0,9951,5509,527,88,0,-1263.52,-407.68,-6050.40,-6533.34,-5746.95
r11_00939,25510.22,1.146,22411,68.3,5953.65,16.09,19626.88,1873.20,0.31,10,105,65.7,-4403.65,3302.32,8,0,0,77,0,48,0,16887,4768,631,0,0,1591.75,14050.19,9023.85,3388.17,-2543.73
r11_00940,-599.96,0.984,6822,71.1,3916.93,18.35,17426.37,299.87,0.42,9,97,54.6,-749.99,639.46,5,0,0,0,0,252,0,5905,633,24,8,0,419.71,-196.31,-830.81,-822.04,829.48
r11_00941,9777.06,1.106,14507,70.6,5044.38,14.70,18579.50,1559.26,0.40,6,103,58.3,-2154.02,1383.10,3,0,0,0,0,0,0,10895,3016,596,0,0,4693.86,2367.03,3933.69,893.00,-2110.52
r11_00942,31106.58,1.079,31158,67.4,10255.83,21.80,19274.79,1299.15,0.81,12,105,64.8,-5199.12,2674.57,5,0,0,1039,0,1479,0,23299,4703,544,94,0,10552.34,10001.65,1516.80,10451.18,-1415.38
r11_00943,6249.14,1.076,13311,66.6,2745.06,9.49,19691.34,323.09,0.43,9,100,56.0,-999.35,801.81,6,0,0,399,0,0,1494,8695,2236,487,0,0,3085.84,244.93,3305.96,1921.19,-2308.79
r11_00944,2301.60,1.015,27682,67.3,4847.31,19.08,19402.75,299.29,0.20,9,105,45.7,-520.19,1655.26,5,0,0,560,0,1012,0,18127,7349,462,172,0,2009.27,2462.60,-880.82,-1116.80,-172.64
r11_00945,3938.14,1.028,16722,67.9,10635.91,35.76,19103.52,1498.86,0.58,8,105,61.0,-3603.32,1938.18,6,0,0,27,0,408,0,10376,4905,997,9,0,949.49,6065.45,-1862.19,-2953.45,1738.85
r11_00946,-1762.47,0.980,9801,71.9,4092.97,19.52,16876.36,1088.50,0.22,4,105,56.2,-1289.80,1364.42,6,0,0,0,473,92,0,8379,261,596,0,0,-1266.97,1737.57,-2155.56,144.59,-222.09
r11_00947,14314.93,1.079,19294,66.9,12920.58,27.35,19196.62,2998.70,2.01,13,111,67.6,-6008.32,2772.61,3,0,0,46,0,177,0,15143,3402,523,3,0,5872.82,2334.06,1763.79,12885.35,-8541.09
r11_00948,-2299.98,0.989,33739,65.6,10796.97,42.44,14643.39,998.41,1.31,12,105,58.1,-2816.52,1739.01,4,0,0,936,0,159,0,21638,10617,381,8,0,4437.19,-1192.89,-5200.45,2727.25,-3071.08
r11_00949,-362.35,0.846,550,79.1,569.13,2.84,19469.71,233.54,0.16,6,51,66.7,-177.25,159.44,3,0,0,0,0,0,0,502,33,15,0,0,-47.14,-198.38,-143.55,-5.20,31.92
r11_00950,2646.27,1.026,13779,72.5,2685.17,11.42,19533.82,1164.59,0.16,4,105,49.5,-794.19,1159.96,8,0,0,0,0,16,0,12709,468,586,0,0,77.04,2672.21,-1073.76,608.24,362.55
r11_00951,950.06,1.061,2959,70.1,1220.46,5.58,19533.33,269.97,0.34,4,85,58.8,-535.07,263.30,7,0,0,0,0,0,0,2783,103,73,0,0,844.04,495.05,-388.08,376.44,-377.40
r11_00952,15333.89,1.054,30574,69.1,9703.21,36.12,17161.87,2394.77,0.50,7,117,59.0,-4326.00,2967.48,5,0,0,0,0,76,0,21696,8071,719,12,0,1812.97,7947.81,3234.34,2182.04,156.73
r11_00953,793.00,1.006,20311,67.3,2709.64,11.56,19803.39,408.69,0.12,3,105,40.0,-383.47,1049.56,8,0,0,383,0,0,0,19184,404,340,0,0,1793.44,-181.68,1647.95,-172.40,-2294.31
r11_00954,3261.62,1.023,21186,70.0,1631.27,6.57,19960.24,533.79,0.12,3,105,52.4,-415.19,606.52,7,0,51,0,22,0,0,20121,536,456,0,0,1474.74,354.23,1353.87,1437.31,-1358.53
r11_00955,3531.93,1.074,7688,67.5,2201.93,10.59,18585.62,1390.10,0.59,13,105,54.3,-1071.50,1930.30,5,0,0,4,0,0,23,5878,1303,480,0,0,-501.35,311.45,4060.87,-80.56,-258.47
r11_00956,-2335.98,0.896,4037,76.3,4810.95,22.36,16701.39,596.82,0.24,6,99,59.6,-958.56,246.92,5,0,0,0,0,0,0,3759,232,45,1,0,979.04,-967.82,-722.26,-836.53,-788.41
r11_00957,-5136.22,0.934,15357,68.7,11388.70,43.79,14618.46,967.68,0.54,10,109,50.5,-1136.92,727.11,7,0,0,0,0,0,0,10590,4321,446,0,0,3136.95,1777.40,-1962.70,-4023.13,-4064.74
r11_00958,6936.06,1.038,27006,64.7,5972.35,18.86,18764.27,798.58,0.80,9,105,51.4,-1842.73,1082.62,7,0,68,11,50,0,274,23350,2864,334,55,0,2948.30,7130.98,-2229.39,-69.80,-844.02
r11_00959,7099.22,1.041,27660,67.5,3512.10,16.86,17321.76,1016.69,0.28,10,105,41.9,-1835.62,2644.04,8,0,0,0,797,0,0,24440,2016,398,9,0,-2239.71,4431.68,5849.79,730.19,-1672.73
r11_00960,29223.80,1.137,20695,67.9,12729.73,26.03,18967.56,2288.21,1.10,15,105,63.8,-2181.14,7259.93,3,0,90,0,1456,639,0,15109,2838,482,81,0,8968.97,13239.89,-2765.68,8507.90,1272.72
r11_00961,1687.61,1.028,7845,73.0,1012.69,4.71,19463.01,861.10,0.12,3,105,54.3,-281.94,565.92,4,0,125,0,0,0,0,6985,240,495,0,0,739.81,-235.24,964.13,520.37,-301.45
r11_00962,-178.52,0.777,200,75.5,273.04,1.36,19737.67,82.16,0.12,4,29,55.2,-84.96,57.02,4,0,0,0,0,0,0,189,9,2,0,0,-106.44,-111.41,1.70,10.19,27.44
r11_00963,131.72,1.290,149,85.2,203.07,1.01,19962.39,152.92,0.10,4,30,80.0,-152.23,34.09,1,0,0,0,0,0,0,142,6,1,0,0,183.74,-172.65,11.91,77.36,31.36
r11_00964,5495.94,1.123,6171,70.1,5419.01,24.31,16874.58,2590.50,0.47,7,105,75.2,-2495.48,1548.53,3,0,51,0,0,21,0,4723,732,644,0,0,-556.67,-670.50,4931.80,1107.05,684.26
r11_00965,10720.99,1.105,15352,69.8,3139.15,9.71,19929.01,1027.70,0.46,5,115,63.5,-1378.38,1374.40,4,0,153,0,0,0,0,13120,1507,569,3,0,6492.03,3165.17,669.76,246.03,148.00
r11_00966,-720.27,0.949,3064,72.5,1908.01,9.16,18912.12,607.51,0.34,8,83,65.1,-743.63,301.55,6,0,0,0,0,0,0,2483,356,225,0,0,534.46,19.48,-1260.55,866.85,-880.52
r11_00967,-99.77,0.983,1782,71.9,571.18,2.83,19611.61,295.33,0.23,10,77,55.8,-294.60,111.55,7,0,0,0,0,0,10,1533,148,91,0,0,174.27,-453.32,40.32,159.93,-20.96
r11_00968,26833.11,1.129,26241,70.2,6490.03,13.00,18826.86,1299.84,0.54,5,105,65.7,-2332.08,3625.39,4,0,0,1795,0,58,0,19255,4489,644,0,0,8704.14,6820.19,3466.79,8203.23,-361.24
r11_00969,3866.24,1.014,24102,67.6,18183.67,50.37,16228.92,1499.68,1.30,12,104,55.8,-4609.63,3179.87,5,0,42,16,28,1193,0,19372,3068,383,0,0,10220.87,-279.24,-5863.16,-1361.18,1148.94
r11_00970,23336.42,1.080,40054,65.9,4720.12,11.30,19633.78,299.96,0.37,9,105,58.1,-2242.31,4933.43,6,0,791,8,0,0,4215,24375,10035,628,2,0,11281.79,8531.37,3859.16,1513.15,-1849.05
r11_00971,-526.64,0.920,1619,70.7,1637.26,7.78,19406.97,268.27,0.36,8,67,53.7,-314.26,184.20,6,0,7,0,0,0,0,1374,95,143,0,0,439.74,197.30,-67.94,79.04,-1174.78
r11_00972,-4196.52,0.969,26724,66.9,5584.55,26.11,15803.48,240.08,0.12,3,117,35.0,-493.80,549.25,13,0,0,0,0,0,0,25825,669,230,0,0,-317.97,1023.80,-794.95,-873.12,-3234.27
r11_00973,143.04,1.001,15673,74.3,3555.10,15.06,19445.96,1112.53,0.12,3,105,42.9,-501.25,912.86,8,0,0,429,0,0,0,14310,419,515,0,0,355.18,2158.15,-1126.04,-758.99,-485.25
r11_00974,2009.22,1.092,4084,75.4,4290.43,19.57,17628.56,1974.08,0.81,12,92,73.9,-2729.10,404.54,7,0,0,0,0,0,0,3583,386,115,0,0,-297.36,-62.24,1166.47,911.08,291.27
r11_00975,10036.33,1.129,8285,67.2,7956.92,23.97,19678.16,1792.68,0.50,6,105,76.2,-3027.44,838.00,3,0,0,0,0,114,0,6909,770,291,201,0,7109.04,2243.44,1662.91,-934.46,-44.62
r11_00976,-2207.18,0.983,21326,67.1,6700.21,29.85,15746.58,868.62,0.20,7,105,62.9,-2854.81,330.13,7,0,0,488,0,119,0,14835,5307,336,241,0,1217.68,-279.21,-1564.18,-2205.33,623.86
r11_00977,5868.24,1.049,15178,73.4,1312.90,4.83,19978.42,1121.11,0.18,3,105,61.0,-400.40,852.43,8,0,0,57,0,0,0,14153,420,548,0,0,2859.26,684.99,1574.04,1678.29,-928.35
r11_00978,10712.52,1.044,31316,64.0,8240.33,21.30,19331.23,786.38,0.80,7,104,60.6,-2048.70,1947.36,5,0,677,751,0,0,0,23500,5904,463,21,0,5112.41,4329.36,2026.48,6145.94,-6901.67
r11_00979,905.18,1.004,31433,64.3,12838.77,50.78,12444.32,498.21,0.51,10,105,54.3,-1915.95,2536.64,7,0,0,555,0,2873,0,16801,10527,668,9,0,3512.58,-446.66,-4101.60,-162.73,2103.59
r11_00980,-2769.83,0.972,13505,70.7,14698.74,57.12,11034.42,1982.78,0.88,10,100,62.0,-4078.26,1142.04,7,0,16,19,0,0,0,10913,2317,236,4,0,151.89,1209.50,2421.15,-5053.38,-1499.00
r11_00981,14743.23,1.032,46995,65.7,11375.21,24.70,19080.74,798.18,0.82,12,105,50.5,-3237.45,7924.86,8,0,324,929,0,4080,0,28092,12849,721,0,0,9156.03,11092.67,-1536.93,3645.68,-7614.22
r11_00982,11545.60,1.112,10441,67.8,5172.78,22.44,17881.06,1386.91,0.81,11,105,61.9,-2171.51,4684.29,5,0,12,40,0,195,0,8664,1069,444,17,0,1175.56,2651.42,6942.96,-814.84,1590.49
r11_00983,532.26,1.006,14451,68.7,3978.87,16.37,19611.01,299.93,0.30,7,104,51.0,-816.44,1009.47,6,0,0,0,0,1102,0,11105,1795,449,0,0,2203.25,1063.53,-1474.45,1869.05,-3129.11
r11_00984,8116.03,1.079,14348,67.7,4021.90,16.69,19037.58,1681.45,0.30,12,105,66.7,-2063.94,3370.80,3,0,0,9,23,47,0,8589,4703,900,77,0,1202.67,3261.82,1060.50,2889.33,-298.28
r11_00985,2215.34,1.014,20165,71.8,3079.88,12.20,19469.71,1452.36,0.16,4,105,44.8,-579.17,1655.61,10,0,18,0,14,0,0,18854,636,638,5,0,1472.74,2842.02,-1091.32,516.52,-1524.62
r11_00986,-543.37,0.759,470,80.2,958.23,4.73,19321.62,394.30,0.17,5,51,72.5,-375.92,135.11,4,0,0,0,0,0,0,435,18,17,0,0,152.55,-362.53,-69.46,-156.79,-107.14
r11_00987,9077.20,1.226,6556,66.3,4069.78,13.24,19559.55,1370.93,1.72,11,105,81.9,-1677.19,959.69,3,0,33,4,0,19,0,4824,1176,84,416,0,1547.66,3072.43,4503.62,55.33,-101.84
r11_00988,-32.80,0.961,228,81.1,250.94,1.24,19939.22,129.12,0.09,3,32,68.8,-125.58,80.14,4,0,0,0,0,0,0,204,11,13,0,0,170.45,-165.77,-22.74,17.22,-31.96
r11_00989,1403.34,1.017,10854,77.2,1298.39,5.77,19785.74,698.70,0.12,3,105,52.4,-359.07,666.24,7,0,0,280,0,90,0,9574,339,558,13,0,501.10,1457.36,241.78,-581.99,-214.91
r11_00990,7895.91,1.036,36696,72.1,1895.67,6.36,19870.36,531.48,0.12,3,105,58.1,-476.43,925.31,7,0,0,136,0,0,0,35172,866,522,0,0,2548.66,2959.92,2722.72,1037.56,-1372.95
r11_00991,2813.73,1.068,8302,69.7,3455.03,14.84,19369.08,1742.22,0.24,6,100,59.0,-953.69,571.08,5,0,0,0,0,0,0,5266,2346,690,0,0,2481.34,-1733.44,1259.39,1750.49,-944.05
r11_00992,20435.53,1.106,23464,67.4,9202.17,26.63,17236.41,1799.67,1.39,27,105,60.0,-3338.89,2170.82,5,0,0,46,0,0,979,14852,6714,803,70,0,10507.79,-1287.30,10250.62,5996.67,-5032.25
r11_00993,-5043.59,0.940,18375,67.5,5685.60,27.58,14930.79,229.90,0.20,5,105,35.2,-570.91,478.28,8,0,0,0,0,0,0,17294,869,212,0,0,-355.38,11.67,-1929.59,-1206.44,-1563.86
r11_00994,3304.57,1.019,28786,63.5,5845.47,20.52,19216.92,200.25,0.42,10,105,51.4,-1379.65,1433.47,6,0,19,0,0,2689,0,19218,6346,487,27,0,2874.54,4517.90,-1943.13,-505.86,-1638.88
r11_00995,14380.22,1.048,34321,69.8,3622.43,14.03,19541.40,1331.90,0.36,4,105,58.1,-1603.01,1829.09,5,0,1249,131,0,16,0,31550,747,612,16,0,3835.48,4850.52,2782.20,2092.83,819.19
r11_00996,24121.15,1.107,17589,69.5,7308.06,26.10,19236.02,2823.32,0.71,5,105,60.0,-2836.05,3166.58,4,0,0,490,0,15,0,13756,2717,586,25,0,8559.30,11917.07,-27.14,5826.79,-2154.86
r11_00997,23185.68,1.150,21041,68.4,6813.32,18.31,18721.49,1688.16,0.31,10,105,69.5,-4898.84,3168.43,3,0,0,62,0,395,0,11716,7913,955,0,0,6210.09,9513.76,1425.10,5246.91,789.80
r11_00998,13541.10,1.065,26317,68.8,6318.60,16.49,19395.19,399.50,0.38,6,112,49.1,-940.24,4943.87,7,0,0,448,0,2013,0,18154,5183,448,71,0,5717.54,11524.60,-2858.96,-326.81,-515.27
r11_00999,-3211.85,0.934,11433,67.0,4348.68,20.72,16641.82,199.57,0.33,6,99,49.5,-355.49,251.22,10,0,0,0,0,0,0,10875,357,201,0,0,544.80,134.97,-1271.82,24.78,-2644.58
r11_01000,-124.63,0.994,4532,75.4,4514.01,20.36,17655.73,499.85,0.32,7,92,64.1,-650.81,505.41,8,0,0,0,0,101,0,3916,423,92,0,0,1519.25,65.40,-1477.34,-713.67,481.73
r11_01001,2062.10,1.024,11695,70.7,4039.81,17.05,19525.59,499.90,0.20,5,105,56.2,-928.82,1016.20,8,0,0,8,0,549,0,9211,1402,525,0,0,1429.31,296.29,164.76,-491.15,662.90
r11_01002,12004.79,1.065,23230,64.9,3088.65,12.85,19010.13,200.00,0.21,5,105,58.1,-862.97,1502.69,6,0,17,16,0,3475,0,17513,1762,447,0,0,2792.78,-1371.03,5182.79,3347.23,2053.03
r11_01003,4495.33,1.028,24228,68.0,2654.82,11.60,19029.84,885.23,0.22,7,105,37.1,-532.94,1739.18,7,0,0,208,0,0,0,22202,1447,371,0,0,1419.61,1645.34,2868.04,-360.58,-1077.07
r11_01004,11173.60,1.061,22656,66.7,4386.18,13.02,18945.85,298.16,0.30,6,105,56.2,-876.61,2235.59,5,0,0,0,95,2421,0,16976,2695,426,43,0,2835.62,3549.92,2930.78,2911.72,-1054.45
r11_01005,2921.23,1.026,21395,67.7,4710.03,17.50,19407.98,639.82,0.43,12,104,52.9,-750.66,1093.78,8,0,0,0,89,0,0,16411,4597,282,16,0,2405.49,4035.22,-2150.94,-979.30,-389.23
r11_01006,8916.73,1.063,23374,67.6,5380.49,18.28,19583.85,399.96,0.63,11,104,59.6,-1468.03,1458.48,5,0,0,0,0,1927,0,17648,3430,357,12,0,5047.20,2610.82,-1961.99,1703.30,1517.40
r11_01007,3660.23,1.021,26553,66.2,8117.08,36.42,14168.29,1906.46,0.56,10,105,57.1,-4117.20,2103.53,5,0,0,72,0,0,0,18108,7664,709,0,0,-2178.39,1747.35,2785.10,2294.92,-988.74
r11_01008,4437.10,1.018,45472,68.1,6156.26,22.23,19346.73,1700.02,0.28,7,105,58.1,-2197.52,1590.17,5,0,0,4,48,14,0,24412,20000,902,92,0,2047.78,3446.50,-1458.12,1361.83,-960.88
r11_01009,8243.35,1.069,17605,68.2,4820.36,19.53,19702.50,1086.93,0.22,9,105,61.9,-2107.05,1549.61,4,0,0,52,0,189,0,11056,5539,769,0,0,2773.25,2214.30,119.04,1096.72,2040.03
r11_01010,947.39,1.037,4310,67.7,4080.85,16.65,19904.04,1239.35,0.59,7,96,70.8,-1687.57,485.82,3,0,0,2,0,0,0,3392,423,493,0,0,1064.95,619.53,2659.66,-3106.55,-290.21
r11_01011,4929.54,1.019,46829,63.4,5950.47,25.84,17076.14,798.94,0.49,13,105,59.0,-3240.25,1027.50,4,0,0,0,0,0,187,31142,14986,456,58,0,-402.58,4598.46,2645.86,1914.72,-3826.92
r11_01012,10862.52,1.122,12595,69.2,4037.62,14.27,19888.94,698.76,0.22,6,105,64.8,-1921.82,1283.95,8,0,0,0,369,267,0,9277,2099,583,0,0,3732.81,3701.10,-162.25,1751.61,1839.25
r11_01013,16140.41,1.032,45735,66.7,14543.86,30.25,18360.13,1294.44,1.04,9,105,53.3,-4103.35,6922.64,11,0,0,2990,0,1845,0,23547,16544,785,24,0,9818.55,9152.27,4429.64,-3719.87,-3540.18
r11_01014,1547.77,1.025,7307,69.8,4499.50,19.97,18031.27,1586.28,0.21,5,105,61.0,-1145.83,1748.09,4,0,0,4,0,25,0,5667,1014,534,63,0,476.17,-435.56,474.82,1199.05,-166.71
r11_01015,9250.32,1.181,7602,71.5,6627.71,25.28,18970.92,1499.91,0.71,13,102,72.5,-2586.50,1408.45,2,0,0,66,0,106,0,6164,774,492,0,0,4239.40,-3432.91,4614.61,1449.70,2379.51
r11_01016,4664.22,1.061,11089,70.4,5455.39,18.97,18373.50,799.09,0.53,7,102,58.8,-1376.28,875.46,7,0,114,4,0,12,0,9636,960,363,0,0,2102.52,5295.87,-139.34,-2764.88,170.05
r11_01017,1107.99,1.023,8549,68.2,2922.17,13.96,18003.76,773.99,0.24,6,105,60.0,-1744.40,979.45,4,0,0,0,34,30,0,6691,1300,494,0,0,-1196.03,689.51,895.99,582.78,135.73
r11_01018,21549.26,1.089,30414,64.8,5763.51,14.65,19819.28,399.41,0.49,10,105,61.0,-1643.77,1701.18,5,0,0,4,0,3525,0,20166,6116,553,50,0,6387.35,8509.59,3962.43,2990.51,-300.62
r11_01019,128.87,1.002,9127,68.6,1652.32,8.11,18715.91,721.79,0.26,7,105,46.7,-591.04,596.99,10,0,0,10,0,7,0,7785,869,423,33,0,-529.76,154.48,192.45,228.99,82.70
r11_01020,1263.12,1.013,18422,68.5,6071.35,23.51,19324.64,881.72,0.28,10,103,57.3,-857.34,767.51,7,0,0,11,0,0,0,14330,3541,540,0,0,3038.55,1518.23,-1923.75,-1708.87,338.96
r11_01021,2562.57,1.041,11743,70.2,1783.66,7.33,19928.36,470.98,0.20,6,114,57.0,-741.45,660.88,6,0,0,16,0,0,0,9531,1822,374,0,0,2197.50,465.87,259.44,530.56,-890.79
r11_01022,6005.84,1.118,7913,69.1,3515.17,14.33,18528.49,792.93,0.51,6,105,79.0,-1738.00,330.83,2,0,0,0,0,56,0,6767,652,45,393,0,2373.19,447.05,-299.84,1994.58,1490.86
r11_01023,185.75,1.006,5253,76.8,697.46,3.40,19768.74,1476.04,0.12,3,105,53.3,-237.20,225.82,5,0,0,556,0,0,0,3995,106,596,0,0,87.48,159.82,64.55,-127.87,1.78
r11_01024,55140.05,1.104,39795,65.7,15860.37,47.20,17708.17,1481.32,1.02,10,117,63.2,-9592.19,11745.93,7,0,2436,0,17,2028,0,26315,8295,704,0,0,4811.93,17000.33,21638.53,8205.86,3483.41
r11_01025,-2125.36,0.949,6519,75.1,3450.10,16.24,17791.24,2093.72,0.12,3,105,51.4,-1431.64,498.55,10,0,0,0,0,3,0,5725,227,547,17,0,-301.42,308.26,-1039.76,-729.82,-362.62
r11_01026,11159.85,1.032,33526,62.3,14469.44,39.89,18564.69,300.00,0.50,6,105,47.6,-1283.79,5830.52,8,0,0,38,0,0,5898,23083,4150,302,55,0,9061.63,1063.64,-2738.54,3786.88,-13.76
r11_01027,30940.36,1.124,26450,67.7,10753.01,34.76,18572.15,1399.65,0.32,8,105,62.9,-6414.87,5049.29,6,0,0,0,9,532,0,17587,7620,702,0,0,4427.55,11723.97,6046.04,7869.93,872.87
r11_01028,4137.43,1.040,16857,67.8,1773.01,7.38,19489.58,399.90,0.28,6,105,56.2,-747.47,704.02,4,0,0,3,17,0,279,12663,3364,531,0,0,900.11,1853.74,1046.41,448.22,-111.05
r11_01029,1215.78,1.085,3938,76.2,1752.10,7.95,19933.85,468.55,0.12,3,99,61.6,-333.85,268.07,9,0,0,0,0,0,0,3534,162,242,0,0,1236.74,349.65,-429.32,-179.54,238.26
r11_01030,-1959.10,0.733,1307,79.0,2796.75,13.55,17850.55,1505.32,0.27,8,72,70.8,-1128.32,158.33,3,0,0,24,0,0,0,1143,72,68,0,0,77.98,-541.52,-954.68,-263.38,-277.50
r11_01031,1633.05,1.021,11813,77.2,1419.56,6.26,19928.15,1682.17,0.16,4,116,52.6,-1006.41,846.63,4,0,0,24,0,0,0,10552,482,687,68,0,1145.67,317.26,514.48,236.24,-580.61
r11_01032,-2474.39,0.969,9479,75.2,4528.64,21.32,16708.61,1853.59,0.16,4,105,45.7,-719.44,438.28,7,0,0,41,0,32,0,8358,346,702,0,0,-591.31,1100.69,-1815.20,-1217.43,48.87
r11_01033,1003.06,1.011,15575,70.8,10859.33,37.60,18020.85,1899.94,0.52,17,102,66.7,-1782.95,991.07,7,0,0,0,33,0,217,9846,4622,857,0,0,4025.05,3160.70,-2856.79,-3676.82,350.92
r11_01034,18061.56,1.096,27021,66.8,5701.93,23.47,18596.61,999.77,0.40,14,105,61.9,-2786.79,2612.31,5,0,0,11,0,0,391,17609,8260,747,3,0,-368.47,8030.98,7962.37,4010.80,-1574.12
r11_01035,-7180.10,0.854,10116,70.2,9462.96,43.33,12374.09,1418.28,0.52,15,108,54.6,-1721.67,660.98,6,0,0,0,0,0,0,6895,2665,556,0,0,611.00,435.96,-2038.56,-3461.36,-2727.14
r11_01036,-804.72,0.992,16066,73.7,4835.33,20.12,19195.28,1039.41,0.12,3,117,47.9,-1102.26,960.16,6,0,5,0,0,0,0,15071,538,452,0,0,1075.31,2384.33,-3448.22,-60.30,-755.83
r11_01037,2473.25,1.032,7850,69.7,4003.58,16.91,19669.36,2755.88,0.39,4,105,62.9,-1281.58,790.02,5,0,0,139,0,12,0,6939,204,556,0,0,1702.57,1870.05,-1291.85,-682.15,874.64
r11_01038,377.01,1.005,13517,69.4,4676.70,19.48,19098.17,399.83,0.32,10,104,51.0,-616.61,1168.09,8,0,0,0,0,545,0,9595,2992,274,111,0,2499.06,499.84,-1680.27,-472.96,-468.66
r11_01039,12746.10,1.065,22200,69.5,5278.92,17.33,19754.43,1484.26,0.36,4,105,65.7,-1180.86,1814.46,4,0,441,127,0,0,0,20476,496,660,0,0,4728.74,4868.46,-1883.13,3320.66,1711.38
r11_01040,10200.35,1.066,17014,72.2,2298.68,7.17,19707.95,498.25,0.21,4,105,58.1,-1147.18,2113.57,7,0,0,54,21,480,10,15262,540,647,0,0,4803.98,1548.37,3553.19,1401.39,-1106.58
r11_01041,3599.99,1.183,4125,72.2,1721.36,7.28,19836.06,582.85,0.22,5,94,70.2,-529.86,499.92,7,0,0,0,0,0,0,3553,265,307,0,0,1654.76,1763.08,-768.35,288.31,662.19
r11_01042,1259.62,1.010,16827,73.6,3466.10,14.47,19734.71,1794.33,0.16,4,105,52.4,-1117.45,1831.31,8,0,14,11,0,4,0,15571,544,672,11,0,1563.62,1331.54,-1766.76,219.21,-87.98
r11_01043,14861.89,1.080,29567,64.0,2177.19,7.22,19630.22,199.85,0.31,7,105,64.8,-867.42,1872.79,3,0,0,0,201,3636,0,19767,5364,599,0,0,3201.07,6148.86,2581.59,2246.02,684.36
r11_01044,46374.39,1.157,29454,66.9,9740.49,26.85,16344.97,2594.06,1.22,15,105,67.6,-4751.46,6656.14,3,0,258,23,505,893,0,18227,8566,958,24,0,10089.07,13952.89,8991.74,17957.81,-4617.12
r11_01045,-3153.63,0.879,5129,71.7,4341.05,20.80,16527.31,199.91,0.21,8,94,50.0,-827.23,304.94,5,0,0,0,0,120,0,4425,413,171,0,0,389.16,90.61,-1446.72,-1519.28,-667.40
r11_01046,-155.42,0.981,2062,72.6,803.29,4.00,19275.67,114.14,0.16,3,82,51.2,-181.30,164.14,7,0,0,0,0,0,0,1974,78,10,0,0,-479.91,163.79,-292.22,468.92,-16.00
r11_01047,1230.24,1.017,9178,67.8,3940.14,15.90,19910.06,299.86,0.22,5,103,48.5,-922.45,808.35,9,0,0,3,142,241,0,7910,545,337,0,0,2019.33,1512.69,-859.39,-826.89,-615.51
r11_01048,-586.76,0.993,9988,76.2,2478.09,11.73,18173.01,1476.82,0.18,4,105,50.5,-501.67,439.43,8,0,0,0,0,48,0,8836,349,721,34,0,-755.50,449.28,-68.16,4.61,-216.98
r11_01049,4928.27,1.026,25586,67.7,2646.25,9.63,18632.39,517.66,0.17,3,105,56.2,-1123.35,1376.00,6,0,0,2956,0,0,0,21906,349,375,0,0,633.35,1456.76,3749.62,1605.20,-2516.66
r11_01050,-2749.69,0.983,21624,70.1,4886.99,22.10,17227.04,599.66,0.18,3,105,43.8,-631.83,553.74,6,0,18,65,18,0,0,20489,552,446,36,0,1671.17,-969.00,-376.99,-705.33,-2369.55
r11_01051,6757.33,1.028,31997,63.3,4756.98,17.90,19798.60,321.71,0.45,8,105,52.4,-1427.41,2122.94,4,0,0,288,0,2478,229,19267,9121,614,0,0,3762.94,1128.06,3277.60,1367.83,-2779.10
r11_01052,884.18,1.006,18751,73.7,4147.47,16.57,18897.51,1630.67,0.16,4,117,48.7,-1823.70,2395.27,7,0,3,0,85,16,0,17397,619,631,0,0,2.85,2544.47,310.02,-660.35,-1312.81
r11_01053,-3550.95,0.882,7225,65.4,3829.66,18.94,16389.24,391.86,0.39,7,93,45.2,-457.97,224.83,7,0,0,0,0,0,0,6978,225,22,0,0,-387.89,-27.12,-1342.22,-121.68,-1672.05
r11_01054,-3133.49,0.980,20465,62.9,9460.14,42.50,12796.54,2183.54,0.50,10,105,52.4,-3871.14,2298.52,5,0,584,0,0,9,0,15801,3553,498,20,0,-2242.06,3661.43,-4921.63,2168.95,-1800.17
r11_01055,-749.60,0.910,2089,72.5,1650.02,7.90,19230.25,302.95,0.24,9,78,59.0,-400.48,137.63,3,0,0,0,0,0,0,1750,154,185,0,0,458.77,8.59,-108.25,365.08,-1473.79
r11_01056,-6380.56,0.915,17609,68.9,9325.12,40.82,13517.50,817.61,0.44,21,99,50.5,-1250.40,533.01,6,0,0,0,0,0,0,12517,4515,577,0,0,985.35,975.49,-2350.36,-2485.61,-3505.43
r11_01057,3199.56,1.023,23330,69.5,2982.79,12.40,19758.98,299.85,0.22,4,105,55.2,-586.85,850.10,5,0,0,182,0,107,0,21976,530,535,0,0,1464.46,1442.41,-445.82,2325.05,-1586.54
r11_01058,212.18,1.006,6148,64.9,2630.98,11.62,19783.62,491.07,0.30,11,105,59.0,-485.82,465.92,8,0,0,7,0,173,0,3347,1866,755,0,0,716.67,680.03,406.44,-1072.23,-518.74
r11_01059,532.76,1.003,14250,67.6,11524.55,37.24,19007.05,893.69,1.18,8,105,41.9,-1238.27,2306.71,7,0,225,63,0,625,0,11960,1000,191,186,0,1140.02,5206.70,-6411.22,3422.21,-2824.95
r11_01060,-3596.01,0.977,25064,64.7,5571.60,25.35,16403.76,577.94,0.40,9,105,34.3,-1022.48,2858.48,10,0,67,0,121,118,0,22108,2269,282,99,0,-2064.95,2874.23,-218.13,-1817.52,-2369.64
r11_01061,6816.90,1.065,16242,69.0,3897.42,14.03,18913.06,738.40,0.23,5,105,69.5,-1274.21,405.37,8,0,6,0,406,0,0,12789,2540,231,270,0,1229.97,2549.22,472.57,2189.15,375.99
r11_01062,436.10,1.006,10866,68.2,1699.83,8.23,18959.85,700.48,0.16,4,105,53.3,-924.60,598.91,6,0,19,103,0,0,0,10017,261,466,0,0,-682.22,1568.01,-126.15,-113.42,-210.12
r11_01063,-11351.09,0.850,7829,67.5,14865.39,66.98,7329.26,999.58,0.80,7,93,54.8,-1816.25,1182.39,6,0,0,15,0,116,0,6763,622,313,0,0,-226.15,568.53,-1475.48,-4201.62,-6016.36
r11_01064,4835.55,1.096,10720,70.8,3307.81,12.91,19842.94,607.13,0.34,7,100,65.0,-736.04,818.90,5,0,0,0,0,0,0,7830,2532,358,0,0,2384.06,2309.10,641.83,-1881.43,1382.00
r11_01065,1845.88,1.045,6690,66.6,2048.04,9.08,19859.97,770.60,0.34,6,105,64.8,-951.16,454.39,3,0,0,0,0,30,0,4754,1253,555,98,0,771.90,1243.34,-1146.91,1051.56,-74.01
r11_01066,18189.80,1.128,18627,69.3,5799.64,21.43,19020.96,1495.69,0.32,7,105,65.7,-2995.00,4191.82,3,0,0,37,0,273,0,11062,6242,1013,0,0,4296.51,4981.61,5246.33,3630.27,35.07
r11_01067,-1954.26,0.804,2241,74.6,2147.04,10.63,18045.74,500.68,0.27,8,91,53.8,-685.42,238.10,5,0,0,0,0,0,0,1962,119,160,0,0,-39.37,-937.20,-79.05,-139.68,-758.97
r11_01068,1922.91,1.023,12713,71.8,6078.06,23.87,19386.26,1499.99,0.38,8,105,62.9,-1350.52,1451.00,6,0,0,0,0,156,0,9483,2357,712,5,0,4250.55,-1902.09,-1574.62,21.01,1128.07
r11_01069,-614.37,0.994,12551,71.8,13876.34,43.43,16925.96,1499.66,0.22,7,105,54.3,-1970.58,2029.46,6,0,0,0,173,229,0,9610,1974,565,0,0,-1837.68,6485.02,3689.18,-4682.47,-4268.43
r11_01070,-5935.85,0.979,29921,64.9,10272.00,42.21,14064.15,399.83,0.52,7,117,48.7,-2482.96,1446.88,6,0,0,34,0,1797,0,23643,4106,341,0,0,2149.00,-848.65,-859.26,3075.55,-9452.49
r11_01071,4514.32,1.029,27109,66.9,4868.31,19.52,19741.83,2091.59,0.28,7,105,58.1,-1305.40,1481.22,6,0,0,10,50,7,0,13499,12566,950,27,0,1632.81,-648.32,2410.94,3412.98,-2294.10
r11_01072,-9.68,1.000,4062,67.7,1292.00,6.18,19610.47,150.82,0.23,3,86,46.5,-295.79,440.38,7,0,0,0,0,0,0,3844,127,91,0,0,142.16,305.71,-477.38,379.68,-359.85
r11_01073,16092.48,1.077,21008,70.8,2712.27,6.99,18809.17,889.67,0.32,4,117,61.5,-1579.11,2351.49,6,0,0,165,0,224,0,19413,576,630,0,0,4784.18,4547.86,4410.94,4144.20,-1794.70
r11_01074,-597.78,0.993,11839,79.3,3596.22,16.62,18038.77,1099.79,0.12,3,105,52.4,-1624.56,880.99,8,0,0,0,6,21,0,10838,413,561,0,0,21.10,1236.32,-1078.66,-274.70,-501.84
r11_01075,8407.18,1.059,22577,66.9,6402.77,20.13,19435.54,1555.45,0.98,12,104,65.4,-2096.49,1353.19,4,0,7,0,0,0,0,20133,2106,331,0,0,5407.46,5101.85,-1960.19,2108.72,-2250.66
r11_01076,13015.83,1.066,21552,68.5,9867.07,31.30,18620.53,900.11,0.52,8,104,57.7,-2425.61,4084.19,5,0,0,4,0,649,0,17529,2925,409,36,0,3058.94,2649.38,-2322.49,10233.25,-603.25
r11_01077,-1696.37,0.971,11072,72.1,3056.32,14.37,18207.91,589.74,0.12,3,105,50.5,-584.68,464.97,6,0,0,0,0,0,0,10298,354,420,0,0,831.08,210.44,-1680.11,-673.67,-384.11
r11_01078,10265.65,1.051,25095,66.9,5584.88,17.75,19098.96,699.90,0.30,12,105,60.0,-1499.94,2362.54,7,0,0,18,0,1971,0,15249,7075,770,12,0,3250.31,7130.81,-2277.13,2724.24,-562.58
r11_01079,-747.27,0.979,5479,70.3,2044.37,9.65,19134.86,961.92,0.16,4,105,51.4,-640.81,362.25,4,0,2,0,0,12,0,4725,188,552,0,0,449.87,-203.61,-571.76,-28.29,-393.49
r11_01080,-4740.15,0.931,10642,63.8,5617.51,27.03,15162.50,277.81,1.05,8,97,45.4,-841.73,720.61,5,0,0,2,20,1710,0,7205,1676,29,0,0,-1001.30,-9.85,-660.62,-827.81,-2240.57
r11_01081,10839.56,1.105,13549,68.4,3918.62,17.43,18560.17,1868.66,0.32,8,105,61.9,-2138.13,1751.62,4,0,0,0,0,24,0,9466,3247,786,26,0,996.30,4871.34,2796.86,2610.97,-435.90
r11_01082,8854.94,1.080,14068,67.9,4632.64,17.83,18842.86,499.97,0.50,7,104,58.7,-1702.61,1363.56,4,0,0,156,0,0,693,11206,1633,378,2,0,5581.57,-3449.82,6632.02,1951.95,-1860.79
r11_01083,3284.76,1.057,12559,69.3,2370.11,9.29,19360.13,658.48,0.33,7,102,55.9,-731.33,699.04,5,0,0,0,0,0,0,9040,2924,595,0,0,3005.33,720.70,524.04,279.13,-1244.44
r11_01084,25273.64,1.155,15866,66.7,7276.31,15.94,17356.93,2399.94,1.69,12,105,70.5,-2715.07,4580.73,3,0,1158,0,0,11,185,12790,1290,420,12,0,2712.26,9091.81,10739.88,-75.82,2805.52
r11_01085,15626.08,1.074,26802,65.7,3646.55,9.41,19460.80,581.32,0.62,7,105,43.8,-1021.70,5845.04,7,0,25,316,0,444,0,23835,1750,406,26,0,6657.70,6536.12,5407.14,-1083.17,-1891.72
r11_01086,13491.54,1.111,18016,68.2,2008.60,7.50,19876.59,497.07,0.40,11,105,67.6,-1119.32,556.91,3,0,0,782,0,678,0,12432,3493,454,177,0,4190.81,3932.25,2246.66,2048.01,1073.81
r11_01087,-4902.81,0.879,6750,69.6,7476.91,34.31,14317.74,1897.95,0.51,14,100,65.0,-1778.62,494.46,4,0,0,11,0,24,0,4651,1480,584,0,0,1119.86,-4448.70,1482.86,-949.85,-2106.99
r11_01088,493.79,1.014,5599,77.3,832.78,4.03,19740.44,2205.31,0.12,3,105,60.0,-300.08,226.98,5,0,0,0,0,0,0,4826,190,583,0,0,-197.26,629.40,-214.03,409.70,-134.02
r11_01089,2540.80,1.059,7594,70.3,2768.90,11.31,19547.78,1197.61,0.46,10,102,63.7,-2097.14,503.19,4,0,0,0,0,10,0,6387,789,408,0,0,584.56,1696.36,308.78,269.78,-318.68
r11_01090,11298.31,1.040,42704,66.7,4861.85,13.45,19569.75,299.42,0.23,8,117,51.3,-866.48,2946.81,7,0,0,8,79,2276,0,30519,9225,597,0,0,4709.82,6818.11,4077.92,-405.15,-3902.38
r11_01091,2228.21,1.156,3861,75.7,1591.78,7.01,19838.24,531.54,0.19,4,94,64.9,-373.54,286.23,3,0,0,12,0,0,0,3413,132,304,0,0,1093.91,409.35,76.28,336.26,312.41
r11_01092,23277.49,1.077,31486,67.1,4671.35,12.57,19605.62,999.98,0.32,6,105,63.8,-2344.03,3420.41,4,0,0,168,0,260,0,26241,4316,490,11,0,6618.56,8534.50,3982.65,5977.38,-1835.59
r11_01093,5601.56,1.029,22373,70.6,7190.67,23.78,17119.41,1692.91,0.38,8,105,53.3,-2080.27,2639.83,6,0,0,0,0,424,0,15330,5716,865,38,0,-859.09,1035.13,7687.78,-1596.77,-665.49
r11_01094,9438.02,1.050,24212,66.6,4684.53,17.17,19428.27,199.64,0.24,5,105,60.0,-789.60,2543.61,8,0,0,8,0,3696,0,17271,2731,506,0,0,4500.65,481.19,1433.47,3834.20,-811.49
r11_01095,-1939.87,0.984,11715,63.2,10433.49,39.22,16166.43,1886.42,0.79,11,105,65.7,-4094.69,2732.98,3,0,91,0,253,375,0,6265,3836,895,0,0,1715.74,1744.89,-2200.55,-1828.22,-1371.73
r11_01096,-12777.49,0.760,6128,73.0,14126.48,66.17,7222.51,1997.56,0.94,13,99,62.6,-2071.99,659.72,4,0,0,0,0,0,42,5095,713,278,0,0,-790.91,-2406.33,1102.31,-4686.98,-5995.59
r11_01097,193.60,1.015,2994,72.8,1057.19,5.11,19621.11,203.33,0.20,3,95,56.8,-196.43,172.95,5,0,0,111,0,0,0,2707,82,94,0,0,557.74,-115.45,-609.72,257.54,103.49
r11_01098,-1291.62,0.990,21631,68.0,9407.48,35.39,17176.67,200.09,0.31,6,104,43.3,-622.45,1026.70,10,0,8,0,0,2528,0,16997,1828,228,42,0,2568.33,1493.01,-3964.50,-1524.58,136.13
r11_01099,5358.19,1.041,18087,72.8,1750.18,7.17,19462.95,1239.21,0.16,4,105,56.2,-742.06,925.75,5,0,55,0,0,0,0,16827,581,603,21,0,1003.91,2570.85,-42.41,1758.77,67.07
r11_01100,-1460.19,0.933,4675,70.8,1804.31,8.91,18445.97,231.90,0.34,5,84,48.8,-352.99,339.83,4,0,0,0,0,0,0,4482,145,48,0,0,-281.18,-115.69,-472.98,-242.35,-347.98
r11_01101,1958.28,1.015,28632,65.6,4223.79,18.15,19049.17,368.73,0.26,5,105,50.5,-603.69,906.98,13,0,0,2055,0,0,0,22841,3402,334,0,0,760.96,1777.53,-964.60,891.13,-506.75
r11_01102,16383.27,1.114,17938,68.7,9209.21,24.15,19050.88,894.47,0.57,7,105,68.6,-2269.67,1095.05,3,0,0,16,0,462,0,13627,3164,555,114,0,6219.54,8083.03,-98.19,-371.35,2550.24
r11_01103,3870.45,1.050,9232,72.2,5987.95,24.21,18742.21,1156.36,0.22,4,104,56.7,-1722.61,1820.09,4,0,37,0,0,0,0,8498,294,403,0,0,3031.95,868.63,-3609.44,3219.79,359.52
r11_01104,-1094.60,0.983,12853,69.4,5613.09,24.33,17456.07,600.38,0.20,5,104,49.0,-787.55,592.86,11,0,0,220,0,0,0,9845,2270,518,0,0,1112.01,1654.00,-2228.52,-2380.68,748.59
r11_01105,28912.99,1.153,19812,67.1,12765.04,24.61,19066.17,1198.81,0.81,7,105,69.5,-2516.03,1756.41,6,0,0,924,12,554,0,14397,3382,300,243,0,12225.45,10599.78,3104.31,-1259.21,4242.66
r11_01106,2280.31,1.051,8553,73.9,1285.38,5.52,19860.77,353.86,0.12,3,103,59.2,-517.07,621.35,7,0,0,0,0,0,0,7815,294,444,0,0,1342.50,1376.00,-381.74,539.67,-596.14
r11_01107,-8399.97,0.937,13607,66.6,14605.88,68.69,6656.09,1199.76,0.82,12,105,77.1,-3157.39,545.72,3,0,0,8,0,39,510,9789,2754,53,454,0,-3738.50,-921.07,-5759.58,1652.68,366.49
r11_01108,-3598.53,0.924,11793,69.4,3611.77,18.06,16392.41,97.99,0.14,5,98,34.7,-253.90,182.23,13,0,0,0,0,0,0,11419,309,65,0,0,-514.63,-565.84,-1021.71,-619.93,-876.42
r11_01109,405.14,1.006,7044,64.1,6233.65,24.20,19524.17,1087.68,0.49,8,105,64.8,-1987.79,1834.84,3,0,0,7,0,268,0,4479,1598,692,0,0,3967.12,94.81,-484.51,-2365.04,-807.25
r11_01110,-15.03,0.981,239,79.5,182.93,0.91,19831.23,72.98,0.08,3,31,67.7,-88.97,65.15,4,0,0,0,0,0,0,220,9,10,0,0,14.32,-122.29,1.75,100.11,-8.92
r11_01111,16100.93,1.156,15164,70.2,3794.85,11.46,18970.72,987.62,0.28,7,105,65.7,-1049.01,2078.23,4,0,0,8,0,147,0,10342,3797,843,27,0,2129.02,7139.51,3916.19,3284.62,-368.42
r11_01112,3488.22,1.058,10955,72.3,7900.32,27.02,19718.02,1399.84,0.42,10,103,68.0,-1342.58,934.81,9,0,17,0,0,159,0,7448,2882,445,4,0,4650.85,2040.88,-1020.91,-1810.21,-372.39
r11_01113,-939.25,0.944,3966,72.2,3504.85,16.47,17780.27,499.74,0.22,6,73,67.1,-779.11,501.72,3,0,0,0,0,139,0,2798,966,63,0,0,1163.19,-1621.13,-432.28,754.33,-803.36
r11_01114,2141.81,1.007,31811,65.1,11779.95,52.94,10472.97,1899.81,0.93,8,105,48.6,-5972.29,2905.35,7,0,0,264,0,0,25,27804,3267,451,0,0,-348.19,-4277.13,7295.51,1919.16,-2447.55
r11_01115,1823.40,1.013,17444,70.9,2435.19,10.69,18928.49,970.97,0.17,3,105,55.2,-1866.14,779.07,10,0,0,1077,0,0,0,15518,362,487,0,0,-216.27,2154.89,185.65,1267.48,-1568.35
r11_01116,985.88,1.013,9519,71.4,8763.69,35.28,16076.47,2595.26,0.81,18,102,73.5,-2549.99,1002.08,3,0,0,12,0,72,0,7729,1001,705,0,0,3081.58,550.07,-3596.80,-1375.94,2326.97
r11_01117,6423.20,1.033,22739,69.8,9989.16,39.77,15125.48,1793.98,0.42,10,105,61.0,-3183.32,3201.57,6,0,0,3,0,527,0,14557,6590,1031,31,0,-1938.31,7610.91,1351.01,-765.64,165.22
r11_01118,7686.09,1.077,21690,67.8,4040.50,12.74,19709.42,803.95,0.41,12,102,57.8,-604.48,977.36,8,0,0,0,8,0,0,13049,7919,587,127,0,4472.25,3710.94,2799.94,218.47,-3515.51
r11_01119,-1447.42,0.971,10459,70.8,2961.78,13.90,18343.62,334.63,0.12,3,103,44.7,-336.67,501.73,13,0,0,0,0,0,0,9737,337,385,0,0,602.26,291.55,-1079.14,-630.53,-631.56
r11_01120,-3677.49,0.879,7231,69.6,4213.45,20.57,16273.43,380.71,0.22,8,96,51.0,-645.81,280.29,5,0,0,0,0,0,0,5739,1198,294,0,0,75.73,344.79,-2187.27,-2.51,-1908.23
r11_01121,8202.81,1.073,13761,68.1,5622.89,23.82,17985.10,1999.55,0.22,8,105,57.1,-3488.11,2914.10,4,0,0,7,0,16,0,9908,3200,630,0,0,292.77,5286.60,661.33,2318.66,-356.55
r11_01122,-911.71,0.996,34839,66.9,11726.07,38.41,18641.64,699.96,0.67,8,103,49.5,-1834.40,2326.06,5,0,0,116,0,0,754,21845,11453,671,0,0,6195.15,2601.55,-4124.31,296.52,-5880.63
r11_01123,8914.92,1.093,12435,67.1,6596.22,22.13,19970.83,1470.68,0.46,10,105,59.0,-2342.69,2262.17,4,0,0,0,0,120,0,7613,4012,690,0,0,4521.74,3326.90,-964.99,2294.95,-263.67
r11_01124,-3812.17,0.956,19900,69.0,4914.20,23.29,16183.49,364.86,0.12,3,105,40.0,-396.26,383.79,10,0,0,5,0,0,0,19092,448,355,0,0,688.49,-228.02,-2114.71,-1142.99,-1014.94
r11_01125,-1469.14,0.979,13261,68.9,4275.91,19.09,18119.85,199.99,0.22,8,105,46.7,-389.62,729.03,7,0,0,0,0,595,0,10960,1323,352,31,0,-89.40,2170.03,-2143.69,-1064.23,-341.86
r11_01126,8614.06,1.057,21062,68.7,4004.79,18.28,17904.90,1299.86,0.32,8,105,52.4,-1220.87,1894.08,6,0,0,14,53,0,37,17188,3050,720,0,0,-1186.99,3997.21,5679.65,931.82,-807.64
r11_01127,19937.97,1.037,81625,62.6,7507.72,16.34,19511.14,547.98,0.50,10,105,62.9,-3465.72,4184.13,11,0,0,227,0,0,4056,52333,24452,549,8,0,7965.15,7869.22,5198.67,3348.60,-4443.67
r11_01128,4439.27,1.044,16391,70.7,5208.33,18.89,18780.56,599.09,0.41,5,99,57.6,-1186.50,896.08,4,0,0,0,0,25,0,14243,1718,399,6,0,2149.10,3453.43,-1194.62,377.13,-345.76
r11_01129,17093.35,1.125,16341,69.0,3680.19,10.91,19666.98,1399.84,0.85,18,105,68.6,-2975.12,2619.48,2,0,245,240,27,0,279,11933,2979,633,5,0,4014.52,8895.02,1065.03,3005.54,113.23
r11_01130,13068.51,1.056,25106,68.1,5618.33,16.56,19277.34,498.29,0.27,6,105,56.2,-1417.57,3871.23,7,0,1078,35,0,2025,0,18503,2904,551,10,0,5179.95,6427.19,1070.01,-2830.06,3221.42
r11_01131,-1473.52,0.965,7956,75.1,4434.10,19.53,18275.52,799.97,0.16,4,99,53.5,-939.55,592.47,7,0,8,4,0,52,0,7106,285,501,0,0,11.37,1535.17,-1770.20,-461.89,-787.97
r11_01132,-2112.36,0.755,2090,70.8,4474.66,20.37,17496.07,2088.68,0.29,8,68,76.5,-2051.52,209.66,2,0,0,0,0,8,0,1478,416,188,0,0,1559.74,-933.99,-2013.30,346.30,-1071.11
r11_01133,165.85,1.363,171,81.3,920.55,4.55,19311.10,942.06,0.14,4,34,79.4,-111.00,36.70,2,0,0,0,0,0,0,144,6,21,0,0,211.00,-51.42,11.91,10.14,-15.78
r11_01134,25915.55,1.063,28442,66.4,10637.63,27.00,18633.41,1194.14,0.80,10,105,58.1,-3738.19,7538.28,5,0,0,113,0,1589,15,21700,4327,691,7,0,6534.60,4121.83,12139.08,8342.21,-5222.16
r11_01135,10460.38,1.097,15558,68.2,7674.61,25.67,19568.21,699.78,0.67,10,104,53.8,-1701.54,1420.90,6,0,0,401,0,0,916,10940,2880,421,0,0,5737.91,3625.72,-3319.66,3970.48,445.93
r11_01136,-4317.30,0.965,15013,67.0,10366.56,40.50,15232.01,999.86,0.68,10,102,50.0,-1491.91,1809.21,7,0,0,0,0,95,0,10852,3443,623,0,0,4999.75,-730.35,-2860.99,-1180.41,-4545.30
r11_01137,4735.16,1.024,29139,68.7,3718.17,13.09,19538.94,888.79,0.20,5,105,50.5,-1634.63,1917.51,7,0,0,206,0,140,0,19206,8876,711,0,0,2971.78,4792.08,-718.60,-558.35,-1751.75
r11_01138,-2040.12,0.933,5830,77.0,2938.39,14.40,17460.19,555.02,0.12,3,99,48.5,-549.33,369.81,10,0,0,50,0,0,0,5243,226,311,0,0,-540.05,-30.12,-360.60,-416.37,-692.98
r11_01139,445.97,1.007,9448,70.1,4361.43,19.36,18161.90,1896.51,0.24,6,105,52.4,-1118.86,1051.91,5,0,0,0,0,36,0,5817,2741,845,9,0,1323.17,-1185.51,11.22,158.60,138.49
r11_01140,-10052.35,0.849,7656,68.3,14671.10,63.19,8545.42,1598.89,1.05,8,97,69.1,-3085.27,1042.12,5,0,0,4,132,181,0,6601,436,302,0,0,1697.74,-4693.23,-4005.37,-2511.51,-539.98
r11_01141,-4541.15,0.743,2739,74.4,5646.29,27.58,14823.57,1181.26,0.65,8,86,65.1,-1299.42,323.50,4,0,0,0,0,8,0,2525,157,49,0,0,-142.78,-2317.52,-249.83,-1610.69,-220.34
r11_01142,-3071.91,0.942,10455,71.0,5546.78,25.21,16458.57,440.18,0.33,7,102,52.9,-719.12,493.38,5,0,0,150,0,0,0,8933,1094,278,0,0,1406.33,-573.02,-3270.39,-344.94,-289.89
r11_01143,686.15,1.015,8094,71.6,6830.22,26.92,18537.59,2294.08,0.54,22,104,73.1,-3195.52,703.11,3,0,0,4,0,19,0,6103,1230,667,71,0,2852.23,2259.66,-6055.07,804.85,824.49
r11_01144,200.27,1.001,22725,70.2,5207.99,20.51,19845.44,801.09,0.23,3,105,49.5,-665.29,2091.40,7,0,0,1055,0,0,0,20784,416,383,87,0,2836.68,196.80,-1177.03,365.46,-2021.65
r11_01145,10781.43,1.082,11919,67.7,10047.51,32.45,17498.44,2086.54,0.72,14,105,64.8,-2357.40,3686.79,3,0,0,4,0,232,0,8860,2090,610,123,0,3751.33,-48.79,2726.90,7046.62,-2694.64
r11_01146,3367.42,1.168,3904,72.4,1697.43,7.10,19851.56,662.02,0.25,4,93,62.4,-673.12,420.01,3,0,0,12,0,0,0,3500,160,232,0,0,1522.31,636.29,1086.77,50.08,71.98
r11_01147,2785.27,1.074,6765,69.5,1551.59,6.78,19628.77,2245.40,0.20,5,105,61.0,-495.87,427.18,4,0,3,22,0,10,0,4328,1638,764,0,0,142.31,1864.25,613.03,353.39,-187.70
r11_01148,-136.77,0.998,9874,76.8,2047.28,9.42,18829.43,692.31,0.12,3,105,54.3,-482.04,464.54,6,0,0,3,6,171,0,8771,351,572,0,0,-216.96,1184.98,-25.46,-763.49,-315.85
r11_01149,3051.36,1.019,27333,66.8,3495.37,13.17,19189.51,194.48,0.12,3,105,41.0,-424.80,1878.69,9,0,0,0,53,294,0,25928,616,442,0,0,2594.53,1416.46,2317.65,-631.21,-2646.07
r11_01150,-349.56,0.925,1272,72.4,621.54,3.09,19516.94,161.84,0.14,5,94,57.4,-163.66,94.42,3,0,0,0,0,0,0,1049,46,177,0,0,80.28,-113.30,-150.44,-218.24,52.14
r11_01151,8869.88,1.063,19038,68.8,5272.20,17.46,19496.91,2128.22,0.54,12,105,55.2,-4159.17,1370.57,6,0,520,0,0,21,0,15593,2332,526,46,0,3121.91,5513.21,895.19,1720.66,-2381.09
r11_01152,5674.08,1.122,9598,72.2,3458.64,12.50,19450.05,1299.99,0.24,6,100,63.0,-1160.63,797.78,5,0,0,95,0,23,0,6549,2413,518,0,0,3554.02,3245.79,-1039.29,824.38,-910.82
r11_01153,24725.71,1.146,15265,67.7,6195.74,14.89,19577.50,1294.78,0.79,10,105,67.6,-1582.19,3519.82,4,0,11,2,48,376,0,11650,2579,599,0,0,5379.81,8329.01,10640.77,159.46,216.66
r11_01154,10161.84,1.080,13749,71.9,3349.87,11.47,19428.12,1593.71,0.26,5,105,59.0,-2239.77,1487.03,6,0,0,29,108,150,0,10012,2675,775,0,0,5087.23,3568.81,69.58,420.50,1015.72
r11_01155,29222.35,1.128,30858,68.8,5939.03,21.55,19658.07,2186.50,0.48,12,105,69.5,-2880.45,2463.16,3,0,0,394,8,156,0,18658,10607,984,51,0,6352.40,14706.55,5702.75,2960.43,-499.78
r11_01156,306.13,1.021,2895,74.0,1996.21,9.39,19264.46,479.21,0.24,8,89,61.8,-506.22,220.75,5,0,0,18,0,0,0,2412,359,106,0,0,474.06,-389.17,89.87,304.06,-172.69
r11_01157,-1105.65,0.916,2753,77.6,3149.82,14.88,18022.62,1505.77,0.26,7,91,72.5,-1349.41,279.75,2,0,0,0,0,0,0,2420,122,211,0,0,-135.27,-557.63,-927.54,83.56,431.23
r11_01158,41385.70,1.135,24555,67.8,11212.98,21.28,19282.17,1292.65,1.21,8,105,61.9,-2200.39,5216.42,4,0,0,13,0,690,0,20970,2375,477,30,0,8927.60,16937.16,7664.90,4587.86,3268.18
r11_01159,-1930.26,0.911,5420,72.1,2214.77,10.93,18042.02,182.43,0.21,5,98,49.0,-313.76,207.39,5,0,0,2,0,0,0,5133,147,137,1,0,-17.15,-110.06,-624.79,350.52,-1528.77
r11_01160,8932.74,1.059,14031,70.9,6823.34,28.57,17055.88,1595.28,0.35,5,117,55.6,-3284.07,4210.23,4,0,0,0,229,199,0,10227,2637,735,4,0,-2049.71,7126.50,2711.74,2864.50,-1720.28
r11_01161,1210.62,1.012,14851,69.0,3344.22,15.61,18076.98,1493.12,0.20,5,105,54.3,-1203.56,657.46,5,0,10,0,0,0,0,11218,3048,575,0,0,386.19,227.10,-184.78,1083.45,-301.36
r11_01162,25086.42,1.079,29229,64.3,4672.19,9.52,17754.55,299.98,0.77,7,105,51.4,-1550.35,6118.48,4,0,1163,199,0,0,4989,20074,2352,452,0,0,7165.78,3715.85,14807.75,2273.92,-2876.88
r11_01163,-5282.55,0.932,19907,66.4,5763.75,28.25,14639.07,197.56,0.22,6,100,40.0,-511.70,313.57,15,0,0,0,0,6,0,18003,1634,264,0,0,248.80,-509.85,-989.94,-1096.29,-2935.27
r11_01164,2167.21,1.067,4570,68.9,2151.01,9.42,19924.28,900.00,0.26,5,105,65.7,-701.49,558.94,4,0,0,0,6,50,0,3209,660,645,0,0,1369.12,952.63,-333.95,560.62,-381.21
r11_01165,9615.78,1.057,26124,69.7,4847.43,14.07,18664.39,1281.49,0.32,8,117,53.0,-2144.01,1555.21,6,0,0,55,0,8,0,19580,5822,659,0,0,-769.85,7537.61,4828.47,832.52,-2812.96
r11_01166,-1273.76,0.963,6980,72.8,2328.36,11.15,18555.45,208.82,0.12,3,99,47.5,-343.12,326.81,8,0,0,0,0,0,0,6571,266,143,0,0,158.94,439.58,-906.11,-475.33,-490.84
r11_01167,17113.12,1.043,44909,65.6,13331.64,31.50,16723.81,1299.97,0.55,11,105,60.0,-4121.97,4164.88,8,0,35,4,0,0,1497,26308,16137,921,7,0,3467.32,10849.74,5008.90,-4083.37,1870.52
r11_01168,178.66,1.012,2950,74.8,3147.81,14.25,18947.74,1303.72,0.53,12,91,69.2,-885.45,306.00,3,0,28,0,0,0,0,2581,176,165,0,0,1284.88,-499.27,-126.09,19.89,-500.74
r11_01169,-32.11,1.000,19454,63.9,5766.39,22.65,18406.12,1252.59,0.54,6,105,46.7,-2572.40,2214.43,6,0,0,282,23,0,0,15968,2750,431,0,0,1678.27,878.46,759.92,1138.91,-4487.66
r11_01170,5515.19,1.028,25915,66.0,10765.64,36.33,17058.78,1185.83,0.56,12,105,55.2,-4178.81,3554.57,9,0,0,24,0,501,0,16814,7833,743,0,0,111.76,5811.27,-2954.45,501.73,2044.88
r11_01171,2700.98,1.017,24201,63.8,3844.96,16.79,17314.86,1089.83,0.63,15,105,47.6,-1394.12,1800.98,7,0,0,0,282,185,0,19406,3857,471,0,0,621.69,1455.86,1848.57,475.48,-1700.62
r11_01172,1762.64,1.043,5291,64.5,4278.53,16.76,19874.62,499.68,0.50,10,105,63.8,-946.76,819.36,4,0,0,34,223,0,278,3497,684,575,0,0,1888.94,1700.36,1283.94,-2294.62,-815.98
r11_01173,4100.25,1.043,12988,66.2,5358.62,19.97,19765.98,399.82,0.34,14,105,55.2,-1136.16,1345.28,6,0,0,17,0,0,758,8453,3132,617,11,0,3933.03,110.44,-1121.86,1464.37,-285.74
r11_01174,-1513.47,0.958,5251,63.2,3605.39,17.55,16938.00,1019.50,0.32,8,105,54.3,-1014.26,740.88,5,0,0,13,0,0,0,4009,832,397,0,0,-867.98,191.85,-656.09,280.45,-461.70
r11_01175,1543.84,1.009,30945,68.8,4057.36,16.60,19912.89,344.57,0.23,4,104,51.0,-651.45,915.98,7,0,0,8,0,0,0,29604,871,462,0,0,2528.54,1271.55,-2157.71,2013.50,-2112.04
r11_01176,14970.89,1.079,21700,67.5,5514.23,17.08,18402.88,597.07,0.51,8,105,61.0,-1569.35,2461.85,3,0,0,0,17,1168,0,17224,2768,513,10,0,4474.30,7051.52,658.56,547.16,2239.36
r11_01177,19431.94,1.051,47890,65.9,5051.56,13.20,18845.96,229.14,0.22,5,117,55.6,-1253.22,2305.25,5,0,0,252,0,6713,0,37071,3430,424,0,0,5943.95,7940.55,3255.41,2976.20,-684.17
r11_01178,10151.12,1.096,12469,67.1,3072.45,9.46,19579.75,885.14,0.69,13,105,58.1,-1641.93,2355.08,4,0,15,0,0,205,0,9730,1961,522,36,0,5897.91,4583.71,701.32,726.77,-1758.59
r11_01179,29786.95,1.090,34577,66.7,6249.24,13.15,19842.41,698.47,0.31,5,105,65.7,-1709.24,4690.08,4,0,0,46,2300,611,0,26103,4971,546,0,0,11462.59,12505.86,2182.04,5780.19,-2143.74
r11_01180,1404.56,1.024,8957,70.7,7857.28,30.64,17789.58,1099.66,0.51,12,103,62.1,-1592.93,869.15,3,0,0,0,0,253,0,6077,1893,734,0,0,3579.04,-2985.96,-529.53,1674.68,-333.66
r11_01181,6390.38,1.052,18016,69.7,4687.16,18.73,19228.28,1399.99,0.28,7,105,58.1,-3380.42,2684.59,4,0,0,4,0,7,226,9947,6698,1134,0,0,1861.69,3420.65,56.20,1769.41,-717.56
r11_01182,5142.07,1.039,11040,70.9,3913.02,15.71,19062.52,1293.77,0.30,4,105,51.4,-1129.15,2863.76,5,0,29,0,109,192,0,9719,294,697,0,0,3366.90,-1936.65,2404.31,3189.36,-1881.84
r11_01183,4221.82,1.029,26104,69.5,6637.29,22.09,19570.10,873.99,0.56,10,115,58.3,-1638.86,1119.95,4,0,0,0,0,0,0,20725,4897,482,0,0,1881.12,4874.83,630.96,-573.46,-2591.64
r11_01184,22574.00,1.076,25914,67.5,20478.41,73.56,7362.34,2580.42,2.13,12,105,63.8,-8778.41,4293.11,7,0,0,75,136,350,0,21690,3201,453,9,0,-2679.60,3447.70,15617.83,9019.42,-2831.35
r11_01185,13277.08,1.069,29570,67.6,6115.25,27.71,15949.55,1099.93,0.75,17,105,60.0,-1600.80,6122.72,6,0,18,0,29,0,282,21422,7090,599,130,0,-2131.35,10848.29,4077.66,-212.05,694.53
r11_01186,13819.12,1.054,33878,67.7,6772.91,28.61,16898.23,989.51,0.47,12,105,61.0,-2470.19,4953.52,4,0,96,4,0,373,0,27402,5378,607,18,0,-1754.69,15976.05,-91.65,2066.54,-2377.12
r11_01187,-175.23,0.993,5113,71.0,2224.88,10.26,19466.25,428.71,0.24,9,100,52.0,-557.07,341.16,5,0,0,0,0,0,0,4520,422,171,0,0,1177.73,-752.15,-325.38,-135.91,-139.52
r11_01188,-3910.21,0.969,22353,68.1,10286.00,40.96,14826.15,1294.18,0.85,18,100,56.0,-2271.71,905.48,6,0,0,0,0,29,0,16096,5639,589,0,0,-193.43,3822.29,-654.71,-4529.60,-2354.77
r11_01189,874.14,1.007,19435,70.5,4596.06,18.06,19758.74,787.28,0.17,3,105,54.3,-1503.55,468.04,5,0,0,0,0,0,0,18442,583,327,83,0,2009.55,2530.48,-1387.24,-234.80,-2043.85
r11_01190,-359.37,0.989,7134,70.2,3817.73,16.56,19235.48,509.46,0.28,10,96,55.2,-518.30,355.36,7,0,0,0,0,0,0,6032,737,365,0,0,1505.20,880.46,-35.56,-1829.93,-879.55
r11_01191,34620.71,1.135,20478,67.6,8539.88,16.37,19255.54,1581.16,0.52,7,105,64.8,-4687.13,7592.95,5,0,406,4,0,327,0,16108,3045,585,3,0,9917.65,13128.69,5503.40,5289.05,781.92
r11_01192,16406.02,1.035,59449,63.3,9904.79,22.55,19614.45,281.89,0.48,7,105,56.2,-1651.86,3720.45,5,0,0,833,0,10766,0,41705,5665,480,0,0,9354.83,9409.05,844.27,-915.30,-2286.83
r11_01193,8985.09,1.029,28863,65.8,12465.94,30.07,18364.44,700.00,1.13,9,105,50.5,-1665.70,4493.95,5,0,0,2,0,0,2960,18454,6970,407,70,0,1402.56,8652.27,9437.26,268.66,-10775.67
r11_01194,-3540.76,0.965,17011,66.7,5818.59,27.67,15211.53,299.99,0.52,9,98,53.1,-1302.46,665.73,8,0,41,0,0,0,362,14744,1763,99,2,0,-646.33,347.32,-2283.92,-307.27,-650.56
r11_01195,1903.25,1.072,3880,67.9,2331.64,9.83,19477.42,799.09,0.23,5,105,63.8,-868.70,651.57,4,0,0,219,0,59,0,2510,590,482,20,0,585.76,702.58,1667.97,-1143.20,90.13
r11_01196,28443.75,1.098,28079,66.8,8758.00,15.31,17800.51,899.99,0.98,9,115,59.1,-4429.48,4147.05,4,0,0,0,2797,0,1545,20854,2302,540,41,0,9581.77,13691.86,9997.10,-598.63,-4228.34
r11_01197,2423.50,1.053,6704,76.9,592.65,2.74,19914.54,1921.14,0.12,3,105,64.8,-497.77,837.46,5,0,3,0,0,3,0,5854,263,577,4,0,1071.49,441.33,294.07,721.00,-104.39
r11_01198,251.95,1.008,6346,69.0,1923.77,8.76,19745.76,320.67,0.22,5,102,63.7,-554.43,472.30,4,0,0,0,0,0,0,5846,189,311,0,0,402.61,884.02,-106.01,-451.12,-477.55
r11_01199,-3162.45,0.912,6273,75.6,6834.19,29.26,16520.15,1499.57,0.16,4,98,49.0,-1422.44,513.97,7,0,0,0,0,8,0,5583,260,422,0,0,993.85,1974.39,-4179.41,-1277.34,-673.94
r11_01200,-52.43,0.999,11187,76.2,2072.86,9.51,19719.47,2345.38,0.16,3,105,50.5,-691.30,505.83,8,0,0,1483,4,0,0,8886,242,555,17,0,1020.04,-211.09,-47.39,-489.15,-324.84
r11_01201,-1441.56,0.914,4250,75.5,1750.54,8.66,18461.09,121.58,0.13,4,99,44.4,-226.41,142.70,10,0,0,6,0,0,0,4080,144,20,0,0,-53.70,-290.50,-747.74,-190.70,-158.93
r11_01202,816.21,1.055,3479,74.6,2296.04,10.58,19398.15,1182.96,0.16,4,90,64.4,-1037.35,352.91,3,0,0,0,0,0,0,3007,139,333,0,0,717.39,521.83,-1209.60,580.62,205.97
r11_01203,1508.22,1.016,15460,69.7,6415.34,24.49,19595.96,1491.57,0.27,5,105,57.1,-1378.50,1151.86,8,0,0,0,0,0,0,11399,3486,552,23,0,1965.34,3685.98,-3121.38,-1231.67,209.95
r11_01204,26490.65,1.140,23516,70.4,7473.77,16.10,19206.13,1699.06,0.32,15,105,63.8,-6169.37,3295.43,6,0,0,17,0,769,0,15449,6339,928,14,0,11243.27,13521.45,1513.15,-1418.55,1631.33
r11_01205,-592.47,0.936,2103,72.4,4098.41,18.15,18476.58,1582.63,0.29,7,72,72.2,-1483.58,255.53,3,0,0,0,0,0,0,1744,150,209,0,0,1978.79,-134.90,-1629.35,-37.89,-769.12
r11_01206,38411.48,1.082,55337,66.8,18549.11,46.40,18509.16,2776.01,1.02,10,115,65.2,-5290.33,9763.98,5,0,0,8,0,190,0,33584,20535,949,71,0,8155.20,28442.26,7306.65,-2923.41,-2569.22
r11_01207,-1941.30,0.981,15228,70.7,5416.84,25.52,15806.09,1237.69,0.22,6,105,53.3,-1374.48,724.49,7,0,0,4,0,0,0,13455,1379,364,26,0,-703.84,484.95,-2950.56,1860.25,-632.10
r11_01208,-11215.08,0.941,14390,62.2,16098.51,72.27,6177.70,799.98,1.94,11,105,71.4,-4763.65,790.21,4,0,662,0,128,0,1566,8717,2931,185,201,0,2223.59,-9635.45,264.03,3884.53,-7951.77
r11_01209,13263.47,1.071,14196,65.7,16722.19,41.03,16501.22,2099.99,1.92,11,105,77.1,-7719.43,1229.28,5,0,1181,108,0,0,626,10323,1478,327,153,0,5008.80,10900.41,-3554.03,23.80,884.49
r11_01210,6818.38,1.129,9475,70.9,4609.72,17.87,18986.04,2166.29,0.57,15,100,72.0,-1873.28,721.63,3,0,0,0,0,0,0,6763,1902,810,0,0,3716.15,601.97,-1393.18,4365.61,-472.17
r11_01211,18723.80,1.072,29275,68.6,9569.58,34.11,18489.54,1797.31,0.65,8,105,60.0,-3816.03,4450.05,4,0,0,81,0,408,0,17676,10070,1022,18,0,434.50,7223.82,1418.55,6803.36,2843.57
r11_01212,10076.08,1.036,43864,65.5,5554.64,24.55,17073.60,1075.81,0.31,10,105,53.3,-3477.51,2853.18,8,0,0,27,27,0,0,36622,6675,502,11,0,1374.89,2307.09,7603.18,421.28,-1630.36
r11_01213,16536.11,1.101,14127,63.3,12754.77,26.35,18405.69,1697.78,2.09,9,101,62.4,-5770.04,2792.40,4,0,12,2,61,566,0,8990,3904,592,0,0,9488.84,-92.04,1429.08,8327.08,-2616.85
r11_01214,31826.83,1.116,35977,68.1,6332.81,13.88,19470.97,899.33,0.30,12,105,64.8,-3522.95,4036.88,4,0,3,338,1429,2216,0,20997,10131,863,0,0,10672.29,11505.03,4405.88,3470.38,1773.26
r11_01215,6913.07,1.023,45077,67.2,7921.25,33.33,15845.68,1071.13,0.44,15,105,48.6,-3362.80,3573.19,4,0,0,526,63,169,0,32460,11174,673,12,0,90.28,3877.95,4848.36,-923.45,-980.06
r11_01216,-1988.55,0.797,1865,66.6,2722.53,13.25,17822.39,299.85,0.20,5,89,61.8,-282.72,176.61,8,0,0,0,0,76,0,1398,114,277,0,0,156.72,-41.07,-289.20,-1382.68,-432.33
r11_01217,5217.24,1.065,9584,73.0,1340.94,5.89,19808.15,784.02,0.16,3,105,59.0,-370.87,1165.48,4,0,0,3,0,51,0,8731,269,530,0,0,2234.48,-724.06,2232.28,1363.96,110.58
r11_01218,3141.19,1.026,17805,68.0,6749.57,28.20,17181.67,1895.45,0.38,8,105,65.7,-2661.73,1345.33,5,0,0,15,27,157,0,11221,5306,1064,15,0,784.42,4357.72,-1817.13,-1498.92,1315.09
r11_01219,452.34,1.007,10747,73.0,3531.68,14.83,19736.49,538.10,0.21,4,115,53.9,-675.54,698.95,6,0,0,0,0,0,0,9919,370,458,0,0,643.39,1861.51,660.93,-1366.10,-1347.39
r11_01220,-485.77,0.962,3401,70.2,1193.38,5.77,19492.06,226.99,0.22,5,91,54.9,-453.59,193.04,6,0,0,0,0,0,0,3155,145,101,0,0,247.68,-394.53,12.09,449.52,-800.52
r11_01221,10970.63,1.085,15052,70.0,7948.19,30.91,17768.19,2779.13,0.48,10,105,67.6,-3447.93,3540.94,3,0,0,0,0,80,0,9477,4386,1104,5,0,224.27,4961.48,2478.51,3781.22,-474.85
r11_01222,563.88,1.007,14023,75.7,3070.15,13.37,19593.26,739.06,0.16,3,115,54.8,-1257.49,609.09,7,0,0,12,0,0,0,13107,452,452,0,0,683.92,2021.09,-1238.08,-904.02,0.98
r11_01223,-1390.76,0.874,2863,70.2,1717.48,8.48,18530.33,119.03,0.14,5,86,43.0,-228.75,105.47,6,0,0,0,0,0,0,2629,80,154,0,0,156.82,-113.68,-774.68,-382.25,-276.97
r11_01224,8464.34,1.044,28935,66.8,3110.90,10.58,18925.34,939.25,0.22,5,105,61.9,-990.30,549.32,4,0,27,0,0,0,0,24632,3766,358,152,0,4312.58,2470.42,2101.27,507.01,-926.94
r11_01225,9141.96,1.061,22610,67.4,7605.35,26.01,18648.63,996.89,0.31,6,104,61.5,-2221.70,1870.54,9,0,0,4,0,0,36,16237,5822,511,0,0,1456.85,5264.93,-3963.56,5326.26,1057.47
r11_01226,3584.78,1.026,22455,68.0,4511.31,18.21,19779.61,1706.39,0.29,6,105,59.0,-1568.96,789.80,4,0,0,0,0,0,0,13637,8077,658,83,0,2893.22,1117.58,-1454.42,1419.06,-390.66
r11_01227,119.61,1.070,619,74.3,283.77,1.40,19877.28,94.77,0.16,5,51,64.7,-71.19,109.13,3,0,0,0,0,0,0,583,25,11,0,0,194.95,-135.85,-1.77,22.39,39.90
r11_01228,1623.39,1.008,34815,64.7,2802.00,12.71,18319.68,201.05,0.55,8,105,54.3,-1570.55,476.05,5,0,49,0,0,2236,0,28486,3669,273,102,0,415.08,637.97,1619.77,937.59,-1987.02
r11_01229,991.79,1.110,2451,73.0,1264.46,5.83,19677.85,399.56,0.28,7,73,71.2,-366.31,197.97,4,0,0,0,0,67,0,1763,536,85,0,0,1046.62,230.85,-180.58,10.88,-115.98
r11_01230,10226.11,1.196,10639,70.8,4477.46,14.01,19873.67,1399.86,0.50,21,103,72.8,-1296.92,884.89,4,0,0,0,0,179,0,7558,2142,760,0,0,2618.08,6191.79,618.84,-281.49,1078.88
r11_01231,24473.13,1.072,49491,65.8,7565.98,15.16,19017.24,1087.68,0.61,12,105,61.9,-3213.10,5752.28,4,0,0,4,0,634,0,28034,20001,800,18,0,5116.70,21521.41,923.05,742.70,-3830.73
r11_01232,2825.13,1.022,23611,67.0,6560.55,22.48,19527.42,499.87,0.59,8,102,54.9,-2007.44,1164.94,5,0,0,0,0,970,0,13323,8687,631,0,0,4593.46,2056.42,-142.38,2141.85,-5824.23
r11_01233,1263.13,1.015,9966,75.1,2405.02,10.79,19646.41,2097.55,0.16,3,105,58.1,-1140.36,789.00,5,0,0,71,5,0,4,9022,323,541,0,0,814.05,970.93,-1126.06,1112.76,-508.55
r11_01234,15950.74,1.131,16702,70.0,3765.99,14.06,18918.02,1393.65,0.42,11,105,62.9,-2057.44,2370.05,3,0,0,3,0,270,0,10043,5309,1069,8,0,4066.11,4398.25,4687.23,3954.83,-1155.69
r11_01235,-2771.69,0.978,26830,63.7,6608.81,27.94,17047.74,298.63,0.44,7,100,49.0,-1518.69,731.60,7,0,0,4,0,0,30,22236,4292,268,0,0,1427.46,1842.15,-2458.05,-763.28,-2819.97
r11_01236,14757.04,1.127,19641,67.6,3612.34,9.45,19844.02,1080.80,0.50,11,105,62.9,-1045.57,1543.55,5,0,0,3,0,0,0,13714,5304,620,0,0,5214.69,4405.33,5102.15,2986.76,-2951.89
r11_01237,-2360.46,0.945,10123,68.2,3125.73,15.19,17446.23,185.70,0.20,5,97,45.4,-379.19,390.67,13,0,0,0,0,0,0,9038,1009,76,0,0,9.82,411.62,-2089.05,-209.04,-483.80
r11_01238,12710.20,1.224,8878,69.9,3780.89,13.90,18831.47,1299.68,0.48,7,103,68.9,-1598.95,1282.47,3,0,4,0,0,0,14,6713,1544,603,0,0,3557.09,1655.33,3741.57,2783.76,972.45
r11_01239,20997.71,1.098,25920,65.2,3830.48,8.61,19659.46,397.45,0.49,9,105,61.0,-1201.99,2580.75,4,0,127,73,22,1958,0,17386,5766,557,31,0,4696.56,3179.72,10171.46,6334.66,-3384.69
r11_01240,9164.05,1.077,12821,67.4,9518.60,37.46,15891.98,1700.00,0.57,15,105,68.6,-2837.74,3244.32,4,0,0,7,0,29,447,7315,3952,1071,0,0,-156.68,-478.42,4689.29,2970.14,2139.72
r11_01241,36096.99,1.102,29973,67.3,9039.55,27.52,19108.71,1199.89,0.67,8,105,60.0,-4175.97,3711.54,6,0,0,15,0,0,1746,23009,4464,704,35,0,9844.12,15004.07,5576.71,5619.29,52.80
r11_01242,-5615.60,0.771,4406,78.3,7104.14,33.41,14161.18,1798.62,0.12,3,94,51.1,-1751.38,432.27,9,0,0,0,0,3,0,3939,166,298,0,0,535.75,-17.19,-3588.75,-1062.22,-1483.19
r11_01243,24378.89,1.113,23612,67.0,8714.85,23.18,19626.49,1487.20,0.80,10,105,62.9,-2749.75,3382.24,5,0,51,102,16,213,31,16461,6012,662,64,0,8940.16,7355.67,6003.17,8283.40,-6203.51
r11_01244,16468.09,1.157,12173,69.9,4803.52,13.56,18860.70,2970.18,0.58,19,105,69.5,-3126.64,4232.96,3,0,2,37,0,106,0,7676,3168,1184,0,0,6901.29,6493.39,-389.75,3420.83,42.33
r11_01245,522.36,1.045,2120,70.0,1887.18,8.45,19649.05,483.66,0.30,5,62,66.1,-741.40,391.27,5,0,0,0,0,0,0,1647,392,81,0,0,1739.81,-780.64,-532.68,1635.94,-1540.06
r11_01246,17360.74,1.079,22626,69.2,4775.62,18.96,19730.78,499.91,0.22,5,105,63.8,-2488.37,3227.06,5,0,650,0,0,613,0,19547,1380,434,2,0,3643.65,8887.92,6351.55,997.97,-2520.35
r11_01247,499.55,1.005,10734,68.7,12682.21,54.84,10443.42,2899.47,1.47,10,98,72.4,-3006.00,1508.20,2,0,0,0,0,73,0,8581,1739,297,44,0,-1506.00,538.25,-4349.59,1473.21,4343.68
r11_01248,2282.30,1.028,15625,70.7,8699.63,29.96,19322.59,2198.42,0.28,7,104,53.8,-1983.17,1112.11,6,0,0,76,0,35,0,9439,5202,873,0,0,3474.41,4288.69,-4172.72,-2248.73,940.66
r11_01249,8083.31,1.068,17180,69.2,5980.44,18.50,19113.95,1276.78,0.49,6,102,59.8,-1740.33,1256.05,3,0,0,0,0,0,0,13529,3080,571,0,0,5730.75,3803.93,-673.70,1620.80,-2398.47
r11_01250,16705.22,1.063,26505,66.5,9690.21,33.47,19257.61,1897.76,0.82,14,105,58.1,-4800.85,5467.66,7,0,0,19,0,0,225,21766,3932,559,4,0,3069.28,13343.04,-236.07,3711.21,-3182.24
r11_01251,6715.02,1.050,22477,70.0,3481.70,12.80,19320.30,797.53,0.28,8,117,53.8,-894.25,1393.07,6,0,397,0,0,0,15,17996,3539,530,0,0,876.53,3276.15,2552.36,1821.14,-1811.16
r11_01252,7353.69,1.084,12580,71.5,3927.85,16.36,19432.02,1476.52,0.24,6,105,62.9,-995.04,1703.51,3,0,0,91,0,90,0,8352,3162,860,25,0,1302.56,-485.11,4638.42,2225.09,-327.28
r11_01253,392.50,1.014,6237,73.5,4272.66,17.94,19542.17,2099.75,0.32,8,97,66.0,-1898.85,423.76,4,0,0,4,0,8,0,4793,963,469,0,0,1481.09,2158.35,-3051.78,129.96,-325.12
r11_01254,7956.48,1.052,17839,69.3,7181.46,29.95,16797.92,1671.59,0.46,8,105,61.0,-4434.56,1424.02,4,0,76,0,0,7,0,15356,1884,516,0,0,-1810.05,5992.02,3722.03,1770.85,-1718.38
r11_01255,23964.94,1.078,39114,67.4,12894.56,28.12,19366.82,1690.48,0.52,8,116,61.2,-3939.57,2442.86,5,0,0,127,34,14,0,30564,8041,305,29,0,9054.17,9619.45,-139.12,8861.29,-3430.85
r11_01256,-9495.09,0.949,19760,65.8,21738.27,82.88,4490.61,2898.40,1.55,23,105,74.3,-7125.56,1674.27,3,0,0,4,66,625,22,11968,6007,1068,0,0,2744.93,1480.31,-12538.86,-643.02,-538.46
r11_01257,14191.91,1.135,24080,69.1,3187.90,9.63,19733.92,837.12,0.32,8,103,64.1,-822.30,1350.86,3,0,0,4,43,0,0,14850,8416,767,0,0,6589.52,4652.95,1156.62,2768.40,-975.57
r11_01258,21043.98,1.120,25400,67.8,5744.10,21.55,19584.78,2654.23,0.40,10,105,65.7,-3682.12,3626.38,4,0,110,4,0,30,0,15611,8799,846,0,0,2899.41,11760.24,4514.34,3361.80,-1491.82
r11_01259,-3033.49,0.906,9228,65.6,3189.93,15.88,16902.10,146.47,0.20,7,93,36.6,-356.57,263.85,8,0,0,0,0,0,0,8873,324,31,0,0,-544.75,-142.01,-1102.58,51.25,-1295.40
r11_01260,340.65,1.009,8701,72.4,5036.37,21.82,18049.01,499.82,0.34,10,97,57.7,-1031.89,571.05,6,0,34,0,0,83,0,6816,1616,152,0,0,1027.79,938.23,55.12,-1655.67,-24.82
r11_01261,19907.21,1.167,14405,71.9,9718.48,37.94,15899.47,2598.87,0.22,7,105,62.9,-4051.86,2573.15,4,0,0,886,0,35,0,9730,3088,666,0,0,84.08,5780.68,6774.77,5275.16,1992.51
r11_01262,2225.53,1.030,11465,67.0,6939.23,24.58,19547.86,1349.97,1.78,12,112,62.5,-1667.89,811.25,4,0,0,107,0,0,0,9982,1112,264,0,0,3249.82,1232.35,241.86,909.96,-3408.47
r11_01263,-1262.53,0.972,9538,69.2,2810.10,13.16,18540.08,720.15,0.62,7,102,53.9,-1125.69,374.99,7,0,333,0,0,0,0,8472,497,236,0,0,835.82,116.80,-603.64,674.72,-2286.23
r11_01264,-5104.40,0.947,19475,69.1,6556.22,30.56,14895.60,334.94,0.20,5,113,40.7,-507.48,565.23,7,0,0,0,0,0,0,16884,2275,290,26,0,223.97,1140.33,-2461.95,-1399.81,-2606.95
r11_01265,7062.64,1.067,11862,71.4,7328.63,25.68,19720.06,2073.92,0.45,9,105,61.9,-3300.00,1290.11,9,0,0,0,0,114,0,9216,1697,835,0,0,1481.56,4869.35,-716.46,1112.34,315.84
r11_01266,1448.07,1.011,12787,67.7,9123.28,32.41,19022.54,898.48,0.64,10,105,63.8,-2062.12,2337.78,5,0,13,745,0,882,0,8912,1664,565,6,0,2489.31,5493.67,-8470.59,2244.91,-309.22
r11_01267,-5763.05,0.907,7958,70.7,11551.36,49.84,11624.64,1799.28,0.23,5,105,56.2,-1761.60,1866.07,5,0,0,30,0,55,0,6216,1166,469,22,0,-383.36,3262.44,-7085.20,-1754.14,197.21
r11_01268,15066.81,1.128,12371,69.1,5724.62,14.59,19117.91,899.94,0.50,6,102,56.9,-1994.20,1976.75,6,0,512,5,0,484,0,10036,889,443,2,0,5303.75,4217.56,2949.18,3277.51,-681.19
r11_01269,3418.18,1.148,4760,72.3,1314.93,6.02,19933.37,583.54,0.32,7,101,69.3,-527.05,364.41,2,0,0,232,0,13,0,3994,341,180,0,0,1724.44,-837.53,1285.27,375.33,870.68
r11_01270,10841.44,1.094,10723,69.3,5201.71,16.95,18665.18,999.61,0.31,6,105,61.0,-4405.46,1245.68,4,0,297,12,0,238,0,8442,1211,443,80,0,5497.90,1909.60,639.49,4047.34,-1252.89
r11_01271,4952.20,1.093,7290,67.3,4799.31,21.82,17194.86,1099.99,0.48,7,105,70.5,-2845.71,1695.88,5,0,29,0,0,0,80,5252,1432,497,0,0,-1354.88,1824.42,3929.27,328.08,225.30
r11_01272,21348.87,1.183,16358,69.1,4919.09,12.99,18154.59,999.89,0.74,12,104,60.6,-1845.26,2412.73,6,0,4,0,0,0,636,11958,3008,752,0,0,7769.20,3927.23,7205.47,4261.16,-1814.19
r11_01273,12697.58,1.094,17679,71.0,8018.16,22.52,19086.42,1399.79,0.52,7,105,61.0,-3470.24,2332.82,7,0,0,0,0,363,0,13920,2737,659,0,0,7358.92,2491.69,-868.98,3198.12,517.84
r11_01274,24162.05,1.164,14153,65.1,11310.98,36.88,19163.58,1995.17,1.91,8,105,69.5,-4203.21,2913.18,5,0,869,69,0,144,0,11371,1266,409,25,0,8600.79,5192.66,5294.66,2384.88,2689.04
r11_01275,14736.30,1.097,20363,66.9,3163.30,10.67,19767.02,1169.89,0.38,8,105,60.0,-2347.85,2594.73,7,0,0,36,0,96,0,15442,4105,660,24,0,3496.45,4848.51,6686.21,1159.97,-1454.84
r11_01276,13862.46,1.056,35598,67.2,3440.63,9.50,19364.37,396.20,0.28,7,105,50.5,-817.60,2584.90,8,0,39,0,0,1492,0,22961,10423,683,0,0,4842.09,8231.66,2066.83,-888.11,-390.01
r11_01277,-1958.04,0.973,12696,70.0,8769.43,37.84,14405.10,1425.72,0.51,11,103,62.1,-2743.40,693.35,4,0,0,0,0,0,0,10237,1988,471,0,0,1475.47,1121.27,-2476.73,-2044.05,-33.99
r11_01278,9012.43,1.141,11578,73.8,3671.81,12.00,19397.01,1399.87,0.28,7,104,63.5,-1280.54,1000.60,6,0,0,0,0,0,42,8703,2081,752,0,0,4881.26,3186.95,363.31,157.22,423.70
r11_01279,10237.72,1.039,27695,66.0,5015.38,15.46,18898.20,299.99,0.77,7,105,51.4,-2293.59,1143.78,5,0,0,0,694,0,3937,20991,1649,343,81,0,4168.07,6038.03,1601.19,-1984.65,415.08
r11_01280,-4360.46,0.931,13276,70.9,5470.92,25.92,15639.54,250.56,0.27,4,106,42.5,-688.06,432.11,7,0,0,424,0,0,0,12278,289,285,0,0,253.02,306.20,-1803.00,-194.82,-2921.87
r11_01281,3369.46,1.014,20195,67.4,21848.23,88.46,2851.23,2199.23,1.19,14,105,54.3,-2349.51,4940.59,5,0,28,0,574,495,0,16489,2059,365,185,0,-5453.45,-5443.17,2105.89,16505.37,-4345.18
r11_01282,1310.81,1.024,8948,75.1,4075.74,18.08,18461.83,899.89,0.16,4,116,50.9,-885.33,892.76,6,0,0,8,6,0,50,7874,338,672,0,0,945.64,472.41,-1624.00,1362.79,153.98
r11_01283,39388.32,1.175,20120,65.3,5134.35,10.55,19990.18,698.40,0.52,8,105,63.8,-3368.61,7758.00,4,0,10,44,0,1875,0,14006,3644,541,0,0,14526.23,11676.62,11650.44,3893.78,-2358.74
r11_01284,-277.83,0.994,6284,67.1,4471.91,19.60,18347.83,1198.89,0.49,10,105,63.8,-1630.43,688.04,4,0,28,4,0,0,78,4758,791,611,14,0,299.71,1715.12,-2423.09,559.80,-429.36
r11_01285,4074.06,1.082,8783,68.6,2684.98,10.97,19692.44,1499.67,0.26,6,105,64.8,-913.93,970.37,4,0,5,0,0,0,54,5513,2346,865,0,0,1033.26,2230.89,566.97,548.76,-305.82
r11_01286,10940.12,1.057,21899,67.9,4389.95,14.12,19138.66,879.39,0.48,12,105,57.1,-1418.03,1939.12,5,0,33,0,204,578,0,16291,4139,654,0,0,1366.49,4987.97,3795.37,1318.05,-527.76
r11_01287,-1332.38,0.991,21902,67.7,11406.44,39.56,17429.09,1533.63,0.50,10,113,54.9,-1290.81,842.94,5,0,190,199,0,0,0,17590,3434,281,208,0,3360.74,5169.29,-9840.35,2243.43,-2265.48
r11_01288,3917.50,1.039,15424,65.7,2165.60,8.38,18761.63,720.66,0.33,5,105,49.5,-588.18,1324.37,10,0,0,4,0,0,0,13982,1033,405,0,0,743.72,704.42,3206.50,664.58,-1401.73
r11_01289,27759.23,1.101,28539,65.1,10079.43,21.51,17891.94,699.70,1.64,9,106,61.3,-1666.16,1855.41,7,0,0,10,0,1865,0,21756,4547,85,276,0,11353.49,8196.79,4423.31,1317.59,2468.05
r11_01290,3267.80,1.022,23978,70.6,2897.42,11.76,19985.27,525.44,0.12,3,105,43.8,-504.21,897.57,11,0,207,0,16,0,0,22677,595,483,0,0,2660.85,793.96,941.03,-6.28,-1121.75
r11_01291,11462.25,1.100,14326,71.4,8199.69,31.64,17713.38,2295.72,0.22,7,105,60.0,-3083.04,1797.88,8,0,0,8,0,34,0,10699,2957,610,18,0,2366.40,2439.59,3601.59,2975.22,79.45
r11_01292,-5501.56,0.900,10939,71.6,6419.38,31.18,14167.74,1110.67,0.28,6,109,49.5,-1152.64,582.05,11,0,0,0,0,0,0,7609,2868,462,0,0,-912.97,73.01,-353.37,-2525.30,-1782.94
r11_01293,7769.23,1.095,12903,70.0,3355.70,12.77,18780.37,599.96,0.22,6,105,66.7,-779.46,471.80,4,0,0,0,0,5,158,10181,2034,372,153,0,1367.59,2614.32,1305.12,418.25,2063.96
r11_01294,-279.88,0.954,1602,74.8,1011.71,4.96,19369.75,248.04,0.24,7,76,59.2,-335.50,170.29,3,0,0,0,0,0,0,1434,100,68,0,0,296.40,-474.90,-147.05,193.01,-147.35
r11_01295,-75.69,0.996,3245,71.2,2748.00,12.68,18926.28,798.08,0.22,4,86,61.6,-633.79,367.73,3,0,0,0,0,0,4,2833,86,322,0,0,590.08,827.93,-791.86,5.31,-707.15
r11_01296,3686.76,1.041,10408,70.1,6679.29,25.39,19625.85,1298.99,0.54,8,105,69.5,-2288.88,1107.58,6,0,0,10,0,232,0,7965,1526,654,21,0,2711.22,1835.45,-2380.64,-1152.13,2672.87
r11_01297,-3096.74,0.879,6195,72.5,3257.39,16.16,16903.26,179.29,0.16,5,112,40.2,-298.35,220.89,8,0,0,0,0,0,0,5785,231,179,0,0,78.39,-429.30,-1537.34,-55.61,-1152.88
r11_01298,5994.05,1.065,14303,69.3,9792.64,31.67,19665.97,2051.11,0.85,12,100,71.0,-3375.36,1153.94,3,0,0,0,68,0,0,11207,2394,634,0,0,6264.67,1828.46,1649.61,-4253.19,504.50
r11_01299,12278.14,1.044,34628,65.0,9963.58,33.01,19833.54,1564.28,0.64,8,105,61.9,-5374.15,3074.53,6,0,24,4,0,263,0,17226,16124,970,17,0,4528.68,4021.20,-98.36,6438.40,-2611.79
r11_01300,23002.83,1.221,13203,69.6,6768.96,14.89,17428.43,1299.54,0.95,10,104,66.3,-1657.27,2033.45,3,0,0,5,0,254,0,10852,1530,498,64,0,3424.40,5769.14,9577.63,3165.74,1065.93
r11_01301,3610.65,1.028,19130,70.5,15350.12,46.93,17355.49,2699.07,0.52,7,112,62.5,-2391.25,1699.17,5,0,16,0,0,97,0,13736,4559,722,0,0,3318.75,6673.23,-4758.26,-3536.83,1913.76
r11_01302,1056.17,1.016,10727,70.6,7506.87,28.91,18460.88,599.95,0.20,5,99,54.5,-1448.48,1103.36,6,0,0,0,0,0,394,7595,2366,372,0,0,3402.69,566.88,-2430.19,-1527.54,1044.34
r11_01303,-2554.48,0.929,8387,72.2,3137.73,15.24,17445.52,170.07,0.16,5,109,44.0,-448.26,253.04,7,0,0,0,0,0,0,7866,306,215,0,0,426.73,-325.24,-652.62,177.14,-2180.50
r11_01304,7388.20,1.059,25540,69.0,3587.41,15.30,19656.11,1700.08,0.24,6,105,61.9,-2381.23,1945.14,4,0,0,360,0,126,0,10939,13027,1066,22,0,1809.91,3971.02,1530.84,973.26,-896.83
r11_01305,-1871.97,0.987,16677,70.9,6108.72,25.57,17777.93,1257.46,0.39,4,103,51.5,-1553.98,1426.12,7,0,0,47,0,0,0,15713,469,448,0,0,3468.49,-1011.61,-3707.97,2131.69,-2752.57
r11_01306,31459.06,1.129,26119,66.1,4612.11,10.90,19644.35,500.33,0.69,12,117,57.3,-1489.10,3817.52,6,0,827,0,0,2886,0,17906,3926,571,3,0,11766.59,6150.17,13540.17,1717.67,-1715.54
r11_01307,2439.34,1.034,9986,71.7,1413.22,6.41,19776.60,838.24,0.17,3,105,57.1,-313.43,441.91,4,0,0,0,0,0,0,9210,301,475,0,0,644.27,735.32,591.68,491.36,-23.28
r11_01308,8594.22,1.159,7917,69.3,2767.20,12.62,19163.18,889.56,0.32,6,105,70.5,-1705.70,1166.70,2,0,0,2,23,150,0,5577,1422,741,2,0,-782.97,4552.04,3588.55,646.87,589.73
r11_01309,13552.44,1.077,18866,68.5,4440.44,14.64,19446.45,1672.97,0.30,5,105,66.7,-2908.30,3072.90,5,0,22,0,465,10,0,15650,2197,513,9,0,2919.68,5781.94,2802.53,2617.73,-569.43
r11_01310,4088.67,1.024,25098,65.7,2365.87,11.34,18500.87,657.44,0.24,6,105,44.8,-1414.82,1894.62,9,0,0,78,0,0,0,21758,2846,416,0,0,-1264.82,3149.06,3018.17,1029.95,-1843.68
r11_01311,-6741.89,0.882,13387,67.7,7033.78,34.66,13258.11,176.42,0.16,4,112,31.2,-593.44,230.26,20,0,106,0,0,0,0,12747,355,179,0,0,-571.62,-327.56,-1849.56,-1178.25,-2814.90
r11_01312,-4593.37,0.909,14269,66.5,4726.07,23.53,15359.33,155.65,0.25,7,98,34.7,-374.54,237.65,9,0,0,0,0,0,0,13449,660,160,0,0,-1066.13,108.37,-1383.75,-580.33,-1671.53
r11_01313,-7693.50,0.773,3996,69.7,9241.43,43.41,12044.92,2091.12,1.11,8,95,65.3,-2534.03,732.09,4,0,0,0,0,0,8,3267,548,173,0,0,-1476.30,-2575.04,-153.33,1663.44,-5152.26
r11_01314,-1757.34,0.972,8971,66.8,5736.71,26.80,15671.90,1492.93,0.22,7,105,65.7,-2420.67,791.66,4,0,0,38,0,0,0,7074,1367,492,0,0,-1149.12,1136.93,-2143.02,-35.23,433.09
r11_01315,-4037.94,0.884,6203,70.4,6844.79,31.71,14743.34,499.99,0.50,8,93,57.0,-1335.23,498.57,11,0,29,0,8,176,0,4402,1506,79,3,0,521.36,318.99,-1867.33,-2055.39,-955.57
r11_01316,466.50,1.057,1688,73.8,2042.17,9.80,18803.39,695.15,0.54,7,72,70.8,-755.13,380.00,3,0,0,0,0,0,0,1558,100,30,0,0,269.93,-601.53,-808.17,635.74,970.53
r11_01317,-1625.59,0.918,3529,74.8,3223.70,15.03,18221.11,790.80,0.33,8,104,61.5,-632.99,358.00,4,0,0,0,0,8,0,3019,198,304,0,0,1043.20,-279.31,-177.72,-574.84,-1636.91
r11_01318,4088.15,1.021,36563,68.9,7834.32,24.54,18800.63,1326.10,0.40,14,116,50.9,-1068.08,1634.56,4,0,0,0,0,0,0,23196,12564,803,0,0,2519.68,6163.76,-563.08,-1539.84,-2492.38
r11_01319,36487.55,1.146,25645,66.1,11545.41,27.19,19802.36,1886.62,3.29,12,105,69.5,-5140.18,5001.27,4,0,0,34,14,254,0,22230,2711,337,65,0,12972.32,5576.97,5512.47,11920.21,505.58
r11_01320,1676.52,1.025,11952,68.0,1831.99,8.46,19204.58,688.78,0.22,7,105,42.9,-415.08,667.23,6,0,9,19,0,0,0,11054,519,334,17,0,61.37,-356.78,1868.66,583.67,-480.40
r11_01321,22569.50,1.108,18020,67.3,13620.61,26.27,17240.34,2399.67,0.82,8,105,55.2,-2931.25,2691.11,5,0,18,14,0,390,0,14627,2559,193,219,0,13557.88,6428.04,4779.68,-626.90,-1569.20
r11_01322,12959.41,1.048,22746,68.8,7101.37,18.21,18189.55,2468.51,0.59,5,105,61.0,-2649.56,3120.61,6,0,0,14,654,30,0,18474,2963,611,0,0,4716.72,9101.43,2399.94,-303.24,-2955.44
r11_01323,45474.29,1.096,30790,65.6,22698.29,26.47,18536.68,2289.54,1.56,10,105,61.9,-3848.95,12961.54,4,0,1439,2294,0,573,0,21778,4163,361,182,0,24371.91,36119.16,-5825.56,7633.29,-16824.51
r11_01324,4811.55,1.015,27674,61.8,13259.68,34.83,18578.61,399.99,1.11,8,105,37.1,-860.14,4801.44,5,0,0,712,0,4208,0,18314,4132,207,101,0,4419.84,10646.49,-5788.30,-257.84,-4208.63
r11_01325,5547.17,1.100,8813,69.2,3132.91,11.31,19504.53,1184.49,0.20,9,105,62.9,-1697.41,1635.73,2,0,0,0,0,71,0,5473,2413,824,32,0,1366.94,1649.45,3274.87,-389.82,-354.27
r11_01326,500.85,1.004,20328,67.7,7946.82,29.63,18876.40,599.82,0.58,10,105,54.3,-1387.55,943.20,8,0,30,11,0,155,0,16614,3053,465,0,0,2559.73,4183.23,-5094.42,-565.30,-582.38
r11_01327,6029.44,1.026,21117,67.0,9637.95,38.33,15149.62,2486.87,1.57,8,105,59.0,-3372.84,3480.81,5,0,496,4,0,102,0,18045,1969,423,78,0,-2811.58,6556.85,-3842.13,4983.22,1143.08
r11_01328,18278.45,1.100,19863,70.3,11812.46,27.68,17924.95,1899.90,0.31,6,105,64.8,-3910.68,2855.02,4,0,2537,0,0,257,0,15251,1255,528,35,0,11270.24,6923.99,-4204.42,107.88,4180.76
r11_01329,-441.70,0.790,557,74.0,495.06,2.47,19544.73,125.35,0.12,5,61,54.1,-137.66,47.57,7,0,0,0,0,0,0,494,21,42,0,0,21.22,-227.02,48.98,-18.14,-266.75
r11_01330,5146.94,1.024,29477,67.2,4430.57,14.98,18832.42,475.28,0.18,3,117,40.2,-1464.79,2172.56,10,0,0,15,22,0,0,28429,668,338,5,0,2827.74,2003.02,2989.73,834.22,-3507.77
r11_01331,-3023.33,0.731,1860,76.9,4268.57,20.34,16721.37,1601.42,0.18,3,72,69.4,-935.42,264.42,3,0,0,0,0,0,0,1702,60,98,0,0,570.88,-644.61,-640.96,-1295.35,-1013.29
r11_01332,-861.22,0.993,16871,69.1,7315.65,29.93,17124.03,935.25,0.41,6,104,53.8,-1573.46,1032.24,6,0,0,241,0,0,0,13480,2741,409,0,0,2375.70,221.66,-4565.66,904.13,202.95
r11_01333,8214.69,1.050,21279,70.6,3821.22,13.68,19506.15,500.00,0.24,4,105,59.0,-1287.94,1968.70,7,0,0,12,183,0,295,19587,604,598,0,0,2477.46,4361.85,-1110.00,1616.72,868.66
r11_01334,-655.95,0.929,2389,72.0,746.29,3.73,19286.22,136.76,0.23,5,83,49.4,-167.72,144.42,4,0,0,0,0,0,0,2222,75,92,0,0,-113.31,-197.84,-46.38,-130.21,-168.21
r11_01335,18612.83,1.144,20256,70.9,4249.25,10.62,19444.87,799.51,0.40,15,105,61.9,-1299.89,1608.58,6,0,0,0,35,957,0,14079,4359,826,0,0,5971.11,4411.33,3062.33,5311.92,-143.86
r11_01336,4045.49,1.022,20466,69.3,6116.17,22.59,18166.45,2484.07,0.41,6,105,59.0,-3210.43,1388.55,6,0,0,0,0,0,0,16464,3445,518,39,0,2040.51,3819.92,-938.74,565.58,-1441.79
r11_01337,5855.82,1.033,18427,67.1,8056.75,31.25,17722.55,499.98,0.47,7,105,57.1,-1945.45,3029.09,7,0,0,94,0,72,1759,13393,2476,633,0,0,797.27,3535.25,-3107.89,1726.78,2904.41
r11_01338,-1428.47,0.941,5657,72.2,2538.09,12.51,17753.90,222.54,0.20,7,97,47.4,-426.08,200.23,7,0,0,0,5,0,0,5195,332,125,0,0,-247.60,-162.34,-1356.15,-89.63,427.26
r11_01339,3753.67,1.016,21972,69.1,7374.79,28.37,18566.52,1824.80,0.22,4,105,57.1,-2590.63,3849.62,5,0,5,15,379,0,0,20600,540,416,17,0,1024.93,4125.09,-3409.20,708.11,1304.73
r11_01340,4810.20,1.063,13933,68.7,5381.16,22.27,18780.68,1228.80,0.55,12,104,63.5,-1341.55,602.74,5,0,17,0,46,0,0,9951,3315,508,96,0,1173.51,2249.49,-1935.54,1608.58,1714.17
r11_01341,-405.20,0.880,866,73.8,1009.22,4.92,19496.72,233.11,0.22,8,55,63.6,-271.32,120.63,4,0,0,0,0,0,0,743,117,6,0,0,459.31,-583.33,-136.96,32.57,-176.79
r11_01342,15917.68,1.207,13750,69.6,3065.79,8.32,19505.38,1050.27,0.31,6,100,71.0,-1222.92,1420.29,3,0,0,0,0,0,0,11055,2158,537,0,0,5483.06,4295.32,3791.37,2038.50,309.43
r11_01343,-412.89,0.762,361,80.3,586.10,2.93,19450.61,164.94,0.11,4,53,66.0,-176.49,53.55,3,0,0,0,0,0,0,339,17,5,0,0,-23.67,-476.20,46.92,-13.61,53.67
r11_01344,14657.87,1.093,17143,70.3,10678.38,29.58,19382.38,2398.41,0.33,8,105,65.7,-5600.59,3485.29,5,0,0,0,0,141,0,12108,4161,733,0,0,11896.59,1627.72,-3581.02,2776.97,1937.61
r11_01345,22499.15,1.116,22826,67.5,5299.91,23.29,17457.74,1299.57,0.66,15,117,62.4,-2301.80,2093.02,4,0,20,34,0,0,421,16597,5172,568,14,0,1401.34,11859.02,8738.93,3338.96,-2839.10
r11_01346,-1354.18,0.923,4352,73.3,2105.62,10.28,18368.80,224.80,0.22,5,99,46.5,-218.15,158.34,7,0,0,0,0,0,0,4122,150,80,0,0,171.20,-574.82,-964.60,-133.88,147.92
r11_01347,-2027.71,0.979,13524,73.1,6857.86,28.40,17285.31,699.93,0.20,4,115,50.4,-1255.65,1210.94,4,0,0,4,0,0,129,12419,481,491,0,0,857.43,524.42,2314.88,-3860.44,-1864.01
r11_01348,1595.11,1.036,7463,68.4,2042.51,8.96,19865.59,735.41,0.30,12,102,55.9,-798.13,595.42,8,0,0,0,0,10,0,5328,1772,353,0,0,1659.21,-353.50,404.19,230.55,-345.35
r11_01349,802.70,1.005,26308,63.4,6828.68,28.40,17212.48,1060.39,0.46,14,105,51.4,-2914.96,926.22,5,0,0,0,90,124,0,14197,11134,716,47,0,1572.66,1149.11,-3583.95,2600.25,-935.37
r11_01350,-780.44,0.885,1493,71.1,1407.21,6.85,19123.12,271.85,0.21,6,91,58.2,-402.70,310.77,4,0,0,3,0,0,0,1171,56,263,0,0,73.70,68.44,162.45,-889.15,-195.89
r11_01351,-1766.99,0.671,787,75.1,3032.96,14.53,17839.46,823.67,0.28,7,56,73.2,-913.70,271.80,4,0,0,0,0,0,0,710,66,11,0,0,787.56,-1639.54,-861.84,211.30,-264.48
r11_01352,6357.70,1.051,15054,70.3,1660.26,5.93,19747.50,824.11,0.18,3,105,63.8,-525.01,823.70,8,0,0,15,57,0,0,14097,406,479,0,0,640.24,1460.79,4195.56,1363.94,-1302.83
r11_01353,11112.47,1.041,42762,64.7,3335.13,10.63,19388.78,467.75,0.32,7,105,57.1,-1222.82,1611.75,7,0,0,15,0,3312,0,24167,14431,837,0,0,3528.85,2487.00,3301.95,119.67,1675.00
r11_01354,-6722.24,0.916,8957,65.5,13754.72,51.89,12751.98,2499.36,1.35,10,97,60.8,-2462.19,635.88,5,0,10,840,0,10,0,5652,2304,20,121,0,-884.68,4352.24,-2414.40,-2580.50,-5194.90
r11_01355,21089.86,1.086,28063,69.3,8927.94,31.02,19309.04,999.97,0.40,7,105,61.9,-3382.10,3100.91,6,0,729,0,714,49,1148,18548,6035,835,5,0,2604.40,5546.28,8227.63,5551.96,-840.41
r11_01356,-260.84,0.977,2671,75.0,1351.57,6.67,18919.32,289.64,0.16,4,84,59.5,-350.09,235.13,6,0,0,0,0,0,0,2491,119,61,0,0,131.76,-430.65,-611.84,823.08,-173.18
r11_01357,-1248.81,0.953,6298,73.2,4803.02,21.11,17944.27,1895.43,0.42,10,100,66.0,-1798.53,322.81,4,0,0,0,0,10,0,4154,1607,453,74,0,688.09,582.73,-2421.40,939.17,-1037.40
r11_01358,52.61,1.189,95,78.9,113.40,0.56,19991.90,93.11,0.08,3,16,75.0,-72.58,51.91,2,0,0,0,0,0,0,85,4,6,0,0,93.96,-61.79,-27.35,4.02,43.76
r11_01359,-2874.91,0.902,6397,69.4,5236.80,23.82,16746.00,1328.90,0.91,20,94,56.4,-2130.41,320.53,5,0,0,0,0,0,0,4982,1040,375,0,0,1174.76,574.49,-1440.68,522.78,-3706.27
r11_01360,1586.98,1.027,8216,68.7,3892.73,16.45,19688.86,610.39,0.34,4,105,64.8,-804.95,240.41,4,0,0,0,0,0,0,7477,230,205,304,0,1455.93,1417.76,-1298.41,-4.72,16.41
r11_01361,-589.51,0.688,369,79.7,786.00,3.92,19263.25,174.49,0.11,4,50,66.0,-214.80,70.77,3,0,0,0,0,0,0,352,10,7,0,0,-65.62,-607.85,34.68,62.33,-13.04
r11_01362,3554.54,1.031,19615,71.1,5992.18,20.95,19544.18,838.31,0.29,10,117,59.0,-1909.04,1487.92,4,0,0,0,0,0,0,15145,3857,613,0,0,3080.43,3578.33,-3421.38,844.68,-527.52
r11_01363,77.17,1.002,6979,72.4,3326.19,14.37,19415.96,1399.25,0.36,13,98,64.3,-1510.37,453.06,3,0,0,299,0,38,0,5214,770,658,0,0,1479.80,776.03,-1891.42,889.38,-1176.63
r11_01364,3770.13,1.017,41217,63.9,6360.69,24.56,19123.45,1545.51,0.92,13,105,48.6,-4366.19,2814.16,6,0,0,4,20,44,0,28231,12403,494,21,0,4013.97,1434.16,547.76,-613.86,-1611.90
r11_01365,1945.63,1.016,21215,67.2,1901.76,9.20,18763.02,637.97,0.30,10,105,49.5,-509.87,488.04,8,0,0,0,0,0,0,18676,2048,413,78,0,896.69,-409.98,2231.20,822.29,-1594.58
r11_01366,-456.43,0.986,6788,71.0,2582.58,11.72,19448.03,370.25,0.29,9,101,51.5,-422.84,411.33,10,0,0,3,0,0,0,5967,590,228,0,0,1033.77,550.63,-495.91,-361.23,-1183.69
r11_01367,3807.65,1.216,4474,72.3,1974.07,8.07,19674.47,797.61,0.24,6,91,70.3,-470.29,356.09,8,0,0,0,0,0,0,3387,936,151,0,0,1028.70,141.32,1601.73,1096.08,-60.17
r11_01368,63.69,1.015,1235,74.1,413.88,2.04,19799.76,124.27,0.16,6,59,66.1,-214.52,158.00,5,0,0,0,0,0,0,1125,100,10,0,0,144.34,-53.30,-106.56,285.94,-206.73
r11_01369,-3451.33,0.946,13481,73.4,4334.51,20.78,16525.31,294.66,0.16,3,99,41.4,-536.72,404.59,10,0,0,0,0,0,4,12797,395,285,0,0,38.14,487.57,-2020.40,-158.93,-1797.71
r11_01370,1987.97,1.018,16356,69.1,3508.61,15.62,18956.67,594.97,0.20,5,105,56.2,-1453.40,337.29,5,0,0,0,7,90,0,12844,2881,355,179,0,1663.09,93.05,-1468.65,1636.84,63.64
r11_01371,-5160.82,0.923,7136,65.5,12426.65,47.56,13703.73,1999.74,0.99,14,105,60.0,-4582.06,2541.82,4,0,68,42,0,0,101,5343,1105,477,0,0,2224.86,2519.65,-8981.78,-440.78,-482.77
r11_01372,26484.13,1.053,49881,66.2,7358.94,15.77,19705.33,521.83,0.32,7,105,58.1,-2124.32,4592.59,6,0,0,1113,0,394,2587,38252,7020,515,0,0,11819.17,14443.31,169.98,3752.89,-3701.21
r11_01373,28928.62,1.145,14865,69.0,6772.08,12.20,17458.65,2277.99,0.50,6,105,57.1,-2814.47,4632.73,5,0,0,1573,0,154,0,9620,2836,682,0,0,6267.45,9255.88,11738.58,5741.35,-4074.65
r11_01374,2704.29,1.015,28246,67.0,2652.70,12.64,18328.14,482.19,0.20,5,105,53.3,-1649.82,1210.64,6,0,0,1078,0,0,0,24617,2090,461,0,0,-274.11,2378.44,311.36,939.19,-650.59
r11_01375,-214.93,0.999,31423,67.8,4508.90,18.65,18966.77,1551.08,0.20,5,105,52.4,-1538.29,1440.08,6,0,0,0,196,0,0,19118,11436,673,0,0,570.15,2532.44,-1892.92,733.12,-2157.72
r11_01376,19.64,1.007,722,76.5,1031.15,5.05,19381.25,486.46,0.23,5,72,66.7,-420.89,90.23,3,0,0,0,0,0,0,606,25,91,0,0,392.12,-307.69,-497.62,-35.37,468.20
r11_01377,-1856.92,0.944,4819,71.1,7197.62,29.16,17485.22,954.53,0.59,6,93,67.7,-2563.66,573.59,5,0,0,50,0,0,0,4263,306,196,4,0,2051.51,108.00,375.21,-1778.05,-2613.59
r11_01378,1430.51,1.098,3544,75.9,1276.75,5.89,19682.22,1060.10,0.12,3,95,64.2,-611.95,288.46,6,0,0,0,0,0,0,3152,112,280,0,0,628.28,765.58,26.82,-388.96,398.79
r11_01379,2621.88,1.036,6245,69.8,12934.85,48.92,13506.15,2696.39,1.98,9,93,75.3,-3213.43,2036.21,4,0,80,0,0,108,0,5380,502,175,0,0,3542.93,-1701.09,-4486.37,4260.71,1005.70
r11_01380,-4066.47,0.979,23883,66.7,9219.54,36.66,15930.25,1278.04,0.47,5,111,50.5,-1728.32,1559.90,5,0,0,383,0,5,0,20658,2390,241,206,0,3357.61,200.22,-2313.33,748.90,-6059.86
r11_01381,-3163.47,0.853,4066,69.9,4027.60,19.41,16726.84,199.98,0.74,9,86,44.2,-607.98,499.50,7,0,0,240,0,430,0,2938,388,70,0,0,5.68,-305.66,-1443.20,-294.97,-1125.32
r11_01382,3045.94,1.031,14499,69.4,6125.04,24.77,18601.22,1570.43,0.29,6,105,65.7,-1921.07,732.63,4,0,13,423,0,0,0,9914,3492,615,42,0,2559.95,1121.47,-1778.54,638.03,505.04
r11_01383,-3173.21,0.981,17785,66.2,10286.87,40.72,14972.66,499.42,0.31,6,105,43.8,-1004.91,1859.13,6,0,0,10,0,896,0,12854,3534,330,161,0,2675.05,-367.20,-5941.26,956.08,-495.88
r11_01384,8767.52,1.034,37333,66.4,5539.88,16.15,19633.82,399.99,0.30,11,115,54.8,-1189.92,3277.27,6,0,0,0,159,0,1818,25223,9457,655,21,0,3485.94,6851.61,1904.23,-2156.39,-1317.87
r11_01385,-130.09,0.999,14748,71.4,8190.00,30.59,18585.93,699.83,0.43,8,103,55.3,-1648.71,1030.19,6,0,0,18,61,108,0,11866,2192,503,0,0,1991.32,1747.79,17.43,-219.00,-3667.63
r11_01386,-632.85,0.989,9717,69.8,1937.62,9.25,19014.18,634.22,0.16,4,105,42.9,-382.28,436.29,6,0,0,47,0,0,0,9014,231,425,0,0,-348.60,1068.41,-529.44,-454.29,-368.92
r11_01387,15445.10,1.056,31930,64.5,6555.92,16.08,18840.82,400.00,0.65,11,105,51.4,-1873.72,4233.09,7,0,231,0,637,0,4521,18948,6949,644,0,0,7285.72,1410.14,7237.56,2757.54,-3245.85
r11_01388,-1616.16,0.888,3633,71.3,1913.75,9.55,18135.40,215.54,0.20,9,85,47.1,-347.67,200.43,9,0,0,0,0,0,0,3147,386,100,0,0,-306.94,-515.85,-579.86,-212.10,-1.42
r11_01389,6227.95,1.062,19996,70.7,4831.00,20.77,18427.66,2896.37,0.24,6,117,53.0,-2311.92,2066.14,3,0,0,0,0,12,0,10538,8416,1030,0,0,-281.46,2774.35,1327.64,2627.22,-219.79
r11_01390,-2447.78,0.888,2703,69.7,4507.65,21.06,16901.27,898.16,0.46,6,89,66.3,-874.84,493.68,2,0,0,70,0,65,0,2192,186,190,0,0,659.31,-1205.28,83.14,-1378.38,-606.56
r11_01391,-2158.97,0.947,8557,69.6,6363.07,26.67,17492.41,787.15,0.51,12,96,61.5,-1353.30,704.86,5,0,0,0,0,32,0,6057,2111,357,0,0,1915.82,641.83,-899.56,-466.97,-3350.08
r11_01392,5.17,1.025,60,76.7,92.44,0.46,19932.82,64.59,0.12,4,13,69.2,-53.43,30.36,2,0,0,0,0,0,0,56,4,0,0,0,-4.75,-53.43,0.00,0.64,62.71
r11_01393,4744.61,1.079,9658,70.0,3363.31,13.23,18976.37,832.72,0.40,5,105,64.8,-1063.47,377.00,4,0,0,4,0,0,0,7861,1320,277,196,0,710.32,2000.11,1007.66,-500.34,1526.86
r11_01394,9438.58,1.092,10484,70.3,6875.25,20.95,19751.27,1199.99,0.31,6,105,70.5,-2447.60,2252.89,4,0,0,491,0,314,0,7999,1181,496,3,0,2000.11,5673.66,1076.73,798.20,-110.13
r11_01395,4995.71,1.073,11614,68.9,3037.60,11.48,19782.37,498.53,0.41,12,104,60.6,-749.34,1129.11,7,0,0,0,5,283,0,8698,2149,470,9,0,1776.48,2584.26,1730.11,-668.10,-427.03
r11_01396,-6481.81,0.887,12906,70.3,6658.68,33.07,13475.60,230.43,0.24,9,101,36.6,-542.90,348.32,5,0,0,0,0,0,0,11379,1177,350,0,0,-842.46,485.46,-2285.70,-1358.18,-2480.93
r11_01397,-2031.90,0.878,3512,73.6,3168.40,15.18,17705.43,730.00,0.24,10,97,57.7,-526.79,355.66,4,0,0,0,0,0,0,2955,213,344,0,0,558.25,-411.41,-434.97,277.01,-2020.78
r11_01398,15426.46,1.095,24013,66.5,3734.72,11.58,19730.80,599.85,0.51,10,105,71.4,-1784.44,969.93,4,0,0,0,704,9,393,15133,7134,546,94,0,5276.39,6283.43,1173.29,1772.50,920.85
r11_01399,-605.04,0.922,2067,72.8,1766.37,8.48,19067.98,399.88,0.20,6,78,65.4,-385.68,156.56,3,0,0,0,0,6,0,1690,264,107,0,0,624.52,-546.65,-390.76,97.99,-390.14
r11_01400,-161.27,0.996,8885,70.5,924.54,4.57,19314.47,243.05,0.20,7,101,49.5,-309.64,396.03,5,0,0,0,0,0,0,8072,649,164,0,0,109.59,-517.42,88.19,263.80,-105.43
r11_01401,2844.38,1.042,10231,70.6,1844.91,7.51,19141.45,1244.51,0.27,5,105,54.3,-954.73,631.25,4,0,0,0,0,5,0,6873,2592,581,180,0,754.82,-82.71,1833.99,1748.12,-1409.84
r11_01402,8074.22,1.103,11797,71.9,10954.18,33.74,18911.17,2399.53,0.30,6,111,63.1,-2469.00,1189.62,4,0,0,0,0,30,0,9741,1475,551,0,0,5638.76,4539.79,-5787.72,2536.68,1146.71
r11_01403,4112.74,1.042,13457,68.2,3186.41,13.16,19498.44,299.48,0.30,7,105,51.4,-927.29,1850.06,5,0,43,0,30,565,37,11557,854,371,0,0,1463.60,2410.91,939.91,-884.40,182.72
r11_01404,588.78,1.003,38655,64.6,5848.26,22.32,19590.46,199.67,0.22,8,105,48.6,-844.95,1573.93,5,0,22,0,0,2981,0,23734,11335,583,0,0,3424.76,2096.71,-293.01,-1778.85,-2860.83
r11_01405,4575.05,1.028,22358,65.3,6022.63,23.50,19607.62,399.35,0.61,8,105,46.7,-1027.29,1986.91,5,0,0,98,0,724,0,19545,1604,387,0,0,2992.94,-119.62,1804.62,216.77,-319.67
r11_01406,12513.40,1.318,7406,70.2,4545.41,16.75,19376.06,1797.61,0.27,6,103,74.8,-1758.91,905.52,2,0,0,21,0,24,0,5965,836,556,4,0,1505.86,3248.39,2135.45,3119.89,2503.80
r11_01407,4877.87,1.078,16539,68.2,2195.40,8.61,19881.67,908.47,0.30,12,96,65.6,-793.27,684.17,4,0,0,0,0,0,0,9527,6348,664,0,0,3508.82,1231.56,9.48,1212.68,-1084.67
r11_01408,2951.91,1.030,12719,75.1,1171.08,4.87,19887.21,1251.47,0.12,3,117,51.3,-425.90,1337.37,6,0,18,3,0,12,0,11741,417,528,0,0,1204.27,1035.45,1311.61,-15.71,-583.72
r11_01409,9957.34,1.029,51411,65.4,9101.15,39.87,13723.05,2071.68,0.50,17,105,51.4,-2800.23,3588.17,8,0,0,0,95,0,0,32649,17905,762,0,0,-3297.65,11013.48,4857.11,904.91,-3520.51
r11_01410,9626.79,1.108,13516,71.0,2912.71,12.43,19381.83,1299.42,0.27,5,105,62.9,-1222.07,1671.94,8,0,0,0,0,10,0,10552,2317,631,6,0,1750.19,415.10,4640.43,3470.75,-649.68
r11_01411,150.68,1.131,395,76.7,268.72,1.33,19853.80,214.69,0.12,5,49,75.5,-171.85,47.39,2,0,0,0,0,0,0,321,22,52,0,0,169.90,-111.57,32.25,54.79,5.32
r11_01412,14942.34,1.026,58413,64.6,15139.12,37.09,18296.20,2256.97,0.55,7,105,61.0,-3209.20,5185.73,6,0,0,3,432,0,8,47849,9644,436,41,0,6907.22,10528.64,-3482.90,5567.73,-4578.36
r11_01413,7218.27,1.040,24635,66.5,3736.00,12.09,19091.71,560.74,0.21,4,105,41.9,-638.03,2393.22,18,0,276,66,0,0,0,23439,523,331,0,0,1924.14,2990.96,4825.70,422.63,-2945.16
r11_01414,9899.27,1.083,15447,70.5,5020.15,17.60,19618.57,300.00,0.26,5,105,56.2,-1107.51,3337.09,8,0,0,51,0,0,1600,11339,1904,553,0,0,3360.20,3013.98,671.48,894.31,1959.30
r11_01415,4138.43,1.079,7342,74.8,945.07,3.82,19945.32,300.00,0.12,3,105,60.0,-272.50,610.32,5,0,65,0,21,0,352,6132,241,531,0,0,983.12,1485.54,1778.01,200.38,-308.61
r11_01416,-7622.57,0.967,23574,67.2,15053.37,56.92,11392.60,1096.11,0.78,7,105,44.8,-2269.13,3695.61,8,0,0,19,0,306,0,16667,5951,423,208,0,1451.51,2350.29,-3947.95,-4545.81,-2930.61
r11_01417,5704.39,1.054,20202,67.9,5131.73,18.56,19116.41,743.76,0.41,6,99,58.6,-1434.94,1524.12,3,0,0,0,0,0,0,12787,6999,416,0,0,1870.61,2493.28,-270.66,841.31,769.84
r11_01418,23287.85,1.176,13316,68.3,5562.53,21.78,19618.02,1897.08,0.32,7,105,64.8,-1051.24,3509.09,4,0,8,10,150,42,0,9909,2613,584,0,0,7068.78,5994.96,6403.64,4785.87,-965.40
r11_01419,14436.32,1.048,32640,65.1,3553.96,11.39,19547.10,199.65,0.31,5,105,58.1,-1383.25,3235.70,5,0,168,3650,0,4424,0,22511,1481,406,0,0,4347.10,3941.86,5013.46,2929.27,-1795.37
r11_01420,-1181.41,0.987,11950,65.4,6180.64,25.59,17971.79,698.93,0.51,11,105,60.0,-1741.95,1006.70,4,0,1060,0,0,681,0,6773,2655,781,0,0,3148.37,-1499.66,-1857.55,26.28,-998.85
r11_01421,-3221.48,0.967,15551,65.1,5791.62,25.75,16700.11,877.32,0.44,8,105,42.9,-596.62,1265.41,12,0,0,16,0,22,0,14312,847,294,60,0,1607.71,-568.71,-1187.92,-1703.03,-1369.53
r11_01422,-3314.29,0.943,10630,72.6,5166.25,24.03,16331.61,412.28,0.16,3,115,42.6,-659.97,457.51,7,0,16,0,0,0,0,9922,359,333,0,0,-321.94,833.44,-1519.58,-1755.14,-551.06
r11_01423,-3672.62,0.882,6719,73.0,5727.38,27.06,15437.36,399.91,0.28,10,99,49.5,-711.10,349.73,7,0,0,0,0,265,0,5021,1203,230,0,0,543.67,-1747.94,-1728.36,217.52,-957.51
r11_01424,-2011.65,0.952,8327,73.3,4122.98,19.26,17284.28,459.37,0.27,9,101,52.5,-654.85,455.63,5,0,0,0,0,0,0,7623,607,97,0,0,-463.83,451.52,-1366.53,-783.02,150.20
r11_01425,1238.27,1.055,4973,73.4,2794.27,12.19,18656.42,658.71,0.28,8,99,67.7,-950.47,326.14,4,0,0,0,0,0,0,4178,598,197,0,0,890.66,-1754.61,1074.96,1266.20,-238.94
r11_01426,27776.41,1.132,23799,70.0,8360.99,19.44,17903.11,1098.21,0.81,6,105,65.7,-3865.64,3356.80,5,0,8,1474,0,206,0,18939,2604,559,9,0,8125.72,4628.79,4727.29,9179.31,1115.29
r11_01427,6692.91,1.036,24398,69.0,6830.23,29.41,16395.14,1471.18,0.22,10,105,56.2,-3588.12,2451.79,5,0,0,174,0,52,0,18150,5281,739,2,0,-1579.80,5748.67,2789.14,750.57,-1015.66
r11_01428,176.69,1.003,5802,67.8,8629.76,34.64,16284.63,1956.55,0.59,12,105,64.8,-3006.34,1210.28,4,0,0,499,0,46,0,4109,657,469,22,0,-232.61,3856.54,-5211.73,1387.23,377.27
r11_01429,8334.43,1.058,19899,67.9,2760.45,10.48,19634.85,399.96,0.24,6,105,55.2,-1084.49,1279.05,4,0,173,0,17,0,642,13052,5285,730,0,0,2443.23,1923.45,3705.65,1642.00,-1379.90
r11_01430,-3562.75,0.983,43257,65.0,5479.57,25.17,16288.84,663.82,0.24,6,105,38.1,-2742.11,1679.79,6,0,9,0,0,0,0,30161,12573,514,0,0,1061.10,124.44,-1197.49,-1505.32,-2045.49
r11_01431,41268.00,1.095,26565,67.6,15604.75,45.86,17497.83,2193.54,5.15,12,105,68.6,-10996.85,6074.07,4,0,957,21,344,848,8,21419,2461,507,0,0,2648.57,23790.90,6048.61,12859.30,-4079.38
r11_01432,-2156.88,0.947,5801,70.1,10900.96,40.39,16089.36,1399.70,0.90,12,93,76.3,-2602.40,864.60,2,0,27,4,0,144,0,4502,841,283,0,0,4883.63,262.13,-1296.26,-2660.30,-3346.08
r11_01433,10917.69,1.078,19903,67.2,8655.89,22.20,19558.79,797.89,0.83,8,104,68.3,-2972.17,1785.77,6,0,0,628,0,99,0,14257,4408,511,0,0,3779.27,8272.28,1395.68,4039.26,-6568.80
r11_01434,8597.15,1.024,42936,67.1,5657.13,22.95,18987.66,599.90,0.30,4,105,55.2,-1506.90,3103.16,7,0,0,4228,0,4,75,37608,629,367,25,0,1633.44,4447.29,4388.84,931.84,-2804.27
r11_01435,-68.28,0.969,631,76.2,597.29,2.94,19692.23,446.36,0.24,8,51,72.5,-408.94,157.01,4,0,0,0,0,0,0,498,70,63,0,0,191.17,23.59,-228.19,-153.68,98.82
r11_01436,4449.42,1.072,11861,72.1,4460.17,17.55,19427.72,599.87,0.38,11,100,60.0,-842.62,719.75,5,0,0,0,0,0,520,9178,1829,334,0,0,1925.02,1746.86,339.07,-1339.58,1778.04
r11_01437,2629.80,1.031,11393,70.3,8474.31,32.36,17710.21,999.94,0.71,13,102,58.8,-1553.25,1175.93,5,0,59,0,32,478,0,9196,1298,330,0,0,3891.70,-1652.33,-2740.73,772.74,2358.42
r11_01438,-2198.35,0.988,22861,68.1,19173.66,56.82,14573.37,1099.84,0.75,13,116,53.4,-3185.41,2151.50,8,0,0,0,136,944,0,15984,5074,723,0,0,9103.97,3784.72,-10818.30,-3333.51,-935.23
r11_01439,737.93,1.183,1336,72.6,851.56,4.00,19854.53,874.96,0.22,9,59,71.2,-611.57,186.61,3,0,0,0,0,0,0,1080,120,136,0,0,424.53,112.64,98.18,562.13,-459.57
r11_01440,795.89,1.089,2351,72.1,860.13,4.06,19972.77,696.56,0.22,9,91,67.0,-569.22,198.69,3,0,0,0,0,0,0,1850,130,371,0,0,658.61,32.65,225.80,-208.05,86.88
r11_01441,4197.90,1.136,6141,73.4,1639.36,7.28,19746.47,546.54,0.24,9,102,59.8,-602.33,504.65,5,0,0,4,0,0,0,5159,723,255,0,0,1585.37,-244.46,1721.14,962.95,172.89
r11_01442,21870.45,1.162,14754,67.9,8666.60,19.99,19632.83,2298.98,2.00,13,104,73.1,-4294.12,2733.10,3,0,160,36,0,0,420,11520,2028,590,0,0,4971.80,4680.24,2256.30,6966.67,2995.43
r11_01443,-17075.91,0.912,17957,67.0,21536.42,98.58,310.93,2396.64,1.22,8,105,62.9,-9313.48,875.64,3,0,3213,0,0,248,0,11192,2623,349,332,0,-390.25,-3183.03,256.49,-9681.46,-4077.65
r11_01444,-5428.26,0.902,11729,69.8,5808.21,28.50,14571.74,167.69,0.20,4,108,36.1,-396.94,326.16,10,0,0,8,0,0,0,11270,306,145,0,0,-757.34,-364.19,-888.38,-612.12,-2806.22
r11_01445,-3777.66,0.953,10596,73.8,12755.72,51.34,12090.03,2898.95,0.54,10,103,68.0,-2722.64,884.62,6,0,29,0,0,54,0,8518,1347,648,0,0,631.87,2633.43,-1155.87,-6417.31,530.22
r11_01446,9945.64,1.050,21981,64.7,8850.95,25.24,19407.00,498.91,0.50,8,105,57.1,-2527.16,3787.86,6,0,21,0,0,1020,0,15758,4660,516,6,0,8724.94,4872.05,-4031.76,-414.38,794.80
r11_01447,11762.76,1.067,21245,67.8,5249.87,22.69,17889.75,1593.18,0.33,5,105,63.8,-4566.74,1495.64,8,0,514,0,0,0,0,15680,4444,571,36,0,-1701.01,7472.34,3009.00,4015.65,-1033.23
r11_01448,-1722.00,0.989,19491,65.2,10607.33,36.95,18102.19,1098.35,1.16,10,102,53.9,-1873.64,1767.11,8,0,943,0,0,0,84,13589,4318,557,0,0,4667.47,-3393.30,4673.12,312.90,-7982.19
r11_01449,7008.98,1.040,28258,69.2,5002.59,22.24,17494.80,1381.03,0.28,7,117,52.1,-2312.50,2557.61,5,0,0,6,0,168,0,14902,12217,959,6,0,-1321.53,6126.45,1988.44,2215.46,-1999.84
r11_01450,-740.81,0.996,24883,67.7,5753.53,27.64,15064.65,499.97,0.44,9,105,48.6,-1529.90,3535.76,6,0,0,57,0,0,833,20492,2956,493,52,0,-3111.37,2589.39,1282.13,-379.35,-1121.62
r11_01451,-976.39,0.965,4027,69.9,2052.80,9.79,18925.64,1295.47,0.21,4,105,53.3,-495.42,395.67,8,0,34,54,0,0,9,3267,117,546,0,0,418.83,-147.90,-385.90,-351.32,-510.09
r11_01452,-1256.00,0.916,3117,73.7,2584.63,12.76,17672.52,428.98,0.38,8,83,62.7,-783.12,324.56,4,0,0,0,0,0,0,2695,408,14,0,0,-38.61,-286.28,-1190.03,341.17,-82.25
r11_01453,1514.65,1.028,8559,67.6,2944.55,13.81,18380.34,1388.17,0.22,9,105,60.0,-1563.17,909.11,5,0,0,0,0,71,0,4985,2742,761,0,0,484.18,-956.94,1803.78,382.38,-198.75
r11_01454,2775.49,1.010,47908,62.9,5257.17,18.83,19468.29,733.29,0.27,5,105,47.6,-1689.52,1848.22,5,0,0,4,0,0,0,34811,12580,490,23,0,1144.54,6408.35,-1275.12,-14.15,-3488.13
r11_01455,3530.13,1.046,15157,71.1,1808.51,8.00,19827.81,348.64,0.21,4,102,60.8,-434.13,473.41,4,0,0,411,0,0,0,13942,348,456,0,0,903.19,990.95,68.07,1391.19,176.73
r11_01456,5930.28,1.084,13582,71.7,4444.95,16.42,19236.05,1248.12,0.32,8,103,60.2,-1718.18,861.86,4,0,0,0,0,0,0,10475,2637,470,0,0,1734.04,3113.25,-792.41,975.37,900.02
r11_01457,-568.31,0.971,3100,69.3,1312.28,6.35,19360.89,710.99,0.16,3,105,52.4,-255.10,198.72,5,0,9,6,0,0,0,2570,81,434,0,0,74.44,86.69,183.41,-573.87,-338.98
r11_01458,20699.09,1.163,15565,70.0,9228.88,22.92,18376.54,1299.15,0.77,7,102,65.7,-2994.46,1666.63,4,0,0,16,0,318,0,14000,819,412,0,0,4047.92,6611.40,7304.25,-1704.46,4439.98
r11_01459,-454.50,0.996,20175,67.3,3602.36,16.27,18544.61,199.90,0.22,8,104,46.2,-656.33,580.88,7,0,0,0,0,925,0,15632,3161,457,0,0,963.46,-138.75,-878.11,1168.03,-1569.12
r11_01460,-5834.43,0.947,18207,67.3,7817.38,37.43,13069.03,1167.46,0.38,13,105,49.5,-1506.14,782.55,5,0,0,33,0,86,0,10803,6527,743,15,0,-197.74,338.22,-4594.56,-1584.30,203.95
r11_01461,-1093.32,0.869,1625,74.9,1899.74,9.32,18484.59,429.22,0.15,3,79,62.0,-372.69,232.00,5,0,0,0,0,0,0,1470,63,92,0,0,-163.40,225.96,-318.83,-824.40,-12.65
r11_01462,17987.23,1.078,17872,68.7,8967.29,30.09,19130.99,1097.69,0.50,5,105,59.0,-4297.81,3003.57,5,0,13,998,0,730,0,13064,2447,589,31,0,3602.30,5542.51,4147.14,5883.22,-1187.94
r11_01463,6436.23,1.056,13933,66.6,10755.94,31.42,19527.75,1099.95,0.50,11,105,64.8,-3228.84,1536.17,5,0,0,0,0,0,686,9410,3007,791,39,0,4709.16,3481.52,2762.86,-2711.19,-1806.13
r11_01464,1302.50,1.059,4728,71.6,3751.11,15.93,19305.23,2599.76,0.44,7,87,75.9,-2520.60,484.24,3,0,0,0,0,7,0,3535,826,360,0,0,1352.14,1097.96,-2127.14,1577.46,-597.92
r11_01465,-9394.22,0.906,10594,70.1,20104.26,78.25,5587.26,1897.79,1.16,7,101,67.3,-5429.94,1256.09,5,0,0,18,0,0,53,9160,1040,323,0,0,-2537.29,3509.65,394.53,-6576.77,-4184.34
r11_01466,-2068.22,0.990,25091,60.5,7407.11,29.43,17759.71,199.47,0.80,7,105,42.9,-1203.81,1722.78,7,0,2534,0,0,4141,0,15299,2704,413,0,0,1584.35,3068.34,-1216.41,-2749.77,-2754.73
r11_01467,22284.47,1.068,34596,66.9,16005.02,31.30,17313.37,2684.59,1.10,14,105,63.8,-3481.49,4868.79,5,0,1099,0,0,184,0,24294,8128,829,62,0,5583.95,13454.02,-3600.18,7931.32,-1084.64
r11_01468,-99.97,0.997,5851,74.8,3651.29,16.08,19049.15,699.66,0.34,6,98,68.4,-1138.56,424.01,6,0,0,3,0,114,0,4888,428,418,0,0,1260.43,898.34,-930.23,-376.51,-952.00
r11_01469,13568.75,1.048,37273,66.5,5980.42,23.95,18988.79,931.33,0.39,5,105,59.0,-2604.18,4005.09,6,0,0,109,0,0,0,33596,3148,415,5,0,2585.16,2841.76,7157.00,2050.51,-1065.69
r11_01470,12093.62,1.069,19567,66.8,5597.28,20.29,19671.68,999.81,0.32,8,105,61.0,-4411.04,1605.07,4,0,0,340,0,304,0,13580,4749,570,24,0,3627.45,2846.44,2462.32,3791.55,-634.13
r11_01471,19605.22,1.088,33832,69.5,5763.25,15.61,19315.14,1098.56,0.32,8,117,64.1,-2313.63,3193.31,4,0,95,0,132,896,0,16986,14600,1105,18,0,4311.75,9235.85,2984.94,2546.32,526.36
r11_01472,14375.30,1.073,19072,67.6,4663.57,12.75,19107.17,399.98,0.31,6,105,52.4,-1438.82,2970.21,7,0,0,20,0,0,1571,15051,1980,422,28,0,7924.74,6114.29,1793.27,1234.88,-2691.89
r11_01473,-1736.43,0.987,15801,72.5,6411.02,26.48,17308.01,1699.99,0.24,6,105,52.4,-2211.38,838.28,9,0,4,141,0,12,142,10765,3825,912,0,0,-1089.96,3351.71,-815.13,-1676.48,-1506.57
r11_01474,4993.00,1.035,19082,75.7,2243.89,8.78,19892.84,1182.96,0.21,4,105,62.9,-1293.08,1187.54,5,0,0,87,129,132,0,17377,583,774,0,0,2428.08,2818.17,-787.72,903.78,-369.31
r11_01475,19475.28,1.061,28330,68.1,10068.64,27.84,18154.21,699.91,0.30,5,105,57.1,-3000.04,2286.59,8,0,0,36,8,1771,0,21306,4658,512,39,0,7771.63,3843.46,639.83,2967.10,4253.25
r11_01476,26280.64,1.054,30663,67.5,20791.20,32.03,16295.65,1699.98,1.24,7,105,60.0,-7594.79,10497.70,5,0,1766,1019,0,49,1242,22452,3533,602,0,0,7474.90,21086.88,-341.00,6764.80,-8704.94
r11_01477,27929.80,1.158,20095,68.4,6306.75,15.88,17069.85,1699.98,0.80,12,105,68.6,-2593.05,2842.46,3,0,59,1696,0,0,404,11503,5586,750,97,0,9299.70,3688.59,6789.72,8627.86,-476.07
r11_01478,3848.69,1.048,11140,70.1,3090.62,11.49,19550.05,696.39,0.22,5,102,57.8,-964.73,1007.24,4,0,159,0,0,0,10,9476,1038,457,0,0,3290.48,-1996.81,2209.29,1622.69,-1276.95
r11_01479,139.82,1.001,12182,74.1,4277.57,19.66,17475.44,1899.74,0.22,4,105,55.2,-1201.65,670.95,6,0,0,28,0,0,43,11007,393,691,20,0,1106.67,-482.66,-1067.92,-425.45,1009.18
r11_01480,-3162.96,0.989,29301,66.4,14119.46,58.98,9820.68,1199.49,0.36,6,105,58.1,-1976.76,4124.81,7,0,0,14,0,254,0,20299,8167,457,110,0,-1619.84,-5384.98,-1463.33,4657.09,648.10
r11_01481,15761.96,1.074,21282,67.8,5177.54,12.72,19349.87,499.75,0.48,6,105,59.0,-1229.64,2348.31,3,0,0,1338,39,1578,0,14279,3433,615,0,0,5087.86,6028.58,5913.86,1177.43,-2445.78
r11_01482,-1945.53,0.988,27200,65.4,5622.30,23.76,18036.83,383.62,0.12,3,105,36.2,-386.60,849.91,9,0,9,3,0,0,0,26175,643,370,0,0,45.38,3134.28,-896.89,-2066.71,-2161.58
r11_01483,1459.08,1.013,17310,69.1,5326.13,22.20,17839.67,1087.93,0.72,10,101,58.4,-2366.24,1015.76,4,0,0,205,0,24,0,14026,2870,185,0,0,-522.27,1667.49,692.30,-602.16,223.72
r11_01484,10404.68,1.061,26679,70.4,1360.90,4.93,19893.61,382.35,0.16,4,105,61.0,-572.83,2276.36,4,0,0,28,0,212,0,25124,657,645,13,0,5442.41,1104.08,2919.93,2017.91,-1079.66
r11_01485,-9282.00,0.937,17802,68.0,12907.63,58.44,9181.02,1294.07,0.76,10,105,64.8,-2130.95,722.80,5,0,0,6,779,686,0,11665,4077,187,402,0,-3958.78,2205.72,-5675.71,2127.13,-3980.36
r11_01486,6679.72,1.039,18796,72.3,8117.17,26.92,19274.59,1195.60,0.23,5,105,58.1,-2872.55,2367.11,7,0,0,15,0,419,0,13558,4109,684,11,0,1950.42,5071.74,-834.76,-1381.15,1873.47
r11_01487,7215.13,1.035,35889,64.6,3696.95,16.00,19411.19,980.62,0.43,8,105,54.3,-528.22,1960.14,5,0,0,35,8,0,0,28975,6345,526,0,0,1699.57,2937.03,2715.91,815.97,-953.35
r11_01488,732.51,1.006,19020,62.3,3317.10,15.69,17821.35,231.65,0.37,9,105,51.4,-1815.14,1109.43,5,0,80,83,0,2930,0,11110,4247,568,2,0,-1167.31,2100.91,897.22,-665.97,-432.32
r11_01489,2306.82,1.045,7373,73.6,2996.52,12.12,19781.13,890.81,0.21,3,102,50.0,-822.04,831.46,5,0,0,6,0,0,0,6719,235,413,0,0,2143.38,2202.97,-1251.90,-638.85,-148.78
r11_01490,11233.75,1.115,16483,71.0,14858.42,39.01,19445.19,2799.67,0.23,8,115,65.2,-4402.37,982.01,6,0,0,4,0,72,0,10394,5341,428,244,0,6734.25,9655.79,-10026.69,494.67,4375.72
r11_01491,878.30,1.034,5800,68.5,903.53,4.16,19883.53,199.73,0.22,6,105,54.3,-409.44,380.35,6,0,0,0,0,47,0,4870,489,394,0,0,202.48,123.23,1092.12,-222.68,-316.85
r11_01492,1608.25,1.043,7070,73.4,3090.39,14.14,18763.67,699.88,0.24,6,104,58.7,-650.21,757.91,3,0,0,0,0,136,0,5339,1150,435,10,0,72.90,-67.90,504.97,1757.50,-659.22
r11_01493,8948.20,1.159,6874,66.2,8053.87,22.26,18281.18,1968.43,1.18,9,103,72.8,-1835.29,1616.79,3,0,0,0,0,0,0,5197,1321,356,0,0,2209.53,3561.89,4733.01,-199.63,-1356.59
r11_01494,1549.07,1.006,29660,69.5,11546.84,40.87,16051.73,599.98,0.31,6,105,52.4,-1998.54,2794.93,5,0,0,874,0,2002,0,20107,6058,600,19,0,-913.73,6832.26,-4301.47,-2080.80,2012.80
r11_01495,24968.71,1.121,24715,67.1,7765.46,21.09,19788.28,1768.95,0.63,8,105,70.5,-5327.76,2001.04,4,0,0,26,0,112,0,17630,6309,572,66,0,2592.68,12610.27,5387.69,5797.51,-1419.44
r11_01496,-1816.68,0.550,641,80.3,2184.92,10.74,18156.45,1039.34,0.12,3,51,66.7,-717.75,176.85,4,0,0,0,0,0,0,573,22,46,0,0,228.09,-321.05,-664.27,-814.11,-245.34
r11_01497,-7920.68,0.983,45645,64.7,29834.66,81.97,6561.73,2299.83,1.45,23,105,54.3,-10123.41,5217.75,4,0,1472,0,0,0,2478,22306,18287,1102,0,0,-216.71,5885.59,-5921.34,-6320.20,-1348.02
r11_01498,188.15,1.011,3245,71.6,2409.57,11.13,19234.30,440.26,0.30,5,83,61.4,-838.45,384.10,7,0,0,18,0,0,0,2963,179,85,0,0,550.38,519.39,-462.45,25.98,-445.15
r11_01499,14566.30,1.104,20351,68.1,8461.82,25.53,19680.25,2480.97,0.30,13,105,66.7,-3188.78,2268.45,6,0,0,382,0,70,0,11764,7238,897,0,0,2569.32,7009.63,-332.58,2359.00,2960.92
