ident;mo;dong;huong;lot;gia_mo;gia_dong;sl0;tp0;ket_qua;rui_ro_du_kien;rui_ro_pct;R;ly_do;comment
100001;2026.01.07 10:15:57;2026.01.07 10:26:28;BUY;0.23;4466.209;4462.173;4462.209;4474.209;-92.83;92.00;0.920;-1.009;SL;DH5|2|1
100003;2026.01.07 11:24:36;2026.01.07 11:45:03;SELL;0.19;4459.728;4450.290;4464.431;4450.322;179.32;89.36;0.902;2.007;TP;DH5|2|2
100005;2026.01.07 11:54:08;2026.01.07 11:59:41;BUY;0.23;4450.895;4446.879;4446.895;4458.895;-92.37;92.00;0.912;-1.004;SL;DH5|3|5
100007;2026.01.07 12:00:30;2026.01.07 12:08:33;BUY;0.23;4449.547;4445.530;4445.547;4457.547;-92.39;92.00;0.921;-1.004;SL;DH5|3|6
100009;2026.01.07 12:19:10;2026.01.07 12:25:29;BUY;0.23;4441.865;4444.155;4437.865;4449.865;52.67;92.00;0.929;0.572;SL;DH5|3|8
100011;2026.01.07 13:07:34;2026.01.07 13:08:36;BUY;0.21;4439.592;4434.178;4435.251;4448.274;-113.69;91.16;0.916;-1.247;SL;DH5|3|10
100013;2026.01.07 15:15:06;2026.01.07 15:29:32;BUY;0.14;4428.464;4441.676;4422.004;4441.384;184.97;90.44;0.919;2.045;TP;DH5|3|11
100015;2026.01.07 16:46:36;2026.01.07 17:50:35;SELL;0.18;4464.764;4454.631;4469.817;4454.658;182.39;90.95;0.907;2.005;TP;DH5|3|14
100017;2026.01.07 19:09:44;2026.01.07 19:31:30;SELL;0.17;4449.450;4454.995;4454.969;4438.412;-94.27;93.82;0.919;-1.005;SL;DH5|2|16
100019;2026.01.08 01:01:25;2026.01.08 01:05:38;BUY;0.23;4447.623;4455.734;4443.623;4455.623;186.55;92.00;0.910;2.028;TP;DH5|3|17
100021;2026.01.08 01:46:57;2026.01.08 02:04:30;BUY;0.21;4444.861;4444.589;4440.282;4454.019;-5.71;96.16;0.934;-0.059;SL;DH5|3|18
100023;2026.01.08 02:06:33;2026.01.08 02:19:28;BUY;0.2;4443.505;4443.392;4438.731;4453.053;-2.26;95.48;0.927;-0.024;SL;DH5|3|19
100025;2026.01.08 02:31:09;2026.01.08 02:33:38;BUY;0.22;4440.514;4436.056;4436.244;4449.054;-98.08;93.94;0.913;-1.044;SL;DH5|3|20
100027;2026.01.08 04:56:40;2026.01.08 05:05:27;BUY;0.23;4432.541;4428.541;4428.541;4440.541;-92.00;92.00;0.902;-1.000;SL;DH5|3|21
100029;2026.01.08 05:20:35;2026.01.08 05:30:33;BUY;0.23;4427.384;4423.363;4423.384;4435.384;-92.48;92.00;0.911;-1.005;SL;DH5|3|23
100031;2026.01.08 05:46:32;2026.01.08 06:04:31;BUY;0.15;4421.061;4420.986;4414.846;4433.491;-1.12;93.23;0.931;-0.012;SL;DH5|3|26
100033;2026.01.08 08:02:39;2026.01.08 08:11:23;SELL;0.17;4428.062;4433.481;4433.350;4417.486;-92.12;89.90;0.898;-1.025;SL;DH5|2|29
100035;2026.01.08 10:17:33;2026.01.08 10:33:46;SELL;0.2;4427.164;4431.687;4431.668;4418.156;-90.46;90.08;0.908;-1.004;SL;DH5|2|30
100037;2026.01.08 12:00:28;2026.01.08 12:06:43;SELL;0.19;4421.566;4416.943;4426.283;4412.132;87.84;89.62;0.912;0.980;SL;DH5|2|32
100039;2026.01.08 12:07:40;2026.01.08 12:09:31;SELL;0.23;4414.708;4418.913;4418.708;4406.708;-96.71;92.00;0.928;-1.051;SL;DH5|1|34
100041;2026.01.08 12:19:01;2026.01.08 12:22:23;SELL;0.22;4411.538;4415.652;4415.538;4403.538;-90.51;88.00;0.896;-1.029;SL;DH5|1|35
100043;2026.01.08 14:48:35;2026.01.08 15:05:05;SELL;0.16;4435.759;4435.907;4441.258;4424.761;-2.37;87.98;0.905;-0.027;SL;DH5|3|37
100045;2026.01.08 15:08:23;2026.01.08 15:09:39;SELL;0.15;4439.027;4444.920;4444.864;4427.353;-88.40;87.55;0.900;-1.010;SL;DH5|3|38
100047;2026.01.08 18:05:26;2026.01.08 18:34:25;SELL;0.2;4457.069;4453.968;4461.371;4448.465;62.02;86.04;0.893;0.721;SL;DH5|2|42
100049;2026.01.08 19:15:55;2026.01.08 19:35:31;SELL;0.15;4445.431;4451.548;4451.432;4433.429;-91.75;90.01;0.928;-1.019;SL;DH5|2|43
100051;2026.01.09 02:53:56;2026.01.09 05:27:30;SELL;0.16;4467.227;4463.797;4472.586;4456.509;54.88;85.74;0.893;0.640;SL;DH5|2|44
100053;2026.01.09 07:00:03;2026.01.09 07:24:30;BUY;0.22;4474.599;4470.529;4470.599;4482.599;-89.54;88.00;0.911;-1.017;SL;DH5|1|47
100055;2026.01.09 08:06:32;2026.01.09 08:35:32;BUY;0.19;4474.283;4469.735;4469.747;4483.355;-86.41;86.18;0.900;-1.003;SL;DH5|2|49
100057;2026.01.09 11:00:39;2026.01.09 11:09:31;BUY;0.19;4474.806;4470.238;4470.250;4483.918;-86.79;86.56;0.913;-1.003;SL;DH5|2|51
100059;2026.01.09 11:46:34;2026.01.09 11:50:28;SELL;0.21;4468.925;4472.972;4472.925;4460.925;-84.99;84.00;0.894;-1.012;SL;DH5|2|52
100061;2026.01.09 12:01:29;2026.01.09 12:26:28;SELL;0.21;4477.536;4469.399;4481.536;4469.536;170.88;84.00;0.902;2.034;TP;DH5|3|53
100063;2026.01.09 12:33:56;2026.01.09 13:00:37;BUY;0.22;4464.424;4464.253;4460.424;4472.424;-3.76;88.00;0.928;-0.043;SL;DH5|3|55
100065;2026.01.09 13:37:27;2026.01.09 13:41:41;BUY;0.13;4484.581;4484.497;4477.902;4497.939;-1.09;86.83;0.916;-0.013;SL;DH5|1|57
100067;2026.01.09 13:42:33;2026.01.09 13:48:33;BUY;0.14;4488.444;4482.318;4482.385;4500.562;-85.76;84.83;0.895;-1.011;SL;DH5|1|58
100069;2026.01.09 14:15:06;2026.01.09 14:18:34;BUY;0.12;4491.004;4483.821;4484.027;4504.958;-86.20;83.72;0.891;-1.030;SL;DH5|1|59
100071;2026.01.09 14:36:55;2026.01.09 14:50:32;SELL;0.12;4495.427;4480.409;4502.811;4480.659;180.22;88.61;0.952;2.034;TP;DH5|3|60
100073;2026.01.09 15:04:24;2026.01.09 15:21:34;SELL;0.13;4496.177;4502.811;4502.654;4483.223;-86.24;84.20;0.887;-1.024;SL;DH5|3|61
100075;2026.01.09 15:49:40;2026.01.09 16:11:31;BUY;0.13;4511.044;4504.130;4504.411;4524.310;-89.88;86.23;0.917;-1.042;SL;DH5|1|62
100077;2026.01.09 17:17:33;2026.01.09 17:23:30;BUY;0.21;4506.721;4502.609;4502.629;4514.905;-86.35;85.93;0.923;-1.005;SL;DH5|1|63
100079;2026.01.09 19:00:33;2026.01.09 20:13:35;BUY;0.18;4497.250;4506.456;4492.688;4506.374;165.71;82.12;0.890;2.018;TP;DH5|1|64
100081;2026.01.12 01:00:07;2026.01.12 01:00:46;BUY;0.12;4591.862;4584.509;4584.511;4606.564;-88.24;88.21;0.939;-1.000;SL;DH5|1|65
100083;2026.01.12 03:05:21;2026.01.12 03:44:03;BUY;0.18;4577.430;4572.714;4572.715;4586.860;-84.89;84.87;0.912;-1.000;SL;DH5|1|66
100085;2026.01.12 05:13:24;2026.01.12 05:41:38;BUY;0.19;4571.025;4579.779;4566.660;4579.755;166.33;82.94;0.900;2.005;TP;DH5|2|67
100087;2026.01.12 05:47:23;2026.01.12 05:55:30;BUY;0.21;4583.695;4579.661;4579.695;4591.695;-84.71;84.00;0.895;-1.008;SL;DH5|1|69
100089;2026.01.12 06:53:52;2026.01.12 07:28:40;BUY;0.15;4579.579;4579.486;4573.790;4591.157;-1.39;86.83;0.934;-0.016;SL;DH5|2|71
100091;2026.01.12 08:01:27;2026.01.12 08:10:11;BUY;0.21;4587.520;4583.249;4583.520;4595.520;-89.69;84.00;0.903;-1.068;SL;DH5|1|73
100093;2026.01.12 08:56:35;2026.01.12 09:49:31;BUY;0.21;4595.927;4591.883;4591.927;4603.927;-84.92;84.00;0.912;-1.011;SL;DH5|1|74
100095;2026.01.12 09:50:36;2026.01.12 11:39:38;SELL;0.15;4590.228;4590.310;4595.932;4578.820;-1.23;85.56;0.938;-0.014;SL;DH5|2|76
100097;2026.01.12 13:10:29;2026.01.12 13:14:44;BUY;0.21;4602.175;4605.125;4598.175;4610.175;61.95;84.00;0.921;0.737;SL;DH5|1|79
100099;2026.01.12 13:22:29;2026.01.12 13:41:29;BUY;0.21;4608.052;4607.944;4604.052;4616.052;-2.27;84.00;0.915;-0.027;SL;DH5|1|80
100101;2026.01.12 13:43:25;2026.01.12 13:50:33;BUY;0.21;4608.101;4616.234;4604.101;4616.101;170.79;84.00;0.915;2.033;TP;DH5|1|82
100103;2026.01.12 14:01:37;2026.01.12 14:02:23;BUY;0.19;4614.613;4610.010;4610.051;4623.737;-87.46;86.68;0.927;-1.009;SL;DH5|1|83
100105;2026.01.12 15:26:58;2026.01.12 15:37:20;SELL;0.11;4619.559;4627.586;4627.430;4603.817;-88.30;86.58;0.934;-1.020;SL;DH5|3|84
100107;2026.01.12 15:49:30;2026.01.12 16:26:09;BUY;0.13;4621.738;4621.677;4615.159;4634.896;-0.79;85.53;0.932;-0.009;SL;DH5|1|85
100109;2026.01.12 17:36:25;2026.01.12 18:00:02;BUY;0.21;4612.844;4616.184;4608.844;4620.844;70.14;84.00;0.915;0.835;SL;DH5|1|86
100111;2026.01.12 19:35:41;2026.01.12 19:49:42;BUY;0.21;4617.188;4613.184;4613.188;4625.188;-84.08;84.00;0.908;-1.001;SL;DH5|1|87
100113;2026.01.13 01:32:39;2026.01.13 01:42:12;BUY;0.18;4578.631;4582.283;4574.078;4587.737;65.74;81.95;0.894;0.802;SL;DH5|3|89
100115;2026.01.13 04:19:31;2026.01.13 04:35:28;BUY;0.21;4599.267;4595.265;4595.267;4607.267;-84.04;84.00;0.910;-1.000;SL;DH5|2|90
100117;2026.01.13 05:05:35;2026.01.13 05:24:29;SELL;0.18;4592.889;4597.648;4597.602;4583.463;-85.66;84.83;0.928;-1.010;SL;DH5|2|91
100119;2026.01.13 05:30:22;2026.01.13 05:31:38;SELL;0.21;4599.514;4591.236;4603.514;4591.514;173.84;84.00;0.927;2.070;TP;DH5|3|92
100121;2026.01.13 06:34:35;2026.01.13 06:36:35;BUY;0.21;4582.377;4578.259;4578.377;4590.377;-86.48;84.00;0.910;-1.030;SL;DH5|3|93
100123;2026.01.13 07:30:36;2026.01.13 07:44:40;BUY;0.14;4585.874;4579.830;4579.869;4597.884;-84.62;84.07;0.919;-1.006;SL;DH5|2|95
100125;2026.01.13 12:24:11;2026.01.13 12:48:34;BUY;0.21;4580.750;4588.788;4576.750;4588.750;168.80;84.00;0.927;2.010;TP;DH5|3|98
100127;2026.01.13 13:03:29;2026.01.13 13:08:34;SELL;0.2;4593.134;4597.354;4597.305;4584.792;-84.40;83.42;0.904;-1.012;SL;DH5|3|99
100129;2026.01.13 13:14:36;2026.01.13 13:30:26;SELL;0.17;4601.975;4607.798;4606.957;4592.011;-98.99;84.69;0.926;-1.169;SL;DH5|3|100
100131;2026.01.13 13:49:27;2026.01.13 13:54:43;BUY;0.17;4617.545;4612.501;4612.573;4627.489;-85.75;84.52;0.934;-1.014;SL;DH5|1|101
100133;2026.01.13 14:31:35;2026.01.13 14:32:31;BUY;0.13;4619.901;4613.597;4613.665;4632.373;-81.95;81.07;0.905;-1.011;SL;DH5|1|102
100135;2026.01.13 17:31:01;2026.01.13 17:31:37;BUY;0.17;4610.284;4605.529;4605.529;4619.794;-80.83;80.83;0.910;-1.000;SL;DH5|1|104
100137;2026.01.14 01:00:39;2026.01.14 02:09:31;BUY;0.16;4611.421;4615.498;4606.462;4621.339;65.23;79.34;0.902;0.822;SL;DH5|2|107
100139;2026.01.14 02:33:29;2026.01.14 03:31:37;SELL;0.2;4620.550;4617.737;4624.550;4612.550;56.26;80.00;0.903;0.703;SL;DH5|3|110
100141;2026.01.14 03:40:26;2026.01.14 03:54:34;SELL;0.2;4623.278;4627.299;4627.278;4615.278;-80.42;80.00;0.897;-1.005;SL;DH5|3|115
100143;2026.01.14 04:52:39;2026.01.14 05:02:37;BUY;0.2;4630.486;4638.557;4626.486;4638.486;161.42;80.00;0.905;2.018;TP;DH5|2|118
100145;2026.01.14 05:07:34;2026.01.14 05:18:39;BUY;0.2;4636.866;4632.838;4632.866;4644.866;-80.56;80.00;0.889;-1.007;SL;DH5|1|120
100147;2026.01.14 05:36:32;2026.01.14 05:55:27;BUY;0.2;4636.971;4632.810;4632.971;4644.971;-83.22;80.00;0.897;-1.040;SL;DH5|1|121
100149;2026.01.14 07:01:37;2026.01.14 07:32:30;BUY;0.17;4634.464;4634.351;4629.729;4643.934;-1.92;80.49;0.911;-0.024;SL;DH5|1|122
100151;2026.01.14 08:00:37;2026.01.14 08:23:36;SELL;0.17;4631.599;4628.137;4636.282;4622.233;58.85;79.61;0.901;0.739;SL;DH5|2|124
100153;2026.01.14 09:24:36;2026.01.14 09:35:02;BUY;0.2;4637.527;4633.519;4633.527;4645.527;-80.16;80.00;0.900;-1.002;SL;DH5|1|125
100155;2026.01.14 10:49:03;2026.01.14 10:58:13;BUY;0.2;4635.360;4631.315;4631.360;4643.360;-80.90;80.00;0.908;-1.011;SL;DH5|1|127
100157;2026.01.14 11:29:30;2026.01.14 12:00:38;SELL;0.17;4629.588;4634.490;4634.360;4620.044;-83.33;81.12;0.929;-1.027;SL;DH5|2|128
100159;2026.01.14 12:37:02;2026.01.14 13:00:32;BUY;0.2;4636.127;4636.007;4632.127;4644.127;-2.40;80.00;0.925;-0.030;SL;DH5|1|129
100161;2026.01.14 13:01:31;2026.01.14 13:04:02;BUY;0.2;4637.401;4633.346;4633.401;4645.401;-81.10;80.00;0.925;-1.014;SL;DH5|1|131
100163;2026.01.14 13:05:28;2026.01.14 13:24:32;SELL;0.1;4635.081;4635.153;4642.762;4619.719;-0.72;76.81;0.897;-0.009;SL;DH5|3|132
100165;2026.01.14 14:39:02;2026.01.14 14:39:30;BUY;0.17;4624.871;4620.136;4620.243;4634.127;-80.49;78.68;0.919;-1.023;SL;DH5|3|135
100167;2026.01.14 15:06:28;2026.01.14 15:09:08;BUY;0.12;4607.918;4601.339;4601.497;4620.760;-78.95;77.05;0.908;-1.025;SL;DH5|3|136
100169;2026.01.15 01:01:37;2026.01.15 01:09:31;SELL;0.14;4609.351;4614.712;4614.683;4598.687;-75.05;74.65;0.888;-1.005;SL;DH5|2|139
100171;2026.01.15 05:15:59;2026.01.15 05:29:24;SELL;0.11;4585.330;4592.282;4592.218;4571.554;-76.47;75.77;0.910;-1.009;SL;DH5|2|143
100173;2026.01.15 06:57:40;2026.01.15 07:50:20;SELL;0.18;4609.810;4601.370;4613.992;4601.446;151.92;75.28;0.912;2.018;TP;DH5|3|144
100175;2026.01.15 09:38:33;2026.01.15 11:35:32;BUY;0.13;4610.094;4621.980;4604.157;4621.968;154.52;77.18;0.918;2.002;TP;DH5|2|146
100177;2026.01.15 11:36:07;2026.01.15 12:25:33;SELL;0.19;4621.344;4618.493;4625.344;4613.344;54.17;76.00;0.888;0.713;SL;DH5|3|154
100179;2026.01.15 12:54:37;2026.01.15 13:19:47;SELL;0.2;4612.851;4604.842;4616.851;4604.851;160.18;80.00;0.929;2.002;TP;DH5|2|155
100181;2026.01.15 13:50:33;2026.01.15 13:56:30;BUY;0.17;4591.268;4586.275;4586.489;4600.826;-84.88;81.24;0.926;-1.045;SL;DH5|3|157
100183;2026.01.15 13:57:45;2026.01.15 14:19:46;BUY;0.14;4588.974;4600.698;4583.120;4600.682;164.14;81.96;0.943;2.003;TP;DH5|3|158
100185;2026.01.15 16:22:29;2026.01.15 16:36:38;SELL;0.18;4618.372;4609.180;4622.958;4609.200;165.46;82.55;0.932;2.004;TP;DH5|3|159
100187;2026.01.15 19:55:40;2026.01.15 20:09:34;SELL;0.2;4614.863;4606.670;4618.863;4606.863;163.86;80.00;0.887;2.048;TP;DH5|2|160
100189;2026.01.16 01:06:29;2026.01.16 01:27:37;BUY;0.21;4598.986;4607.023;4594.986;4606.986;168.78;84.00;0.915;2.009;TP;DH5|3|161
100191;2026.01.16 02:36:10;2026.01.16 02:54:27;BUY;0.21;4594.341;4594.315;4590.341;4602.341;-0.55;84.00;0.898;-0.006;SL;DH5|3|162
100193;2026.01.16 12:53:27;2026.01.16 13:00:37;BUY;0.21;4599.241;4598.857;4595.241;4607.241;-8.06;84.00;0.898;-0.096;SL;DH5|3|165
100195;2026.01.16 15:10:38;2026.01.16 15:19:18;SELL;0.14;4615.676;4615.953;4621.666;4603.696;-3.88;83.86;0.898;-0.046;SL;DH5|3|167
100197;2026.01.16 15:26:57;2026.01.16 15:28:29;BUY;0.13;4584.648;4577.444;4578.085;4597.774;-93.65;85.32;0.914;-1.098;SL;DH5|3|169
100199;2026.01.19 04:57:45;2026.01.19 05:33:10;BUY;0.21;4664.533;4672.542;4660.533;4672.533;168.19;84.00;0.909;2.002;TP;DH5|1|172
100201;2026.01.19 05:35:31;2026.01.19 05:40:00;BUY;0.21;4671.290;4667.202;4667.290;4679.290;-85.85;84.00;0.892;-1.022;SL;DH5|1|177
100203;2026.01.19 06:32:02;2026.01.19 07:10:32;BUY;0.19;4673.176;4673.168;4668.795;4681.938;-0.15;83.24;0.892;-0.002;SL;DH5|2|178
100205;2026.01.19 08:06:58;2026.01.19 08:50:38;BUY;0.17;4670.564;4665.354;4665.407;4680.878;-88.57;87.67;0.940;-1.010;SL;DH5|2|183
100207;2026.01.19 10:15:02;2026.01.19 10:20:33;BUY;0.21;4671.035;4666.992;4667.035;4679.035;-84.90;84.00;0.909;-1.011;SL;DH5|2|186
100209;2026.01.19 10:44:55;2026.01.19 11:03:32;BUY;0.21;4662.226;4662.097;4658.226;4670.226;-2.71;84.00;0.918;-0.032;SL;DH5|3|187
100211;2026.01.19 11:41:26;2026.01.19 11:44:29;SELL;0.21;4661.324;4665.338;4665.324;4653.324;-84.29;84.00;0.918;-1.004;SL;DH5|2|188
100213;2026.01.19 11:56:29;2026.01.19 12:16:33;BUY;0.21;4661.587;4669.668;4657.587;4669.587;169.70;84.00;0.926;2.020;TP;DH5|3|190
100215;2026.01.19 12:34:36;2026.01.19 12:59:32;SELL;0.21;4672.680;4672.714;4676.680;4664.680;-0.71;84.00;0.909;-0.008;SL;DH5|3|192
100217;2026.01.19 13:42:41;2026.01.19 15:47:37;SELL;0.17;4666.530;4671.509;4671.419;4656.752;-84.64;83.11;0.900;-1.018;SL;DH5|2|195
100219;2026.01.19 16:04:31;2026.01.19 18:33:32;BUY;0.21;4673.105;4676.443;4669.105;4681.105;70.10;84.00;0.918;0.834;SL;DH5|1|200
100221;2026.01.19 19:00:38;2026.01.19 19:29:31;SELL;0.21;4674.960;4671.653;4678.960;4666.960;69.45;84.00;0.911;0.827;SL;DH5|2|203
100223;2026.01.20 05:09:34;2026.01.20 05:20:15;BUY;0.21;4697.397;4697.366;4693.397;4705.397;-0.65;84.00;0.904;-0.008;SL;DH5|1|215
100225;2026.01.20 05:36:43;2026.01.20 05:55:25;BUY;0.21;4702.826;4710.950;4698.826;4710.826;170.60;84.00;0.904;2.031;TP;DH5|1|217
100227;2026.01.20 06:02:24;2026.01.20 06:09:45;BUY;0.22;4709.788;4712.601;4705.788;4717.788;61.89;88.00;0.930;0.703;SL;DH5|1|219
100229;2026.01.20 06:12:00;2026.01.20 06:24:37;BUY;0.21;4714.000;4709.612;4709.804;4722.392;-92.15;88.12;0.925;-1.046;SL;DH5|1|220
100231;2026.01.20 07:13:27;2026.01.20 07:24:37;SELL;0.21;4716.478;4720.692;4720.478;4708.478;-88.49;84.00;0.891;-1.053;SL;DH5|3|221
100233;2026.01.20 07:27:31;2026.01.20 07:58:35;BUY;0.15;4721.543;4715.713;4715.738;4733.153;-87.45;87.07;0.932;-1.004;SL;DH5|1|222
100235;2026.01.20 08:08:51;2026.01.20 08:29:40;BUY;0.15;4724.214;4718.374;4718.386;4735.870;-87.60;87.42;0.945;-1.002;SL;DH5|2|225
100237;2026.01.20 09:04:10;2026.01.20 09:14:22;BUY;0.21;4729.294;4725.163;4725.294;4737.294;-86.75;84.00;0.916;-1.033;SL;DH5|1|226
100239;2026.01.20 10:23:30;2026.01.20 10:30:02;BUY;0.21;4731.695;4727.695;4727.695;4739.695;-84.00;84.00;0.925;-1.000;SL;DH5|1|228
100241;2026.01.20 13:59:58;2026.01.20 14:00:32;SELL;0.18;4737.101;4741.681;4741.604;4728.095;-82.44;81.05;0.901;-1.017;SL;DH5|3|231
100243;2026.01.20 18:06:24;2026.01.20 18:26:23;BUY;0.2;4761.530;4761.508;4757.530;4769.530;-0.44;80.00;0.897;-0.005;SL;DH5|1|237
100245;2026.01.21 01:01:36;2026.01.21 01:04:37;BUY;0.2;4786.771;4794.840;4782.771;4794.771;161.38;80.00;0.897;2.017;TP;DH5|1|239
100247;2026.01.21 01:10:34;2026.01.21 01:14:29;BUY;0.16;4798.907;4809.613;4793.557;4809.607;171.30;85.60;0.943;2.001;TP;DH5|1|241
100249;2026.01.21 01:18:34;2026.01.21 01:22:34;BUY;0.19;4808.141;4811.382;4803.748;4816.927;61.58;83.47;0.903;0.738;SL;DH5|1|242
100251;2026.01.21 01:23:34;2026.01.21 01:27:37;BUY;0.18;4812.825;4822.553;4808.144;4822.187;175.10;84.26;0.905;2.078;TP;DH5|1|243
100253;2026.01.21 01:41:32;2026.01.21 01:51:37;BUY;0.13;4817.629;4831.724;4810.730;4831.427;183.24;89.69;0.946;2.043;TP;DH5|1|244
100255;2026.01.21 02:00:03;2026.01.21 02:12:20;BUY;0.11;4836.329;4827.829;4828.006;4852.975;-93.50;91.55;0.947;-1.021;SL;DH5|1|245
100257;2026.01.21 03:05:07;2026.01.21 03:15:29;SELL;0.13;4843.626;4830.328;4850.237;4830.404;172.87;85.94;0.898;2.011;TP;DH5|3|246
100259;2026.01.21 04:18:50;2026.01.21 04:53:43;BUY;0.1;4849.244;4866.833;4840.534;4866.664;175.89;87.10;0.894;2.019;TP;DH5|2|247
100261;2026.01.21 04:57:28;2026.01.21 05:02:29;BUY;0.22;4866.289;4861.885;4862.210;4874.447;-96.89;89.74;0.904;-1.080;SL;DH5|1|249
100263;2026.01.21 05:27:43;2026.01.21 05:34:29;BUY;0.2;4865.226;4874.512;4860.706;4874.266;185.72;90.40;0.920;2.054;TP;DH5|1|250
100265;2026.01.21 05:42:40;2026.01.21 05:55:38;BUY;0.18;4871.468;4871.368;4866.413;4881.578;-1.80;90.99;0.909;-0.020;SL;DH5|1|251
100267;2026.01.21 06:23:09;2026.01.21 06:25:25;SELL;0.18;4877.483;4882.526;4882.454;4867.541;-90.77;89.48;0.894;-1.014;SL;DH5|3|252
100269;2026.01.21 06:31:30;2026.01.21 06:35:26;BUY;0.17;4885.567;4879.962;4880.165;4896.371;-95.28;91.83;0.926;-1.038;SL;DH5|1|253
100271;2026.01.21 06:35:26;2026.01.21 06:39:34;SELL;0.16;4879.931;4868.696;4885.489;4868.815;179.76;88.93;0.905;2.021;TP;DH5|3|254
100273;2026.01.21 08:11:40;2026.01.21 08:32:36;BUY;0.15;4858.630;4863.596;4852.527;4870.836;74.49;91.55;0.915;0.814;SL;DH5|1|255
100275;2026.01.21 08:35:04;2026.01.21 08:49:18;BUY;0.18;4863.500;4858.442;4858.447;4873.606;-91.04;90.95;0.903;-1.001;SL;DH5|1|256
100277;2026.01.21 13:39:14;2026.01.21 13:53:35;SELL;0.2;4876.804;4876.809;4881.268;4867.876;-0.10;89.28;0.894;-0.001;SL;DH5|3|262
100279;2026.01.22 04:06:28;2026.01.22 05:51:38;BUY;0.12;4799.335;4814.637;4791.743;4814.519;183.62;91.10;0.912;2.016;TP;DH5|2|268
100281;2026.01.22 07:02:41;2026.01.22 08:09:29;BUY;0.13;4829.926;4829.751;4822.790;4844.198;-2.28;92.77;0.912;-0.025;SL;DH5|2|273
100283;2026.01.22 08:09:55;2026.01.22 08:52:20;SELL;0.17;4829.530;4829.552;4835.151;4818.288;-0.37;95.56;0.940;-0.004;SL;DH5|2|276
100285;2026.01.22 09:18:27;2026.01.22 09:24:29;BUY;0.23;4833.203;4829.167;4829.203;4841.203;-92.83;92.00;0.905;-1.009;SL;DH5|1|277
100287;2026.01.22 10:18:51;2026.01.22 12:00:29;BUY;0.12;4827.441;4827.403;4819.471;4843.381;-0.46;95.64;0.949;-0.005;SL;DH5|2|278
100289;2026.01.23 01:00:33;2026.01.23 01:01:35;SELL;0.16;4962.948;4951.443;4968.690;4951.464;184.08;91.87;0.912;2.004;TP;DH5|3|290
100291;2026.01.23 03:16:53;2026.01.23 03:30:39;SELL;0.13;4951.171;4946.000;4958.403;4936.707;67.22;94.02;0.917;0.715;SL;DH5|2|292
100293;2026.01.23 04:22:05;2026.01.23 05:30:33;BUY;0.22;4951.944;4960.673;4947.672;4960.488;192.04;93.98;0.910;2.043;TP;DH5|1|293
100295;2026.01.23 05:36:24;2026.01.23 05:48:30;BUY;0.24;4958.453;4966.543;4954.453;4966.453;194.16;96.00;0.913;2.022;TP;DH5|1|299
100297;2026.01.23 05:55:26;2026.01.23 05:58:38;BUY;0.24;4964.406;4960.357;4960.406;4972.406;-97.18;96.00;0.896;-1.012;SL;DH5|1|300
100299;2026.01.23 07:50:34;2026.01.23 07:57:43;BUY;0.24;4946.014;4945.716;4942.014;4954.014;-7.15;96.00;0.904;-0.074;SL;DH5|3|302
100301;2026.01.23 08:15:36;2026.01.23 08:18:33;BUY;0.23;4942.138;4937.726;4937.903;4950.608;-101.48;97.40;0.918;-1.042;SL;DH5|3|304
100303;2026.01.23 12:51:59;2026.01.23 13:01:39;BUY;0.13;4941.905;4934.534;4934.645;4956.425;-95.82;94.38;0.898;-1.015;SL;DH5|2|309
100305;2026.01.23 13:13:34;2026.01.23 13:15:44;BUY;0.2;4940.674;4935.827;4935.909;4950.204;-96.94;95.30;0.916;-1.017;SL;DH5|1|312
100307;2026.01.23 14:25:32;2026.01.23 14:30:32;BUY;0.17;4942.457;4935.447;4936.736;4953.899;-119.17;97.26;0.943;-1.225;SL;DH5|1|313
100309;2026.01.23 14:40:29;2026.01.23 14:55:41;BUY;0.17;4946.362;4950.275;4940.819;4957.448;66.52;94.23;0.924;0.706;SL;DH5|1|315
100311;2026.01.23 14:56:38;2026.01.23 14:58:36;BUY;0.18;4952.386;4947.107;4947.146;4962.866;-95.02;94.32;0.919;-1.007;SL;DH5|1|316
100313;2026.01.23 15:50:31;2026.01.23 16:02:34;SELL;0.11;4956.079;4964.757;4964.706;4938.825;-95.46;94.90;0.934;-1.006;SL;DH5|3|317
100315;2026.01.23 16:15:30;2026.01.23 16:31:36;BUY;0.14;4974.786;4987.749;4968.312;4987.734;181.48;90.64;0.900;2.002;TP;DH5|1|318
100317;2026.01.23 16:34:38;2026.01.23 16:45:29;BUY;0.16;4982.497;4976.231;4976.499;4994.493;-100.26;95.97;0.936;-1.045;SL;DH5|1|319
100319;2026.01.23 19:46:56;2026.01.23 20:00:29;BUY;0.12;4981.340;4981.287;4973.422;4997.176;-0.64;95.02;0.936;-0.007;SL;DH5|2|321
100321;2026.01.26 01:26:33;2026.01.26 01:34:29;BUY;0.16;5069.207;5081.126;5063.249;5081.123;190.70;95.33;0.939;2.001;TP;DH5|1|323
100323;2026.01.26 01:41:31;2026.01.26 01:51:27;BUY;0.13;5077.698;5070.092;5070.207;5092.680;-98.88;97.38;0.942;-1.015;SL;DH5|1|324
100325;2026.01.26 02:28:31;2026.01.26 03:07:04;SELL;0.11;5084.998;5085.259;5093.702;5067.590;-2.87;95.74;0.935;-0.030;SL;DH5|3|325
100327;2026.01.26 06:50:43;2026.01.26 06:53:34;BUY;0.12;5109.243;5101.469;5101.584;5124.561;-93.29;91.91;0.898;-1.015;SL;DH5|1|330
100329;2026.01.26 11:18:52;2026.01.26 11:38:32;SELL;0.09;5080.513;5090.992;5090.931;5059.677;-94.31;93.76;0.924;-1.006;SL;DH5|2|334
100331;2026.01.26 12:22:51;2026.01.26 12:28:30;BUY;0.15;5095.789;5089.521;5089.626;5108.115;-94.02;92.44;0.920;-1.017;SL;DH5|2|336
100333;2026.01.26 14:44:31;2026.01.26 14:57:31;BUY;0.13;5081.975;5095.868;5075.037;5095.851;180.61;90.19;0.906;2.002;TP;DH5|1|338
100335;2026.01.26 15:02:31;2026.01.26 15:16:37;BUY;0.14;5090.285;5090.191;5083.429;5103.997;-1.32;95.98;0.947;-0.014;SL;DH5|1|339
100337;2026.01.26 15:17:28;2026.01.26 15:20:22;BUY;0.14;5092.525;5085.683;5085.836;5105.903;-95.79;93.65;0.924;-1.023;SL;DH5|1|340
100339;2026.01.27 05:48:14;2026.01.27 05:50:34;SELL;0.19;5079.444;5084.424;5084.387;5069.558;-94.62;93.92;0.935;-1.007;SL;DH5|3|349
100341;2026.01.27 06:27:38;2026.01.27 06:31:07;BUY;0.18;5084.160;5079.011;5079.078;5094.324;-92.68;91.48;0.920;-1.013;SL;DH5|1|352
100343;2026.01.28 01:55:39;2026.01.28 01:58:32;BUY;0.09;5220.312;5210.254;5210.356;5240.224;-90.52;89.60;0.909;-1.010;SL;DH5|1|369
100345;2026.01.28 03:19:30;2026.01.28 03:35:26;BUY;0.14;5241.642;5234.909;5235.008;5254.910;-94.26;92.88;0.951;-1.015;SL;DH5|1|372
100347;2026.01.28 04:59:21;2026.01.28 05:04:42;SELL;0.2;5247.467;5247.709;5251.819;5238.763;-4.84;87.04;0.900;-0.056;SL;DH5|3|373
100349;2026.01.28 05:14:31;2026.01.28 05:25:02;BUY;0.21;5253.362;5256.483;5249.223;5261.640;65.54;86.92;0.899;0.754;SL;DH5|1|375
100351;2026.01.28 05:27:30;2026.01.28 05:29:40;BUY;0.21;5253.978;5257.576;5249.708;5262.518;75.56;89.67;0.922;0.843;SL;DH5|1|376
100353;2026.01.28 05:34:30;2026.01.28 05:41:34;BUY;0.19;5255.133;5264.987;5250.300;5264.799;187.23;91.83;0.937;2.039;TP;DH5|1|377
100355;2026.01.28 05:47:27;2026.01.28 05:54:36;BUY;0.17;5263.305;5257.798;5258.028;5273.859;-93.62;89.71;0.898;-1.044;SL;DH5|1|378
100357;2026.01.28 06:52:24;2026.01.28 06:53:07;SELL;0.18;5265.717;5270.970;5270.892;5255.367;-94.55;93.15;0.941;-1.015;SL;DH5|3|380
100359;2026.01.29 04:42:33;2026.01.29 05:20:32;BUY;0.11;5558.611;5549.631;5550.055;5575.723;-98.78;94.12;0.960;-1.050;SL;DH5|1|395
100361;2026.01.29 06:26:26;2026.01.29 06:46:22;BUY;0.08;5587.807;5575.924;5576.407;5610.607;-95.06;91.20;0.940;-1.042;SL;DH5|1|397
100363;2026.02.03 08:41:34;2026.02.03 08:58:38;SELL;0.08;4941.058;4918.550;4952.239;4918.696;180.06;89.45;0.931;2.013;TP;DH5|3|469
100365;2026.02.04 01:14:00;2026.02.04 01:29:15;BUY;0.06;5048.272;5032.733;5032.803;5079.210;-93.23;92.81;0.948;-1.005;SL;DH5|1|476
100367;2026.02.04 03:45:00;2026.02.04 04:46:26;SELL;0.08;5062.728;5074.402;5074.372;5039.440;-93.39;93.15;0.961;-1.003;SL;DH5|3|478
100369;2026.02.04 04:47:36;2026.02.04 06:00:29;BUY;0.07;5076.671;5076.396;5064.653;5100.707;-1.93;84.13;0.876;-0.023;SL;DH5|2|481
100371;2026.02.04 08:01:36;2026.02.04 08:04:45;SELL;0.12;5089.778;5075.025;5097.098;5075.138;177.04;87.84;0.915;2.015;TP;DH5|3|487
100373;2026.02.04 08:32:42;2026.02.04 08:57:35;SELL;0.08;5072.947;5084.402;5084.293;5050.255;-91.64;90.77;0.928;-1.010;SL;DH5|2|489
100375;2026.02.04 09:15:18;2026.02.04 09:34:43;SELL;0.07;5066.389;5056.028;5078.492;5042.183;72.53;84.72;0.875;0.856;SL;DH5|2|490
100377;2026.02.04 12:59:41;2026.02.04 13:15:28;SELL;0.06;5038.359;5038.570;5052.572;5009.933;-1.27;85.28;0.874;-0.015;SL;DH5|2|494
100379;2026.02.05 01:01:30;2026.02.05 01:12:39;SELL;0.07;4999.978;4975.089;5012.281;4975.372;174.22;86.12;0.883;2.023;TP;DH5|2|498
100381;2026.02.05 05:24:32;2026.02.05 05:28:01;SELL;0.08;4853.314;4864.371;4864.358;4831.226;-88.46;88.35;0.890;-1.001;SL;DH5|1|503
100383;2026.02.05 07:27:42;2026.02.05 07:38:35;SELL;0.08;4933.383;4909.588;4945.130;4909.889;190.36;93.98;0.955;2.026;TP;DH5|3|505
100385;2026.02.05 08:15:39;2026.02.05 08:27:01;SELL;0.09;4940.249;4931.423;4950.400;4919.947;79.43;91.36;0.910;0.869;SL;DH5|3|506
100387;2026.02.06 04:30:49;2026.02.06 04:54:02;BUY;0.06;4829.618;4814.873;4815.276;4858.302;-88.47;86.05;0.851;-1.028;SL;DH5|2|512
100389;2026.02.06 07:59:51;2026.02.06 08:13:20;SELL;0.07;4840.141;4853.707;4853.501;4813.421;-94.96;93.52;0.933;-1.015;SL;DH5|2|516
100391;2026.02.06 10:23:38;2026.02.06 10:34:37;SELL;0.07;4854.863;4868.326;4868.093;4828.403;-94.24;92.61;0.933;-1.018;SL;DH5|2|517
100393;2026.02.06 11:04:24;2026.02.06 11:05:34;SELL;0.12;4881.985;4866.723;4889.599;4866.757;183.14;91.37;0.929;2.004;TP;DH5|3|518
100395;2026.02.06 11:57:02;2026.02.06 12:03:41;SELL;0.11;4892.895;4893.386;4901.159;4876.367;-5.40;90.90;0.907;-0.059;SL;DH5|3|520
100397;2026.02.06 14:39:37;2026.02.06 14:47:40;SELL;0.07;4936.889;4937.214;4950.259;4910.149;-2.27;93.59;0.935;-0.024;SL;DH5|3|524
100399;2026.02.06 14:58:05;2026.02.06 15:00:10;SELL;0.08;4946.936;4958.701;4958.451;4923.906;-94.12;92.12;0.920;-1.022;SL;DH5|3|525
100401;2026.02.06 17:41:02;2026.02.06 18:12:27;SELL;0.05;4953.091;4970.437;4970.245;4918.783;-86.73;85.77;0.865;-1.011;SL;DH5|3|529
100403;2026.02.06 18:13:31;2026.02.06 18:23:44;SELL;0.15;4967.504;4955.510;4973.490;4955.532;179.91;89.79;0.913;2.004;TP;DH5|3|530
100405;2026.02.06 19:38:34;2026.02.06 19:48:36;SELL;0.11;4951.860;4960.634;4960.627;4934.326;-96.51;96.44;0.963;-1.001;SL;DH5|2|532
100407;2026.02.09 04:15:01;2026.02.09 04:16:34;SELL;0.08;5011.647;5023.100;5022.930;4989.081;-91.62;90.26;0.910;-1.015;SL;DH5|2|537
100409;2026.02.09 05:30:32;2026.02.09 05:38:35;SELL;0.17;5030.313;5035.628;5035.588;5019.763;-90.35;89.67;0.913;-1.008;SL;DH5|3|538
100411;2026.02.09 09:03:22;2026.02.09 09:08:37;BUY;0.1;5036.643;5027.653;5027.903;5054.123;-89.90;87.40;0.898;-1.029;SL;DH5|2|546
100413;2026.02.09 09:26:23;2026.02.09 10:02:35;SELL;0.08;5020.893;4997.218;5032.429;4997.821;189.40;92.29;0.957;2.052;TP;DH5|2|548
100415;2026.02.09 12:36:45;2026.02.09 12:49:28;BUY;0.12;5020.573;5012.675;5012.730;5036.259;-94.78;94.12;0.957;-1.007;SL;DH5|2|551
100417;2026.02.10 02:51:29;2026.02.10 02:57:09;SELL;0.08;5037.373;5048.666;5048.534;5015.051;-90.34;89.29;0.917;-1.012;SL;DH5|2|562
100419;2026.02.10 12:07:32;2026.02.10 12:44:29;SELL;0.12;5044.461;5028.597;5051.955;5029.473;190.37;89.93;0.932;2.117;TP;DH5|2|570
100421;2026.02.10 14:40:02;2026.02.10 14:48:32;SELL;0.05;5062.641;5026.641;5080.372;5027.179;180.00;88.65;0.901;2.030;TP;DH5|3|578
100423;2026.02.10 18:00:35;2026.02.10 18:36:33;SELL;0.09;5022.830;5015.212;5033.047;5002.396;68.56;91.95;0.918;0.746;SL;DH5|2|580
100425;2026.02.11 05:36:06;2026.02.11 05:41:14;SELL;0.23;5059.912;5063.931;5063.912;5051.912;-92.44;92.00;0.912;-1.005;SL;DH5|3|586
100427;2026.02.11 06:52:33;2026.02.11 07:24:27;BUY;0.12;5062.572;5054.865;5054.898;5077.920;-92.48;92.09;0.922;-1.004;SL;DH5|2|587
100429;2026.02.11 11:28:34;2026.02.11 12:20:36;BUY;0.06;5106.629;5090.642;5090.981;5137.925;-95.92;93.89;0.948;-1.022;SL;DH5|2|596
100431;2026.02.12 01:04:07;2026.02.12 01:20:33;SELL;0.1;5052.314;5060.983;5060.930;5035.082;-86.69;86.16;0.879;-1.006;SL;DH5|2|602
100433;2026.02.12 12:08:09;2026.02.12 12:32:29;SELL;0.15;5058.434;5064.815;5064.609;5046.084;-95.72;92.63;0.953;-1.033;SL;DH5|2|611
100435;2026.02.12 15:59:35;2026.02.12 16:10:09;SELL;0.11;5061.485;5043.864;5069.616;5045.223;193.83;89.44;0.930;2.167;TP;DH5|2|616
100437;2026.02.12 18:12:31;2026.02.12 18:20:40;SELL;0.07;4930.895;4919.357;4943.603;4905.479;80.77;88.96;0.906;0.908;SL;DH5|1|618
100439;2026.02.12 18:22:25;2026.02.12 18:28:12;SELL;0.07;4920.573;4933.963;4933.846;4894.027;-93.73;92.91;0.939;-1.009;SL;DH5|1|619
100441;2026.02.13 01:05:35;2026.02.13 01:09:34;SELL;0.09;4954.626;4964.231;4964.218;4935.442;-86.44;86.33;0.881;-1.001;SL;DH5|3|621
100443;2026.02.13 01:25:40;2026.02.13 01:32:41;SELL;0.11;4966.957;4975.386;4975.317;4950.237;-92.72;91.96;0.946;-1.008;SL;DH5|3|622
100445;2026.02.13 01:46:28;2026.02.13 01:49:20;SELL;0.1;4978.514;4987.300;4987.141;4961.260;-87.86;86.27;0.896;-1.018;SL;DH5|3|624
100447;2026.02.13 02:56:39;2026.02.13 03:30:38;SELL;0.12;4987.900;4981.876;4995.218;4973.264;72.29;87.82;0.921;0.823;SL;DH5|3|627
100449;2026.02.13 08:51:16;2026.02.13 10:58:35;SELL;0.08;4972.188;4948.893;4983.835;4948.894;186.36;93.18;0.970;2.000;TP;DH5|2|634
100451;2026.02.13 11:04:29;2026.02.13 11:12:35;SELL;0.15;4946.002;4952.778;4952.125;4933.756;-101.64;91.84;0.938;-1.107;SL;DH5|1|638
100453;2026.02.13 13:21:39;2026.02.13 13:24:34;SELL;0.09;4959.601;4969.380;4969.149;4940.505;-88.01;85.93;0.887;-1.024;SL;DH5|2|642
100455;2026.02.13 13:35:49;2026.02.13 13:50:29;SELL;0.07;4991.693;4984.544;5003.475;4968.129;50.04;82.47;0.859;0.607;SL;DH5|3|643
100457;2026.02.13 14:34:41;2026.02.13 14:40:21;SELL;0.09;5005.257;4984.461;5014.999;4985.773;187.16;87.68;0.908;2.135;TP;DH5|3|645
100459;2026.02.13 15:38:26;2026.02.13 15:56:32;SELL;0.07;5009.558;4982.133;5023.158;4982.358;191.98;95.20;0.967;2.017;TP;DH5|3|647
100461;2026.02.13 17:35:36;2026.02.13 19:41:31;BUY;0.08;5026.836;5033.692;5014.860;5050.788;54.85;95.81;0.955;0.572;SL;DH5|2|649
100463;2026.02.16 01:01:37;2026.02.16 01:04:35;SELL;0.11;5007.791;5016.643;5016.601;4990.171;-97.37;96.91;0.961;-1.005;SL;DH5|2|652
100465;2026.02.16 02:07:34;2026.02.16 02:35:22;SELL;0.2;5024.587;5015.438;5029.098;5015.565;182.98;90.22;0.903;2.028;TP;DH5|2|654
100467;2026.02.16 02:45:58;2026.02.16 02:48:31;BUY;0.16;5001.302;4995.366;4995.436;5013.034;-94.98;93.86;0.922;-1.012;SL;DH5|3|655
100469;2026.02.16 03:10:22;2026.02.16 03:31:44;BUY;0.16;4992.771;4992.563;4987.041;5004.231;-3.33;91.68;0.910;-0.036;SL;DH5|3|657
100471;2026.02.16 03:49:03;2026.02.16 03:50:29;SELL;0.12;4986.918;4986.973;4994.877;4971.000;-0.66;95.51;0.948;-0.007;SL;DH5|2|658
100473;2026.02.16 05:03:24;2026.02.16 05:03:53;SELL;0.17;4971.917;4971.920;4977.382;4960.987;-0.05;92.90;0.922;-0.001;SL;DH5|2|661
100475;2026.02.16 07:44:27;2026.02.16 07:47:12;SELL;0.23;5003.084;5007.209;5007.084;4995.084;-94.88;92.00;0.913;-1.031;SL;DH5|3|663
100477;2026.02.16 07:55:27;2026.02.16 08:02:33;SELL;0.23;5005.756;5009.799;5009.756;4997.756;-92.99;92.00;0.922;-1.011;SL;DH5|3|664
100479;2026.02.16 09:04:23;2026.02.16 09:15:38;SELL;0.22;5013.032;5013.126;5017.032;5005.032;-2.07;88.00;0.890;-0.024;SL;DH5|3|667
100481;2026.02.16 09:51:58;2026.02.16 10:12:36;SELL;0.22;5015.867;5007.828;5019.867;5007.867;176.86;88.00;0.890;2.010;TP;DH5|3|670
100483;2026.02.16 12:07:36;2026.02.16 12:18:42;SELL;0.22;5001.366;4993.063;5005.495;4993.108;182.67;90.84;0.903;2.011;TP;DH5|2|672
100485;2026.02.16 13:48:25;2026.02.16 14:20:26;BUY;0.21;4993.367;4993.076;4988.932;5002.237;-6.11;93.14;0.909;-0.066;SL;DH5|3|675
100487;2026.02.16 14:37:31;2026.02.16 15:03:13;SELL;0.16;4989.411;4977.165;4995.464;4977.305;195.94;96.85;0.946;2.023;TP;DH5|2|676
100489;2026.02.16 17:29:32;2026.02.16 18:02:31;BUY;0.17;4995.474;4989.516;4989.640;5007.142;-101.29;99.18;0.950;-1.021;SL;DH5|2|682
100491;2026.02.17 03:15:30;2026.02.17 03:49:38;SELL;0.13;4958.212;4958.253;4965.294;4944.048;-0.53;92.07;0.891;-0.006;SL;DH5|2|683
100493;2026.02.17 05:06:14;2026.02.17 05:14:19;SELL;0.13;4947.777;4932.978;4955.133;4933.065;192.39;95.63;0.925;2.012;TP;DH5|2|688
100495;2026.02.17 05:25:09;2026.02.17 05:26:36;SELL;0.09;4892.842;4904.260;4903.558;4871.410;-102.76;96.44;0.916;-1.066;SL;DH5|1|689
100497;2026.02.17 05:30:37;2026.02.17 05:31:38;SELL;0.13;4898.419;4883.166;4906.036;4883.185;198.29;99.02;0.950;2.002;TP;DH5|1|690
100499;2026.02.17 05:40:37;2026.02.17 05:52:33;SELL;0.08;4879.703;4893.048;4892.593;4853.923;-106.76;103.12;0.971;-1.035;SL;DH5|1|691
100501;2026.02.17 09:47:25;2026.02.17 09:51:36;SELL;0.12;4915.661;4923.758;4923.613;4899.757;-97.16;95.42;0.908;-1.018;SL;DH5|2|693
100503;2026.02.17 11:56:34;2026.02.17 11:58:36;SELL;0.16;4921.317;4927.202;4927.182;4909.587;-94.16;93.84;0.901;-1.003;SL;DH5|2|697
100505;2026.02.17 12:58:35;2026.02.17 13:19:40;SELL;0.11;4929.807;4912.953;4938.211;4912.999;185.39;92.44;0.895;2.005;TP;DH5|2|699
100507;2026.02.17 13:23:41;2026.02.17 13:32:41;SELL;0.19;4918.795;4908.137;4923.933;4908.519;202.50;97.62;0.929;2.074;TP;DH5|1|700
100509;2026.02.17 13:36:42;2026.02.17 13:40:38;SELL;0.14;4912.103;4919.559;4919.346;4897.617;-104.38;101.40;0.947;-1.029;SL;DH5|1|701
100511;2026.02.17 15:11:27;2026.02.17 15:22:37;SELL;0.06;4858.717;4876.012;4875.870;4824.411;-103.77;102.92;0.970;-1.008;SL;DH5|1|702
100513;2026.02.17 17:10:28;2026.02.17 17:17:31;SELL;0.11;4864.175;4859.286;4872.898;4846.729;53.78;95.95;0.914;0.560;SL;DH5|1|703
100515;2026.02.17 17:20:32;2026.02.17 17:56:20;SELL;0.13;4861.746;4862.045;4869.285;4846.668;-3.89;98.01;0.928;-0.040;SL;DH5|1|704
100517;2026.02.18 01:03:58;2026.02.18 01:36:12;SELL;0.15;4886.529;4893.106;4892.907;4873.773;-98.65;95.67;0.907;-1.031;SL;DH5|3|708
100519;2026.02.18 02:00:28;2026.02.18 02:04:29;SELL;0.16;4888.221;4894.230;4894.096;4876.471;-96.14;94.00;0.899;-1.023;SL;DH5|1|711
100521;2026.02.18 02:06:20;2026.02.18 02:13:41;SELL;0.17;4895.893;4901.722;4901.678;4884.323;-99.09;98.34;0.949;-1.008;SL;DH5|1|713
100523;2026.02.18 11:45:27;2026.02.18 11:50:31;SELL;0.22;4910.328;4914.932;4914.665;4901.654;-101.29;95.41;0.930;-1.062;SL;DH5|2|737
100525;2026.02.18 16:48:33;2026.02.18 16:58:04;SELL;0.23;5008.671;5000.504;5012.751;5000.511;187.84;93.84;0.924;2.002;TP;DH5|3|745
100527;2026.02.19 06:47:26;2026.02.19 07:14:34;BUY;0.24;5014.059;5017.633;5010.059;5022.059;85.78;96.00;0.928;0.893;SL;DH5|1|758
100529;2026.02.19 08:46:39;2026.02.19 09:10:34;SELL;0.24;5019.622;5019.629;5023.622;5011.622;-0.17;96.00;0.920;-0.002;SL;DH5|3|764
100531;2026.02.19 13:00:34;2026.02.19 13:26:42;SELL;0.13;4979.994;4987.605;4987.541;4964.900;-98.94;98.11;0.941;-1.008;SL;DH5|2|772
100533;2026.02.19 14:50:18;2026.02.19 14:53:36;SELL;0.14;4997.961;5004.890;5004.739;4984.405;-97.01;94.89;0.918;-1.022;SL;DH5|3|777
100535;2026.02.19 16:58:16;2026.02.19 17:22:32;SELL;0.09;4990.371;5001.212;5001.077;4968.959;-97.57;96.35;0.941;-1.013;SL;DH5|2|780
100537;2026.02.19 19:11:15;2026.02.19 19:39:40;BUY;0.11;4989.834;4981.359;4981.446;5006.610;-93.22;92.27;0.910;-1.010;SL;DH5|2|783
100539;2026.02.19 19:40:38;2026.02.19 19:43:43;SELL;0.14;4978.758;4985.657;4985.565;4965.144;-96.59;95.30;0.949;-1.014;SL;DH5|2|784
100541;2026.02.20 13:26:12;2026.02.20 13:32:24;BUY;0.13;5032.139;5024.779;5024.830;5046.757;-95.68;95.02;0.955;-1.007;SL;DH5|2|800
100543;2026.02.23 02:49:29;2026.02.23 02:54:36;SELL;0.14;5171.318;5171.543;5177.909;5158.136;-3.15;92.27;0.937;-0.034;SL;DH5|3|820
100545;2026.02.24 16:33:31;2026.02.24 16:40:31;SELL;0.1;5137.969;5147.184;5147.107;5119.693;-92.15;91.38;0.928;-1.008;SL;DH5|2|869
100547;2026.02.24 19:09:41;2026.02.24 20:21:16;SELL;0.14;5152.487;5158.821;5158.817;5139.827;-88.68;88.62;0.908;-1.001;SL;DH5|2|871
100549;2026.02.25 04:08:55;2026.02.25 04:18:30;SELL;0.09;5174.722;5184.203;5184.136;5155.894;-85.33;84.73;0.876;-1.007;SL;DH5|2|877
100551;2026.02.25 14:57:37;2026.02.25 15:02:40;SELL;0.15;5190.599;5196.688;5196.576;5178.645;-91.33;89.65;0.936;-1.019;SL;DH5|3|891
100553;2026.02.25 17:09:26;2026.02.25 17:45:28;BUY;0.1;5214.841;5205.765;5205.792;5232.939;-90.76;90.49;0.953;-1.003;SL;DH5|2|897
100555;2026.02.26 08:27:22;2026.02.26 08:49:37;SELL;0.12;5178.580;5179.103;5185.772;5164.196;-6.28;86.30;0.918;-0.073;SL;DH5|2|908
100557;2026.02.26 14:00:42;2026.02.26 14:27:31;SELL;0.1;5163.243;5172.406;5172.313;5145.103;-91.63;90.70;0.965;-1.010;SL;DH5|2|918
100559;2026.03.02 04:36:27;2026.03.02 04:44:32;SELL;0.12;5354.862;5355.043;5362.231;5340.124;-2.17;88.43;0.951;-0.025;SL;DH5|2|950
100561;2026.03.09 17:20:41;2026.03.09 18:23:36;SELL;0.09;5095.184;5104.708;5104.702;5076.148;-85.72;85.66;0.921;-1.001;SL;DH5|2|1068
100563;2026.03.12 19:07:27;2026.03.12 19:18:32;SELL;0.17;5089.949;5087.043;5094.931;5079.985;49.40;84.69;0.919;0.583;SL;DH5|1|1134
100565;2026.03.13 07:00:28;2026.03.13 07:06:05;SELL;0.17;5086.782;5091.765;5091.763;5076.820;-84.71;84.68;0.914;-1.000;SL;DH5|1|1143
100567;2026.03.13 07:10:42;2026.03.13 07:18:36;SELL;0.18;5090.024;5080.693;5094.643;5080.786;167.96;83.14;0.906;2.020;TP;DH5|1|1144
100569;2026.03.13 07:26:37;2026.03.13 07:29:36;SELL;0.16;5078.977;5084.380;5084.375;5068.181;-86.45;86.37;0.924;-1.001;SL;DH5|1|1146
100571;2026.03.13 10:32:32;2026.03.13 10:48:34;SELL;0.12;5084.817;5091.969;5091.895;5070.661;-85.82;84.94;0.917;-1.010;SL;DH5|2|1150
100573;2026.03.13 12:11:42;2026.03.13 12:22:32;SELL;0.15;5107.236;5112.794;5112.748;5096.212;-83.37;82.68;0.901;-1.008;SL;DH5|3|1154
100575;2026.03.13 13:30:42;2026.03.13 13:45:37;SELL;0.09;5105.807;5115.838;5115.524;5086.373;-90.28;87.45;0.962;-1.032;SL;DH5|2|1156
100577;2026.03.13 19:57:33;2026.03.13 20:01:35;SELL;0.16;5020.750;5020.774;5025.984;5010.282;-0.38;83.74;0.930;-0.005;SL;DH5|1|1167
100579;2026.03.16 05:33:38;2026.03.16 05:38:34;SELL;0.2;5005.454;5009.621;5009.454;4997.454;-83.34;80.00;0.889;-1.042;SL;DH5|1|1178
100581;2026.03.16 07:21:41;2026.03.16 07:33:38;SELL;0.15;5006.453;5006.551;5012.002;4995.355;-1.47;83.23;0.933;-0.018;SL;DH5|1|1181
100583;2026.03.16 07:40:30;2026.03.16 08:22:23;SELL;0.14;4995.877;4996.227;5001.584;4984.463;-4.90;79.90;0.896;-0.061;SL;DH5|1|1183
100585;2026.03.16 09:45:29;2026.03.16 10:09:29;SELL;0.11;4978.774;4978.852;4986.569;4963.184;-0.86;85.75;0.962;-0.010;SL;DH5|2|1191
100587;2026.03.16 13:20:28;2026.03.16 13:35:36;SELL;0.12;5024.485;5031.635;5031.449;5010.557;-85.80;83.57;0.938;-1.027;SL;DH5|3|1197
100589;2026.03.16 13:37:34;2026.03.16 13:42:45;SELL;0.13;5029.780;5029.930;5036.018;5017.304;-1.95;81.09;0.919;-0.024;SL;DH5|3|1199
100591;2026.03.16 14:09:33;2026.03.16 14:23:29;SELL;0.13;5034.249;5021.797;5040.320;5022.107;161.88;78.92;0.895;2.051;TP;DH5|3|1201
100593;2026.03.16 15:29:10;2026.03.16 15:35:32;SELL;0.07;4986.298;4997.863;4997.655;4963.584;-80.96;79.50;0.885;-1.018;SL;DH5|2|1203
100595;2026.03.16 16:26:26;2026.03.16 17:00:29;SELL;0.07;4983.112;4994.937;4994.563;4960.210;-82.77;80.16;0.900;-1.033;SL;DH5|2|1205
100597;2026.03.16 19:11:34;2026.03.16 19:36:30;SELL;0.17;5016.543;5013.833;5021.211;5007.207;46.07;79.36;0.900;0.581;SL;DH5|3|1209
100599;2026.03.17 10:04:24;2026.03.17 10:42:35;SELL;0.12;5007.970;4993.159;5014.880;4994.150;177.73;82.92;0.935;2.143;TP;DH5|2|1224
100601;2026.03.18 08:45:03;2026.03.18 09:05:38;SELL;0.1;4982.887;4990.981;4990.857;4966.947;-80.94;79.70;0.881;-1.016;SL;DH5|2|1247
100603;2026.03.18 12:25:02;2026.03.18 12:43:29;SELL;0.07;4899.091;4876.402;4910.364;4876.545;158.82;78.91;0.880;2.013;TP;DH5|1|1259
100605;2026.03.18 13:06:34;2026.03.18 13:18:07;SELL;0.07;4860.175;4837.137;4871.564;4837.397;161.27;79.72;0.874;2.023;TP;DH5|1|1262
100607;2026.03.18 13:24:34;2026.03.18 13:39:35;SELL;0.07;4857.469;4869.751;4869.607;4833.193;-85.97;84.97;0.915;-1.012;SL;DH5|1|1264
100609;2026.03.18 17:36:29;2026.03.18 18:00:25;SELL;0.17;4896.707;4893.028;4901.655;4886.811;62.54;84.12;0.914;0.744;SL;DH5|3|1266
100611;2026.03.18 18:15:42;2026.03.18 18:58:34;SELL;0.08;4879.838;4857.497;4890.948;4857.618;178.73;88.88;0.960;2.011;TP;DH5|2|1267
100613;2026.03.18 19:02:22;2026.03.18 19:06:35;SELL;0.11;4850.798;4858.784;4858.681;4835.032;-87.85;86.71;0.919;-1.013;SL;DH5|1|1270
100615;2026.03.19 04:13:23;2026.03.19 04:27:09;SELL;0.21;4849.813;4853.831;4853.813;4841.813;-84.38;84.00;0.898;-1.005;SL;DH5|1|1274
100617;2026.03.19 05:41:29;2026.03.19 05:46:16;SELL;0.21;4834.941;4834.991;4838.941;4826.941;-1.05;84.00;0.906;-0.013;SL;DH5|1|1276
100619;2026.03.19 05:49:34;2026.03.19 05:56:36;SELL;0.21;4837.261;4828.943;4841.261;4829.261;174.68;84.00;0.907;2.080;TP;DH5|1|1277
100621;2026.03.19 06:22:37;2026.03.19 06:27:25;SELL;0.15;4822.230;4822.244;4828.026;4810.638;-0.21;86.94;0.921;-0.002;SL;DH5|1|1280
100623;2026.03.19 06:28:21;2026.03.19 06:34:29;SELL;0.14;4820.897;4808.520;4827.003;4808.685;173.28;85.48;0.905;2.027;TP;DH5|1|1281
100625;2026.03.19 06:37:06;2026.03.19 06:39:05;SELL;0.13;4802.287;4798.663;4809.239;4788.383;47.11;90.38;0.940;0.521;SL;DH5|1|1283
100627;2026.03.19 06:39:40;2026.03.19 06:43:41;SELL;0.11;4795.795;4788.574;4804.037;4779.311;79.43;90.66;0.938;0.876;SL;DH5|1|1284
100629;2026.03.19 06:50:23;2026.03.19 06:54:14;SELL;0.1;4761.876;4757.025;4771.199;4743.230;48.51;93.23;0.957;0.520;SL;DH5|1|1285
100631;2026.03.19 06:59:35;2026.03.19 07:06:38;SELL;0.09;4764.887;4775.227;4775.189;4744.283;-93.06;92.72;0.947;-1.004;SL;DH5|1|1286
100633;2026.03.19 08:21:36;2026.03.19 08:33:38;SELL;0.07;4731.469;4704.970;4744.450;4705.507;185.49;90.87;0.937;2.041;TP;DH5|1|1290
100635;2026.03.19 08:37:30;2026.03.19 08:46:36;SELL;0.06;4711.883;4701.907;4726.127;4683.395;59.86;85.46;0.865;0.700;SL;DH5|1|1291
100637;2026.03.19 08:49:27;2026.03.19 09:16:37;SELL;0.06;4713.407;4704.217;4728.465;4683.291;55.14;90.35;0.909;0.610;SL;DH5|1|1292
100639;2026.03.19 10:28:30;2026.03.19 10:33:29;SELL;0.07;4685.625;4698.421;4698.093;4660.689;-89.57;87.28;0.873;-1.026;SL;DH5|1|1294
100641;2026.03.19 11:49:25;2026.03.19 12:01:34;SELL;0.09;4661.585;4640.427;4672.024;4640.707;190.42;93.95;0.948;2.027;TP;DH5|1|1297
100643;2026.03.19 12:07:44;2026.03.19 12:13:12;SELL;0.09;4633.438;4625.703;4644.303;4611.708;69.61;97.78;0.968;0.712;SL;DH5|1|1298
100645;2026.03.19 12:13:34;2026.03.19 12:17:36;SELL;0.08;4619.645;4630.930;4630.661;4597.613;-90.28;88.13;0.867;-1.024;SL;DH5|1|1299
100647;2026.03.19 12:33:23;2026.03.19 12:43:04;SELL;0.08;4610.248;4586.663;4621.856;4587.032;188.68;92.86;0.922;2.032;TP;DH5|1|1301
100649;2026.03.19 12:47:27;2026.03.19 12:49:32;SELL;0.06;4547.985;4548.168;4563.519;4516.917;-1.10;93.20;0.908;-0.012;SL;DH5|1|1303
100651;2026.03.19 12:52:35;2026.03.19 12:57:23;SELL;0.06;4563.717;4579.496;4579.317;4532.517;-94.67;93.60;0.912;-1.011;SL;DH5|1|1304
100653;2026.03.19 14:54:36;2026.03.19 15:05:37;SELL;0.05;4621.776;4622.045;4641.120;4583.088;-1.35;96.72;0.951;-0.014;SL;DH5|1|1306
100655;2026.03.19 17:06:37;2026.03.19 17:18:36;SELL;0.08;4591.153;4591.168;4603.420;4566.619;-0.12;98.14;0.965;-0.001;SL;DH5|1|1307
100657;2026.03.19 19:03:29;2026.03.19 19:06:34;SELL;0.07;4636.566;4651.039;4650.457;4608.784;-101.31;97.24;0.956;-1.042;SL;DH5|3|1310
100659;2026.03.19 19:16:28;2026.03.19 19:17:38;SELL;0.07;4647.722;4660.933;4660.248;4622.670;-92.48;87.68;0.871;-1.055;SL;DH5|3|1311
100661;2026.03.20 08:22:29;2026.03.20 08:26:32;SELL;0.13;4726.691;4733.708;4733.642;4712.789;-91.22;90.36;0.906;-1.009;SL;DH5|3|1317
100663;2026.03.20 09:40:57;2026.03.20 10:15:30;SELL;0.06;4674.432;4666.678;4690.006;4643.284;46.52;93.44;0.946;0.498;SL;DH5|2|1318
100665;2026.03.23 03:07:09;2026.03.23 03:41:34;SELL;0.05;4370.085;4337.354;4386.409;4337.437;163.65;81.62;0.822;2.005;TP;DH5|1|1337
100667;2026.03.23 05:36:04;2026.03.23 05:52:23;SELL;0.09;4331.824;4311.651;4341.906;4311.660;181.56;90.74;0.899;2.001;TP;DH5|1|1340
100669;2026.03.23 05:58:08;2026.03.23 06:02:30;SELL;0.08;4317.289;4294.622;4328.438;4294.991;181.34;89.19;0.868;2.033;TP;DH5|1|1341
100671;2026.03.23 06:08:31;2026.03.23 06:14:25;SELL;0.08;4277.530;4290.040;4289.607;4253.376;-100.08;96.62;0.924;-1.036;SL;DH5|1|1342
100673;2026.03.23 06:32:21;2026.03.23 06:39:30;SELL;0.06;4237.585;4237.615;4254.100;4204.555;-0.18;99.09;0.957;-0.002;SL;DH5|1|1343
100675;2026.03.23 06:41:01;2026.03.23 06:43:36;SELL;0.05;4233.662;4195.112;4252.083;4196.820;192.75;92.10;0.889;2.093;TP;DH5|1|1345
100677;2026.03.24 04:02:30;2026.03.24 04:19:37;SELL;0.11;4349.955;4330.857;4359.189;4331.487;210.08;101.57;0.963;2.068;TP;DH5|1|1356
100679;2026.03.24 04:22:32;2026.03.24 04:28:34;SELL;0.11;4332.231;4341.164;4340.912;4314.869;-98.26;95.49;0.888;-1.029;SL;DH5|1|1357
100681;2026.03.24 07:54:19;2026.03.24 08:00:41;SELL;0.09;4424.773;4402.624;4435.443;4403.433;199.34;96.03;0.901;2.076;TP;DH5|3|1359
100683;2026.03.24 11:01:06;2026.03.24 11:01:28;SELL;0.07;4429.343;4398.575;4443.964;4400.101;215.38;102.35;0.942;2.104;TP;DH5|3|1360
100685;2026.03.25 01:16:20;2026.03.25 01:38:28;BUY;0.12;4571.875;4588.869;4563.386;4588.853;203.93;101.87;0.920;2.002;TP;DH5|1|1365
100687;2026.03.25 02:01:32;2026.03.25 02:09:42;BUY;0.14;4589.355;4581.832;4581.939;4604.187;-105.32;103.82;0.921;-1.014;SL;DH5|1|1367
100689;2026.03.25 04:03:32;2026.03.25 05:17:36;BUY;0.19;4569.452;4563.927;4564.076;4580.204;-104.98;102.14;0.914;-1.028;SL;DH5|1|1369
100691;2026.03.26 08:48:24;2026.03.26 08:54:32;SELL;0.1;4427.053;4437.480;4437.154;4406.851;-104.27;101.01;0.913;-1.032;SL;DH5|1|1391
100693;2026.03.26 13:46:06;2026.03.26 13:59:16;SELL;0.11;4456.562;4437.233;4465.857;4437.972;212.62;102.25;0.933;2.080;TP;DH5|3|1394
100695;2026.03.26 14:24:34;2026.03.26 14:34:27;SELL;0.08;4459.154;4472.278;4472.032;4433.398;-104.99;103.02;0.922;-1.019;SL;DH5|3|1395
100697;2026.03.26 14:37:34;2026.03.26 14:56:32;SELL;0.08;4468.996;4459.329;4481.385;4444.218;77.34;99.11;0.895;0.780;SL;DH5|3|1396
100699;2026.03.27 01:01:31;2026.03.27 01:04:30;SELL;0.17;4383.525;4389.513;4389.499;4371.577;-101.80;101.56;0.911;-1.002;SL;DH5|1|1403
100701;2026.03.27 03:40:44;2026.03.27 04:56:07;SELL;0.13;4439.616;4447.654;4447.598;4423.652;-104.49;103.77;0.939;-1.007;SL;DH5|3|1405
100703;2026.03.27 04:56:27;2026.03.27 05:30:33;SELL;0.25;4445.800;4446.081;4449.800;4437.800;-7.02;100.00;0.914;-0.070;SL;DH5|3|1407
100705;2026.03.27 05:30:53;2026.03.27 05:35:25;BUY;0.15;4451.056;4464.234;4444.477;4464.214;197.67;98.69;0.902;2.003;TP;DH5|2|1408
100707;2026.03.27 12:54:30;2026.03.27 13:10:35;SELL;0.14;4439.631;4424.865;4446.816;4425.261;206.72;100.59;0.903;2.055;TP;DH5|3|1417
100709;2026.03.27 14:21:22;2026.03.27 14:47:31;SELL;0.1;4462.169;4473.066;4473.055;4440.397;-108.97;108.86;0.960;-1.001;SL;DH5|3|1420
100711;2026.03.30 03:24:28;2026.03.30 03:59:32;SELL;0.12;4512.993;4495.728;4521.583;4495.813;207.18;103.08;0.918;2.010;TP;DH5|3|1423
100713;2026.03.30 04:57:43;2026.03.30 05:21:23;BUY;0.14;4498.395;4513.735;4490.782;4513.621;214.76;106.58;0.932;2.015;TP;DH5|2|1425
100715;2026.03.30 09:15:34;2026.03.30 09:21:27;SELL;0.12;4526.361;4535.415;4535.212;4508.659;-108.65;106.21;0.911;-1.023;SL;DH5|2|1432
100717;2026.03.30 11:20:27;2026.03.30 11:26:29;SELL;0.16;4540.018;4547.060;4546.881;4526.292;-112.67;109.81;0.951;-1.026;SL;DH5|3|1435
100719;2026.03.30 18:54:39;2026.03.30 19:07:04;SELL;0.12;4508.715;4504.322;4517.352;4491.441;52.72;103.64;0.907;0.509;SL;DH5|2|1446
100721;2026.03.31 01:03:36;2026.03.31 01:15:26;SELL;0.1;4545.844;4546.123;4556.218;4525.096;-2.79;103.74;0.903;-0.027;SL;DH5|3|1449
100723;2026.03.31 04:20:30;2026.03.31 05:10:32;BUY;0.11;4567.482;4557.346;4557.460;4587.526;-111.50;110.24;0.960;-1.011;SL;DH5|2|1453
100725;2026.03.31 10:36:27;2026.03.31 10:38:37;SELL;0.15;4550.975;4537.073;4557.897;4537.131;208.53;103.83;0.913;2.008;TP;DH5|2|1461
100727;2026.03.31 11:30:27;2026.03.31 11:39:20;SELL;0.09;4572.587;4585.034;4584.960;4547.841;-112.02;111.36;0.962;-1.006;SL;DH5|3|1462
100729;2026.03.31 18:09:58;2026.03.31 19:00:30;SELL;0.12;4665.075;4674.045;4673.649;4647.927;-107.64;102.89;0.897;-1.046;SL;DH5|3|1475
100731;2026.03.31 19:11:03;2026.03.31 19:20:33;SELL;0.16;4670.562;4677.356;4677.209;4657.268;-108.70;106.35;0.936;-1.022;SL;DH5|3|1480
100733;2026.03.31 19:24:42;2026.03.31 19:39:31;SELL;0.14;4675.152;4682.786;4682.569;4660.318;-106.88;103.84;0.923;-1.029;SL;DH5|3|1481
100735;2026.04.01 07:34:36;2026.04.01 07:36:33;SELL;0.15;4732.375;4739.280;4739.275;4718.575;-103.57;103.50;0.929;-1.001;SL;DH5|3|1498
100737;2026.04.06 04:01:32;2026.04.06 05:01:05;BUY;0.1;4643.234;4663.801;4632.982;4663.738;205.67;102.52;0.929;2.006;TP;DH5|2|1531
100739;2026.04.06 05:12:34;2026.04.06 05:18:14;SELL;0.16;4671.435;4678.151;4677.936;4658.433;-107.46;104.02;0.925;-1.033;SL;DH5|3|1533
100741;2026.04.06 06:50:30;2026.04.06 07:09:31;BUY;0.14;4663.448;4656.284;4656.298;4677.748;-100.30;100.10;0.899;-1.002;SL;DH5|2|1534
100743;2026.04.06 09:50:28;2026.04.06 10:21:37;SELL;0.17;4696.564;4692.683;4702.621;4684.450;65.98;102.97;0.933;0.641;SL;DH5|2|1543
100745;2026.04.06 16:55:34;2026.04.06 17:14:15;SELL;0.14;4660.718;4646.507;4667.823;4646.508;198.95;99.47;0.896;2.000;TP;DH5|2|1548
100747;2026.04.06 18:11:23;2026.04.06 18:37:41;BUY;0.17;4661.253;4654.770;4654.960;4673.839;-110.21;106.98;0.946;-1.030;SL;DH5|2|1550
100749;2026.04.06 19:17:38;2026.04.06 19:55:28;SELL;0.11;4646.774;4656.791;4656.648;4627.026;-110.19;108.61;0.970;-1.014;SL;DH5|2|1551
100751;2026.04.06 19:55:29;2026.04.06 20:40:00;BUY;0.15;4657.110;4652.457;4650.391;4670.548;-69.79;100.79;0.909;-0.693;EA;DH5|2|1552
100753;2026.04.07 04:30:35;2026.04.07 04:42:34;BUY;0.2;4653.117;4663.399;4648.154;4663.043;205.64;99.26;0.901;2.072;TP;DH5|2|1555
100755;2026.04.07 12:48:59;2026.04.07 12:55:32;SELL;0.07;4647.819;4662.241;4662.101;4619.255;-100.95;99.97;0.891;-1.010;SL;DH5|2|1560
100757;2026.04.07 18:49:48;2026.04.07 19:08:40;SELL;0.11;4672.282;4668.520;4681.762;4653.322;41.38;104.28;0.938;0.397;SL;DH5|2|1565
100759;2026.04.08 08:25:26;2026.04.08 09:25:38;SELL;0.11;4804.439;4804.575;4813.794;4785.729;-1.50;102.90;0.922;-0.015;SL;DH5|2|1572
100761;2026.04.09 02:56:31;2026.04.09 03:19:36;SELL;0.14;4720.696;4706.352;4727.846;4706.396;200.82;100.10;0.897;2.006;TP;DH5|2|1590
100763;2026.04.09 05:10:41;2026.04.09 05:20:26;SELL;0.15;4713.548;4720.633;4720.627;4699.390;-106.28;106.19;0.935;-1.001;SL;DH5|2|1591
100765;2026.04.09 06:53:26;2026.04.09 07:05:34;SELL;0.11;4707.668;4717.553;4717.530;4687.944;-108.74;108.48;0.964;-1.002;SL;DH5|2|1592
100767;2026.04.09 07:08:59;2026.04.09 07:20:37;SELL;0.18;4726.215;4715.057;4731.783;4715.079;200.84;100.22;0.899;2.004;TP;DH5|3|1594
100769;2026.04.09 10:39:08;2026.04.09 10:47:35;SELL;0.26;4738.542;4742.635;4742.542;4730.542;-106.42;104.00;0.917;-1.023;SL;DH5|3|1596
100771;2026.04.09 18:03:34;2026.04.09 18:41:36;SELL;0.13;4786.802;4769.558;4795.146;4770.114;224.17;108.47;0.965;2.067;TP;DH5|2|1606
100773;2026.04.09 19:46:38;2026.04.09 20:40:00;SELL;0.13;4768.819;4764.806;4776.922;4752.613;52.17;105.34;0.919;0.495;EA;DH5|2|1607
100775;2026.04.10 01:00:18;2026.04.10 01:46:40;BUY;0.14;4764.010;4768.766;4756.384;4779.262;66.58;106.76;0.927;0.624;SL;DH5|2|1608
100777;2026.04.10 04:41:37;2026.04.10 05:36:36;SELL;0.2;4762.028;4767.323;4767.259;4751.566;-105.90;104.62;0.903;-1.012;SL;DH5|2|1611
100779;2026.04.10 08:44:37;2026.04.10 08:55:35;SELL;0.16;4741.660;4738.032;4748.454;4728.072;58.05;108.70;0.947;0.534;SL;DH5|2|1615
100781;2026.04.10 11:24:58;2026.04.10 11:44:32;SELL;0.26;4760.913;4764.964;4764.913;4752.913;-105.33;104.00;0.902;-1.013;SL;DH5|3|1619
100783;2026.04.10 11:51:38;2026.04.10 11:59:29;SELL;0.21;4762.921;4768.153;4767.915;4752.933;-109.87;104.87;0.918;-1.048;SL;DH5|3|1620
100785;2026.04.10 12:00:29;2026.04.10 12:17:22;SELL;0.26;4766.771;4770.834;4770.771;4758.771;-105.64;104.00;0.919;-1.016;SL;DH5|3|1621
100787;2026.04.10 14:16:35;2026.04.10 14:18:33;SELL;0.16;4781.790;4788.377;4788.368;4768.634;-105.39;105.25;0.939;-1.001;SL;DH5|3|1624
100789;2026.04.10 14:34:34;2026.04.10 14:43:37;SELL;0.12;4788.041;4783.578;4796.676;4770.771;53.56;103.62;0.933;0.517;SL;DH5|3|1625
100791;2026.04.10 18:03:32;2026.04.10 18:12:25;SELL;0.15;4756.540;4763.684;4763.661;4742.298;-107.16;106.82;0.957;-1.003;SL;DH5|2|1628
100793;2026.04.10 19:30:35;2026.04.10 20:05:04;SELL;0.2;4762.371;4752.161;4767.462;4752.189;204.20;101.82;0.921;2.005;TP;DH5|2|1629
100795;2026.04.13 02:39:55;2026.04.13 04:57:29;SELL;0.13;4716.547;4724.581;4724.470;4700.701;-104.44;103.00;0.915;-1.014;SL;DH5|2|1631
100797;2026.04.13 06:00:18;2026.04.13 06:00:49;SELL;0.25;4727.788;4727.877;4731.788;4719.788;-2.22;100.00;0.897;-0.022;SL;DH5|3|1634
100799;2026.04.13 06:31:35;2026.04.13 06:48:32;SELL;0.25;4731.461;4723.258;4735.542;4723.299;205.08;102.03;0.915;2.010;TP;DH5|3|1636
100801;2026.04.13 06:48:58;2026.04.13 07:00:33;SELL;0.16;4722.512;4729.007;4728.994;4709.548;-103.92;103.71;0.913;-1.002;SL;DH5|2|1637
100803;2026.04.13 08:41:35;2026.04.13 09:38:41;SELL;0.14;4725.890;4711.054;4733.260;4711.150;207.70;103.18;0.917;2.013;TP;DH5|2|1641
100805;2026.04.13 10:25:31;2026.04.13 10:34:32;SELL;0.16;4708.707;4715.558;4715.457;4695.207;-109.62;108.00;0.942;-1.015;SL;DH5|2|1644
100807;2026.04.13 16:06:37;2026.04.13 16:40:31;BUY;0.11;4719.116;4738.561;4709.444;4738.460;213.89;106.39;0.937;2.010;TP;DH5|2|1652
100809;2026.04.13 18:51:33;2026.04.13 20:40:00;BUY;0.13;4737.461;4738.573;4729.260;4753.863;14.46;106.61;0.922;0.136;EA;DH5|2|1656
100811;2026.04.14 01:12:35;2026.04.14 01:20:15;BUY;0.23;4774.264;4769.697;4769.706;4783.380;-105.04;104.83;0.905;-1.002;SL;DH5|1|1657
100813;2026.04.14 06:45:27;2026.04.14 07:00:27;BUY;0.16;4771.306;4784.286;4764.825;4784.268;207.68;103.70;0.904;2.003;TP;DH5|2|1662
100815;2026.04.14 14:20:24;2026.04.14 14:27:34;SELL;0.16;4802.868;4809.680;4809.646;4789.312;-108.99;108.45;0.928;-1.005;SL;DH5|3|1671
100817;2026.04.14 16:19:35;2026.04.14 16:59:26;BUY;0.15;4817.024;4809.642;4809.895;4831.282;-110.73;106.93;0.924;-1.035;SL;DH5|2|1673
100819;2026.04.14 17:05:26;2026.04.14 17:17:41;BUY;0.15;4821.444;4826.013;4814.220;4835.892;68.53;108.36;0.945;0.632;SL;DH5|2|1676
100821;2026.04.14 18:08:44;2026.04.14 18:50:33;BUY;0.11;4842.355;4832.400;4832.452;4862.161;-109.50;108.93;0.945;-1.005;SL;DH5|2|1682
100823;2026.04.15 01:07:31;2026.04.15 01:16:01;BUY;0.15;4838.998;4854.487;4832.054;4852.886;232.33;104.16;0.912;2.231;TP;DH5|2|1684
100825;2026.04.15 05:36:34;2026.04.15 05:38:41;SELL;0.21;4821.835;4819.340;4827.024;4811.457;52.39;108.97;0.935;0.481;SL;DH5|2|1692
100827;2026.04.15 06:35:33;2026.04.15 06:51:31;BUY;0.2;4815.685;4815.405;4810.157;4826.741;-5.60;110.56;0.945;-0.051;SL;DH5|1|1695
100829;2026.04.15 07:01:06;2026.04.15 08:57:30;SELL;0.16;4810.365;4817.340;4817.199;4796.697;-111.60;109.34;0.935;-1.021;SL;DH5|2|1696
100831;2026.04.15 13:43:31;2026.04.15 13:50:33;SELL;0.24;4821.575;4826.185;4826.029;4812.667;-110.64;106.90;0.923;-1.035;SL;DH5|3|1704
100833;2026.04.16 01:01:31;2026.04.16 01:15:36;BUY;0.23;4833.166;4828.583;4828.640;4842.218;-105.41;104.10;0.907;-1.013;SL;DH5|1|1709
100835;2026.04.16 09:31:37;2026.04.16 09:44:04;SELL;0.17;4807.501;4813.670;4813.623;4795.257;-104.87;104.07;0.915;-1.008;SL;DH5|2|1715
100837;2026.04.16 10:15:18;2026.04.16 10:41:26;SELL;0.16;4805.215;4811.755;4811.711;4792.223;-104.64;103.94;0.923;-1.007;SL;DH5|2|1716
100839;2026.04.16 13:30:40;2026.04.16 13:34:28;SELL;0.17;4813.166;4819.262;4819.213;4801.072;-103.63;102.80;0.921;-1.008;SL;DH5|2|1719
100841;2026.04.17 02:59:36;2026.04.17 03:03:30;SELL;0.16;4784.416;4790.987;4790.762;4771.724;-105.14;101.54;0.918;-1.035;SL;DH5|2|1728
100843;2026.04.17 07:42:32;2026.04.17 08:04:30;SELL;0.15;4783.453;4790.312;4790.198;4769.963;-102.88;101.17;0.924;-1.017;SL;DH5|2|1731
100845;2026.04.17 10:00:51;2026.04.17 11:00:15;SELL;0.16;4789.015;4789.169;4795.107;4776.831;-2.46;97.47;0.898;-0.025;SL;DH5|2|1733
100847;2026.04.20 12:05:32;2026.04.20 12:17:39;SELL;0.18;4807.686;4813.430;4813.388;4796.282;-103.39;102.64;0.946;-1.007;SL;DH5|3|1749
100849;2026.04.20 16:18:34;2026.04.20 16:27:30;SELL;0.12;4793.339;4801.887;4801.533;4776.951;-102.58;98.33;0.915;-1.043;SL;DH5|2|1756
100851;2026.04.21 04:15:18;2026.04.21 04:17:29;SELL;0.2;4791.891;4796.760;4796.698;4782.277;-97.38;96.14;0.903;-1.013;SL;DH5|2|1768
100853;2026.04.21 12:19:24;2026.04.21 12:30:35;SELL;0.12;4785.145;4768.681;4793.278;4768.879;197.57;97.60;0.926;2.024;TP;DH5|2|1783
100855;2026.04.22 01:00:08;2026.04.22 01:01:10;SELL;0.18;4738.078;4743.557;4743.526;4727.182;-98.62;98.06;0.913;-1.006;SL;DH5|2|1795
100857;2026.04.22 15:57:34;2026.04.22 16:09:14;SELL;0.24;4729.962;4733.971;4733.962;4721.962;-96.22;96.00;0.902;-1.002;SL;DH5|1|1812
100859;2026.04.23 01:32:12;2026.04.23 01:42:13;SELL;0.16;4729.585;4735.608;4735.608;4717.539;-96.37;96.37;0.914;-1.000;SL;DH5|1|1819
100861;2026.04.23 09:06:39;2026.04.23 09:18:31;SELL;0.23;4698.460;4702.634;4702.612;4690.156;-96.00;95.50;0.914;-1.005;SL;DH5|1|1824
100863;2026.04.23 10:08:57;2026.04.23 10:15:31;SELL;0.17;4694.092;4691.312;4699.724;4682.828;47.26;95.74;0.925;0.494;SL;DH5|2|1827
100865;2026.04.23 15:45:25;2026.04.23 16:31:24;SELL;0.11;4725.685;4725.719;4734.655;4707.745;-0.37;98.67;0.949;-0.004;SL;DH5|2|1833
100867;2026.04.24 01:05:15;2026.04.24 01:07:31;SELL;0.13;4695.709;4703.148;4703.129;4680.869;-96.71;96.46;0.927;-1.003;SL;DH5|2|1836
100869;2026.04.24 02:22:34;2026.04.24 02:55:31;SELL;0.14;4689.043;4674.973;4696.033;4675.063;196.98;97.86;0.950;2.013;TP;DH5|2|1839
100871;2026.04.24 04:00:27;2026.04.24 04:10:13;SELL;0.19;4669.675;4674.810;4674.765;4659.495;-97.57;96.71;0.921;-1.009;SL;DH5|2|1845
100873;2026.04.24 04:26:33;2026.04.24 04:37:31;SELL;0.24;4661.682;4665.760;4665.682;4653.682;-97.87;96.00;0.923;-1.020;SL;DH5|1|1847
100875;2026.04.24 06:38:08;2026.04.24 06:52:39;SELL;0.23;4673.087;4670.992;4677.087;4665.087;48.19;92.00;0.893;0.524;SL;DH5|1|1849
100877;2026.04.24 08:00:32;2026.04.24 08:16:06;SELL;0.24;4691.334;4691.452;4695.334;4683.334;-2.83;96.00;0.927;-0.030;SL;DH5|3|1852
100879;2026.04.24 09:24:39;2026.04.24 09:42:28;SELL;0.16;4686.766;4687.029;4692.653;4674.992;-4.21;94.19;0.910;-0.045;SL;DH5|2|1854
100881;2026.04.24 09:56:39;2026.04.24 10:38:09;SELL;0.24;4682.776;4678.945;4686.776;4674.776;91.94;96.00;0.928;0.958;SL;DH5|1|1855
100883;2026.04.24 11:13:36;2026.04.24 11:22:36;SELL;0.13;4696.719;4705.146;4704.255;4681.647;-109.55;97.97;0.938;-1.118;SL;DH5|3|1858
100885;2026.04.24 17:31:42;2026.04.24 17:54:26;SELL;0.16;4719.942;4725.920;4725.845;4708.136;-95.65;94.45;0.914;-1.013;SL;DH5|2|1864
100887;2026.04.24 18:27:30;2026.04.24 19:02:27;SELL;0.18;4719.040;4724.399;4724.387;4708.346;-96.46;96.25;0.940;-1.002;SL;DH5|2|1865
100889;2026.04.27 13:35:37;2026.04.27 14:36:28;SELL;0.13;4692.452;4692.604;4699.492;4678.372;-1.98;91.52;0.903;-0.022;SL;DH5|2|1874
100891;2026.04.28 01:50:31;2026.04.28 01:58:22;SELL;0.18;4683.125;4672.802;4688.167;4673.041;185.81;90.76;0.895;2.047;TP;DH5|2|1884
100893;2026.04.29 08:36:36;2026.04.29 08:44:35;SELL;0.12;4559.205;4567.533;4567.415;4542.785;-99.94;98.52;0.954;-1.014;SL;DH5|2|1927
100895;2026.04.30 03:33:54;2026.04.30 04:11:04;SELL;0.18;4560.197;4556.641;4565.493;4549.605;64.01;95.33;0.933;0.671;SL;DH5|2|1947
100897;2026.05.01 07:22:20;2026.05.01 07:57:19;SELL;0.18;4589.066;4578.304;4594.381;4578.436;193.72;95.67;0.930;2.025;TP;DH5|2|1983
100899;2026.05.01 17:30:33;2026.05.01 18:16:32;SELL;0.13;4630.290;4615.549;4637.644;4615.582;191.63;95.60;0.912;2.004;TP;DH5|2|2001
100901;2026.05.04 05:00:28;2026.05.04 05:19:26;SELL;0.19;4604.851;4609.947;4609.920;4594.713;-96.82;96.31;0.903;-1.005;SL;DH5|2|2011
100903;2026.05.04 16:13:34;2026.05.04 16:19:38;SELL;0.09;4512.295;4523.805;4523.531;4489.823;-103.59;101.12;0.956;-1.024;SL;DH5|1|2029
100905;2026.05.11 02:53:30;2026.05.11 05:35:08;SELL;0.08;4680.310;4680.323;4691.653;4657.624;-0.10;90.74;0.867;-0.001;SL;DH5|2|2144
100907;2026.05.11 05:54:29;2026.05.11 05:57:28;SELL;0.24;4656.076;4652.857;4660.076;4648.076;77.26;96.00;0.917;0.805;SL;DH5|1|2149
100909;2026.05.11 07:47:53;2026.05.11 08:21:44;SELL;0.12;4668.348;4676.820;4676.747;4651.550;-101.66;100.79;0.956;-1.009;SL;DH5|2|2151
100911;2026.05.11 09:24:22;2026.05.11 09:35:30;SELL;0.15;4662.238;4657.203;4668.694;4649.326;75.52;96.84;0.927;0.780;SL;DH5|2|2153
100913;2026.05.11 12:21:45;2026.05.11 12:22:13;SELL;0.15;4676.077;4682.741;4682.581;4663.069;-99.96;97.56;0.927;-1.025;SL;DH5|3|2158
100915;2026.05.12 06:55:50;2026.05.12 07:09:25;SELL;0.13;4694.360;4694.405;4701.919;4679.242;-0.59;98.27;0.943;-0.006;SL;DH5|2|2171
100917;2026.05.12 09:44:29;2026.05.12 09:51:04;SELL;0.19;4696.763;4701.946;4701.928;4686.433;-98.48;98.13;0.942;-1.003;SL;DH5|2|2176
100919;2026.05.12 10:32:35;2026.05.12 10:59:41;SELL;0.12;4694.615;4694.620;4702.613;4678.619;-0.06;95.98;0.930;-0.001;SL;DH5|2|2178
100921;2026.05.12 12:24:38;2026.05.12 12:34:18;SELL;0.13;4697.599;4697.686;4704.736;4683.325;-1.13;92.78;0.899;-0.012;SL;DH5|2|2181
100923;2026.05.12 12:46:58;2026.05.12 13:00:30;SELL;0.18;4707.961;4708.079;4713.130;4697.623;-2.12;93.04;0.901;-0.023;SL;DH5|3|2182
100925;2026.05.12 18:02:25;2026.05.12 18:10:21;SELL;0.23;4680.744;4680.758;4684.744;4672.744;-0.32;92.00;0.892;-0.004;SL;DH5|1|2189
100927;2026.05.13 02:30:38;2026.05.13 03:26:22;SELL;0.11;4696.820;4696.840;4705.148;4680.164;-0.22;91.61;0.888;-0.002;SL;DH5|2|2200
100929;2026.05.13 12:01:29;2026.05.13 12:07:34;SELL;0.16;4695.307;4701.324;4701.300;4683.321;-96.27;95.89;0.929;-1.004;SL;DH5|2|2210
100931;2026.05.13 13:36:30;2026.05.13 14:31:34;SELL;0.1;4677.923;4687.716;4687.680;4658.409;-97.93;97.57;0.954;-1.004;SL;DH5|2|2213
100933;2026.05.13 17:34:27;2026.05.13 18:06:17;SELL;0.18;4693.392;4690.098;4698.639;4682.898;59.29;94.45;0.933;0.628;SL;DH5|2|2219
100935;2026.05.13 18:46:25;2026.05.13 18:53:30;SELL;0.17;4684.992;4685.080;4690.385;4674.206;-1.50;91.68;0.900;-0.016;SL;DH5|2|2220
100937;2026.05.13 19:53:18;2026.05.13 19:58:39;SELL;0.22;4684.052;4688.283;4688.248;4675.660;-93.08;92.31;0.907;-1.008;SL;DH5|2|2221
100939;2026.05.14 01:00:00;2026.05.14 01:03:41;SELL;0.22;4705.053;4696.263;4709.184;4696.791;193.38;90.88;0.901;2.128;TP;DH5|3|2222
100941;2026.05.14 01:06:27;2026.05.14 03:26:33;SELL;0.1;4691.378;4691.472;4700.448;4673.238;-0.94;90.70;0.882;-0.010;SL;DH5|2|2223
100943;2026.05.14 03:39:50;2026.05.14 04:08:24;SELL;0.11;4679.186;4679.213;4687.720;4662.118;-0.30;93.87;0.913;-0.003;SL;DH5|2|2227
100945;2026.05.14 05:59:48;2026.05.14 06:44:34;SELL;0.1;4689.067;4699.080;4698.916;4669.369;-100.13;98.49;0.958;-1.017;SL;DH5|2|2232
100947;2026.05.14 12:22:26;2026.05.14 12:33:29;SELL;0.23;4705.969;4705.977;4709.969;4697.969;-0.18;92.00;0.904;-0.002;SL;DH5|3|2241
100949;2026.05.14 12:35:55;2026.05.14 12:44:41;SELL;0.21;4707.106;4698.034;4711.550;4698.218;190.51;93.32;0.917;2.041;TP;DH5|3|2242
100951;2026.05.14 13:18:37;2026.05.14 13:40:26;SELL;0.11;4695.093;4677.527;4703.787;4677.705;193.23;95.63;0.922;2.020;TP;DH5|2|2243
100953;2026.05.14 16:03:41;2026.05.14 16:48:37;SELL;0.16;4679.816;4676.671;4685.972;4667.504;50.32;98.50;0.932;0.511;SL;DH5|2|2247
100955;2026.05.15 01:01:31;2026.05.15 01:20:32;SELL;0.09;4621.834;4621.852;4632.308;4600.886;-0.16;94.27;0.888;-0.002;SL;DH5|1|2249
100957;2026.05.15 03:34:35;2026.05.15 03:42:41;SELL;0.1;4607.293;4617.332;4617.280;4587.319;-100.39;99.87;0.941;-1.005;SL;DH5|2|2253
100959;2026.05.15 04:22:25;2026.05.15 05:08:35;SELL;0.13;4608.961;4593.582;4616.468;4593.947;199.93;97.59;0.928;2.049;TP;DH5|2|2254
100961;2026.05.15 05:16:37;2026.05.15 05:19:24;SELL;0.21;4592.898;4583.495;4597.515;4583.664;197.46;96.96;0.905;2.037;TP;DH5|1|2256
100963;2026.05.15 05:37:35;2026.05.15 05:41:38;SELL;0.15;4566.736;4573.944;4573.630;4552.948;-108.12;103.41;0.948;-1.046;SL;DH5|1|2258
100965;2026.05.15 05:42:30;2026.05.15 05:50:40;SELL;0.15;4570.925;4571.057;4577.385;4558.005;-1.98;96.90;0.897;-0.020;SL;DH5|1|2259
100967;2026.05.15 06:02:29;2026.05.15 06:06:36;SELL;0.13;4560.483;4568.297;4568.029;4545.391;-101.58;98.10;0.908;-1.036;SL;DH5|1|2261
100969;2026.05.15 08:15:29;2026.05.15 08:17:31;SELL;0.19;4564.589;4553.811;4569.888;4553.991;204.78;100.68;0.941;2.034;TP;DH5|1|2262
100971;2026.05.15 12:04:34;2026.05.15 12:10:31;SELL;0.21;4550.216;4555.416;4555.094;4540.460;-109.20;102.44;0.939;-1.066;SL;DH5|1|2269
100973;2026.05.15 18:18:43;2026.05.15 18:50:31;SELL;0.19;4555.355;4560.561;4560.528;4545.009;-98.91;98.29;0.910;-1.006;SL;DH5|2|2273
100975;2026.05.18 03:45:38;2026.05.18 04:30:26;SELL;0.15;4543.825;4537.503;4550.578;4530.319;94.83;101.30;0.947;0.936;SL;DH5|3|2279
100977;2026.05.18 07:32:31;2026.05.18 07:50:40;SELL;0.14;4554.326;4540.344;4561.317;4540.344;195.75;97.87;0.907;2.000;TP;DH5|3|2285
100979;2026.05.18 11:48:34;2026.05.18 12:32:33;SELL;0.1;4556.322;4556.448;4566.013;4536.940;-1.26;96.91;0.882;-0.013;SL;DH5|3|2294
100981;2026.05.18 16:28:40;2026.05.18 16:38:08;SELL;0.13;4537.357;4545.055;4545.030;4522.011;-100.07;99.75;0.908;-1.003;SL;DH5|2|2299
100983;2026.05.18 18:02:25;2026.05.18 19:01:24;SELL;0.16;4544.653;4541.497;4551.068;4531.823;50.50;102.64;0.943;0.492;SL;DH5|2|2300
100985;2026.05.19 03:56:41;2026.05.19 05:27:02;SELL;0.15;4543.836;4537.573;4550.452;4530.604;93.94;99.24;0.907;0.947;SL;DH5|2|2305
100987;2026.05.19 08:00:40;2026.05.19 08:12:39;SELL;0.18;4554.577;4542.860;4560.356;4543.019;210.91;104.02;0.943;2.028;TP;DH5|3|2314
100989;2026.05.19 12:04:09;2026.05.19 12:07:34;SELL;0.25;4533.754;4537.842;4537.797;4525.668;-102.20;101.07;0.899;-1.011;SL;DH5|1|2320
100991;2026.05.19 13:00:35;2026.05.19 13:06:32;SELL;0.14;4534.994;4520.450;4542.198;4520.586;203.62;100.86;0.905;2.019;TP;DH5|2|2321
100993;2026.05.19 13:13:33;2026.05.19 13:22:29;SELL;0.19;4522.226;4510.823;4527.858;4510.962;216.66;107.01;0.943;2.025;TP;DH5|1|2322
100995;2026.05.19 17:24:26;2026.05.19 17:29:38;SELL;0.24;4504.015;4508.575;4508.527;4494.991;-109.44;108.29;0.937;-1.011;SL;DH5|2|2326
100997;2026.05.19 18:20:48;2026.05.19 19:23:31;SELL;0.2;4498.199;4487.328;4503.581;4487.435;217.42;107.64;0.940;2.020;TP;DH5|2|2328
100999;2026.05.19 19:29:33;2026.05.19 20:08:33;SELL;0.27;4487.495;4485.301;4491.495;4479.495;59.24;108.00;0.926;0.548;SL;DH5|1|2331
101001;2026.05.20 01:34:27;2026.05.20 01:36:33;SELL;0.16;4472.966;4457.571;4479.918;4459.062;246.32;111.23;0.949;2.214;TP;DH5|1|2333
101003;2026.05.20 01:45:29;2026.05.20 01:49:35;SELL;0.15;4465.154;4472.392;4472.380;4450.702;-108.57;108.39;0.905;-1.002;SL;DH5|1|2334
101005;2026.05.20 03:12:29;2026.05.20 03:36:38;SELL;0.17;4458.480;4464.849;4464.820;4445.800;-108.27;107.78;0.908;-1.005;SL;DH5|1|2337
101007;2026.05.20 04:00:51;2026.05.20 04:36:08;BUY;0.18;4467.011;4461.052;4461.059;4478.915;-107.26;107.14;0.911;-1.001;SL;DH5|2|2338
101009;2026.05.20 08:31:13;2026.05.20 08:45:43;SELL;0.21;4485.571;4482.277;4490.684;4475.345;69.17;107.37;0.922;0.644;SL;DH5|3|2341
101011;2026.05.20 09:55:30;2026.05.20 10:05:40;SELL;0.27;4488.950;4488.975;4492.969;4480.912;-0.68;108.51;0.926;-0.006;SL;DH5|3|2344
101013;2026.05.20 12:31:39;2026.05.20 12:48:38;SELL;0.25;4500.955;4505.359;4505.294;4492.277;-110.10;108.47;0.926;-1.015;SL;DH5|3|2350
101015;2026.05.20 14:23:08;2026.05.20 14:24:40;SELL;0.16;4508.045;4502.858;4514.699;4494.737;82.99;106.46;0.917;0.780;SL;DH5|3|2354
101017;2026.05.20 16:21:31;2026.05.20 16:45:05;SELL;0.13;4526.127;4534.409;4534.331;4509.719;-107.67;106.65;0.912;-1.010;SL;DH5|2|2358
101019;2026.05.21 03:50:40;2026.05.21 04:14:34;SELL;0.18;4530.422;4536.499;4536.492;4518.282;-109.39;109.26;0.943;-1.001;SL;DH5|2|2365
101021;2026.05.21 09:20:07;2026.05.21 09:44:29;SELL;0.26;4539.437;4531.089;4543.532;4531.247;217.05;106.47;0.928;2.039;TP;DH5|3|2370
101023;2026.05.21 17:06:15;2026.05.21 17:10:12;SELL;0.2;4514.128;4519.607;4519.451;4503.482;-109.58;106.46;0.911;-1.029;SL;DH5|2|2384
101025;2026.05.22 02:33:35;2026.05.22 02:51:41;SELL;0.15;4520.134;4527.219;4527.161;4506.080;-106.28;105.41;0.910;-1.008;SL;DH5|2|2392
101027;2026.05.22 09:54:35;2026.05.22 10:29:26;SELL;0.26;4533.560;4525.368;4537.560;4525.560;212.99;104.00;0.906;2.048;TP;DH5|3|2396
101029;2026.05.22 19:02:31;2026.05.22 20:40:00;SELL;0.21;4511.847;4506.668;4516.945;4501.651;108.76;107.06;0.916;1.016;EA;DH5|2|2404
101031;2026.05.25 01:07:34;2026.05.25 01:28:32;SELL;0.13;4565.547;4573.889;4573.842;4548.957;-108.45;107.83;0.914;-1.006;SL;DH5|2|2405
101033;2026.05.26 02:46:43;2026.05.26 03:01:38;SELL;0.19;4531.016;4536.629;4536.602;4519.844;-106.65;106.13;0.908;-1.005;SL;DH5|2|2412
101035;2026.05.26 08:30:02;2026.05.26 08:49:25;BUY;0.26;4522.729;4522.686;4518.645;4530.897;-1.12;106.18;0.917;-0.011;SL;DH5|3|2419
101037;2026.05.26 15:40:35;2026.05.26 15:53:20;SELL;0.26;4506.724;4510.763;4510.724;4498.724;-105.01;104.00;0.898;-1.010;SL;DH5|1|2430
101039;2026.05.27 01:05:40;2026.05.27 01:10:33;SELL;0.2;4513.342;4518.685;4518.634;4502.758;-106.86;105.84;0.922;-1.010;SL;DH5|2|2433
101041;2026.05.27 06:26:35;2026.05.27 06:44:29;SELL;0.21;4487.120;4487.198;4492.109;4477.142;-1.64;104.77;0.922;-0.016;SL;DH5|1|2436
101043;2026.05.27 17:11:37;2026.05.27 17:24:42;SELL;0.16;4441.933;4448.694;4448.579;4428.641;-108.18;106.34;0.935;-1.017;SL;DH5|2|2455
101045;2026.05.28 03:25:24;2026.05.28 03:37:39;SELL;0.21;4385.502;4375.723;4390.372;4375.762;205.36;102.27;0.908;2.008;TP;DH5|1|2469
101047;2026.05.28 03:41:36;2026.05.28 03:45:31;SELL;0.19;4373.741;4379.224;4379.189;4362.845;-104.18;103.51;0.903;-1.006;SL;DH5|1|2470
101049;2026.05.28 03:59:41;2026.05.28 04:07:31;SELL;0.19;4374.947;4380.364;4380.355;4364.131;-102.92;102.75;0.905;-1.002;SL;DH5|1|2471
101051;2026.05.28 04:23:04;2026.05.28 05:12:02;SELL;0.18;4370.401;4376.602;4376.326;4358.551;-111.62;106.65;0.947;-1.047;SL;DH5|1|2472
101053;2026.05.28 09:23:08;2026.05.28 09:50:35;SELL;0.25;4396.251;4394.249;4400.251;4388.251;50.05;100.00;0.897;0.501;SL;DH5|3|2477
101055;2026.05.28 14:09:57;2026.05.28 14:12:39;SELL;0.15;4437.808;4445.364;4444.889;4423.646;-113.34;106.22;0.949;-1.067;SL;DH5|3|2482
101057;2026.05.28 16:06:16;2026.05.28 16:16:31;SELL;0.22;4484.296;4488.954;4488.920;4475.048;-102.48;101.73;0.918;-1.007;SL;DH5|3|2486
101059;2026.05.28 17:29:42;2026.05.28 17:46:41;SELL;0.12;4500.670;4509.018;4508.877;4484.256;-100.18;98.48;0.897;-1.017;SL;DH5|2|2491
101061;2026.05.29 01:00:56;2026.05.29 01:01:19;SELL;0.25;4499.250;4503.434;4503.250;4491.250;-104.60;100.00;0.919;-1.046;SL;DH5|3|2495
101063;2026.05.29 07:36:01;2026.05.29 08:14:34;SELL;0.25;4523.304;4515.193;4527.304;4515.304;202.77;100.00;0.928;2.028;TP;DH5|3|2501
101065;2026.05.29 09:29:52;2026.05.29 09:45:29;SELL;0.23;4528.939;4533.497;4533.256;4520.305;-104.83;99.29;0.904;-1.056;SL;DH5|3|2505
101067;2026.05.29 17:32:56;2026.05.29 19:57:34;SELL;0.14;4557.908;4543.437;4565.048;4543.628;202.59;99.96;0.919;2.027;TP;DH5|2|2518
101069;2026.06.01 01:00:36;2026.06.01 01:15:15;SELL;0.16;4534.528;4534.577;4540.900;4521.784;-0.78;101.95;0.921;-0.008;SL;DH5|2|2519
101071;2026.06.01 01:56:51;2026.06.01 02:13:26;SELL;0.13;4524.913;4532.729;4532.616;4509.507;-101.61;100.14;0.904;-1.015;SL;DH5|2|2521
101073;2026.06.01 03:42:31;2026.06.01 05:18:18;SELL;0.14;4513.104;4520.347;4520.184;4498.944;-101.40;99.12;0.903;-1.023;SL;DH5|2|2526
101075;2026.06.01 09:33:30;2026.06.01 09:49:27;BUY;0.25;4491.968;4494.869;4487.968;4499.968;72.52;100.00;0.920;0.725;SL;DH5|3|2539
101077;2026.06.01 16:11:08;2026.06.01 16:50:33;SELL;0.12;4464.937;4473.762;4473.567;4447.677;-105.90;103.56;0.946;-1.023;SL;DH5|2|2548
101079;2026.06.02 08:06:56;2026.06.02 08:24:00;SELL;0.25;4536.887;4534.087;4540.887;4528.887;70.00;100.00;0.923;0.700;SL;DH5|3|2564
101081;2026.06.03 06:01:30;2026.06.03 06:02:33;SELL;0.25;4459.275;4464.201;4463.275;4451.275;-123.15;100.00;0.917;-1.232;SL;DH5|1|2579
101083;2026.06.04 02:52:33;2026.06.04 03:40:31;SELL;0.2;4473.221;4463.037;4478.306;4463.051;203.68;101.70;0.943;2.003;TP;DH5|3|2607
101085;2026.06.04 05:11:30;2026.06.04 05:13:46;SELL;0.15;4472.468;4479.524;4479.332;4458.740;-105.84;102.96;0.937;-1.028;SL;DH5|2|2609
101087;2026.06.05 08:30:17;2026.06.05 09:13:29;SELL;0.25;4466.765;4463.514;4470.765;4458.765;81.28;100.00;0.919;0.813;SL;DH5|3|2638
101089;2026.06.05 16:04:16;2026.06.05 16:38:21;SELL;0.15;4334.864;4330.296;4341.660;4321.272;68.52;101.94;0.930;0.672;SL;DH5|1|2648
101091;2026.06.05 18:04:34;2026.06.05 18:20:30;SELL;0.13;4333.984;4329.946;4341.814;4318.324;52.49;101.79;0.923;0.516;SL;DH5|2|2652
101093;2026.06.05 18:50:31;2026.06.05 18:56:35;SELL;0.21;4319.266;4324.301;4324.118;4309.562;-105.73;101.89;0.919;-1.038;SL;DH5|1|2656
101095;2026.06.08 01:24:29;2026.06.08 01:30:33;SELL;0.18;4321.947;4310.112;4327.623;4310.595;213.03;102.17;0.931;2.085;TP;DH5|1|2659
101097;2026.06.08 01:39:27;2026.06.08 01:41:30;SELL;0.14;4315.383;4322.723;4322.641;4300.867;-102.76;101.61;0.908;-1.011;SL;DH5|1|2660
101099;2026.06.08 05:19:35;2026.06.08 05:21:45;SELL;0.25;4308.465;4312.497;4312.465;4300.465;-100.80;100.00;0.902;-1.008;SL;DH5|1|2662
101101;2026.06.08 17:26:21;2026.06.08 18:01:30;SELL;0.14;4333.960;4341.481;4341.396;4319.088;-105.29;104.10;0.947;-1.011;SL;DH5|2|2672
101103;2026.06.08 19:56:35;2026.06.08 20:02:43;SELL;0.2;4323.876;4328.960;4328.943;4313.742;-101.68;101.34;0.931;-1.003;SL;DH5|2|2677
101105;2026.06.09 02:46:01;2026.06.09 03:06:22;SELL;0.25;4339.237;4335.768;4343.237;4331.237;86.73;100.00;0.927;0.867;SL;DH5|3|2681
101107;2026.06.09 05:32:56;2026.06.09 05:40:17;SELL;0.25;4340.993;4345.218;4344.993;4332.993;-105.62;100.00;0.920;-1.056;SL;DH5|3|2685
101109;2026.06.09 11:01:26;2026.06.09 11:51:33;SELL;0.25;4339.362;4343.723;4343.362;4331.362;-109.02;100.00;0.929;-1.090;SL;DH5|3|2696
101111;2026.06.10 17:35:34;2026.06.10 17:46:25;SELL;0.16;4110.400;4107.336;4116.471;4098.258;49.02;97.14;0.912;0.505;SL;DH5|1|2744
101113;2026.06.10 17:47:30;2026.06.10 18:00:28;SELL;0.17;4108.225;4114.400;4114.095;4096.485;-104.97;99.79;0.932;-1.052;SL;DH5|1|2745
101115;2026.06.10 19:00:37;2026.06.10 19:11:36;SELL;0.22;4099.907;4091.125;4104.270;4091.181;193.20;95.99;0.906;2.013;TP;DH5|1|2747
101117;2026.06.10 19:17:12;2026.06.10 19:29:05;SELL;0.23;4089.358;4086.040;4093.583;4080.908;76.31;97.17;0.900;0.785;SL;DH5|1|2748
101119;2026.06.10 19:29:40;2026.06.10 19:31:40;SELL;0.23;4084.601;4089.229;4088.999;4075.805;-106.44;101.15;0.931;-1.052;SL;DH5|1|2749
101121;2026.06.11 02:33:40;2026.06.11 02:40:30;SELL;0.16;4075.241;4062.259;4081.637;4062.449;207.71;102.34;0.951;2.030;TP;DH5|1|2753
101123;2026.06.11 02:45:17;2026.06.11 02:54:38;SELL;0.14;4056.923;4064.297;4064.296;4042.177;-103.24;103.22;0.941;-1.000;SL;DH5|1|2754
101125;2026.06.11 08:37:31;2026.06.11 08:53:37;SELL;0.21;4097.634;4087.922;4102.277;4088.348;203.95;97.50;0.897;2.092;TP;DH5|1|2759
101127;2026.06.11 09:14:36;2026.06.11 09:33:31;SELL;0.23;4085.914;4082.129;4090.407;4076.928;87.06;103.34;0.934;0.842;SL;DH5|1|2760
101129;2026.06.11 09:34:24;2026.06.11 09:37:41;SELL;0.25;4081.146;4085.357;4085.146;4073.146;-105.27;100.00;0.896;-1.053;SL;DH5|1|2762
101131;2026.06.11 11:25:00;2026.06.11 11:29:28;SELL;0.23;4085.918;4090.299;4090.266;4077.222;-100.76;100.00;0.905;-1.008;SL;DH5|1|2764
101133;2026.06.11 12:14:28;2026.06.11 12:16:32;SELL;0.2;4075.955;4081.037;4080.972;4065.921;-101.64;100.34;0.916;-1.013;SL;DH5|1|2766
101135;2026.06.11 12:28:35;2026.06.11 12:34:40;SELL;0.18;4068.735;4064.023;4074.431;4057.343;84.82;102.53;0.945;0.827;SL;DH5|1|2769
101137;2026.06.11 12:37:46;2026.06.11 12:39:35;SELL;0.15;4059.942;4066.673;4066.530;4046.766;-100.97;98.82;0.904;-1.022;SL;DH5|1|2770
101139;2026.06.12 08:04:16;2026.06.12 08:16:31;SELL;0.18;4200.705;4206.290;4206.210;4189.695;-100.53;99.09;0.915;-1.015;SL;DH5|3|2784
101141;2026.06.15 01:33:06;2026.06.15 01:34:35;SELL;0.16;4308.562;4314.764;4314.748;4296.190;-99.23;98.98;0.922;-1.003;SL;DH5|3|2803
101143;2026.06.16 01:02:39;2026.06.16 01:08:34;SELL;0.19;4321.688;4321.687;4326.742;4311.580;0.02;96.03;0.903;0.000;SL;DH5|3|2836
101145;2026.06.16 03:36:35;2026.06.16 03:42:25;SELL;0.24;4325.606;4329.637;4329.606;4317.606;-96.74;96.00;0.903;-1.008;SL;DH5|3|2839
101147;2026.06.17 01:03:00;2026.06.17 01:05:23;SELL;0.24;4341.440;4345.653;4345.440;4333.440;-101.11;96.00;0.911;-1.053;SL;DH5|3|2858
101149;2026.06.17 05:30:25;2026.06.17 05:55:28;BUY;0.21;4328.618;4328.593;4324.033;4337.788;-0.53;96.29;0.923;-0.005;SL;DH5|2|2862
101151;2026.06.17 09:30:34;2026.06.17 09:59:39;SELL;0.23;4332.581;4329.974;4336.690;4324.363;59.96;94.51;0.906;0.634;SL;DH5|3|2868
101153;2026.06.18 02:14:31;2026.06.18 02:44:38;SELL;0.17;4327.709;4316.329;4333.387;4316.353;193.46;96.53;0.920;2.004;TP;DH5|3|2883
101155;2026.06.18 11:17:19;2026.06.18 11:53:30;SELL;0.21;4247.742;4244.820;4252.405;4238.416;61.36;97.92;0.916;0.627;SL;DH5|1|2899
101157;2026.06.18 11:54:29;2026.06.18 12:10:34;SELL;0.23;4242.790;4247.065;4247.051;4234.268;-98.33;98.00;0.912;-1.003;SL;DH5|1|2900
101159;2026.06.18 14:17:30;2026.06.18 14:19:34;SELL;0.14;4242.753;4249.764;4249.745;4228.769;-98.15;97.89;0.919;-1.003;SL;DH5|1|2904
101161;2026.06.18 15:42:31;2026.06.18 15:56:41;SELL;0.16;4232.974;4230.007;4239.221;4220.480;47.47;99.95;0.947;0.475;SL;DH5|1|2907
101163;2026.06.18 18:28:34;2026.06.18 19:01:38;SELL;0.21;4225.758;4216.450;4230.347;4216.580;195.47;96.37;0.909;2.028;TP;DH5|2|2911
101165;2026.06.18 19:15:30;2026.06.18 19:20:32;SELL;0.25;4207.126;4207.526;4211.126;4199.126;-10.00;100.00;0.926;-0.100;SL;DH5|1|2912
101167;2026.06.18 19:21:30;2026.06.18 19:35:37;SELL;0.25;4205.728;4205.877;4209.728;4197.728;-3.73;100.00;0.927;-0.037;SL;DH5|1|2913
101169;2026.06.18 19:38:34;2026.06.18 19:40:06;SELL;0.25;4206.867;4211.258;4210.867;4198.867;-109.77;100.00;0.927;-1.098;SL;DH5|1|2914
101171;2026.06.19 02:56:26;2026.06.19 03:05:29;SELL;0.24;4176.135;4168.026;4180.135;4168.135;194.62;96.00;0.900;2.027;TP;DH5|1|2920
101173;2026.06.19 03:22:32;2026.06.19 03:41:36;SELL;0.25;4169.423;4161.391;4173.423;4161.423;200.80;100.00;0.920;2.008;TP;DH5|1|2921
101175;2026.06.19 03:45:30;2026.06.19 03:58:22;SELL;0.25;4161.071;4152.834;4165.071;4153.071;205.93;100.00;0.904;2.059;TP;DH5|1|2923
101177;2026.06.19 04:04:24;2026.06.19 04:21:35;SELL;0.2;4144.865;4149.951;4149.949;4134.697;-101.72;101.68;0.902;-1.000;SL;DH5|1|2924
101179;2026.06.19 04:23:01;2026.06.19 04:36:36;SELL;0.23;4148.009;4138.846;4152.554;4138.919;210.75;104.54;0.936;2.016;TP;DH5|1|2926
101181;2026.06.19 05:12:32;2026.06.19 05:26:00;SELL;0.23;4127.416;4132.461;4132.031;4118.186;-116.04;106.14;0.933;-1.093;SL;DH5|1|2927
101183;2026.06.19 07:57:57;2026.06.19 08:08:27;SELL;0.24;4161.350;4161.481;4165.730;4152.590;-3.14;105.12;0.933;-0.030;SL;DH5|3|2929
101185;2026.06.19 09:32:17;2026.06.19 10:06:39;SELL;0.26;4164.043;4155.905;4168.043;4156.043;211.59;104.00;0.923;2.034;TP;DH5|1|2932
101187;2026.06.19 10:36:32;2026.06.19 11:09:33;SELL;0.23;4151.676;4147.646;4156.229;4142.570;92.69;104.72;0.913;0.885;SL;DH5|1|2935
101189;2026.06.19 11:12:37;2026.06.19 11:35:37;SELL;0.26;4147.183;4147.233;4151.183;4139.183;-1.30;104.00;0.899;-0.013;SL;DH5|1|2939
101191;2026.06.19 11:36:29;2026.06.19 11:40:33;SELL;0.26;4145.231;4149.282;4149.231;4137.231;-105.33;104.00;0.899;-1.013;SL;DH5|1|2940
101193;2026.06.19 14:10:24;2026.06.19 14:54:32;SELL;0.17;4149.498;4149.560;4155.923;4136.648;-1.05;109.22;0.953;-0.010;SL;DH5|1|2944
101195;2026.06.22 09:07:44;2026.06.22 09:33:21;SELL;0.26;4207.154;4207.328;4211.154;4199.154;-4.52;104.00;0.907;-0.043;SL;DH5|3|2953
101197;2026.06.22 10:10:39;2026.06.22 10:11:39;SELL;0.26;4209.751;4213.757;4213.751;4201.751;-104.16;104.00;0.908;-1.002;SL;DH5|3|2955
101199;2026.06.22 11:07:03;2026.06.22 11:25:27;SELL;0.26;4213.954;4205.902;4217.954;4205.954;209.35;104.00;0.916;2.013;TP;DH5|3|2956
101201;2026.06.23 01:00:33;2026.06.23 01:08:29;SELL;0.21;4194.511;4190.767;4199.661;4184.211;78.62;108.15;0.935;0.727;SL;DH5|3|2963
101203;2026.06.23 03:31:31;2026.06.23 03:44:33;SELL;0.23;4139.051;4139.053;4143.751;4129.651;-0.05;108.10;0.929;-0.000;SL;DH5|1|2967
101205;2026.06.23 06:47:20;2026.06.23 07:05:25;SELL;0.17;4114.278;4120.756;4120.603;4101.628;-110.13;107.52;0.924;-1.024;SL;DH5|1|2969
101207;2026.06.23 08:11:35;2026.06.23 08:19:37;SELL;0.2;4094.142;4099.522;4099.333;4083.760;-107.60;103.82;0.900;-1.036;SL;DH5|1|2974
101209;2026.06.23 11:08:29;2026.06.23 11:12:38;SELL;0.26;4124.561;4128.580;4128.561;4116.561;-104.49;104.00;0.911;-1.005;SL;DH5|1|2975
101211;2026.06.23 19:52:27;2026.06.23 20:40:00;SELL;0.23;4116.770;4110.890;4121.367;4107.576;135.24;105.73;0.934;1.279;EA;DH5|2|2983
101213;2026.06.24 01:09:00;2026.06.24 01:12:23;SELL;0.17;4078.764;4086.108;4085.182;4065.928;-124.85;109.11;0.953;-1.144;SL;DH5|1|2984
101215;2026.06.24 02:32:32;2026.06.24 02:42:33;SELL;0.18;4066.892;4055.431;4072.616;4055.444;206.30;103.03;0.910;2.002;TP;DH5|1|2985
101217;2026.06.24 02:46:37;2026.06.24 02:52:28;SELL;0.18;4057.159;4063.492;4063.235;4045.007;-113.99;109.37;0.948;-1.042;SL;DH5|1|2986
101219;2026.06.24 03:23:28;2026.06.24 03:30:37;SELL;0.17;4053.746;4060.029;4060.012;4041.214;-106.81;106.52;0.933;-1.003;SL;DH5|1|2987
101221;2026.06.24 07:40:36;2026.06.24 07:43:00;SELL;0.26;4077.475;4081.676;4081.475;4069.475;-109.23;104.00;0.919;-1.050;SL;DH5|1|2992
101223;2026.06.26 06:22:58;2026.06.26 06:32:34;SELL;0.18;4020.230;4026.114;4025.899;4008.892;-105.91;102.04;0.911;-1.038;SL;DH5|3|3036
101225;2026.06.30 05:39:31;2026.06.30 06:03:04;SELL;0.21;3980.790;3985.695;3985.692;3970.986;-103.01;102.94;0.928;-1.001;SL;DH5|1|3075
101227;2026.06.30 08:01:01;2026.06.30 08:05:32;SELL;0.25;4033.639;4037.772;4037.639;4025.639;-103.32;100.00;0.910;-1.033;SL;DH5|3|3077
101229;2026.07.09 08:17:57;2026.07.09 08:21:33;SELL;0.25;4110.504;4114.660;4114.504;4102.504;-103.90;100.00;0.918;-1.039;SL;DH5|3|3268
101231;2026.07.09 12:09:05;2026.07.09 12:18:16;SELL;0.25;4117.586;4109.572;4121.586;4109.586;200.35;100.00;0.927;2.004;TP;DH5|3|3274
101233;2026.07.10 01:00:22;2026.07.10 01:00:34;SELL;0.25;4126.043;4130.239;4130.043;4118.043;-104.90;100.00;0.910;-1.049;SL;DH5|3|3286
101235;2026.07.10 03:01:00;2026.07.10 03:08:42;SELL;0.25;4130.699;4134.780;4134.699;4122.699;-102.02;100.00;0.919;-1.020;SL;DH5|3|3291
101237;2026.07.10 11:27:29;2026.07.10 11:41:29;SELL;0.25;4103.796;4100.236;4107.796;4095.796;89.00;100.00;0.928;0.890;SL;DH5|2|3300
101239;2026.07.13 04:14:32;2026.07.13 04:15:36;BUY;0.25;4054.514;4050.511;4050.514;4062.514;-100.08;100.00;0.920;-1.001;SL;DH5|3|3308
101241;2026.07.14 04:32:04;2026.07.14 04:32:40;SELL;0.25;4018.984;4023.061;4022.984;4010.984;-101.93;100.00;0.928;-1.019;SL;DH5|3|3336
101243;2026.07.14 11:49:08;2026.07.14 12:02:34;SELL;0.24;4029.720;4033.748;4033.720;4021.720;-96.67;96.00;0.900;-1.007;SL;DH5|3|3344
101245;2026.07.14 12:04:21;2026.07.14 12:08:41;SELL;0.24;4033.942;4025.783;4037.942;4025.942;195.82;96.00;0.908;2.040;TP;DH5|3|3346
101247;2026.07.15 10:14:53;2026.07.15 10:32:44;SELL;0.25;4033.500;4031.058;4037.500;4025.500;61.05;100.00;0.929;0.611;SL;DH5|3|3375
101249;2026.07.15 12:05:06;2026.07.15 12:15:41;SELL;0.25;4040.224;4040.243;4044.224;4032.224;-0.47;100.00;0.924;-0.005;SL;DH5|3|3379
101251;2026.07.21 16:36:34;2026.07.21 18:08:30;SELL;0.25;4073.225;4071.202;4077.225;4065.225;50.57;100.00;0.924;0.506;SL;DH5|2|3498
101253;2026.07.22 02:31:30;2026.07.22 02:38:28;BUY;0.25;4125.731;4125.723;4121.680;4133.833;-0.20;101.27;0.931;-0.002;SL;DH5|1|3505
101255;2026.07.22 03:10:38;2026.07.22 03:35:30;BUY;0.25;4138.310;4134.143;4134.310;4146.310;-104.18;100.00;0.919;-1.042;SL;DH5|1|3509
101257;2026.07.22 07:05:29;2026.07.22 07:24:32;BUY;0.25;4114.432;4118.224;4110.432;4122.432;94.80;100.00;0.928;0.948;SL;DH5|3|3512
101259;2026.07.22 07:42:06;2026.07.22 08:44:33;BUY;0.25;4112.208;4114.818;4108.208;4120.208;65.25;100.00;0.920;0.652;SL;DH5|3|3515
101261;2026.07.23 01:00:31;2026.07.23 01:30:37;BUY;0.17;4135.599;4129.037;4129.468;4147.861;-111.55;104.23;0.953;-1.070;SL;DH5|2|3534
101263;2026.07.23 05:30:26;2026.07.23 05:49:38;BUY;0.25;4126.242;4126.231;4122.215;4134.296;-0.28;100.68;0.930;-0.003;SL;DH5|2|3538
101265;2026.07.23 07:01:11;2026.07.23 07:06:34;BUY;0.25;4117.660;4113.579;4113.660;4125.660;-102.03;100.00;0.924;-1.020;SL;DH5|3|3540
101267;2026.07.23 07:21:12;2026.07.23 07:24:42;BUY;0.24;4109.966;4105.940;4105.966;4117.966;-96.62;96.00;0.896;-1.006;SL;DH5|3|3542
101269;2026.07.23 11:16:33;2026.07.23 11:23:32;BUY;0.24;4086.505;4082.502;4082.505;4094.505;-96.07;96.00;0.904;-1.001;SL;DH5|3|3550
101271;2026.07.23 11:36:31;2026.07.23 11:40:28;BUY;0.24;4081.370;4077.347;4077.370;4089.370;-96.55;96.00;0.912;-1.006;SL;DH5|3|3551
101273;2026.07.23 11:45:36;2026.07.23 11:52:29;BUY;0.24;4080.016;4088.452;4076.016;4088.016;202.46;96.00;0.920;2.109;TP;DH5|3|3553
101275;2026.07.23 12:25:34;2026.07.23 12:31:33;BUY;0.22;4073.312;4068.704;4068.889;4082.158;-101.38;97.31;0.915;-1.042;SL;DH5|3|3554
101277;2026.07.24 02:54:24;2026.07.24 03:05:39;SELL;0.24;4027.840;4027.854;4031.840;4019.840;-0.34;96.00;0.911;-0.004;SL;DH5|1|3567
101279;2026.07.24 06:19:57;2026.07.24 07:27:35;BUY;0.12;4034.353;4050.499;4026.294;4050.471;193.75;96.71;0.918;2.003;TP;DH5|2|3569
101281;2026.07.27 10:12:23;2026.07.27 10:32:12;BUY;0.24;4087.383;4095.464;4083.383;4095.383;193.94;96.00;0.895;2.020;TP;DH5|3|3591
101283;2026.07.28 01:07:41;2026.07.28 01:19:43;BUY;0.24;4058.255;4053.994;4054.033;4066.699;-102.26;101.33;0.928;-1.009;SL;DH5|3|3605
101285;2026.07.28 02:45:16;2026.07.28 03:17:33;SELL;0.25;4043.425;4047.436;4047.425;4035.425;-100.27;100.00;0.924;-1.003;SL;DH5|1|3610
101287;2026.07.28 05:35:24;2026.07.28 05:42:35;SELL;0.24;4037.137;4041.155;4041.137;4029.137;-96.43;96.00;0.896;-1.005;SL;DH5|1|3613
101289;2026.07.29 01:04:58;2026.07.29 01:14:07;BUY;0.24;4012.124;4012.056;4008.124;4020.124;-1.63;96.00;0.904;-0.017;SL;DH5|3|3635
101291;2026.07.29 06:24:29;2026.07.29 09:21:37;BUY;0.13;4042.522;4035.044;4035.169;4057.228;-97.21;95.59;0.900;-1.017;SL;DH5|2|3640
101293;2026.07.30 03:00:28;2026.07.30 03:08:28;BUY;0.24;4065.408;4065.374;4061.408;4073.408;-0.82;96.00;0.912;-0.008;SL;DH5|3|3653
101295;2026.07.30 03:14:31;2026.07.30 03:19:26;BUY;0.23;4063.761;4059.450;4059.583;4072.117;-99.15;96.09;0.913;-1.032;SL;DH5|3|3654
101297;2026.07.31 01:14:47;2026.07.31 03:11:33;SELL;0.12;4088.889;4073.187;4096.662;4073.343;188.42;93.28;0.895;2.020;TP;DH5|2|3675
101299;2026.07.31 03:39:43;2026.07.31 03:54:27;BUY;0.21;4079.568;4074.826;4074.841;4089.022;-99.58;99.27;0.936;-1.003;SL;DH5|2|3682
101301;2026.07.31 08:17:02;2026.07.31 08:22:26;BUY;0.24;4063.080;4063.025;4059.080;4071.080;-1.32;96.00;0.913;-0.014;SL;DH5|3|3687
101303;2026.08.03 02:48:57;2026.08.03 05:00:40;BUY;0.14;4063.227;4063.142;4056.266;4077.149;-1.19;97.45;0.927;-0.012;SL;DH5|2|3706
101305;2026.08.03 10:42:45;2026.08.03 11:42:35;SELL;0.18;4049.039;4054.457;4054.272;4038.573;-97.52;94.19;0.896;-1.035;SL;DH5|2|3714
101307;2026.08.04 01:00:13;2026.08.04 01:03:05;BUY;0.24;4049.675;4045.639;4045.675;4057.675;-96.86;96.00;0.922;-1.009;SL;DH5|3|3725
101309;2026.08.04 02:38:55;2026.08.04 02:58:43;BUY;0.18;4063.630;4058.288;4058.343;4074.204;-96.16;95.17;0.923;-1.010;SL;DH5|2|3726
101311;2026.08.04 03:30:43;2026.08.04 04:14:35;SELL;0.23;4056.097;4056.587;4060.097;4048.097;-11.27;92.00;0.900;-0.122;SL;DH5|2|3727
101313;2026.08.04 06:31:38;2026.08.04 06:50:14;SELL;0.16;4057.068;4063.074;4063.010;4045.184;-96.10;95.07;0.932;-1.011;SL;DH5|2|3729
101315;2026.08.04 08:05:40;2026.08.04 08:36:29;SELL;0.2;4069.198;4060.043;4073.773;4060.048;183.10;91.50;0.905;2.001;TP;DH5|3|3732
101317;2026.08.05 01:11:09;2026.08.05 01:33:34;BUY;0.18;4086.280;4080.941;4081.020;4096.800;-96.10;94.68;0.920;-1.015;SL;DH5|2|3746
101319;2026.08.05 02:26:28;2026.08.05 02:31:04;SELL;0.23;4106.022;4106.074;4110.022;4098.022;-1.20;92.00;0.902;-0.013;SL;DH5|3|3750
101321;2026.08.05 04:02:42;2026.08.05 04:30:35;BUY;0.23;4133.607;4137.353;4129.607;4141.607;86.16;92.00;0.902;0.937;SL;DH5|2|3753
101323;2026.08.05 05:41:26;2026.08.05 05:44:48;BUY;0.22;4153.093;4154.892;4148.835;4161.609;39.58;93.68;0.911;0.422;SL;DH5|1|3755
101325;2026.08.05 05:55:25;2026.08.05 05:58:24;BUY;0.2;4169.546;4164.743;4164.930;4178.778;-96.06;92.32;0.894;-1.041;SL;DH5|1|3756
101327;2026.08.05 06:22:35;2026.08.05 07:00:34;BUY;0.14;4166.310;4179.610;4159.671;4179.588;186.20;92.95;0.909;2.003;TP;DH5|1|3757
101329;2026.08.05 09:21:32;2026.08.05 09:58:30;SELL;0.18;4158.462;4158.831;4163.683;4148.020;-6.64;93.98;0.903;-0.071;SL;DH5|2|3762
101331;2026.08.06 01:06:45;2026.08.06 01:12:24;BUY;0.13;4291.756;4284.044;4284.091;4307.086;-100.26;99.64;0.958;-1.006;SL;DH5|1|3783
101333;2026.08.06 04:21:20;2026.08.06 04:28:24;BUY;0.23;4262.113;4257.929;4258.113;4270.113;-96.23;92.00;0.893;-1.046;SL;DH5|1|3786
101335;2026.08.06 05:31:51;2026.08.06 05:46:14;BUY;0.14;4253.332;4266.656;4246.694;4266.608;186.54;92.93;0.910;2.007;TP;DH5|3|3788
101337;2026.08.06 09:04:42;2026.08.06 09:07:31;BUY;0.23;4280.567;4276.388;4276.409;4288.883;-96.12;95.63;0.920;-1.005;SL;DH5|1|3793
101339;2026.08.06 09:28:25;2026.08.06 09:37:42;BUY;0.23;4280.930;4276.872;4276.930;4288.930;-93.33;92.00;0.893;-1.014;SL;DH5|1|3794
101341;2026.08.07 01:00:00;2026.08.07 01:01:35;BUY;0.21;4233.133;4241.916;4228.776;4241.847;184.44;91.50;0.897;2.016;TP;DH5|3|3802
101343;2026.08.07 02:40:34;2026.08.07 03:03:25;SELL;0.15;4251.268;4257.666;4257.570;4238.664;-95.97;94.53;0.910;-1.015;SL;DH5|2|3805
101345;2026.08.07 03:58:22;2026.08.07 04:02:39;BUY;0.15;4262.776;4262.734;4256.463;4275.402;-0.63;94.70;0.920;-0.007;SL;DH5|2|3806
101347;2026.08.07 04:04:00;2026.08.07 04:26:38;BUY;0.23;4263.891;4263.883;4259.891;4271.891;-0.18;92.00;0.894;-0.002;SL;DH5|1|3807
101349;2026.08.07 05:10:32;2026.08.07 05:40:32;BUY;0.19;4269.224;4272.305;4264.185;4279.302;58.54;95.74;0.930;0.611;SL;DH5|2|3808
101351;2026.08.07 05:41:32;2026.08.07 05:52:34;BUY;0.24;4273.192;4275.274;4269.192;4281.192;49.97;96.00;0.927;0.521;SL;DH5|1|3811
101353;2026.08.07 05:54:35;2026.08.07 06:05:09;BUY;0.24;4275.378;4283.413;4271.378;4283.378;192.84;96.00;0.923;2.009;TP;DH5|1|3812
101355;2026.08.07 06:16:09;2026.08.07 06:30:27;BUY;0.22;4287.161;4282.717;4282.787;4295.909;-97.77;96.23;0.908;-1.016;SL;DH5|1|3814
101357;2026.08.07 06:51:01;2026.08.07 07:01:40;BUY;0.21;4291.159;4294.184;4286.627;4300.223;63.53;95.17;0.907;0.667;SL;DH5|1|3815
101359;2026.08.07 08:19:29;2026.08.07 08:22:34;BUY;0.24;4298.613;4294.544;4294.613;4306.613;-97.66;96.00;0.909;-1.017;SL;DH5|1|3818
101361;2026.08.07 09:31:35;2026.08.07 09:39:03;SELL;0.17;4302.274;4308.199;4308.124;4290.574;-100.73;99.45;0.951;-1.013;SL;DH5|2|3822
101363;2026.08.07 09:50:25;2026.08.07 10:06:26;BUY;0.23;4317.926;4313.833;4313.888;4326.002;-94.14;92.87;0.896;-1.014;SL;DH5|1|3824
101365;2026.08.07 11:38:38;2026.08.07 12:00:30;BUY;0.23;4323.799;4319.731;4319.799;4331.799;-93.56;92.00;0.896;-1.017;SL;DH5|1|3828
101367;2026.08.10 02:32:23;2026.08.10 02:41:12;BUY;0.21;4327.744;4323.017;4323.275;4336.682;-99.27;93.85;0.922;-1.058;SL;DH5|1|3839
101369;2026.08.10 05:01:30;2026.08.10 05:12:39;BUY;0.23;4337.790;4333.738;4333.790;4345.790;-93.20;92.00;0.913;-1.013;SL;DH5|1|3841
101371;2026.08.10 05:31:15;2026.08.10 05:31:34;SELL;0.18;4331.441;4336.928;4336.519;4321.285;-98.77;91.40;0.916;-1.081;SL;DH5|2|3842
101373;2026.08.10 05:35:36;2026.08.10 05:40:24;SELL;0.22;4339.215;4343.294;4343.215;4331.215;-89.74;88.00;0.890;-1.020;SL;DH5|3|3843
101375;2026.08.11 04:10:52;2026.08.11 04:32:35;SELL;0.15;4412.109;4418.289;4418.245;4399.837;-92.70;92.04;0.940;-1.007;SL;DH5|2|3880
101377;2026.08.11 04:33:42;2026.08.11 04:35:24;BUY;0.15;4420.320;4414.350;4414.353;4432.254;-89.55;89.50;0.923;-1.001;SL;DH5|2|3881
101379;2026.08.11 07:40:33;2026.08.11 08:03:30;SELL;0.13;4356.782;4363.509;4363.437;4343.472;-87.45;86.51;0.900;-1.011;SL;DH5|2|3888
101381;2026.08.11 17:30:34;2026.08.11 17:57:41;SELL;0.19;4378.511;4369.512;4383.004;4369.525;170.98;85.37;0.896;2.003;TP;DH5|2|3904
101383;2026.08.12 01:00:12;2026.08.12 01:00:35;BUY;0.15;4384.472;4378.219;4378.573;4396.270;-93.79;88.48;0.913;-1.060;SL;DH5|2|3905
101385;2026.08.12 02:42:33;2026.08.12 03:16:31;BUY;0.13;4405.597;4409.122;4398.682;4419.427;45.83;89.89;0.936;0.510;SL;DH5|2|3911
101387;2026.08.12 05:50:45;2026.08.12 06:02:29;BUY;0.22;4387.508;4389.548;4383.508;4395.508;44.88;88.00;0.912;0.510;SL;DH5|3|3916
101389;2026.08.12 06:38:32;2026.08.12 06:56:36;BUY;0.16;4394.511;4405.838;4388.854;4405.825;181.23;90.51;0.934;2.002;TP;DH5|2|3917
101391;2026.08.12 16:43:33;2026.08.12 17:33:35;SELL;0.1;4410.561;4410.567;4419.816;4392.051;-0.06;92.55;0.937;-0.001;SL;DH5|2|3927
101393;2026.08.13 04:02:26;2026.08.13 04:11:28;BUY;0.17;4399.283;4393.781;4393.842;4410.165;-93.53;92.50;0.937;-1.011;SL;DH5|3|3931
101395;2026.08.13 07:49:32;2026.08.13 08:26:38;SELL;0.16;4371.455;4371.553;4377.218;4359.929;-1.57;92.21;0.943;-0.017;SL;DH5|2|3939
101397;2026.08.13 11:33:46;2026.08.13 12:29:34;SELL;0.15;4386.668;4392.991;4392.665;4374.674;-94.85;89.96;0.920;-1.054;SL;DH5|2|3947
101399;2026.08.13 17:29:30;2026.08.13 18:18:24;SELL;0.15;4363.376;4363.422;4369.270;4351.588;-0.69;88.41;0.913;-0.008;SL;DH5|2|3956
101401;2026.08.13 18:25:36;2026.08.13 18:40:34;SELL;0.17;4355.108;4360.368;4360.258;4344.808;-89.42;87.55;0.904;-1.021;SL;DH5|2|3958
101403;2026.08.14 18:45:02;2026.08.14 19:53:40;SELL;0.18;4375.235;4380.213;4380.084;4365.537;-89.60;87.28;0.910;-1.027;SL;DH5|2|3989
101405;2026.08.17 18:24:28;2026.08.17 18:48:31;SELL;0.13;4409.394;4405.352;4416.010;4396.162;52.55;86.01;0.905;0.611;SL;DH5|2|4013
101407;2026.08.18 01:01:38;2026.08.18 01:16:20;BUY;0.16;4433.950;4428.282;4428.427;4444.996;-90.69;88.37;0.925;-1.026;SL;DH5|1|4018
101409;2026.08.18 01:16:21;2026.08.18 01:43:28;SELL;0.16;4427.650;4416.814;4433.030;4416.890;173.38;86.08;0.909;2.014;TP;DH5|2|4022
101411;2026.08.18 13:07:47;2026.08.18 13:14:31;SELL;0.15;4389.637;4395.642;4395.597;4377.717;-90.08;89.40;0.928;-1.008;SL;DH5|2|4029
101413;2026.08.18 17:30:35;2026.08.18 17:33:43;SELL;0.21;4362.394;4366.465;4366.436;4354.310;-85.49;84.88;0.889;-1.007;SL;DH5|2|4035
101415;2026.08.18 19:44:31;2026.08.18 19:51:35;SELL;0.21;4351.938;4343.378;4356.103;4343.608;179.76;87.46;0.924;2.055;TP;DH5|2|4038
101417;2026.08.19 02:16:34;2026.08.19 04:17:43;BUY;0.11;4358.676;4350.303;4350.313;4375.402;-92.10;91.99;0.954;-1.001;SL;DH5|2|4043
101419;2026.08.19 07:37:34;2026.08.19 07:52:15;SELL;0.21;4359.892;4357.681;4364.023;4351.630;46.43;86.75;0.908;0.535;SL;DH5|3|4049
101421;2026.08.19 09:16:38;2026.08.19 09:41:32;SELL;0.17;4354.277;4359.526;4359.509;4343.813;-89.23;88.94;0.927;-1.003;SL;DH5|2|4050
101423;2026.08.19 17:11:48;2026.08.19 18:03:40;SELL;0.16;4489.985;4495.575;4495.510;4478.935;-89.44;88.40;0.930;-1.012;SL;DH5|2|4060
101425;2026.08.20 04:28:38;2026.08.20 05:34:32;SELL;0.14;4492.110;4480.017;4498.100;4480.130;169.30;83.86;0.890;2.019;TP;DH5|2|4066
101427;2026.08.20 11:05:45;2026.08.20 11:44:28;SELL;0.17;4486.086;4475.661;4491.293;4475.672;177.23;88.52;0.923;2.002;TP;DH5|2|4072
101429;2026.08.21 12:10:36;2026.08.21 12:35:44;SELL;0.1;4589.789;4571.270;4599.036;4571.295;185.19;92.47;0.947;2.003;TP;DH5|2|4105
101431;2026.08.21 19:05:43;2026.08.21 20:38:35;SELL;0.17;4618.827;4608.150;4624.144;4608.193;181.51;90.39;0.908;2.008;TP;DH5|2|4115
101433;2026.08.25 08:09:39;2026.08.25 08:23:14;BUY;0.19;4624.180;4633.894;4619.346;4633.848;184.57;91.85;0.907;2.010;TP;DH5|3|4131
101435;2026.08.25 18:46:50;2026.08.25 19:10:28;BUY;0.2;4651.693;4661.205;4646.965;4661.149;190.24;94.56;0.917;2.012;TP;DH5|2|4143
101437;2026.08.25 19:21:36;2026.08.25 19:25:38;BUY;0.24;4666.468;4662.374;4662.468;4674.468;-98.26;96.00;0.914;-1.024;SL;DH5|1|4147
101439;2026.08.26 05:48:26;2026.08.26 06:15:34;BUY;0.19;4639.599;4634.607;4634.681;4649.435;-94.85;93.44;0.898;-1.015;SL;DH5|3|4149
101441;2026.08.26 07:51:37;2026.08.26 09:33:45;SELL;0.16;4628.319;4622.487;4634.335;4616.287;93.31;96.26;0.933;0.969;SL;DH5|2|4152
101443;2026.08.26 10:31:33;2026.08.26 10:58:27;BUY;0.23;4616.731;4619.795;4612.607;4624.979;70.47;94.85;0.911;0.743;SL;DH5|3|4158
101445;2026.08.26 16:38:49;2026.08.26 17:21:26;SELL;0.11;4588.875;4598.294;4598.085;4570.455;-103.61;101.31;0.967;-1.023;SL;DH5|2|4167
101447;2026.08.26 17:30:45;2026.08.26 18:22:22;BUY;0.14;4599.766;4592.944;4592.993;4613.312;-95.51;94.82;0.914;-1.007;SL;DH5|2|4168
101449;2026.08.26 19:03:28;2026.08.26 19:25:36;SELL;0.22;4591.978;4596.364;4596.269;4583.396;-96.49;94.40;0.919;-1.022;SL;DH5|2|4171
101451;2026.08.26 19:26:50;2026.08.26 19:50:21;BUY;0.18;4599.215;4593.839;4594.028;4609.589;-96.77;93.37;0.917;-1.036;SL;DH5|2|4173
101453;2026.08.27 02:35:31;2026.08.27 03:20:43;SELL;0.1;4627.749;4636.705;4636.691;4609.865;-89.56;89.42;0.887;-1.002;SL;DH5|2|4176
101455;2026.08.27 05:46:40;2026.08.27 05:52:29;BUY;0.15;4609.936;4603.663;4603.836;4622.136;-94.09;91.50;0.915;-1.028;SL;DH5|3|4177
101457;2026.08.27 09:33:32;2026.08.27 09:37:24;SELL;0.17;4593.025;4581.986;4598.528;4582.019;187.66;93.55;0.945;2.006;TP;DH5|2|4185
101459;2026.08.27 10:11:42;2026.08.27 10:43:32;SELL;0.2;4580.015;4584.790;4584.713;4570.619;-95.50;93.96;0.931;-1.016;SL;DH5|1|4187
101461;2026.08.27 12:37:29;2026.08.27 12:57:27;SELL;0.15;4591.087;4586.993;4597.123;4579.015;61.41;90.54;0.906;0.678;SL;DH5|2|4189
101463;2026.08.27 15:41:36;2026.08.27 16:18:30;BUY;0.11;4603.268;4603.118;4594.817;4620.170;-1.65;92.96;0.925;-0.018;SL;DH5|2|4199
101465;2026.08.27 18:52:43;2026.08.27 20:05:34;BUY;0.13;4611.470;4604.183;4604.212;4625.986;-94.73;94.35;0.939;-1.004;SL;DH5|2|4205
101467;2026.08.28 02:30:31;2026.08.28 03:51:17;BUY;0.14;4586.148;4579.364;4579.456;4599.532;-94.98;93.69;0.941;-1.014;SL;DH5|2|4210
101469;2026.08.28 11:39:30;2026.08.28 12:21:26;SELL;0.2;4594.163;4598.771;4598.650;4585.189;-92.16;89.74;0.910;-1.027;SL;DH5|2|4217
101471;2026.08.28 19:51:38;2026.08.28 19:57:08;SELL;0.11;4453.676;4461.585;4461.545;4437.938;-87.00;86.56;0.886;-1.005;SL;DH5|2|4231
101473;2026.08.31 07:25:43;2026.08.31 07:27:35;SELL;0.22;4443.707;4447.773;4447.707;4435.707;-89.45;88.00;0.909;-1.016;SL;DH5|3|4237
101475;2026.08.31 09:06:44;2026.08.31 09:13:23;SELL;0.22;4438.491;4442.524;4442.491;4430.491;-88.73;88.00;0.917;-1.008;SL;DH5|1|4240
101477;2026.08.31 10:09:27;2026.08.31 10:52:24;SELL;0.15;4448.921;4454.638;4454.596;4437.571;-85.75;85.12;0.896;-1.007;SL;DH5|3|4241
101479;2026.08.31 11:23:25;2026.08.31 11:26:36;SELL;0.21;4456.785;4460.852;4460.785;4448.785;-85.41;84.00;0.892;-1.017;SL;DH5|3|4244
101481;2026.08.31 11:37:31;2026.08.31 12:01:35;SELL;0.21;4458.273;4458.282;4462.273;4450.273;-0.19;84.00;0.900;-0.002;SL;DH5|3|4245
101483;2026.09.02 17:42:31;2026.09.02 17:47:40;BUY;0.19;4372.101;4375.872;4367.588;4381.127;71.65;85.75;0.919;0.836;SL;DH5|2|4324
101485;2026.09.02 19:12:39;2026.09.02 20:15:27;BUY;0.15;4380.328;4385.172;4374.392;4392.200;72.66;89.04;0.947;0.816;SL;DH5|2|4325
101487;2026.09.03 04:08:42;2026.09.03 05:06:29;BUY;0.17;4433.336;4433.316;4428.322;4443.364;-0.34;85.24;0.899;-0.004;SL;DH5|2|4334
101489;2026.09.03 17:29:34;2026.09.03 17:59:27;BUY;0.15;4493.143;4487.283;4487.306;4504.817;-87.90;87.56;0.924;-1.004;SL;DH5|2|4358
101491;2026.09.03 18:05:42;2026.09.03 19:45:41;SELL;0.13;4484.508;4479.743;4491.122;4471.280;61.94;85.98;0.916;0.720;SL;DH5|2|4359
101493;2026.09.04 05:39:31;2026.09.04 05:44:24;BUY;0.16;4476.124;4470.686;4470.729;4486.914;-87.01;86.32;0.913;-1.008;SL;DH5|2|4366
101495;2026.09.04 06:34:54;2026.09.04 07:10:38;SELL;0.14;4464.424;4470.881;4470.745;4451.782;-90.40;88.49;0.945;-1.022;SL;DH5|2|4367
101497;2026.09.04 17:01:43;2026.09.04 17:18:43;SELL;0.12;4431.762;4438.936;4438.904;4417.478;-86.09;85.70;0.924;-1.004;SL;DH5|2|4376
101499;2026.09.04 19:12:27;2026.09.04 19:33:35;BUY;0.18;4428.530;4437.760;4423.927;4437.736;166.14;82.85;0.902;2.005;TP;DH5|2|4378
101501;2026.09.07 02:37:36;2026.09.07 02:58:32;BUY;0.1;4418.278;4408.913;4409.287;4436.260;-93.65;89.91;0.961;-1.042;SL;DH5|2|4380
101503;2026.09.07 08:04:31;2026.09.07 08:13:33;SELL;0.17;4412.735;4418.006;4417.849;4402.507;-89.61;86.94;0.939;-1.031;SL;DH5|3|4390
101505;2026.09.08 04:00:28;2026.09.08 04:23:32;BUY;0.12;4440.736;4433.845;4433.882;4454.444;-82.69;82.25;0.897;-1.005;SL;DH5|2|4410
101507;2026.09.08 07:34:37;2026.09.08 08:34:33;SELL;0.12;4398.216;4398.334;4405.439;4383.770;-1.42;86.68;0.954;-0.016;SL;DH5|2|4416
101509;2026.09.08 11:38:23;2026.09.08 11:52:05;SELL;0.21;4406.828;4398.606;4410.828;4398.828;172.66;84.00;0.924;2.056;TP;DH5|3|4425
101511;2026.09.08 12:12:03;2026.09.08 12:20:32;SELL;0.13;4396.960;4392.113;4403.501;4383.878;63.01;85.03;0.918;0.741;SL;DH5|2|4426
101513;2026.09.09 01:08:41;2026.09.09 01:15:14;SELL;0.17;4364.207;4369.326;4369.100;4354.421;-87.02;83.18;0.892;-1.046;SL;DH5|3|4431
101515;2026.09.09 01:16:40;2026.09.09 01:25:07;SELL;0.15;4364.879;4370.409;4370.356;4353.925;-82.95;82.15;0.889;-1.010;SL;DH5|3|4432
101517;2026.09.09 02:46:44;2026.09.09 03:15:28;BUY;0.13;4377.968;4377.896;4371.676;4390.552;-0.94;81.80;0.894;-0.011;SL;DH5|2|4436
101519;2026.09.09 07:15:24;2026.09.09 07:36:43;SELL;0.21;4405.611;4409.716;4409.611;4397.611;-86.21;84.00;0.918;-1.026;SL;DH5|3|4440
101521;2026.09.09 07:40:35;2026.09.09 07:46:31;SELL;0.21;4408.752;4412.893;4412.752;4400.752;-86.96;84.00;0.927;-1.035;SL;DH5|3|4443
101523;2026.09.09 11:54:30;2026.09.09 12:39:43;SELL;0.1;4407.917;4391.205;4416.273;4391.205;167.12;83.56;0.931;2.000;TP;DH5|3|4446
101525;2026.09.09 13:00:43;2026.09.09 13:23:33;BUY;0.09;4404.924;4422.753;4396.034;4422.704;160.46;80.01;0.875;2.006;TP;DH5|2|4447
101527;2026.09.10 02:39:30;2026.09.10 03:08:35;BUY;0.12;4419.906;4412.635;4412.877;4433.964;-87.25;84.35;0.906;-1.034;SL;DH5|2|4454
101529;2026.09.10 04:11:49;2026.09.10 04:36:09;BUY;0.16;4415.543;4410.054;4410.106;4426.417;-87.82;86.99;0.944;-1.010;SL;DH5|2|4456
101531;2026.09.10 07:35:03;2026.09.10 07:51:35;BUY;0.21;4405.948;4413.950;4401.948;4413.948;168.04;84.00;0.920;2.000;TP;DH5|3|4461
101533;2026.09.10 09:43:27;2026.09.10 10:04:29;BUY;0.21;4390.284;4398.290;4386.284;4398.284;168.13;84.00;0.903;2.002;TP;DH5|3|4464
101535;2026.09.10 10:32:33;2026.09.10 10:56:25;SELL;0.12;4388.155;4383.835;4395.623;4373.219;51.84;89.62;0.947;0.578;SL;DH5|2|4466
101537;2026.09.10 11:56:42;2026.09.10 12:31:32;SELL;0.09;4373.979;4353.710;4383.845;4354.247;182.42;88.79;0.933;2.054;TP;DH5|2|4470
101539;2026.09.11 02:30:49;2026.09.11 03:22:32;SELL;0.12;4322.219;4306.382;4329.983;4306.691;190.04;93.17;0.960;2.040;TP;DH5|2|4487
101541;2026.09.11 05:34:34;2026.09.11 06:02:35;BUY;0.12;4341.069;4355.904;4333.666;4355.875;178.02;88.84;0.898;2.004;TP;DH5|2|4492
101543;2026.09.11 12:16:41;2026.09.11 12:18:26;SELL;0.23;4329.636;4333.658;4333.636;4321.636;-92.51;92.00;0.914;-1.005;SL;DH5|1|4500
101545;2026.09.11 12:41:34;2026.09.11 12:46:29;SELL;0.1;4355.415;4364.754;4364.701;4336.843;-93.39;92.86;0.931;-1.006;SL;DH5|3|4501
101547;2026.09.11 12:47:38;2026.09.11 12:50:33;SELL;0.09;4358.580;4369.454;4369.026;4337.688;-97.87;94.01;0.951;-1.041;SL;DH5|3|4502
101549;2026.09.14 01:20:34;2026.09.14 01:26:01;BUY;0.17;4329.013;4332.228;4323.718;4339.603;54.66;90.02;0.920;0.607;SL;DH5|3|4507
101551;2026.09.14 02:40:44;2026.09.14 02:57:23;SELL;0.15;4345.938;4333.909;4351.907;4334.000;180.44;89.54;0.910;2.015;TP;DH5|2|4510
101553;2026.09.14 04:38:27;2026.09.14 04:53:36;SELL;0.22;4326.860;4326.951;4330.931;4318.718;-2.00;89.56;0.894;-0.022;SL;DH5|2|4511
101555;2026.09.14 07:06:34;2026.09.14 07:45:28;SELL;0.23;4321.198;4321.380;4325.198;4313.198;-4.19;92.00;0.918;-0.045;SL;DH5|1|4516
101557;2026.09.14 08:03:12;2026.09.14 08:04:32;SELL;0.23;4311.557;4315.583;4315.557;4303.557;-92.60;92.00;0.919;-1.007;SL;DH5|1|4520
101559;2026.09.14 09:00:24;2026.09.14 09:03:13;BUY;0.23;4307.513;4307.497;4303.513;4315.513;-0.37;92.00;0.927;-0.004;SL;DH5|3|4522
101561;2026.09.14 09:43:34;2026.09.14 09:53:11;SELL;0.17;4284.071;4284.096;4289.465;4273.283;-0.43;91.70;0.924;-0.005;SL;DH5|1|4524
101563;2026.09.14 12:02:28;2026.09.14 12:08:33;SELL;0.23;4288.993;4293.039;4292.993;4280.993;-93.06;92.00;0.927;-1.011;SL;DH5|1|4528
101565;2026.09.14 12:40:07;2026.09.14 12:40:45;SELL;0.15;4276.769;4282.840;4282.790;4264.727;-91.06;90.31;0.919;-1.008;SL;DH5|1|4532
101567;2026.09.14 12:59:11;2026.09.14 13:08:32;SELL;0.15;4268.617;4256.520;4274.578;4256.695;181.45;89.42;0.918;2.029;TP;DH5|1|4533
101569;2026.09.14 18:00:34;2026.09.14 18:04:24;BUY;0.21;4314.758;4310.512;4310.518;4323.238;-89.17;89.04;0.898;-1.001;SL;DH5|2|4539
101571;2026.09.15 05:15:37;2026.09.15 05:34:37;SELL;0.18;4299.741;4289.567;4304.825;4289.573;183.13;91.51;0.931;2.001;TP;DH5|2|4545
101573;2026.09.15 06:08:27;2026.09.15 07:03:10;BUY;0.21;4289.696;4289.687;4285.411;4298.266;-0.19;89.98;0.899;-0.002;SL;DH5|3|4546
101575;2026.09.15 07:43:37;2026.09.15 07:47:46;BUY;0.23;4283.536;4286.026;4279.536;4291.536;57.27;92.00;0.919;0.622;SL;DH5|3|4549
101577;2026.09.15 08:00:03;2026.09.15 08:02:34;SELL;0.23;4279.125;4271.034;4283.125;4271.125;186.09;92.00;0.914;2.023;TP;DH5|1|4550
101579;2026.09.15 08:17:45;2026.09.15 08:22:34;SELL;0.2;4270.280;4274.992;4274.905;4261.030;-94.24;92.50;0.902;-1.019;SL;DH5|1|4551
101581;2026.09.15 09:25:33;2026.09.15 09:28:06;SELL;0.19;4263.962;4269.164;4269.003;4253.880;-98.84;95.78;0.942;-1.032;SL;DH5|1|4553
101583;2026.09.15 11:52:26;2026.09.15 12:17:29;SELL;0.23;4283.922;4275.861;4287.922;4275.922;185.40;92.00;0.914;2.015;TP;DH5|1|4554
101585;2026.09.15 12:22:14;2026.09.15 12:26:43;SELL;0.23;4272.087;4276.166;4276.087;4264.087;-93.82;92.00;0.898;-1.020;SL;DH5|1|4557
101587;2026.09.15 12:49:22;2026.09.15 12:49:40;SELL;0.23;4286.576;4290.690;4290.576;4278.576;-94.62;92.00;0.906;-1.029;SL;DH5|3|4558
101589;2026.09.15 18:12:37;2026.09.15 19:06:21;BUY;0.12;4302.673;4302.653;4295.125;4317.769;-0.24;90.58;0.900;-0.003;SL;DH5|2|4565
101591;2026.09.15 19:55:51;2026.09.15 20:40:00;SELL;0.16;4295.005;4293.200;4300.660;4283.695;28.88;90.48;0.899;0.319;EA;DH5|2|4569
101593;2026.09.16 01:00:26;2026.09.16 01:27:31;BUY;0.16;4280.905;4292.885;4274.944;4292.827;191.68;95.38;0.945;2.010;TP;DH5|3|4570
101595;2026.09.16 02:28:28;2026.09.16 02:30:33;SELL;0.23;4298.700;4302.900;4302.701;4290.698;-96.60;92.02;0.895;-1.050;SL;DH5|3|4572
101597;2026.09.16 13:21:34;2026.09.16 13:36:33;BUY;0.21;4352.059;4347.565;4347.578;4361.021;-94.37;94.10;0.924;-1.003;SL;DH5|1|4586
101599;2026.09.16 17:56:40;2026.09.16 17:59:35;BUY;0.17;4351.002;4362.166;4345.573;4361.860;189.79;92.29;0.915;2.056;TP;DH5|2|4593
101601;2026.09.17 06:15:30;2026.09.17 06:29:35;SELL;0.2;4308.523;4313.275;4313.151;4299.267;-95.04;92.56;0.900;-1.027;SL;DH5|3|4601
101603;2026.09.17 11:11:24;2026.09.17 11:47:26;SELL;0.15;4334.728;4329.897;4340.884;4322.416;72.47;92.34;0.907;0.785;SL;DH5|3|4604
101605;2026.09.18 01:00:31;2026.09.18 01:16:33;BUY;0.16;4361.154;4355.018;4355.073;4373.316;-98.18;97.30;0.949;-1.009;SL;DH5|2|4612
101607;2026.09.18 02:55:35;2026.09.18 03:26:10;SELL;0.16;4346.579;4334.429;4352.542;4334.653;194.40;95.41;0.939;2.038;TP;DH5|2|4616
101609;2026.09.18 05:30:39;2026.09.18 05:33:31;SELL;0.17;4360.346;4365.993;4365.906;4349.226;-96.00;94.52;0.913;-1.016;SL;DH5|2|4624
101611;2026.09.18 07:52:31;2026.09.18 08:03:30;SELL;0.23;4397.125;4397.190;4401.125;4389.125;-1.50;92.00;0.897;-0.016;SL;DH5|3|4631
101613;2026.09.18 12:11:34;2026.09.18 12:27:27;SELL;0.13;4370.702;4355.886;4378.101;4355.904;192.61;96.19;0.938;2.002;TP;DH5|2|4636
101615;2026.09.21 03:54:42;2026.09.21 04:19:33;SELL;0.16;4358.506;4364.368;4364.353;4346.812;-93.79;93.55;0.895;-1.003;SL;DH5|2|4648
101617;2026.09.21 05:35:37;2026.09.21 05:40:19;SELL;0.16;4352.038;4357.887;4357.869;4340.376;-93.58;93.30;0.901;-1.003;SL;DH5|2|4652
101619;2026.09.21 05:46:42;2026.09.21 05:51:35;BUY;0.23;4353.662;4349.535;4349.633;4361.720;-94.92;92.67;0.903;-1.024;SL;DH5|3|4653
101621;2026.09.21 07:43:50;2026.09.21 08:06:33;SELL;0.1;4342.418;4351.665;4351.629;4323.996;-92.47;92.11;0.906;-1.004;SL;DH5|2|4659
101623;2026.09.21 09:04:33;2026.09.21 09:15:28;SELL;0.18;4349.182;4354.417;4354.383;4338.780;-94.23;93.62;0.929;-1.007;SL;DH5|2|4662
101625;2026.09.21 11:56:44;2026.09.21 12:05:30;SELL;0.18;4367.102;4372.114;4372.096;4357.114;-90.22;89.89;0.901;-1.004;SL;DH5|3|4665
101627;2026.09.21 17:31:32;2026.09.21 17:52:31;SELL;0.22;4340.866;4345.011;4344.866;4332.866;-91.19;88.00;0.890;-1.036;SL;DH5|2|4668
101629;2026.09.22 12:25:42;2026.09.22 12:31:32;SELL;0.15;4337.447;4343.593;4343.593;4325.155;-92.19;92.19;0.941;-1.000;SL;DH5|3|4687
101631;2026.09.23 01:01:27;2026.09.23 01:54:29;SELL;0.14;4354.550;4341.412;4361.040;4341.570;183.93;90.86;0.936;2.024;TP;DH5|2|4691
101633;2026.09.23 11:26:06;2026.09.23 11:39:04;SELL;0.22;4305.509;4297.264;4309.598;4297.331;181.39;89.96;0.910;2.016;TP;DH5|1|4711
101635;2026.09.23 11:40:43;2026.09.23 11:42:31;SELL;0.23;4298.138;4302.223;4302.197;4290.020;-93.96;93.36;0.927;-1.006;SL;DH5|1|4713
101637;2026.09.24 10:11:41;2026.09.24 10:25:34;SELL;0.22;4255.322;4246.619;4259.473;4247.020;191.47;91.32;0.915;2.097;TP;DH5|1|4741
101639;2026.09.24 12:15:04;2026.09.24 12:21:33;SELL;0.23;4267.894;4272.045;4271.928;4259.826;-95.47;92.78;0.912;-1.029;SL;DH5|1|4746
101641;2026.09.24 18:03:32;2026.09.24 18:08:19;SELL;0.14;4257.052;4263.507;4263.493;4244.170;-90.37;90.17;0.895;-1.002;SL;DH5|2|4761
101643;2026.09.25 05:15:42;2026.09.25 05:31:29;BUY;0.23;4259.217;4267.289;4255.217;4267.217;185.66;92.00;0.922;2.018;TP;DH5|3|4766
101645;2026.09.25 08:17:33;2026.09.25 08:31:23;SELL;0.23;4281.418;4285.495;4285.418;4273.418;-93.77;92.00;0.905;-1.019;SL;DH5|3|4767
