name,Hand_FirstDist,Hand_MinDist1,Hand_AddGap1,Hand_MinDist2,Hand_AddGap2,Hand_OrderThresh,Hand_MoveStep,Hand_InitLot,Hand_AddLotMult,Hand_SideTP,Hand_SideSL,Hand_AllStopLoss,Hand_PauseLoss,NetClosePL,EA_StartTime,EA_StopTime,InpBasketMaxLoss,InpHardSLATR,InpFlattenOnClose,InpMaxLayers,InpMaxTotalLots,InpDailyLossLimit,InpPeakRetracePct,InpSpikeEnable,InpSpikeUSD,InpSpikePauseMin,InpSpikeRemovePend,MaxLot,DailyProfitTarget
set710taikhoan20k,70,100,110,140,160,6,50,0.02,1.15,250,1000,150,1500,250,03:00,15:00,0,0,true,0,100,0,100,false,3.0,30,true,10,0
r11_00000,100,220,190,220,240,5,40,0.02,1.5,550,2100,175,600,150,01:00,20:00,500,3.0,true,8,0.2,3600,10,true,2.0,20,true,0.1,0
r11_00001,100,150,190,260,340,5,100,0.02,1.15,550,1100,425,300,400,10:00,16:00,3800,0,true,5,0.8,3500,30,true,2.0,60,true,0.08,0
r11_00002,70,170,70,80,340,2,50,0.02,1.15,775,300,425,1500,350,06:00,13:00,1500,2.0,true,6,100,0,10,false,2.0,20,true,0.2,0
r11_00003,30,190,200,120,280,10,50,0.02,1.5,450,800,150,1600,125,06:00,18:00,300,2.0,true,12,0.5,400,20,true,5.0,60,true,10,1500
r11_00004,100,130,50,320,260,7,60,0.02,1.4,100,400,100,900,225,00:00,21:00,0,4.0,true,3,2.0,1100,50,true,8.0,20,false,10,1700
r11_00005,140,110,100,300,280,10,50,0.02,1.4,750,1700,525,500,125,01:00,12:00,1900,1.5,true,7,0.5,3400,30,true,8.0,10,true,10,0
r11_00006,130,70,130,140,360,5,20,0.02,1.05,250,1500,400,1000,0,02:00,16:00,0,1.0,true,0,0.8,0,50,false,8.0,60,true,0.1,0
r11_00007,30,200,160,300,160,2,20,0.02,1.05,425,400,275,1300,0,01:00,13:00,2600,0,true,3,0.8,0,100,false,2.0,45,true,0.5,0
r11_00008,30,170,170,260,80,3,30,0.02,1.05,550,500,250,1600,350,09:00,19:00,3700,0,true,10,100,0,10,false,2.0,20,true,0.08,3300
r11_00009,70,50,160,160,120,5,100,0.02,1.1,650,3000,300,2400,425,03:00,17:00,1900,1.5,true,15,1.2,1500,20,false,3.0,60,false,10,0
r11_00010,100,160,60,300,100,6,40,0.02,1.05,400,1700,250,900,350,10:00,20:00,2300,4.0,true,6,100,2000,70,true,8.0,30,false,0.05,3800
r11_00011,30,90,170,220,140,2,60,0.02,1.15,650,600,75,2300,0,01:00,20:00,2600,0,true,15,0.3,0,50,false,3.0,10,false,0.1,1300
r11_00012,60,130,160,240,300,10,100,0.02,1.1,350,2900,600,1000,0,06:00,14:00,1500,0,true,7,0.8,1600,10,true,3.0,20,false,10,3600
r11_00013,150,150,130,300,340,2,70,0.02,1.05,75,1600,300,2000,250,07:00,12:00,0,0,true,7,100,0,30,true,5.0,20,false,0.08,0
r11_00014,140,70,120,220,240,10,60,0.02,1.1,450,1800,475,1100,350,09:00,15:00,0,1.0,true,10,0.5,1500,50,true,6.0,10,false,10,0
r11_00015,30,210,170,240,320,3,90,0.02,1.05,600,700,100,2000,775,06:00,16:00,0,4.0,true,3,0.8,3300,70,false,2.0,20,false,0.1,0
r11_00016,70,90,50,80,140,4,50,0.02,1.0,575,1100,300,2600,525,07:00,13:00,4000,0,true,10,0.5,3600,50,true,5.0,45,true,0.1,0
r11_00017,130,220,250,140,240,5,100,0.02,1.1,225,2500,550,2800,175,05:00,21:00,0,1.5,true,4,0.3,1100,20,true,8.0,10,false,0.08,0
r11_00018,160,180,220,320,300,4,50,0.02,1.4,550,2300,50,600,575,05:00,17:00,0,6.0,true,15,0.8,1500,10,false,2.0,10,true,0.5,0
r11_00019,110,200,90,140,120,3,50,0.02,1.1,700,700,275,2400,0,00:00,14:00,3200,0,true,0,0.8,0,50,false,5.0,20,false,10,400
r11_00020,160,110,100,200,220,7,70,0.02,1.4,775,800,525,800,0,00:00,17:00,2800,1.5,true,10,0.8,1900,30,true,8.0,20,false,10,3600
r11_00021,140,160,180,320,120,8,50,0.02,1.1,100,2700,300,1200,50,05:00,21:00,0,2.0,true,15,0.5,0,100,false,6.0,20,true,0.08,0
r11_00022,100,110,80,320,200,2,30,0.02,1.05,625,900,250,1700,75,03:00,18:00,0,2.0,true,5,0.5,3800,70,false,6.0,60,true,0.2,0
r11_00023,130,70,220,260,280,2,80,0.02,1.1,350,1700,175,3000,525,09:00,12:00,3400,3.0,true,5,1.2,2600,70,false,5.0,30,false,0.2,2000
r11_00024,30,50,120,260,80,4,80,0.02,1.4,75,3000,300,2600,500,05:00,13:00,1700,3.0,true,8,0.5,1800,10,true,8.0,45,true,0.5,0
r11_00025,140,80,60,260,200,9,30,0.02,1.15,725,300,325,1900,325,07:00,14:00,3200,2.0,true,15,1.2,0,100,true,4.0,20,true,0.08,0
r11_00026,70,210,240,180,160,6,110,0.02,1.15,550,1000,225,900,450,10:00,15:00,500,0,true,0,0.5,0,10,true,2.0,20,false,10,1200
r11_00027,110,120,250,180,220,9,70,0.02,1.15,300,1200,425,2600,0,01:00,13:00,1600,4.0,true,7,0.5,0,20,false,3.0,60,false,0.05,0
r11_00028,140,100,180,280,180,3,90,0.02,1.3,100,1900,100,1600,425,10:00,19:00,0,0,true,0,0.5,0,100,true,8.0,30,false,0.2,2200
r11_00029,70,90,120,180,280,7,70,0.02,1.05,300,2400,400,2100,750,10:00,16:00,2200,4.0,true,6,0.3,0,100,true,2.0,30,false,10,0
r11_00030,90,170,110,300,260,7,80,0.02,1.1,700,2000,500,800,650,07:00,16:00,1700,6.0,true,0,0.2,400,100,false,2.0,60,false,0.5,0
r11_00031,80,70,130,300,100,7,30,0.02,1.0,550,2200,150,600,550,06:00,15:00,3400,6.0,true,6,2.0,0,30,false,8.0,20,false,0.08,0
r11_00032,140,70,240,80,200,7,20,0.02,1.4,700,400,400,2000,450,05:00,12:00,2900,3.0,true,3,0.3,2700,100,true,4.0,20,false,0.08,0
r11_00033,70,60,200,160,300,3,60,0.02,1.1,650,700,75,2700,500,07:00,12:00,0,1.5,true,3,0.8,0,20,false,6.0,60,true,0.08,0
r11_00034,70,170,100,320,360,6,120,0.02,1.5,725,1000,425,1500,300,10:00,20:00,800,4.0,true,4,1.2,0,20,false,6.0,60,false,0.5,1700
r11_00035,30,200,160,220,320,5,80,0.02,1.1,375,700,300,700,725,08:00,14:00,2000,6.0,true,10,100,0,20,true,3.0,20,true,10,0
r11_00036,120,210,80,220,300,9,30,0.02,1.2,50,2700,200,1600,575,01:00,19:00,0,6.0,true,7,2.0,0,30,false,4.0,45,true,0.1,0
r11_00037,100,70,160,100,280,4,30,0.02,1.4,575,1600,125,2300,725,06:00,19:00,0,0,true,8,100,1600,70,true,4.0,45,false,0.05,3700
r11_00038,130,70,130,140,140,8,30,0.02,1.3,275,1000,500,1800,300,07:00,18:00,0,1.0,true,12,100,0,100,true,3.0,20,false,10,3900
r11_00039,140,70,80,140,80,4,30,0.02,1.4,375,2600,100,1300,375,08:00,14:00,1200,3.0,true,8,0.8,300,100,false,6.0,30,true,0.2,3500
r11_00040,30,130,150,140,180,6,120,0.02,1.5,125,1900,350,900,675,04:00,13:00,1300,2.0,true,10,0.5,2500,70,true,6.0,20,true,0.1,1400
r11_00041,150,70,90,140,220,8,70,0.02,1.3,100,2900,325,1100,125,07:00,14:00,0,6.0,true,10,100,1900,20,false,6.0,20,true,0.5,0
r11_00042,130,160,120,320,260,7,40,0.02,1.1,525,1900,100,1700,0,02:00,14:00,0,3.0,true,12,100,0,50,false,2.0,20,false,10,0
r11_00043,50,150,210,120,160,5,110,0.02,1.3,75,2200,75,2600,150,06:00,19:00,3300,2.5,true,7,1.2,3400,50,false,5.0,10,true,0.1,0
r11_00044,110,180,180,80,180,2,60,0.02,1.4,625,1400,525,1300,275,09:00,13:00,0,4.0,true,4,1.2,3300,100,true,6.0,20,false,0.2,0
r11_00045,60,70,260,180,340,10,80,0.02,1.1,225,2200,375,2100,0,01:00,13:00,1100,0,true,10,2.0,0,20,false,2.0,30,true,10,0
r11_00046,100,210,170,120,180,5,20,0.02,1.2,50,1600,300,1200,150,07:00,15:00,0,0,true,4,0.8,2500,50,true,3.0,60,true,0.1,1400
r11_00047,30,80,140,300,340,7,60,0.02,1.4,600,3000,150,1300,800,07:00,18:00,0,1.5,true,5,100,1500,30,true,8.0,20,false,0.5,0
r11_00048,150,210,80,260,240,5,60,0.02,1.1,575,900,250,700,100,07:00,13:00,3600,0,true,10,100,0,70,false,6.0,30,false,0.5,0
r11_00049,50,140,110,140,120,6,100,0.02,1.0,175,2700,150,400,775,09:00,18:00,0,4.0,true,0,0.2,0,100,false,4.0,45,true,0.1,0
r11_00050,160,210,220,120,260,4,30,0.02,1.4,225,2300,400,2000,675,03:00,16:00,1700,4.0,true,5,100,0,100,true,6.0,45,true,0.05,0
r11_00051,30,200,180,240,220,6,20,0.02,1.05,125,700,500,2300,675,03:00,21:00,0,2.0,true,7,100,3600,30,false,2.0,60,true,0.08,0
r11_00052,50,200,260,260,320,9,20,0.02,1.3,375,1600,325,2500,800,00:00,14:00,1100,1.0,true,8,100,0,50,true,2.0,45,false,0.08,0
r11_00053,40,60,260,300,320,5,60,0.02,1.2,125,1900,225,1600,775,03:00,17:00,0,1.5,true,0,0.2,600,100,false,6.0,60,true,0.08,1500
r11_00054,90,170,60,140,200,7,50,0.02,1.1,675,1900,175,1800,200,09:00,19:00,3300,4.0,true,8,0.2,1600,70,false,5.0,10,true,0.2,0
r11_00055,70,50,210,120,300,6,100,0.02,1.4,500,2200,600,900,325,00:00,14:00,2600,1.0,true,4,100,0,30,false,5.0,10,false,0.05,0
r11_00056,110,60,140,200,260,5,90,0.02,1.0,200,600,450,2200,0,03:00,16:00,3300,6.0,true,3,0.5,0,50,false,3.0,20,false,0.1,2700
r11_00057,50,170,210,180,140,3,60,0.02,1.3,325,2100,200,700,0,00:00,19:00,2200,0,true,4,0.8,2600,20,false,2.0,45,true,0.08,0
r11_00058,100,170,150,160,220,6,50,0.02,1.1,775,1400,200,1800,325,10:00,15:00,2400,3.0,true,3,2.0,3800,30,true,5.0,10,false,10,1900
r11_00059,30,170,200,260,160,9,70,0.02,1.2,100,200,75,1400,325,09:00,16:00,0,1.0,true,15,2.0,0,30,false,2.0,60,true,0.5,0
r11_00060,30,220,180,260,200,3,60,0.02,1.05,700,1600,400,1500,350,00:00,14:00,2000,2.0,true,8,0.8,400,20,true,4.0,20,false,0.2,0
r11_00061,110,50,220,200,80,5,100,0.02,1.5,725,2200,475,500,475,05:00,16:00,0,0,true,6,0.3,1300,20,true,3.0,30,false,0.5,0
r11_00062,80,180,140,180,300,10,90,0.02,1.15,550,900,325,1300,775,08:00,14:00,700,0,true,5,100,3500,100,false,2.0,20,false,0.5,0
r11_00063,80,130,170,240,300,8,60,0.02,1.2,325,2400,575,1300,725,03:00,21:00,3900,3.0,true,15,0.2,2000,20,true,3.0,45,false,10,200
r11_00064,100,90,130,300,160,8,60,0.02,1.4,350,2300,150,400,125,00:00,15:00,0,6.0,true,0,1.2,0,10,false,3.0,30,true,0.05,0
r11_00065,160,140,120,200,300,8,40,0.02,1.4,575,2400,200,2000,725,02:00,19:00,0,0,true,10,0.5,3000,10,true,4.0,10,false,0.1,0
r11_00066,70,170,130,180,140,3,90,0.02,1.15,325,1900,250,2000,0,01:00,12:00,2200,0,true,0,0.2,0,20,true,5.0,45,true,0.08,0
r11_00067,110,170,220,80,140,10,110,0.02,1.2,250,800,275,3000,675,07:00,21:00,600,1.0,true,0,0.2,700,30,false,2.0,60,false,10,0
r11_00068,30,110,70,180,80,10,60,0.02,1.15,675,2500,425,1500,475,10:00,13:00,3300,3.0,true,7,0.5,400,10,true,3.0,30,false,0.2,0
r11_00069,130,130,160,280,280,9,70,0.02,1.2,250,400,550,1300,250,05:00,15:00,1600,0,true,3,0.5,1400,30,true,3.0,20,false,0.05,0
r11_00070,30,50,170,240,80,8,30,0.02,1.3,800,1900,200,300,300,01:00,21:00,0,2.5,true,7,2.0,1700,50,false,8.0,20,false,10,2200
r11_00071,50,160,210,80,120,8,120,0.02,1.0,200,2100,525,1400,725,10:00,18:00,3900,0,true,0,2.0,3200,50,false,6.0,20,false,0.1,0
r11_00072,30,210,60,240,280,9,90,0.02,1.2,500,300,525,400,150,08:00,19:00,0,2.0,true,12,0.8,0,50,false,2.0,20,false,10,0
r11_00073,160,90,80,320,100,10,60,0.02,1.2,100,700,75,2500,450,05:00,19:00,0,0,true,7,0.3,1800,10,true,6.0,45,false,10,0
r11_00074,100,60,220,100,320,4,70,0.02,1.1,125,1200,75,1400,225,04:00,13:00,2700,0,true,15,2.0,700,10,true,6.0,30,true,0.1,2900
r11_00075,90,50,150,300,180,6,120,0.02,1.15,600,800,175,2700,0,09:00,19:00,0,2.0,true,0,0.5,2500,30,true,2.0,10,true,0.2,2100
r11_00076,150,180,110,120,100,6,80,0.02,1.3,700,2100,375,1100,450,01:00,13:00,0,3.0,true,4,2.0,2100,10,false,2.0,45,true,0.08,0
r11_00077,140,180,240,140,220,3,70,0.02,1.4,300,1100,500,1700,250,04:00,12:00,1800,0,true,7,0.8,0,30,false,5.0,30,false,10,3900
r11_00078,40,220,260,100,220,5,30,0.02,1.3,50,1300,50,2600,600,05:00,12:00,1200,4.0,true,0,0.8,0,70,false,5.0,60,true,10,2700
r11_00079,90,120,250,240,300,3,20,0.02,1.05,400,2200,350,2800,200,08:00,21:00,0,2.5,true,3,1.2,0,10,true,3.0,60,false,0.2,3200
r11_00080,150,80,180,220,120,2,70,0.02,1.3,800,2800,50,600,475,08:00,20:00,900,2.0,true,10,100,0,20,true,8.0,10,false,0.05,0
r11_00081,60,120,230,200,220,2,50,0.02,1.5,175,1900,125,1700,0,01:00,20:00,0,6.0,true,3,1.2,1000,50,true,3.0,20,true,0.2,2600
r11_00082,50,140,210,260,80,8,30,0.02,1.5,275,1900,550,2700,75,06:00,18:00,0,1.5,true,5,100,2900,30,false,3.0,60,true,0.1,800
r11_00083,90,140,130,300,260,6,50,0.02,1.3,100,1500,425,1500,375,05:00,19:00,0,2.0,true,10,100,0,50,false,5.0,20,true,0.2,0
r11_00084,80,160,200,140,240,10,90,0.02,1.0,325,1500,500,600,0,09:00,17:00,2600,2.5,true,5,0.3,4000,10,false,3.0,45,true,0.1,2400
r11_00085,30,70,110,160,260,6,80,0.02,1.3,350,400,275,2100,100,06:00,15:00,2400,0,true,6,0.2,2100,100,false,2.0,45,true,0.08,3700
r11_00086,50,150,250,300,80,5,110,0.02,1.0,700,2500,425,1600,550,01:00,14:00,3100,1.0,true,7,2.0,1000,50,false,8.0,10,true,0.5,0
r11_00087,160,220,80,300,100,8,60,0.02,1.05,775,2900,200,600,475,02:00,13:00,0,2.0,true,8,1.2,0,50,false,3.0,45,false,0.08,2600
r11_00088,110,200,80,240,300,4,110,0.02,1.3,200,200,325,2900,325,06:00,21:00,2700,4.0,true,12,2.0,0,70,true,5.0,45,false,10,1600
r11_00089,130,130,160,300,200,2,60,0.02,1.05,675,2800,250,1500,200,06:00,21:00,0,1.0,true,7,2.0,0,10,true,3.0,60,true,0.2,0
r11_00090,160,90,60,300,180,4,100,0.02,1.5,300,1700,150,1700,650,05:00,16:00,0,1.0,true,4,0.3,2500,10,true,3.0,60,true,0.05,2500
r11_00091,40,140,240,300,160,3,50,0.02,1.3,50,700,475,1100,275,04:00,20:00,0,4.0,true,0,0.5,0,30,true,5.0,20,true,0.1,0
r11_00092,150,100,220,320,280,6,60,0.02,1.0,375,2600,325,2300,225,07:00,19:00,2500,1.5,true,15,0.5,2500,20,true,6.0,10,true,0.05,800
r11_00093,120,80,110,180,160,7,40,0.02,1.0,800,2300,575,500,0,06:00,21:00,0,6.0,true,10,100,1400,10,false,6.0,45,true,0.2,0
r11_00094,50,200,110,100,300,9,20,0.02,1.05,150,3000,275,1100,600,04:00,14:00,1200,3.0,true,0,2.0,3900,70,false,3.0,10,true,10,0
r11_00095,70,140,50,200,80,4,40,0.02,1.05,50,1300,100,2800,350,03:00,18:00,0,1.5,true,6,1.2,0,20,false,2.0,60,false,0.1,3500
r11_00096,130,160,190,280,140,8,40,0.02,1.15,150,800,250,1700,675,05:00,14:00,0,2.0,true,12,0.5,400,20,false,3.0,10,false,0.1,0
r11_00097,140,110,260,80,320,5,100,0.02,1.05,100,2300,450,1000,75,06:00,20:00,2600,2.5,true,0,100,2700,20,false,8.0,20,false,0.5,0
r11_00098,70,220,230,300,100,9,20,0.02,1.0,425,300,350,500,175,02:00,13:00,0,4.0,true,4,0.8,0,20,true,8.0,30,true,10,0
r11_00099,140,120,260,220,180,7,30,0.02,1.2,150,2900,100,800,575,00:00,13:00,0,1.0,true,12,100,0,70,false,6.0,30,true,10,300
r11_00100,40,140,260,240,120,4,70,0.02,1.05,275,1700,525,1700,725,07:00,19:00,0,1.0,true,8,100,4000,50,true,4.0,20,true,10,0
r11_00101,160,110,50,80,140,8,90,0.02,1.05,400,200,175,1300,0,04:00,12:00,0,6.0,true,6,2.0,0,100,false,3.0,30,true,0.1,0
r11_00102,90,180,220,260,220,6,70,0.02,1.5,225,2300,525,3000,575,02:00,19:00,2100,1.0,true,6,0.3,2800,20,false,4.0,10,true,0.05,0
r11_00103,40,200,210,280,200,2,120,0.02,1.5,350,1000,425,2100,500,07:00,12:00,0,4.0,true,15,2.0,0,20,true,4.0,60,false,10,0
r11_00104,150,60,120,260,340,8,20,0.02,1.2,200,3000,550,1900,0,05:00,20:00,0,0,true,8,2.0,0,30,false,3.0,20,false,0.5,0
r11_00105,130,90,260,140,320,6,60,0.02,1.1,125,2800,425,1200,75,00:00,20:00,3300,3.0,true,15,100,1300,10,false,4.0,45,false,0.05,0
r11_00106,140,130,240,280,120,2,80,0.02,1.4,650,1400,50,2100,425,10:00,19:00,0,2.5,true,0,100,3400,20,true,8.0,60,true,0.2,0
r11_00107,90,150,190,160,300,4,20,0.02,1.2,575,2600,125,1300,75,00:00,16:00,4000,2.0,true,8,100,0,30,true,6.0,45,true,10,0
r11_00108,140,220,60,220,320,10,50,0.02,1.2,200,2000,325,1000,350,01:00,17:00,0,2.5,true,5,1.2,0,20,false,2.0,10,false,0.08,0
r11_00109,90,220,250,240,360,6,110,0.02,1.4,50,1800,100,900,75,09:00,14:00,0,2.0,true,12,0.8,0,100,true,8.0,10,false,10,0
r11_00110,40,200,110,160,360,2,100,0.02,1.05,50,1000,400,2500,725,02:00,18:00,1800,3.0,true,15,0.3,2900,10,true,8.0,60,true,10,0
r11_00111,100,170,50,200,100,8,90,0.02,1.05,200,900,425,2100,775,10:00,13:00,0,0,true,4,1.2,1500,30,true,2.0,30,false,10,0
r11_00112,90,110,190,200,180,5,110,0.02,1.0,375,2900,275,2200,400,07:00,20:00,2700,6.0,true,7,100,2100,20,false,5.0,20,false,10,700
r11_00113,110,150,230,300,200,2,80,0.02,1.3,650,1500,250,500,225,06:00,16:00,1500,3.0,true,0,2.0,1600,100,false,2.0,60,false,0.2,0
r11_00114,100,130,130,300,280,10,80,0.02,1.1,50,600,500,1300,450,00:00,16:00,2400,6.0,true,8,0.8,0,100,false,8.0,45,false,0.5,1100
r11_00115,40,60,190,220,240,10,90,0.02,1.0,800,1100,325,1600,100,00:00,16:00,1300,2.5,true,4,1.2,1200,30,true,6.0,30,false,0.2,0
r11_00116,150,140,250,260,140,5,40,0.02,1.0,125,400,550,2800,0,03:00,16:00,0,0,true,12,100,2100,30,true,6.0,30,false,0.05,1500
r11_00117,160,200,150,80,220,6,110,0.02,1.3,225,1900,225,2200,150,10:00,17:00,3000,1.0,true,3,0.2,2500,20,false,3.0,45,false,10,0
r11_00118,140,60,70,320,340,10,110,0.02,1.0,125,1200,75,2100,425,09:00,20:00,700,0,true,7,100,1400,70,false,2.0,20,false,10,0
r11_00119,70,120,220,80,180,5,70,0.02,1.0,225,1100,275,1100,0,05:00,16:00,1400,2.0,true,3,100,0,10,false,8.0,60,true,0.05,0
r11_00120,150,190,210,140,200,8,70,0.02,1.2,400,1600,450,2100,675,03:00,16:00,0,2.0,true,7,100,500,70,false,4.0,60,true,0.05,3700
r11_00121,130,190,160,300,220,3,80,0.02,1.15,750,2000,550,3000,100,01:00,15:00,2400,6.0,true,7,0.5,0,30,false,2.0,60,true,10,2600
r11_00122,140,80,190,240,360,8,110,0.02,1.0,500,2400,175,500,750,03:00,19:00,0,4.0,true,15,0.8,400,10,true,8.0,20,true,10,2300
r11_00123,50,220,210,100,280,4,60,0.02,1.15,700,2700,225,2700,325,00:00,14:00,400,1.0,true,8,0.8,1400,30,true,6.0,10,true,0.5,0
r11_00124,90,130,170,300,280,4,80,0.02,1.5,550,300,225,2100,775,03:00,13:00,0,1.0,true,4,1.2,0,100,true,8.0,45,false,0.08,0
r11_00125,90,200,230,200,100,10,60,0.02,1.0,125,200,325,2200,300,06:00,14:00,1400,1.5,true,10,100,3900,100,true,5.0,20,false,0.2,0
r11_00126,110,60,90,140,200,9,50,0.02,1.4,525,1400,175,2700,750,00:00,17:00,1200,2.0,true,3,100,1800,100,false,3.0,10,true,10,4000
r11_00127,150,60,230,100,140,6,40,0.02,1.15,400,500,375,900,0,08:00,14:00,0,6.0,true,7,1.2,0,70,true,5.0,10,false,0.05,0
r11_00128,120,50,110,320,180,2,80,0.02,1.4,275,1900,275,2400,0,06:00,17:00,900,0,true,5,0.5,0,20,true,8.0,20,false,0.5,1800
r11_00129,40,220,80,300,200,7,110,0.02,1.2,225,2800,425,2300,500,02:00,16:00,3900,0,true,3,100,4000,30,true,4.0,60,false,10,0
r11_00130,130,50,130,120,180,10,110,0.02,1.15,475,2900,250,900,525,05:00,12:00,0,0,true,15,0.8,3300,70,true,2.0,45,true,0.5,0
r11_00131,140,190,200,280,200,6,70,0.02,1.4,225,1200,400,2000,150,10:00,15:00,0,1.0,true,15,100,1400,70,true,6.0,30,true,0.05,0
r11_00132,30,90,190,280,340,6,120,0.02,1.2,475,1600,325,600,0,10:00,12:00,900,0,true,12,0.2,1300,70,false,3.0,10,false,10,0
r11_00133,130,160,180,240,280,5,20,0.02,1.3,275,1600,275,2300,200,00:00,19:00,1900,4.0,true,12,0.2,600,70,true,4.0,60,false,0.2,0
r11_00134,150,140,70,220,260,10,80,0.02,1.2,350,2300,425,1500,725,05:00,13:00,500,3.0,true,10,100,1200,50,true,6.0,45,true,0.1,0
r11_00135,50,190,250,160,160,7,80,0.02,1.15,625,200,50,800,150,02:00,14:00,0,0,true,12,0.2,0,50,true,6.0,10,false,10,0
r11_00136,50,180,70,100,240,2,120,0.02,1.3,425,1400,200,2900,0,09:00,14:00,2200,2.0,true,7,0.3,700,50,true,5.0,60,true,0.05,0
r11_00137,90,60,210,140,120,10,100,0.02,1.2,225,700,475,1900,175,09:00,16:00,2400,3.0,true,4,2.0,0,70,true,3.0,20,true,0.5,0
r11_00138,160,200,160,140,180,3,40,0.02,1.15,525,2100,225,700,0,08:00,21:00,3000,3.0,true,4,0.8,2600,10,false,4.0,45,false,0.1,1100
r11_00139,160,140,170,280,280,2,60,0.02,1.4,300,2000,125,2800,775,04:00,21:00,0,0,true,3,100,3400,20,true,2.0,30,false,10,2900
r11_00140,150,130,140,300,220,2,50,0.02,1.3,425,800,50,600,100,09:00,20:00,0,4.0,true,8,2.0,0,10,false,5.0,30,false,10,0
r11_00141,150,80,90,180,320,3,40,0.02,1.05,450,400,175,1600,275,05:00,21:00,0,2.0,true,0,2.0,3300,20,false,8.0,10,true,0.1,0
r11_00142,90,210,240,260,340,9,30,0.02,1.1,625,300,175,2700,400,02:00,19:00,0,2.0,true,15,0.8,0,30,false,2.0,45,false,10,1500
r11_00143,40,160,130,280,320,4,80,0.02,1.3,450,2200,200,1600,250,00:00,19:00,0,1.0,true,12,0.3,3700,70,false,2.0,20,false,0.2,0
r11_00144,160,190,100,300,320,9,110,0.02,1.15,550,500,325,800,775,01:00,12:00,1100,2.5,true,0,0.3,0,100,false,5.0,45,true,0.08,3100
r11_00145,110,150,230,300,120,4,20,0.02,1.4,500,1300,75,2000,0,06:00,15:00,400,0,true,6,0.3,0,30,true,2.0,60,false,0.05,0
r11_00146,40,150,50,220,320,5,40,0.02,1.05,200,800,350,1300,100,04:00,12:00,2500,0,true,8,100,1900,10,false,6.0,30,true,10,2300
r11_00147,60,120,80,220,160,9,30,0.02,1.3,200,400,375,3000,75,00:00,16:00,0,2.0,true,7,1.2,2900,10,false,3.0,45,false,0.08,0
r11_00148,40,60,140,200,160,10,60,0.02,1.4,775,2000,475,1200,400,10:00,12:00,0,4.0,true,7,100,0,10,true,4.0,30,true,10,0
r11_00149,150,200,240,80,300,2,70,0.02,1.0,400,1900,450,800,0,01:00,18:00,3800,4.0,true,0,0.8,0,30,false,8.0,20,false,0.08,3900
r11_00150,160,210,210,80,340,10,110,0.02,1.0,525,1700,150,1500,0,09:00,14:00,2000,1.0,true,8,100,2200,50,true,4.0,20,false,0.2,1900
r11_00151,40,180,190,300,360,2,110,0.02,1.05,75,1600,425,1000,125,09:00,18:00,1000,4.0,true,3,0.5,3500,10,true,4.0,45,false,0.1,0
r11_00152,90,90,240,160,80,10,50,0.02,1.15,200,1600,550,1800,325,10:00,16:00,0,0,true,3,100,500,100,true,2.0,20,true,0.5,0
r11_00153,160,130,220,100,220,6,110,0.02,1.5,150,2500,325,2700,650,04:00,20:00,2300,1.0,true,3,0.5,1600,20,true,8.0,10,true,0.2,2300
r11_00154,120,70,60,80,200,2,100,0.02,1.5,75,3000,500,2400,575,03:00,17:00,2600,0,true,15,100,2700,100,false,5.0,20,true,0.08,0
r11_00155,160,220,80,120,80,8,50,0.02,1.15,150,900,375,2900,775,02:00,12:00,1400,2.0,true,12,0.2,0,30,true,4.0,10,true,0.2,0
r11_00156,100,70,190,220,320,2,110,0.02,1.1,725,2800,525,1400,50,10:00,17:00,3400,1.5,true,0,0.3,2800,100,true,6.0,30,false,10,2700
r11_00157,80,130,70,300,360,3,110,0.02,1.2,625,1400,125,500,375,05:00,12:00,0,1.5,true,12,0.5,0,10,false,5.0,30,false,0.08,1900
r11_00158,140,220,160,100,200,7,60,0.02,1.1,725,1100,350,400,225,01:00,20:00,1300,0,true,12,2.0,1100,50,false,6.0,30,true,0.08,0
r11_00159,40,50,130,100,140,4,60,0.02,1.5,525,1500,300,3000,750,08:00,15:00,1900,2.5,true,0,100,3500,100,true,3.0,60,true,0.5,500
r11_00160,160,200,190,220,80,9,60,0.02,1.0,550,1800,50,1700,125,05:00,14:00,2400,1.0,true,7,0.5,2100,30,true,5.0,30,true,10,800
r11_00161,40,200,60,220,120,2,110,0.02,1.3,525,1400,275,1100,225,00:00,14:00,1300,4.0,true,12,1.2,3800,30,false,3.0,60,false,10,0
r11_00162,80,210,60,140,300,4,50,0.02,1.3,575,2900,200,1000,450,07:00,13:00,3700,4.0,true,0,0.8,1600,10,true,4.0,10,true,0.05,2400
r11_00163,30,110,180,140,260,5,30,0.02,1.3,475,1100,75,700,675,04:00,19:00,1800,3.0,true,5,100,2700,70,true,8.0,45,true,0.2,0
r11_00164,60,80,200,160,140,10,30,0.02,1.3,375,2900,75,1900,0,10:00,19:00,2700,1.5,true,3,100,3800,20,true,3.0,20,false,10,0
r11_00165,160,200,180,100,280,2,40,0.02,1.2,150,200,525,1100,675,09:00,14:00,3100,1.0,true,7,2.0,1300,100,false,3.0,45,true,0.05,0
r11_00166,30,190,190,220,220,4,60,0.02,1.2,375,2600,275,2700,650,04:00,16:00,700,6.0,true,12,0.2,3700,10,false,5.0,10,false,0.08,700
r11_00167,160,170,190,240,220,2,30,0.02,1.4,700,600,575,1700,150,01:00,20:00,0,3.0,true,0,0.2,0,10,true,5.0,60,true,0.5,0
r11_00168,160,220,60,80,140,7,80,0.02,1.05,725,2500,150,2100,0,02:00,12:00,0,2.5,true,7,0.3,1600,10,false,2.0,10,false,10,2400
r11_00169,120,150,120,120,260,5,100,0.02,1.2,625,2100,475,1200,200,04:00,15:00,2500,1.0,true,10,100,0,100,true,4.0,10,true,0.1,1700
r11_00170,40,80,110,320,280,4,90,0.02,1.2,200,1300,50,2900,625,02:00,21:00,1800,1.5,true,12,0.8,0,70,false,3.0,45,true,0.2,300
r11_00171,60,160,80,200,120,10,60,0.02,1.0,575,700,475,2800,225,04:00,13:00,2200,0,true,5,100,3600,50,false,3.0,60,true,0.2,0
r11_00172,70,110,50,140,280,3,40,0.02,1.1,500,2200,575,2200,675,07:00,19:00,2100,6.0,true,8,0.3,0,10,false,6.0,30,true,0.05,0
r11_00173,150,180,200,300,360,10,40,0.02,1.3,800,600,450,1800,300,09:00,14:00,0,0,true,0,100,0,100,true,5.0,45,false,0.2,1900
r11_00174,40,220,60,200,220,9,40,0.02,1.4,450,2100,325,1200,750,02:00,14:00,1400,1.0,true,12,0.3,800,100,false,2.0,60,true,0.08,0
r11_00175,150,190,100,180,180,9,60,0.02,1.05,525,1900,425,2900,675,09:00,21:00,1500,2.0,true,6,100,1800,50,false,4.0,45,true,0.08,0
r11_00176,100,120,180,180,260,6,90,0.02,1.5,550,2700,175,1000,575,08:00,17:00,0,3.0,true,7,2.0,1900,70,false,5.0,45,false,0.08,0
r11_00177,50,210,220,200,240,5,40,0.02,1.15,100,1300,125,300,725,04:00,12:00,3400,0,true,8,100,2300,10,true,5.0,30,false,0.08,1700
r11_00178,120,80,60,280,260,5,90,0.02,1.3,325,1700,125,1600,425,03:00,15:00,0,4.0,true,5,0.3,800,70,true,2.0,20,false,0.1,0
r11_00179,40,120,50,300,360,6,20,0.02,1.3,225,1700,400,900,175,04:00,13:00,900,0,true,0,100,0,10,true,4.0,60,false,0.05,0
r11_00180,130,220,240,140,220,10,50,0.02,1.4,675,1800,225,300,125,02:00,13:00,1400,6.0,true,5,0.5,0,30,false,8.0,45,false,0.5,0
r11_00181,90,130,80,200,280,7,80,0.02,1.3,100,1800,325,3000,650,05:00,12:00,2200,6.0,true,3,2.0,1900,50,true,3.0,30,false,0.2,2900
r11_00182,110,160,220,300,100,9,90,0.02,1.2,650,1100,375,2200,625,05:00,14:00,1000,3.0,true,4,0.2,1100,70,false,4.0,10,false,0.2,0
r11_00183,110,190,70,220,140,2,100,0.02,1.15,400,1800,50,2800,175,08:00,20:00,0,0,true,4,0.5,3400,50,false,8.0,60,false,0.08,0
r11_00184,160,220,160,140,100,10,100,0.02,1.15,500,500,100,2400,550,09:00,14:00,2500,3.0,true,4,0.2,0,100,true,3.0,30,false,0.05,0
r11_00185,40,180,230,280,360,2,100,0.02,1.4,400,2300,400,1900,300,03:00,16:00,3800,6.0,true,7,0.8,0,30,false,6.0,20,true,10,1900
r11_00186,150,50,250,120,100,6,70,0.02,1.1,750,1800,125,2700,425,05:00,16:00,1200,4.0,true,5,100,4000,100,false,5.0,45,true,0.1,0
r11_00187,50,210,140,300,240,3,110,0.02,1.3,575,1700,75,1300,200,08:00,14:00,3800,2.0,true,5,2.0,0,10,false,6.0,60,false,10,1400
r11_00188,40,170,50,280,240,9,80,0.02,1.1,525,1300,575,1300,750,05:00,15:00,0,3.0,true,15,1.2,0,100,true,3.0,30,false,0.05,0
r11_00189,80,140,160,140,120,4,80,0.02,1.05,275,2700,325,1100,375,03:00,13:00,2000,3.0,true,8,1.2,0,50,true,2.0,30,false,0.08,200
r11_00190,150,200,70,320,200,2,90,0.02,1.0,550,400,150,2400,575,09:00,14:00,3100,1.5,true,5,0.5,2400,30,false,3.0,10,true,0.5,0
r11_00191,140,200,260,100,260,2,120,0.02,1.1,350,1100,225,800,600,01:00,17:00,0,6.0,true,3,100,3400,10,true,8.0,45,true,0.05,0
r11_00192,110,210,210,160,180,6,20,0.02,1.0,350,800,125,2300,475,02:00,13:00,1900,3.0,true,10,0.2,1200,50,true,3.0,45,false,0.2,0
r11_00193,30,140,230,100,320,8,90,0.02,1.3,275,900,300,1900,300,06:00,19:00,0,0,true,0,1.2,2200,70,true,6.0,10,false,0.5,2800
r11_00194,40,150,190,280,280,5,90,0.02,1.5,375,900,450,2900,0,03:00,21:00,0,4.0,true,12,0.8,3500,100,false,5.0,45,false,10,1200
r11_00195,70,220,90,100,240,9,30,0.02,1.0,775,2700,525,2800,450,00:00,18:00,2300,1.5,true,8,100,2700,100,true,5.0,10,true,0.5,0
r11_00196,100,110,100,220,160,9,40,0.02,1.1,300,300,550,400,250,10:00,18:00,1200,0,true,15,2.0,2200,10,false,8.0,10,true,10,0
r11_00197,70,100,60,320,280,4,120,0.02,1.05,325,2500,500,600,350,06:00,13:00,1700,2.0,true,0,1.2,1600,50,false,2.0,20,false,0.5,0
r11_00198,50,170,120,320,220,6,40,0.02,1.05,400,2900,100,1100,500,01:00,21:00,3900,4.0,true,10,2.0,3200,50,false,3.0,30,false,10,0
r11_00199,100,160,50,160,260,9,110,0.02,1.15,175,2300,600,1700,725,04:00,17:00,2100,6.0,true,0,0.8,1100,10,false,5.0,10,false,0.08,1500
r11_00200,130,50,160,220,200,2,50,0.02,1.0,550,2100,525,2200,100,07:00,20:00,800,2.0,true,3,0.3,3900,50,false,4.0,45,false,10,1800
r11_00201,80,110,240,240,300,8,120,0.02,1.2,675,1200,325,300,550,02:00,14:00,900,3.0,true,10,2.0,0,30,true,3.0,10,false,0.5,0
r11_00202,120,50,180,160,200,10,50,0.02,1.5,725,3000,100,1200,550,04:00,12:00,2400,0,true,15,100,800,50,true,8.0,60,false,10,0
r11_00203,40,210,70,320,140,9,110,0.02,1.1,525,600,500,500,350,04:00,21:00,0,0,true,0,100,0,50,true,3.0,60,true,0.08,0
r11_00204,150,90,220,300,180,2,110,0.02,1.5,700,2500,100,500,325,00:00,21:00,1500,3.0,true,8,0.2,0,70,false,2.0,30,true,0.08,0
r11_00205,110,110,200,260,320,6,80,0.02,1.0,425,2800,525,1700,0,06:00,16:00,500,0,true,15,1.2,0,50,true,8.0,45,true,0.1,0
r11_00206,50,220,130,280,280,4,110,0.02,1.15,50,2100,200,1000,475,02:00,16:00,1600,2.0,true,15,0.5,1700,50,true,5.0,10,false,10,0
r11_00207,100,70,250,120,160,4,90,0.02,1.0,375,1400,375,1400,650,01:00,15:00,300,4.0,true,12,2.0,0,100,false,3.0,45,false,0.05,2300
r11_00208,150,80,160,120,300,4,70,0.02,1.1,700,1500,375,600,50,04:00,19:00,500,6.0,true,0,0.8,300,100,false,6.0,60,false,0.1,0
r11_00209,110,140,120,140,80,10,110,0.02,1.2,225,2400,325,2300,300,03:00,14:00,2800,4.0,true,15,2.0,0,100,false,4.0,10,false,0.1,1200
r11_00210,110,210,130,300,340,8,60,0.02,1.5,675,400,200,400,700,09:00,15:00,1300,1.5,true,12,100,0,10,false,3.0,60,true,0.5,0
r11_00211,110,140,140,120,320,4,100,0.02,1.05,700,2200,275,2600,450,04:00,16:00,0,1.0,true,5,0.5,2300,30,true,2.0,10,false,0.2,0
r11_00212,60,80,210,80,160,7,30,0.02,1.05,50,2500,475,2700,750,05:00,14:00,3500,0,true,10,100,1200,70,true,5.0,10,true,0.1,0
r11_00213,110,60,240,140,100,7,30,0.02,1.05,75,1200,175,1600,500,02:00,21:00,0,0,true,15,0.2,2600,20,true,8.0,20,true,0.08,0
r11_00214,110,120,50,300,340,7,120,0.02,1.0,375,3000,500,700,0,03:00,20:00,1000,0,true,12,1.2,0,70,true,2.0,30,false,0.1,0
r11_00215,130,170,150,320,180,10,50,0.02,1.15,625,2700,325,400,200,05:00,18:00,3100,1.5,true,8,0.3,1900,50,false,8.0,30,true,0.2,0
r11_00216,70,80,140,80,180,2,50,0.02,1.3,500,1400,75,900,250,10:00,14:00,1200,0,true,3,100,0,30,false,3.0,10,true,10,0
r11_00217,80,100,180,180,80,7,70,0.02,1.1,50,2900,500,900,75,02:00,21:00,1000,2.0,true,8,0.8,0,20,true,3.0,30,false,10,3900
r11_00218,130,120,210,80,200,10,30,0.02,1.5,250,2900,175,2300,225,00:00,12:00,500,1.5,true,15,0.5,400,100,false,4.0,60,false,0.08,0
r11_00219,140,50,170,260,340,5,40,0.02,1.3,625,1200,75,2800,50,06:00,19:00,0,2.0,true,5,100,4000,70,true,6.0,45,false,0.2,3000
r11_00220,160,130,210,100,320,6,100,0.02,1.1,325,2800,500,900,0,10:00,17:00,3100,3.0,true,6,0.8,1700,10,true,8.0,30,true,10,0
r11_00221,70,130,150,260,220,3,30,0.02,1.4,600,1400,400,2700,550,01:00,19:00,0,3.0,true,0,0.5,4000,70,true,4.0,45,true,0.2,0
r11_00222,100,80,90,180,100,5,30,0.02,1.0,475,800,300,1400,550,02:00,18:00,3100,0,true,0,0.8,3400,20,true,5.0,30,true,0.2,0
r11_00223,150,150,150,100,200,6,100,0.02,1.05,250,1900,75,2500,575,03:00,17:00,3600,0,true,4,0.8,0,50,false,8.0,10,false,0.1,1900
r11_00224,160,110,220,260,140,3,30,0.02,1.05,775,2100,600,1700,500,09:00,16:00,800,3.0,true,12,0.8,2400,10,false,2.0,20,false,0.2,0
r11_00225,130,50,70,140,240,3,40,0.02,1.3,175,2600,400,2300,175,05:00,14:00,2100,1.5,true,6,100,0,30,true,6.0,45,false,0.1,3900
r11_00226,160,80,200,240,260,7,80,0.02,1.2,250,2800,275,1000,300,01:00,19:00,0,6.0,true,8,0.3,1600,70,true,2.0,60,true,0.5,0
r11_00227,40,60,160,300,220,3,50,0.02,1.05,50,500,50,1000,775,02:00,20:00,0,1.5,true,0,0.2,2800,70,false,2.0,60,false,10,4000
r11_00228,150,60,180,320,260,9,110,0.02,1.0,50,900,400,2300,600,04:00,19:00,2900,1.5,true,0,2.0,3000,10,true,2.0,10,false,0.2,0
r11_00229,60,90,250,80,360,3,60,0.02,1.4,475,2700,375,500,450,07:00,20:00,700,2.5,true,3,100,1800,20,true,4.0,20,true,0.2,0
r11_00230,50,200,110,220,340,2,30,0.02,1.4,600,1900,475,1600,400,10:00,18:00,900,2.5,true,12,100,600,10,false,8.0,10,false,0.08,0
r11_00231,90,70,220,220,220,7,20,0.02,1.5,175,400,225,300,50,05:00,12:00,1000,3.0,true,12,100,1800,100,false,5.0,45,true,10,0
r11_00232,90,190,130,240,220,7,80,0.02,1.5,700,300,575,1500,150,00:00,16:00,0,3.0,true,12,2.0,2600,20,false,6.0,60,true,0.5,0
r11_00233,90,220,260,260,320,5,70,0.02,1.0,250,2000,425,1100,800,03:00,14:00,1100,4.0,true,6,2.0,0,50,true,5.0,45,false,0.05,0
r11_00234,50,150,100,300,280,10,80,0.02,1.5,775,1500,450,2400,50,00:00,15:00,1900,1.0,true,8,0.8,1000,70,false,3.0,45,false,0.1,0
r11_00235,30,220,220,240,260,2,60,0.02,1.5,425,1200,475,2100,0,09:00,19:00,3100,0,true,6,0.5,1700,30,true,5.0,60,true,0.5,2700
r11_00236,120,210,260,160,360,4,30,0.02,1.5,300,2800,300,2000,675,08:00,17:00,2900,2.5,true,3,2.0,0,100,false,5.0,45,false,0.05,3200
r11_00237,100,170,70,300,320,3,30,0.02,1.2,375,2200,125,800,675,04:00,14:00,0,2.5,true,15,100,1400,50,false,5.0,10,true,10,400
r11_00238,140,70,250,240,140,4,120,0.02,1.5,325,1100,175,500,475,04:00,20:00,1400,4.0,true,7,2.0,0,30,true,5.0,10,true,0.08,0
r11_00239,40,120,240,160,240,9,90,0.02,1.15,150,1300,250,2800,325,02:00,17:00,3100,2.0,true,12,100,0,30,true,8.0,60,true,10,0
r11_00240,80,120,190,280,340,2,50,0.02,1.5,350,1300,225,400,175,05:00,20:00,1600,2.0,true,0,2.0,600,20,false,6.0,10,true,0.2,0
r11_00241,40,110,250,100,200,6,80,0.02,1.4,175,800,575,3000,475,00:00,21:00,700,3.0,true,4,0.2,4000,100,false,2.0,45,true,0.2,0
r11_00242,120,190,200,160,340,8,30,0.02,1.4,725,2400,200,2900,0,04:00,14:00,3600,0,true,6,2.0,1800,20,true,4.0,45,false,0.1,2900
r11_00243,110,80,180,300,320,5,120,0.02,1.2,300,800,400,1000,750,06:00,16:00,3700,2.0,true,6,0.5,0,10,true,5.0,60,false,0.1,0
r11_00244,100,90,140,180,80,3,20,0.02,1.15,325,2500,100,1400,325,02:00,13:00,0,6.0,true,5,0.5,3400,100,true,5.0,60,false,0.5,0
r11_00245,80,130,140,320,160,4,40,0.02,1.0,750,2800,100,700,0,09:00,15:00,3500,3.0,true,5,2.0,3200,30,false,2.0,30,true,10,0
r11_00246,90,50,240,200,160,3,70,0.02,1.5,725,2800,200,1100,750,08:00,20:00,0,6.0,true,0,0.8,400,30,false,4.0,10,false,0.05,2600
r11_00247,40,140,150,160,280,10,60,0.02,1.2,625,300,275,1800,75,03:00,12:00,1400,1.5,true,5,0.8,1000,30,false,8.0,20,true,0.05,0
r11_00248,40,120,70,220,260,10,80,0.02,1.05,350,2200,475,2100,525,09:00,18:00,700,2.0,true,0,1.2,1400,100,true,4.0,20,true,0.08,1100
r11_00249,120,110,250,200,80,10,50,0.02,1.15,675,2900,300,2000,800,06:00,12:00,3900,0,true,0,100,3700,30,true,8.0,10,true,0.1,1700
r11_00250,130,80,170,180,200,4,110,0.02,1.3,450,2700,200,1400,700,07:00,14:00,500,4.0,true,12,100,0,10,false,6.0,60,true,0.05,1000
r11_00251,80,100,200,240,220,9,50,0.02,1.15,150,600,525,1500,625,06:00,20:00,2200,6.0,true,7,0.5,2000,10,true,6.0,20,false,10,2600
r11_00252,30,60,190,100,280,2,70,0.02,1.3,225,600,525,1400,50,10:00,14:00,3500,0,true,5,2.0,2400,70,false,5.0,30,true,0.08,0
r11_00253,140,190,140,240,240,7,80,0.02,1.15,550,2700,350,800,100,09:00,16:00,500,1.0,true,7,1.2,3500,100,true,6.0,10,false,0.08,0
r11_00254,30,210,180,320,260,4,90,0.02,1.05,700,2500,50,1300,325,05:00,21:00,3900,2.0,true,3,1.2,400,100,true,8.0,20,false,10,0
r11_00255,50,50,210,200,360,5,100,0.02,1.05,125,1700,550,2000,225,09:00,16:00,0,2.5,true,8,0.5,0,10,true,4.0,45,true,0.08,2500
r11_00256,30,120,80,200,120,7,110,0.02,1.0,675,2300,550,1100,0,04:00,14:00,3000,0,true,0,0.5,400,30,true,3.0,20,true,0.05,1500
r11_00257,150,210,50,140,240,4,70,0.02,1.2,650,1600,125,2400,375,09:00,16:00,0,1.0,true,15,0.5,3500,100,false,6.0,60,true,0.08,0
r11_00258,90,190,240,180,320,10,100,0.02,1.3,700,2900,175,2700,450,08:00,18:00,3900,0,true,0,0.8,0,30,false,2.0,10,false,0.05,0
r11_00259,90,150,70,120,120,2,120,0.02,1.3,225,1500,400,2300,425,00:00,14:00,1700,1.5,true,15,0.2,3600,100,true,4.0,60,true,0.5,0
r11_00260,160,50,260,120,80,4,20,0.02,1.4,450,1400,175,1500,225,09:00,17:00,1900,6.0,true,4,100,700,10,true,3.0,10,true,0.05,0
r11_00261,50,110,190,180,160,9,30,0.02,1.1,175,2100,450,2100,0,07:00,21:00,0,6.0,true,15,0.5,3400,100,true,8.0,60,false,0.2,3700
r11_00262,130,110,110,120,140,7,30,0.02,1.4,475,200,275,700,550,10:00,15:00,0,2.0,true,12,0.8,0,70,false,8.0,45,true,10,1200
r11_00263,50,120,200,120,300,8,30,0.02,1.4,500,2700,175,1400,575,07:00,19:00,500,2.0,true,7,100,1200,10,true,2.0,20,false,0.2,2000
r11_00264,120,150,130,200,240,4,40,0.02,1.4,250,1000,575,800,325,01:00,18:00,3700,1.5,true,0,0.8,0,100,true,2.0,20,true,0.5,0
r11_00265,120,60,110,260,240,4,30,0.02,1.05,50,3000,575,2900,650,00:00,12:00,0,6.0,true,5,0.5,1500,10,true,2.0,60,false,0.05,0
r11_00266,60,200,110,80,200,2,50,0.02,1.3,575,1800,325,2600,475,01:00,19:00,800,6.0,true,8,0.2,0,100,false,3.0,60,false,0.1,1200
r11_00267,80,130,190,240,80,6,90,0.02,1.5,575,2000,75,2300,150,00:00,16:00,0,6.0,true,0,0.5,2500,50,false,3.0,30,false,0.08,800
r11_00268,90,100,50,220,140,10,40,0.02,1.05,575,1800,500,300,800,10:00,13:00,2000,2.0,true,0,0.3,2000,100,true,2.0,60,true,0.05,500
r11_00269,110,90,80,200,200,8,20,0.02,1.15,775,2700,200,600,100,05:00,20:00,0,3.0,true,4,100,700,50,false,3.0,30,true,0.08,1800
r11_00270,80,90,140,200,120,9,70,0.02,1.5,600,1700,325,1600,75,03:00,20:00,0,2.0,true,5,100,3800,20,true,8.0,60,true,10,0
r11_00271,110,150,200,120,140,5,120,0.02,1.1,350,2400,250,1700,50,04:00,12:00,400,0,true,15,0.5,0,100,false,6.0,30,true,0.1,2200
r11_00272,160,190,250,120,280,2,40,0.02,1.3,600,200,400,600,0,00:00,21:00,0,1.5,true,8,0.3,0,10,true,2.0,30,false,0.05,0
r11_00273,160,110,90,120,100,9,20,0.02,1.05,300,300,300,1000,575,10:00,19:00,0,0,true,0,0.3,0,20,false,5.0,20,true,0.08,0
r11_00274,140,160,160,300,140,4,90,0.02,1.4,250,3000,400,2600,800,02:00,15:00,600,1.0,true,12,0.3,0,50,false,3.0,60,false,0.05,0
r11_00275,120,130,60,140,180,7,80,0.02,1.15,175,2700,575,1300,350,04:00,20:00,0,4.0,true,7,1.2,700,100,true,4.0,45,true,10,0
r11_00276,160,100,160,320,180,8,30,0.02,1.1,200,3000,200,1500,675,07:00,12:00,3800,4.0,true,8,0.2,0,20,false,5.0,20,true,0.1,0
r11_00277,70,60,220,300,160,6,100,0.02,1.05,175,400,100,1700,0,01:00,14:00,300,3.0,true,5,100,0,50,false,4.0,45,true,0.2,0
r11_00278,70,70,140,120,160,9,50,0.02,1.4,750,500,425,700,475,00:00,18:00,4000,2.5,true,4,2.0,2100,50,false,4.0,30,false,10,3800
r11_00279,100,90,70,220,140,6,40,0.02,1.3,50,1800,275,1900,50,06:00,13:00,0,4.0,true,6,100,3100,30,false,6.0,10,true,0.08,0
r11_00280,150,80,70,120,180,4,100,0.02,1.05,400,500,425,700,775,09:00,17:00,0,3.0,true,3,1.2,0,50,false,3.0,10,false,0.2,2500
r11_00281,100,170,150,320,140,10,100,0.02,1.0,700,800,225,900,300,08:00,16:00,2500,2.0,true,5,100,0,30,false,4.0,45,false,0.1,0
r11_00282,160,170,60,280,100,2,100,0.02,1.05,100,2400,325,500,450,05:00,21:00,3700,4.0,true,4,0.2,0,30,false,6.0,45,false,0.05,1000
r11_00283,140,140,220,140,180,6,50,0.02,1.4,700,300,100,700,225,00:00,15:00,1600,4.0,true,0,0.2,2000,100,true,3.0,10,true,0.5,0
r11_00284,50,150,90,80,140,7,70,0.02,1.05,450,700,475,1600,500,08:00,13:00,2300,1.5,true,6,2.0,1500,30,false,8.0,60,false,0.05,0
r11_00285,150,200,200,260,80,10,40,0.02,1.4,275,2200,50,300,200,10:00,17:00,0,6.0,true,7,1.2,2300,70,false,3.0,45,false,10,0
r11_00286,90,140,110,200,200,3,30,0.02,1.5,450,1100,475,2000,0,06:00,18:00,3200,0,true,8,0.2,500,30,false,3.0,10,false,0.05,2700
r11_00287,110,120,220,320,120,2,90,0.02,1.2,100,1600,475,2000,100,06:00,21:00,0,4.0,true,3,100,0,50,true,5.0,30,false,0.2,300
r11_00288,160,210,250,140,300,2,20,0.02,1.05,725,400,175,1900,775,07:00,18:00,3100,1.0,true,7,0.8,3400,30,false,3.0,60,true,10,0
r11_00289,140,80,140,140,160,5,90,0.02,1.0,350,2300,325,1000,175,00:00,13:00,2800,1.5,true,0,2.0,0,100,false,4.0,10,false,0.2,0
r11_00290,50,80,260,120,280,9,20,0.02,1.05,450,600,600,2000,0,09:00,15:00,1300,2.5,true,6,100,0,50,false,8.0,60,false,0.1,0
r11_00291,70,130,210,100,100,5,70,0.02,1.0,75,800,550,1900,775,06:00,12:00,2000,0,true,5,0.5,0,100,true,3.0,60,true,0.05,0
r11_00292,80,120,110,140,300,6,30,0.02,1.2,75,400,425,1200,275,02:00,14:00,0,1.0,true,0,100,0,70,false,8.0,30,false,0.1,3900
r11_00293,70,220,110,300,140,10,30,0.02,1.0,75,2500,75,1900,425,06:00,19:00,3100,3.0,true,3,2.0,0,10,true,3.0,45,false,0.08,0
r11_00294,130,50,120,140,160,7,60,0.02,1.2,125,2300,475,2600,725,10:00,21:00,2200,2.5,true,3,1.2,3800,30,true,3.0,30,true,0.5,0
r11_00295,150,100,70,100,120,4,70,0.02,1.5,675,400,350,1400,600,10:00,13:00,0,1.5,true,7,0.2,0,20,true,6.0,60,false,0.08,0
r11_00296,120,220,260,220,360,10,40,0.02,1.2,725,2100,375,2200,800,10:00,13:00,0,0,true,10,2.0,2300,30,false,2.0,20,true,0.2,0
r11_00297,130,140,190,300,120,2,90,0.02,1.1,175,2000,150,2000,800,00:00,13:00,800,0,true,8,0.3,2200,100,false,6.0,45,false,0.5,0
r11_00298,30,110,80,320,100,10,90,0.02,1.1,200,1700,50,3000,400,05:00,21:00,0,1.0,true,7,0.8,3500,30,false,8.0,45,false,0.1,0
r11_00299,40,160,50,320,320,3,80,0.02,1.5,700,2200,250,500,575,05:00,14:00,2800,3.0,true,3,0.5,3300,70,false,6.0,60,false,10,0
r11_00300,140,70,240,180,280,9,60,0.02,1.0,275,600,400,400,675,07:00,20:00,1400,3.0,true,12,100,0,30,true,2.0,20,false,0.05,2100
r11_00301,140,60,170,260,120,5,70,0.02,1.2,725,2400,150,900,375,00:00,17:00,3200,0,true,5,100,1900,10,true,4.0,20,false,0.2,0
r11_00302,150,110,80,100,340,7,60,0.02,1.05,400,2600,500,1500,0,06:00,13:00,0,0,true,3,2.0,3900,30,true,6.0,30,false,10,0
r11_00303,40,180,190,100,240,5,120,0.02,1.2,425,800,225,1600,525,04:00,19:00,0,2.0,true,6,0.3,2600,70,false,4.0,60,false,0.5,0
r11_00304,50,180,170,140,80,2,50,0.02,1.5,575,1100,575,2400,500,09:00,20:00,0,6.0,true,0,0.5,3500,20,false,3.0,10,true,10,0
r11_00305,130,140,260,160,280,5,60,0.02,1.5,800,1800,300,2900,150,05:00,18:00,2400,2.0,true,12,0.3,0,30,true,4.0,60,true,10,0
r11_00306,30,50,110,260,220,9,30,0.02,1.0,725,2100,175,2200,250,00:00,15:00,0,0,true,4,1.2,800,70,false,8.0,20,true,0.05,0
r11_00307,100,200,250,260,280,3,120,0.02,1.0,75,3000,150,1600,575,09:00,20:00,1700,1.5,true,3,100,3200,20,false,4.0,30,false,0.08,2600
r11_00308,100,70,240,220,100,2,90,0.02,1.15,100,900,75,2700,800,04:00,17:00,1700,0,true,10,0.8,0,50,true,8.0,30,false,0.08,1300
r11_00309,60,170,250,120,360,3,40,0.02,1.2,225,1500,375,1900,600,01:00,19:00,0,1.5,true,7,2.0,3400,70,true,2.0,10,false,0.05,0
r11_00310,50,80,240,300,360,10,40,0.02,1.1,400,200,300,2000,550,06:00,19:00,0,0,true,15,100,1800,20,true,5.0,20,true,0.1,0
r11_00311,40,140,130,300,300,6,30,0.02,1.3,725,2000,375,2200,650,06:00,17:00,2200,1.0,true,7,2.0,0,10,false,2.0,10,true,0.2,3500
r11_00312,80,140,180,220,120,2,110,0.02,1.2,750,800,250,900,475,01:00,20:00,0,6.0,true,10,0.5,0,30,true,4.0,30,false,0.08,0
r11_00313,110,120,130,220,220,7,70,0.02,1.05,375,1900,275,3000,0,04:00,12:00,1300,2.5,true,12,0.8,2100,70,true,4.0,60,false,0.5,0
r11_00314,70,80,50,160,100,5,90,0.02,1.0,450,400,150,400,475,05:00,17:00,0,0,true,0,0.8,1300,100,true,3.0,45,false,0.2,2900
r11_00315,60,100,60,160,260,10,110,0.02,1.5,525,1400,250,1000,0,08:00,17:00,0,2.5,true,7,100,0,20,false,6.0,30,false,0.05,1400
r11_00316,150,160,200,280,220,6,110,0.02,1.0,600,3000,150,1100,700,07:00,18:00,700,2.0,true,3,100,2200,30,false,8.0,30,true,0.5,0
r11_00317,30,210,190,140,340,5,20,0.02,1.2,75,600,350,2900,475,06:00,17:00,2400,2.0,true,3,0.3,0,10,true,2.0,10,true,0.08,300
r11_00318,30,140,110,80,320,6,110,0.02,1.15,300,600,50,2800,0,03:00,15:00,0,0,true,0,0.8,2200,20,false,3.0,60,true,0.5,0
r11_00319,60,130,140,120,80,7,120,0.02,1.3,425,2900,375,2000,375,06:00,13:00,3600,2.0,true,12,0.5,3500,100,false,2.0,45,false,0.2,1400
r11_00320,90,110,150,160,300,7,40,0.02,1.3,200,1200,475,2100,800,07:00,21:00,2500,1.0,true,7,0.3,1500,70,false,3.0,20,true,0.08,0
r11_00321,110,140,230,100,300,5,20,0.02,1.3,275,2600,150,1300,425,05:00,19:00,0,0,true,6,0.8,2600,70,true,6.0,20,false,0.05,0
r11_00322,80,80,200,200,240,7,30,0.02,1.0,525,1100,325,2400,750,08:00,16:00,2200,6.0,true,0,100,3100,50,true,3.0,20,false,0.05,1100
r11_00323,80,70,160,100,200,3,20,0.02,1.2,325,2400,475,2400,300,06:00,20:00,0,4.0,true,4,100,700,20,true,5.0,30,false,0.08,0
r11_00324,110,160,90,240,180,8,120,0.02,1.5,425,2000,600,800,600,09:00,15:00,0,1.0,true,4,0.2,1100,10,false,8.0,30,true,0.1,2200
r11_00325,120,220,230,320,240,4,40,0.02,1.5,475,1400,450,2700,75,08:00,21:00,3400,1.5,true,15,0.3,3700,10,true,8.0,45,false,10,2300
r11_00326,60,100,200,120,260,6,40,0.02,1.1,200,800,125,2700,300,05:00,14:00,600,3.0,true,4,100,500,50,true,5.0,45,true,10,2900
r11_00327,110,190,70,320,140,4,20,0.02,1.05,475,2600,575,2700,200,06:00,18:00,3300,4.0,true,15,0.5,1700,70,false,2.0,30,false,0.08,0
r11_00328,40,70,260,120,280,6,120,0.02,1.3,650,400,225,2500,0,10:00,18:00,3800,2.0,true,8,1.2,2400,30,true,5.0,60,true,0.5,400
r11_00329,160,100,110,320,240,4,100,0.02,1.2,350,1300,300,600,100,00:00,18:00,2600,1.5,true,4,0.5,1800,50,false,5.0,60,true,0.08,1000
r11_00330,120,50,60,320,360,10,60,0.02,1.5,200,300,575,2800,800,08:00,20:00,0,1.5,true,12,100,0,10,true,6.0,10,false,0.5,0
r11_00331,100,90,90,220,200,2,110,0.02,1.5,525,1900,250,900,625,02:00,19:00,1200,0,true,5,100,2700,100,false,6.0,30,false,0.08,0
r11_00332,60,70,250,80,200,9,90,0.02,1.3,150,700,600,2100,675,05:00,21:00,0,6.0,true,3,100,800,70,false,3.0,60,false,0.08,0
r11_00333,70,130,100,100,280,10,70,0.02,1.4,475,2700,250,2600,200,01:00,21:00,800,2.5,true,3,100,0,50,false,3.0,20,false,10,0
r11_00334,130,80,150,120,260,8,70,0.02,1.4,500,2200,175,500,525,06:00,16:00,0,2.0,true,4,1.2,4000,70,false,6.0,60,false,10,3500
r11_00335,150,130,60,100,100,8,70,0.02,1.4,725,800,175,1400,0,04:00,21:00,2200,2.5,true,3,0.5,500,100,true,2.0,20,true,10,1500
r11_00336,60,160,230,120,120,10,100,0.02,1.05,625,2600,400,2100,800,10:00,19:00,2500,1.5,true,6,0.3,500,100,false,2.0,30,true,10,0
r11_00337,70,120,260,140,160,6,80,0.02,1.2,600,1000,125,300,0,00:00,17:00,1300,3.0,true,5,100,3600,30,true,8.0,45,false,0.1,700
r11_00338,130,200,200,100,80,9,20,0.02,1.4,525,2300,450,1800,450,03:00,17:00,3900,2.5,true,4,0.3,1000,50,true,3.0,30,false,0.05,800
r11_00339,100,210,120,100,260,3,90,0.02,1.3,575,1300,375,600,525,01:00,12:00,3700,3.0,true,5,100,3400,10,true,3.0,20,false,0.08,0
r11_00340,90,130,160,280,160,3,120,0.02,1.5,400,500,550,2100,375,05:00,19:00,600,1.5,true,3,1.2,0,70,false,4.0,45,false,0.5,0
r11_00341,100,100,180,320,140,7,80,0.02,1.0,800,700,375,1900,0,06:00,19:00,0,0,true,15,100,1600,20,false,3.0,45,false,10,3100
r11_00342,100,210,250,100,200,5,50,0.02,1.4,350,600,575,2200,400,01:00,20:00,1000,2.5,true,4,0.8,700,50,false,3.0,30,true,0.08,0
r11_00343,80,170,50,280,200,8,70,0.02,1.15,475,1800,375,1100,575,01:00,14:00,1800,1.0,true,12,100,3800,30,false,2.0,45,true,10,600
r11_00344,100,60,240,220,340,2,70,0.02,1.05,400,2700,400,1600,100,01:00,17:00,1500,1.0,true,0,2.0,0,70,true,6.0,45,false,0.05,0
r11_00345,110,130,120,120,260,3,70,0.02,1.1,50,1200,350,2700,525,01:00,17:00,1700,3.0,true,8,0.3,0,30,false,8.0,60,true,0.5,0
r11_00346,130,160,50,280,240,6,80,0.02,1.5,475,3000,375,1500,700,02:00,12:00,2200,0,true,6,100,2900,30,true,5.0,30,false,0.1,3900
r11_00347,150,90,130,120,140,3,110,0.02,1.05,500,400,250,2900,500,07:00,16:00,3900,1.5,true,0,1.2,1300,100,true,2.0,45,true,0.05,1400
r11_00348,80,190,60,180,120,6,80,0.02,1.15,675,2200,500,2700,400,10:00,18:00,1700,1.0,true,10,0.8,1700,50,true,8.0,30,true,10,0
r11_00349,110,130,170,180,100,7,50,0.02,1.15,250,2600,225,2100,375,08:00,19:00,0,2.5,true,15,1.2,600,30,true,5.0,20,true,0.5,0
r11_00350,120,140,70,240,300,8,100,0.02,1.15,200,600,175,900,300,08:00,13:00,0,2.5,true,8,0.8,0,50,true,6.0,20,true,0.2,400
r11_00351,160,180,230,220,140,7,120,0.02,1.5,375,500,400,2000,150,01:00,16:00,4000,2.0,true,12,0.3,1700,10,false,4.0,10,false,0.2,0
r11_00352,140,170,110,200,260,2,30,0.02,1.4,275,1600,450,1900,200,05:00,20:00,1200,2.5,true,15,100,1600,20,false,6.0,45,false,0.1,1500
r11_00353,60,170,220,200,160,7,90,0.02,1.15,325,1400,550,1500,75,09:00,15:00,0,0,true,3,0.3,0,30,false,5.0,10,false,10,2800
r11_00354,110,210,190,140,280,10,40,0.02,1.0,800,300,250,300,0,04:00,18:00,3000,2.0,true,10,1.2,1300,10,true,5.0,20,true,0.5,2700
r11_00355,80,120,70,80,160,7,120,0.02,1.2,200,1200,275,2100,125,10:00,20:00,1000,0,true,0,0.5,0,10,true,6.0,45,true,0.5,3900
r11_00356,40,190,100,220,340,9,30,0.02,1.05,250,1500,425,500,525,04:00,18:00,0,1.5,true,6,100,0,10,true,4.0,30,true,0.08,0
r11_00357,110,90,210,140,320,4,90,0.02,1.1,625,2500,500,2800,725,05:00,16:00,2500,4.0,true,12,2.0,0,20,false,5.0,45,true,0.05,1400
r11_00358,70,80,110,260,340,2,40,0.02,1.05,725,800,125,700,425,08:00,19:00,1700,1.0,true,7,1.2,3500,100,true,8.0,10,true,0.05,0
r11_00359,160,120,130,260,140,4,60,0.02,1.5,450,400,575,2500,200,01:00,15:00,2100,6.0,true,0,1.2,2000,10,false,5.0,30,true,0.1,4000
r11_00360,160,110,90,80,280,8,80,0.02,1.0,800,400,125,2100,450,09:00,19:00,3900,2.0,true,4,1.2,0,10,true,2.0,45,true,0.2,0
r11_00361,160,130,130,260,260,3,60,0.02,1.3,600,2300,350,1700,0,03:00,14:00,2800,3.0,true,12,1.2,400,50,false,2.0,10,false,0.1,1600
r11_00362,100,160,100,300,140,10,120,0.02,1.05,525,700,375,300,100,09:00,18:00,0,0,true,4,0.5,0,100,false,2.0,30,false,0.2,1000
r11_00363,30,180,140,140,300,7,20,0.02,1.4,475,2300,150,1900,200,03:00,12:00,2600,2.0,true,0,100,1300,100,true,2.0,30,true,0.05,1900
r11_00364,50,170,80,140,140,3,80,0.02,1.5,700,2600,350,1400,600,08:00,15:00,2600,1.5,true,0,0.8,4000,20,true,6.0,30,false,0.05,0
r11_00365,100,210,60,280,160,10,110,0.02,1.4,575,2700,350,1200,300,09:00,14:00,0,6.0,true,12,1.2,400,100,true,2.0,45,true,0.5,1800
r11_00366,90,80,80,320,140,2,100,0.02,1.5,225,200,350,900,775,07:00,14:00,0,4.0,true,0,100,0,70,true,4.0,10,false,0.5,0
r11_00367,100,150,90,220,360,8,90,0.02,1.3,700,1200,525,1400,650,02:00,15:00,1400,2.5,true,3,2.0,3200,30,false,5.0,45,true,10,0
r11_00368,130,140,90,280,80,7,90,0.02,1.1,375,1200,600,300,300,09:00,15:00,1800,2.5,true,7,100,0,30,true,8.0,30,false,0.2,3000
r11_00369,140,200,150,120,360,3,30,0.02,1.0,625,1100,75,1200,675,07:00,13:00,0,1.5,true,0,100,0,10,true,3.0,10,true,10,0
r11_00370,150,110,100,240,120,3,120,0.02,1.3,150,400,375,1200,0,09:00,14:00,0,1.5,true,3,2.0,0,10,false,4.0,10,false,0.2,1500
r11_00371,50,60,160,240,320,5,120,0.02,1.0,225,500,150,1800,200,04:00,12:00,3400,2.5,true,4,1.2,2400,50,false,3.0,60,false,10,0
r11_00372,150,140,140,220,100,10,60,0.02,1.05,575,1500,350,2700,325,04:00,12:00,2400,0,true,4,0.5,3200,100,true,2.0,60,true,0.5,0
r11_00373,150,120,240,240,220,7,30,0.02,1.3,725,2000,125,1000,650,00:00,12:00,2200,2.0,true,12,0.5,1200,10,true,5.0,20,true,0.5,0
r11_00374,70,100,210,240,340,8,100,0.02,1.0,725,1700,375,1700,750,10:00,12:00,3200,2.5,true,0,100,3700,50,true,5.0,60,true,0.05,0
r11_00375,160,120,240,180,120,6,110,0.02,1.5,400,2100,75,1100,0,07:00,14:00,0,3.0,true,3,0.5,0,30,true,8.0,10,true,0.2,0
r11_00376,150,50,90,300,300,6,20,0.02,1.2,375,1200,575,2200,0,02:00,15:00,500,2.5,true,5,0.8,3200,30,true,8.0,45,true,0.08,0
r11_00377,30,130,60,200,120,8,90,0.02,1.0,100,1500,375,1300,375,01:00,18:00,3200,3.0,true,4,100,1000,10,false,4.0,10,true,0.08,0
r11_00378,60,90,170,80,340,10,80,0.02,1.2,325,1300,475,1400,0,00:00,18:00,900,2.0,true,10,0.5,0,10,false,5.0,10,true,10,600
r11_00379,30,150,100,280,280,7,40,0.02,1.1,475,2300,400,2800,75,09:00,20:00,0,4.0,true,6,0.3,3100,100,false,6.0,60,false,0.08,0
r11_00380,40,50,170,300,120,10,60,0.02,1.05,300,1800,225,2000,250,01:00,16:00,0,1.0,true,10,0.8,3800,50,true,5.0,10,true,10,0
r11_00381,90,130,250,100,140,2,20,0.02,1.0,175,1000,450,2000,700,01:00,15:00,400,2.0,true,8,0.3,1900,100,true,4.0,10,true,0.5,0
r11_00382,130,80,240,120,160,7,80,0.02,1.2,700,2000,500,2900,500,02:00,17:00,800,0,true,10,2.0,2700,20,false,3.0,10,false,0.1,0
r11_00383,100,190,50,160,240,5,110,0.02,1.05,675,1700,400,1400,200,00:00,16:00,0,4.0,true,8,100,1600,100,false,8.0,20,true,0.08,0
r11_00384,90,90,80,160,140,9,120,0.02,1.3,375,900,125,2500,450,07:00,12:00,0,3.0,true,15,0.8,2600,10,false,2.0,10,true,10,200
r11_00385,120,190,150,300,160,2,110,0.02,1.05,425,1200,375,400,625,07:00,17:00,0,4.0,true,6,100,800,100,true,6.0,60,false,10,1700
r11_00386,160,160,170,200,260,8,90,0.02,1.1,300,2300,425,700,425,08:00,19:00,2300,3.0,true,7,100,2400,50,false,3.0,10,false,0.2,0
r11_00387,140,90,170,140,180,2,100,0.02,1.15,450,2900,275,1300,125,08:00,13:00,3000,6.0,true,0,1.2,1700,100,true,5.0,20,true,0.08,1500
r11_00388,50,170,140,220,100,2,30,0.02,1.4,675,1200,500,800,400,08:00,19:00,1100,3.0,true,6,2.0,1300,10,false,4.0,60,false,0.2,300
r11_00389,120,70,240,120,100,7,120,0.02,1.3,175,2000,575,500,125,06:00,14:00,0,4.0,true,7,1.2,1500,20,false,3.0,30,true,0.1,0
r11_00390,110,180,100,280,340,10,30,0.02,1.4,400,2200,100,2900,0,08:00,14:00,3500,0,true,10,0.3,0,50,false,5.0,30,true,0.08,3300
r11_00391,60,130,70,280,140,4,50,0.02,1.5,250,2500,225,1100,0,03:00,13:00,2200,1.0,true,7,100,0,50,false,8.0,10,true,0.08,0
r11_00392,60,220,100,240,160,2,50,0.02,1.4,725,2500,500,900,575,03:00,19:00,0,0,true,7,0.5,1900,20,false,8.0,30,true,0.08,0
r11_00393,70,210,50,100,120,2,70,0.02,1.15,350,1500,600,300,650,05:00,17:00,600,0,true,7,0.3,0,20,true,2.0,10,false,0.5,2100
r11_00394,100,50,250,120,200,2,70,0.02,1.3,250,3000,100,900,0,02:00,15:00,0,1.0,true,6,1.2,800,20,true,3.0,30,true,0.1,0
r11_00395,160,190,190,200,260,10,20,0.02,1.0,675,1900,200,2500,700,08:00,12:00,0,4.0,true,5,100,0,50,true,6.0,30,false,0.05,0
r11_00396,150,200,230,300,240,2,50,0.02,1.05,775,900,150,1500,0,10:00,14:00,0,1.5,true,8,0.5,2000,50,true,4.0,20,true,10,0
r11_00397,160,50,190,80,340,5,20,0.02,1.2,200,2300,325,1500,0,01:00,16:00,3300,1.0,true,10,0.2,2400,20,true,4.0,30,true,0.05,2200
r11_00398,130,200,240,240,280,9,30,0.02,1.2,175,2600,225,400,0,04:00,21:00,3100,2.5,true,10,100,300,50,false,2.0,60,false,0.1,0
r11_00399,80,190,210,100,320,6,70,0.02,1.1,450,1200,275,1300,100,05:00,12:00,4000,0,true,0,0.5,0,20,true,4.0,20,false,0.08,0
r11_00400,130,140,90,300,280,3,50,0.02,1.3,775,200,125,800,775,04:00,19:00,0,0,true,7,0.8,2700,10,false,4.0,10,true,10,0
r11_00401,150,220,230,180,260,10,80,0.02,1.4,625,2700,300,1500,650,09:00,13:00,0,4.0,true,10,1.2,1800,100,false,6.0,30,true,10,0
r11_00402,30,60,160,160,220,4,70,0.02,1.0,425,300,600,600,250,01:00,19:00,0,0,true,4,0.2,0,50,true,3.0,60,true,0.05,0
r11_00403,70,70,70,160,200,2,120,0.02,1.15,75,2100,125,1000,400,05:00,17:00,0,3.0,true,8,0.5,3000,30,false,6.0,60,false,10,0
r11_00404,120,80,220,100,120,2,70,0.02,1.3,775,300,425,600,0,08:00,20:00,0,2.0,true,6,100,3100,70,true,3.0,60,true,0.05,0
r11_00405,50,140,150,100,160,9,100,0.02,1.15,700,300,325,3000,700,01:00,17:00,4000,1.0,true,4,0.8,1800,50,true,3.0,20,true,10,2600
r11_00406,60,110,210,100,220,6,100,0.02,1.0,650,600,275,1900,250,05:00,20:00,0,2.0,true,5,1.2,2900,20,true,8.0,30,false,0.5,0
r11_00407,110,210,130,280,360,3,30,0.02,1.15,725,1400,175,1300,0,04:00,20:00,0,3.0,true,10,0.2,0,100,false,6.0,60,true,0.2,0
r11_00408,40,150,120,120,180,5,40,0.02,1.05,475,1600,75,1300,0,00:00,20:00,0,2.5,true,0,100,0,30,false,6.0,10,true,10,1100
r11_00409,120,220,240,280,180,6,110,0.02,1.05,750,2600,325,1400,475,10:00,19:00,300,2.5,true,4,0.5,1700,30,true,4.0,10,false,0.2,500
r11_00410,110,50,210,200,340,4,110,0.02,1.0,150,1000,525,2700,750,07:00,14:00,600,0,true,5,1.2,1100,20,false,4.0,20,false,10,0
r11_00411,160,60,140,200,200,5,110,0.02,1.2,300,300,100,1400,0,02:00,21:00,3100,1.0,true,0,0.3,0,10,false,5.0,20,true,0.08,1300
r11_00412,30,210,120,180,300,4,110,0.02,1.4,200,1300,450,500,500,05:00,20:00,0,6.0,true,12,0.8,2900,20,false,4.0,60,true,0.05,2100
r11_00413,140,90,180,120,160,10,70,0.02,1.05,225,3000,400,1300,150,07:00,13:00,3400,3.0,true,3,2.0,3200,20,true,6.0,30,false,0.05,0
r11_00414,130,140,100,180,300,4,40,0.02,1.2,775,700,125,700,400,01:00,20:00,0,1.5,true,8,0.2,0,20,false,2.0,30,true,0.2,0
r11_00415,120,190,170,200,220,4,80,0.02,1.2,550,1000,475,900,500,05:00,12:00,2600,4.0,true,0,100,1500,30,true,8.0,10,false,10,0
r11_00416,120,80,90,300,160,6,80,0.02,1.2,475,2600,350,1300,800,03:00,21:00,900,0,true,0,1.2,2000,70,true,4.0,20,false,10,0
r11_00417,60,50,150,200,100,2,40,0.02,1.2,775,2500,425,300,550,03:00,18:00,0,6.0,true,15,0.3,1700,100,true,8.0,45,false,10,2100
r11_00418,160,180,140,80,220,8,40,0.02,1.1,275,500,250,2000,75,07:00,17:00,2200,1.0,true,8,100,500,70,false,8.0,10,false,0.1,0
r11_00419,60,90,180,160,160,2,20,0.02,1.2,300,200,325,2000,0,09:00,19:00,0,0,true,0,2.0,0,100,false,6.0,10,false,0.05,4000
r11_00420,110,170,240,120,220,3,80,0.02,1.5,775,2600,50,400,375,00:00,21:00,0,6.0,true,0,100,800,20,true,8.0,10,false,10,0
r11_00421,140,170,230,80,280,3,40,0.02,1.05,100,1600,150,800,0,07:00,16:00,400,3.0,true,10,0.8,1000,100,true,4.0,30,true,0.1,0
r11_00422,110,70,50,120,360,8,30,0.02,1.4,200,1300,550,1400,650,02:00,12:00,3500,1.0,true,4,0.8,1200,20,true,6.0,30,false,0.2,0
r11_00423,150,110,230,260,120,2,90,0.02,1.0,350,1100,200,1400,425,00:00,12:00,0,0,true,0,2.0,0,30,true,4.0,20,false,0.1,0
r11_00424,140,120,70,140,200,3,80,0.02,1.15,600,2200,350,2400,700,07:00,17:00,2500,1.5,true,4,0.8,0,20,true,4.0,20,false,10,3000
r11_00425,50,110,50,220,80,6,100,0.02,1.0,200,2400,100,2100,0,00:00,15:00,0,3.0,true,7,100,0,20,false,5.0,20,true,10,0
r11_00426,110,180,50,200,120,2,30,0.02,1.0,575,2400,450,2200,800,01:00,16:00,1800,3.0,true,3,100,2200,50,false,3.0,60,false,0.1,0
r11_00427,90,120,130,300,320,10,110,0.02,1.2,200,1400,275,300,600,00:00,19:00,3500,4.0,true,6,100,2800,50,false,3.0,30,true,10,0
r11_00428,150,180,240,180,260,5,30,0.02,1.0,100,1700,150,2900,250,02:00,12:00,0,0,true,8,100,2300,100,false,2.0,60,false,0.5,0
r11_00429,50,180,120,240,200,4,50,0.02,1.4,750,1700,525,2700,0,03:00,16:00,0,0,true,0,1.2,0,10,true,8.0,30,true,0.05,2000
r11_00430,90,90,110,300,220,8,60,0.02,1.15,775,300,225,600,200,03:00,20:00,3300,1.0,true,4,100,0,20,true,6.0,30,true,0.05,1900
r11_00431,90,140,230,280,180,4,80,0.02,1.05,750,3000,500,2600,775,07:00,15:00,3500,0,true,12,0.2,2900,30,false,6.0,45,true,0.05,1100
r11_00432,30,180,80,260,140,9,20,0.02,1.15,750,800,500,2000,800,01:00,16:00,800,4.0,true,8,0.5,400,10,false,6.0,10,true,10,2400
r11_00433,60,90,260,120,140,7,80,0.02,1.2,250,2400,425,1000,0,01:00,12:00,0,1.0,true,4,0.8,0,20,false,2.0,45,true,0.08,0
r11_00434,40,210,240,220,140,7,70,0.02,1.5,100,700,125,2700,700,00:00,14:00,1000,1.0,true,3,1.2,0,70,true,5.0,60,false,10,2000
r11_00435,50,140,120,180,120,9,40,0.02,1.05,75,2700,375,2800,0,04:00,19:00,600,4.0,true,6,0.5,3700,10,true,2.0,45,true,0.2,0
r11_00436,150,120,250,200,180,10,30,0.02,1.0,100,3000,150,900,0,01:00,20:00,3800,4.0,true,12,100,400,10,false,4.0,20,false,0.05,4000
r11_00437,100,70,120,260,320,8,90,0.02,1.4,525,600,200,500,275,05:00,15:00,0,0,true,6,0.8,0,70,true,3.0,45,true,10,0
r11_00438,90,60,80,220,140,7,80,0.02,1.3,675,600,50,1300,725,05:00,12:00,1200,0,true,0,0.5,3400,30,true,2.0,60,true,10,0
r11_00439,140,190,180,180,360,9,40,0.02,1.3,600,200,525,1900,0,01:00,12:00,0,0,true,6,0.5,0,30,true,5.0,45,false,0.1,300
r11_00440,70,60,70,180,260,8,100,0.02,1.1,625,700,550,2400,400,08:00,16:00,2900,4.0,true,6,100,1700,50,false,6.0,60,false,10,0
r11_00441,70,180,140,320,240,8,30,0.02,1.1,375,2300,550,2200,800,09:00,18:00,600,0,true,15,100,2700,50,true,3.0,20,false,0.08,0
r11_00442,70,90,90,120,140,3,80,0.02,1.05,525,2000,375,2900,375,10:00,21:00,0,1.5,true,0,0.2,1400,20,false,2.0,60,false,0.5,0
r11_00443,40,210,50,80,280,5,90,0.02,1.0,125,2100,200,400,650,09:00,14:00,0,2.0,true,0,2.0,1600,30,false,8.0,45,true,10,1100
r11_00444,60,210,120,180,300,8,40,0.02,1.4,250,2200,350,2200,325,08:00,14:00,0,3.0,true,0,100,0,20,false,4.0,10,false,0.08,0
r11_00445,150,170,110,80,220,7,20,0.02,1.05,75,1400,500,2900,525,03:00,19:00,0,2.5,true,7,0.2,0,20,false,6.0,30,true,0.1,0
r11_00446,120,120,160,260,280,4,60,0.02,1.3,450,800,250,2100,150,02:00,21:00,800,3.0,true,0,0.8,3200,20,true,4.0,20,false,0.2,2700
r11_00447,70,180,160,120,280,3,80,0.02,1.15,725,2400,425,2500,75,08:00,21:00,2900,6.0,true,0,0.5,0,100,false,2.0,60,false,0.08,3900
r11_00448,100,50,100,200,260,9,110,0.02,1.3,275,900,175,2600,425,07:00,16:00,0,1.0,true,0,0.2,0,20,false,6.0,60,false,10,0
r11_00449,90,50,180,260,300,9,60,0.02,1.15,275,1800,300,400,775,05:00,18:00,400,1.5,true,0,100,300,10,true,8.0,60,false,0.05,0
r11_00450,40,150,50,220,180,7,20,0.02,1.15,650,2200,150,3000,100,02:00,15:00,0,0,true,8,0.8,0,50,true,6.0,60,false,10,0
r11_00451,120,80,200,140,320,10,50,0.02,1.5,750,1400,100,1600,575,06:00,13:00,1200,2.0,true,3,2.0,0,70,true,8.0,30,false,0.5,0
r11_00452,120,170,160,120,120,10,20,0.02,1.5,400,1900,325,3000,800,04:00,16:00,0,1.0,true,6,0.8,700,30,true,5.0,20,true,10,0
r11_00453,110,120,120,280,100,10,120,0.02,1.5,150,700,150,3000,0,00:00,20:00,2000,0,true,15,100,2500,70,false,6.0,45,true,0.2,0
r11_00454,130,50,180,160,300,5,40,0.02,1.3,550,2700,100,2900,550,01:00,15:00,0,4.0,true,0,0.2,0,50,false,5.0,45,false,0.05,0
r11_00455,90,130,220,100,360,2,110,0.02,1.4,450,800,225,2800,675,03:00,16:00,2300,6.0,true,12,100,3300,10,false,2.0,10,true,0.1,0
r11_00456,40,90,160,160,100,5,30,0.02,1.4,500,800,600,2600,250,09:00,18:00,0,1.0,true,6,0.2,0,30,false,2.0,45,true,0.1,3300
r11_00457,90,190,70,280,260,3,110,0.02,1.4,300,2000,325,1000,675,01:00,12:00,1400,2.5,true,5,0.8,3200,50,true,8.0,20,true,0.1,0
r11_00458,30,210,230,140,280,4,80,0.02,1.1,125,200,250,1700,75,10:00,15:00,600,4.0,true,0,100,0,50,false,4.0,60,true,0.05,0
r11_00459,90,180,230,120,140,10,40,0.02,1.2,375,300,350,1200,0,07:00,15:00,0,0,true,4,2.0,1100,20,true,6.0,30,true,10,2900
r11_00460,140,160,200,240,320,7,30,0.02,1.3,450,800,475,1200,250,10:00,18:00,3100,4.0,true,5,0.8,0,20,true,3.0,20,true,0.2,1600
r11_00461,30,160,210,180,240,5,120,0.02,1.1,500,1700,425,2400,400,10:00,16:00,500,2.5,true,4,100,0,100,false,3.0,60,false,0.1,3600
r11_00462,100,150,130,220,160,3,30,0.02,1.5,575,1200,150,2200,450,09:00,15:00,0,2.5,true,0,1.2,3200,100,true,5.0,10,true,0.05,3100
r11_00463,50,190,230,240,120,6,80,0.02,1.3,525,800,300,800,0,10:00,20:00,4000,1.5,true,10,0.2,0,70,true,6.0,60,true,0.08,200
r11_00464,60,100,250,120,200,4,40,0.02,1.0,550,1000,100,2500,0,00:00,21:00,0,0,true,5,100,0,100,true,4.0,45,true,0.5,1200
r11_00465,90,90,60,240,260,2,100,0.02,1.15,500,1300,475,400,650,03:00,13:00,3300,0,true,4,0.8,0,10,false,4.0,30,false,10,0
r11_00466,130,180,170,80,280,7,70,0.02,1.2,600,1400,350,1300,450,00:00,17:00,3400,2.0,true,6,0.2,2500,50,true,4.0,45,false,0.5,3900
r11_00467,110,200,50,320,140,10,120,0.02,1.05,725,3000,300,2900,775,04:00,12:00,2900,2.5,true,6,0.8,1100,100,true,2.0,60,false,0.2,0
r11_00468,90,200,80,120,200,8,40,0.02,1.1,600,3000,550,1700,275,08:00,16:00,0,3.0,true,5,1.2,0,100,false,8.0,60,false,10,0
r11_00469,150,170,150,280,80,7,110,0.02,1.15,75,600,275,1600,725,05:00,17:00,4000,1.5,true,12,1.2,3500,20,false,2.0,60,true,10,0
r11_00470,160,110,50,220,260,4,60,0.02,1.4,575,2300,550,1500,0,01:00,21:00,0,2.5,true,7,0.2,3200,70,false,6.0,30,true,0.1,1400
r11_00471,130,80,130,80,240,9,110,0.02,1.0,575,2900,525,300,375,04:00,18:00,2300,0,true,15,100,0,70,true,2.0,10,false,0.5,1100
r11_00472,110,220,50,140,240,8,40,0.02,1.4,375,1000,100,2300,0,10:00,17:00,0,2.0,true,15,0.8,0,100,true,5.0,20,false,0.5,0
r11_00473,90,170,130,280,100,8,20,0.02,1.4,150,200,100,2900,525,01:00,12:00,1800,2.5,true,6,100,1000,10,false,6.0,60,false,0.05,1500
r11_00474,60,190,50,160,300,7,60,0.02,1.05,525,2900,150,1900,0,00:00,17:00,0,2.0,true,6,0.5,2900,100,true,4.0,60,true,0.08,0
r11_00475,90,110,80,220,300,8,40,0.02,1.0,50,1600,250,2200,425,03:00,16:00,0,4.0,true,0,100,1700,100,true,6.0,30,false,0.05,0
r11_00476,60,60,110,100,280,10,90,0.02,1.0,700,1600,400,1900,600,04:00,12:00,1500,2.5,true,15,0.3,0,100,false,3.0,20,false,0.08,0
r11_00477,140,110,110,260,220,6,60,0.02,1.05,550,2100,600,1600,525,07:00,19:00,1100,1.0,true,4,0.2,2000,10,true,3.0,45,true,0.1,0
r11_00478,30,120,90,200,200,2,120,0.02,1.2,475,2300,125,800,725,07:00,16:00,1600,3.0,true,6,0.3,1800,20,false,3.0,45,false,0.05,0
r11_00479,60,130,220,320,160,3,120,0.02,1.15,275,900,450,2300,0,05:00,13:00,0,0,true,10,0.2,3300,10,false,8.0,60,false,0.5,1400
r11_00480,150,150,70,180,340,2,110,0.02,1.1,225,3000,425,300,275,08:00,14:00,3500,4.0,true,0,100,4000,100,true,6.0,30,true,10,0
r11_00481,60,70,120,160,180,8,90,0.02,1.15,100,2800,400,2400,250,02:00,13:00,0,0,true,10,0.8,0,10,false,6.0,20,true,0.2,0
r11_00482,150,150,80,80,320,8,50,0.02,1.3,275,700,425,2500,575,08:00,14:00,3900,2.5,true,12,0.5,3000,20,false,6.0,60,true,0.1,0
r11_00483,130,210,90,320,280,10,70,0.02,1.05,175,800,75,1300,225,01:00,17:00,0,2.5,true,8,100,2100,30,true,2.0,20,true,0.08,0
r11_00484,30,80,80,300,240,2,110,0.02,1.05,700,600,600,1500,525,09:00,17:00,0,4.0,true,15,1.2,2200,70,true,5.0,20,false,10,2000
r11_00485,120,170,80,300,240,4,100,0.02,1.05,425,300,175,2400,725,01:00,12:00,0,1.0,true,12,1.2,3800,20,false,6.0,20,false,0.2,0
r11_00486,40,190,60,240,200,7,110,0.02,1.3,450,200,475,2700,175,08:00,13:00,1800,2.0,true,4,100,1200,70,true,4.0,30,false,0.5,800
r11_00487,30,150,140,160,340,8,110,0.02,1.05,350,1300,300,2400,325,01:00,20:00,1200,0,true,0,1.2,2300,100,false,4.0,10,false,0.5,2000
r11_00488,60,200,90,120,120,8,90,0.02,1.3,575,1000,525,400,325,00:00,20:00,1600,2.0,true,12,0.3,3500,30,false,3.0,30,true,10,0
r11_00489,70,110,120,160,140,7,70,0.02,1.15,150,3000,275,2800,350,08:00,19:00,0,2.5,true,7,0.8,1400,10,true,8.0,30,false,0.08,300
r11_00490,100,90,140,100,280,10,60,0.02,1.0,350,1200,350,2900,375,02:00,19:00,1600,0,true,5,100,0,30,true,8.0,60,true,0.05,1500
r11_00491,130,180,260,140,320,7,80,0.02,1.4,325,2200,75,1200,275,00:00,18:00,4000,6.0,true,15,1.2,1100,50,false,8.0,60,true,10,500
r11_00492,80,90,60,260,280,9,120,0.02,1.15,225,2800,500,1000,375,06:00,14:00,0,2.0,true,6,0.3,3300,30,true,8.0,10,true,0.1,1500
r11_00493,140,190,130,300,240,7,100,0.02,1.15,250,1300,125,500,225,05:00,12:00,2000,0,true,12,0.5,0,70,false,5.0,20,false,0.1,0
r11_00494,110,140,240,80,320,6,30,0.02,1.1,775,1800,400,2100,375,09:00,20:00,0,3.0,true,10,100,0,70,true,8.0,45,false,0.2,2800
r11_00495,60,150,240,180,220,4,80,0.02,1.0,100,1000,600,2300,350,10:00,20:00,2800,0,true,15,0.2,2700,70,true,4.0,20,false,0.08,0
r11_00496,110,210,70,180,300,8,80,0.02,1.0,625,1300,100,2500,750,05:00,18:00,0,6.0,true,0,100,2100,50,true,5.0,60,true,0.08,1100
r11_00497,120,150,90,180,360,2,70,0.02,1.3,350,2800,400,600,0,02:00,20:00,0,4.0,true,8,0.8,0,20,false,6.0,20,true,0.5,800
r11_00498,50,160,150,280,300,4,30,0.02,1.1,500,900,100,2000,650,04:00,15:00,4000,1.5,true,10,0.2,0,50,false,5.0,60,false,0.05,0
r11_00499,100,100,240,200,200,5,60,0.02,1.0,300,1900,600,1000,0,04:00,20:00,0,0,true,12,1.2,1700,50,true,8.0,45,false,0.5,0
r11_00500,140,180,60,80,280,4,30,0.02,1.15,650,2900,50,2700,500,10:00,13:00,3300,3.0,true,5,0.2,1100,30,true,8.0,20,true,0.5,0
r11_00501,130,120,180,120,80,6,110,0.02,1.15,150,500,300,2400,50,08:00,19:00,1500,0,true,4,100,0,30,true,5.0,20,true,0.05,1900
r11_00502,100,90,260,300,360,10,20,0.02,1.5,600,300,450,1200,400,10:00,17:00,500,3.0,true,12,0.2,0,20,true,8.0,45,true,0.5,2400
r11_00503,70,70,220,300,360,6,30,0.02,1.15,575,1400,450,2700,50,00:00,14:00,2800,1.0,true,7,100,700,30,true,6.0,30,true,0.5,0
r11_00504,110,70,180,140,180,6,40,0.02,1.3,275,1400,575,1500,600,02:00,20:00,3200,3.0,true,0,0.5,2100,50,false,2.0,20,true,10,0
r11_00505,60,60,80,300,220,10,30,0.02,1.4,650,2000,500,700,250,06:00,16:00,0,0,true,3,0.3,0,50,false,8.0,30,false,10,0
r11_00506,70,190,100,160,120,4,30,0.02,1.2,575,2100,350,2100,0,05:00,17:00,0,2.0,true,6,100,800,70,false,2.0,10,true,10,2100
r11_00507,60,180,260,240,340,2,100,0.02,1.5,775,700,300,1500,250,06:00,20:00,300,6.0,true,0,0.2,3200,10,true,6.0,10,true,0.05,0
r11_00508,80,140,60,100,80,9,30,0.02,1.2,75,2500,425,2300,125,04:00,19:00,0,6.0,true,6,2.0,0,10,true,5.0,30,false,0.2,0
r11_00509,70,90,160,140,100,7,80,0.02,1.5,600,3000,75,2500,100,02:00,17:00,300,1.5,true,5,0.5,0,70,true,3.0,45,true,0.5,500
r11_00510,100,210,70,220,260,2,50,0.02,1.1,800,1300,400,700,150,03:00,14:00,700,1.0,true,0,1.2,3800,10,false,8.0,45,false,0.05,400
r11_00511,40,110,50,220,340,3,80,0.02,1.3,275,1400,450,400,350,02:00,17:00,0,2.5,true,3,0.5,3100,50,true,5.0,20,false,0.08,4000
r11_00512,30,130,160,260,260,2,60,0.02,1.3,525,1600,75,2200,325,03:00,15:00,2100,0,true,7,0.5,900,100,true,6.0,10,false,0.2,0
r11_00513,70,100,150,100,240,10,90,0.02,1.05,325,1300,375,1300,475,04:00,17:00,0,2.0,true,0,1.2,2800,30,true,6.0,60,false,0.05,0
r11_00514,30,190,100,140,240,9,110,0.02,1.5,775,1800,300,2200,0,02:00,17:00,4000,3.0,true,15,0.8,0,50,false,2.0,30,false,0.08,2300
r11_00515,30,210,230,260,300,9,30,0.02,1.15,725,2100,225,2800,725,00:00,16:00,0,0,true,12,0.8,0,100,true,3.0,45,true,10,0
r11_00516,60,100,60,260,120,3,40,0.02,1.5,725,1500,500,1200,525,02:00,15:00,0,1.0,true,6,0.5,2200,50,false,2.0,30,false,0.2,600
r11_00517,40,200,60,260,180,5,30,0.02,1.5,550,2800,50,900,0,00:00,16:00,0,1.0,true,3,2.0,2500,30,false,2.0,45,true,10,0
r11_00518,90,220,140,100,280,5,50,0.02,1.15,100,1400,600,1800,150,00:00,15:00,2500,0,true,6,100,600,50,true,4.0,30,false,0.08,1300
r11_00519,130,190,190,260,280,4,90,0.02,1.2,325,2400,525,600,500,07:00,17:00,0,2.0,true,4,0.2,0,10,false,5.0,60,false,10,0
r11_00520,160,130,230,180,160,5,120,0.02,1.15,175,400,600,900,675,07:00,20:00,1700,0,true,15,1.2,3000,100,false,8.0,30,true,10,300
r11_00521,40,110,90,100,300,9,30,0.02,1.05,150,2500,300,300,200,09:00,19:00,3700,2.0,true,15,1.2,0,20,false,5.0,45,true,10,0
r11_00522,40,210,130,100,220,8,80,0.02,1.05,100,200,200,1900,125,05:00,17:00,0,3.0,true,10,0.2,3200,70,false,3.0,10,true,0.2,0
r11_00523,50,50,180,280,200,5,40,0.02,1.3,175,900,500,900,150,02:00,15:00,1500,1.0,true,3,100,1700,20,false,8.0,20,true,0.05,2900
r11_00524,120,140,220,220,220,10,70,0.02,1.3,525,1300,300,1100,0,01:00,14:00,600,1.0,true,12,100,1100,70,false,5.0,45,false,0.2,0
r11_00525,60,110,80,240,180,5,120,0.02,1.2,375,1200,425,2900,0,00:00,17:00,4000,1.0,true,8,0.2,0,10,true,2.0,45,false,0.2,4000
r11_00526,60,110,130,120,320,3,110,0.02,1.15,500,2700,575,2100,375,06:00,18:00,1100,1.0,true,5,100,4000,30,false,5.0,20,false,0.2,2500
r11_00527,80,220,150,200,80,10,90,0.02,1.0,775,700,425,300,500,02:00,18:00,3600,1.0,true,8,0.3,4000,70,false,3.0,60,true,0.05,0
r11_00528,160,210,180,320,160,2,30,0.02,1.0,100,2400,525,2300,775,06:00,15:00,500,6.0,true,10,2.0,2900,10,true,5.0,10,false,0.05,3700
r11_00529,160,50,150,280,180,7,90,0.02,1.4,400,2500,150,1500,0,09:00,15:00,0,1.0,true,6,0.3,2500,10,false,2.0,60,true,0.05,0
r11_00530,120,60,180,100,120,7,110,0.02,1.5,200,1300,400,2100,0,06:00,17:00,2600,2.5,true,5,0.8,0,20,false,2.0,30,false,0.2,3800
r11_00531,120,80,100,200,120,3,50,0.02,1.5,225,2700,400,1000,50,07:00,20:00,0,0,true,10,0.8,2300,20,true,3.0,60,false,0.08,0
r11_00532,40,140,190,320,300,2,50,0.02,1.2,150,1500,75,1300,275,10:00,16:00,0,2.0,true,10,2.0,1500,100,false,2.0,10,true,0.5,0
r11_00533,60,150,140,240,320,7,100,0.02,1.15,325,2800,50,1000,700,10:00,13:00,0,1.0,true,5,0.3,400,20,false,6.0,45,true,10,0
r11_00534,90,170,100,180,300,5,100,0.02,1.5,225,1100,575,2100,50,04:00,14:00,3800,3.0,true,8,0.5,3700,100,false,5.0,20,true,0.2,0
r11_00535,70,150,80,200,240,3,110,0.02,1.1,650,400,350,1500,725,01:00,14:00,900,1.5,true,8,0.2,3300,50,true,4.0,20,true,0.08,0
r11_00536,40,110,150,160,120,8,80,0.02,1.05,225,600,400,2300,400,06:00,21:00,1100,3.0,true,0,0.5,0,70,true,8.0,20,true,0.05,0
r11_00537,120,100,250,320,220,9,50,0.02,1.1,250,1400,350,1000,375,03:00,16:00,900,0,true,6,100,700,10,false,8.0,20,false,10,0
r11_00538,50,190,150,280,220,3,80,0.02,1.3,800,1100,325,900,0,01:00,13:00,0,2.5,true,8,0.2,1600,70,true,2.0,60,false,0.5,0
r11_00539,120,100,120,220,120,5,120,0.02,1.3,250,1900,350,1700,725,04:00,12:00,1000,6.0,true,15,1.2,2800,30,true,6.0,60,true,0.5,1500
r11_00540,40,150,130,300,120,10,20,0.02,1.4,600,2700,425,2700,50,02:00,14:00,0,2.5,true,10,0.8,800,10,false,2.0,60,false,0.1,2600
r11_00541,100,160,150,300,120,6,50,0.02,1.5,525,1200,200,1900,375,04:00,21:00,0,3.0,true,0,100,700,30,true,6.0,45,true,10,0
r11_00542,40,140,250,180,180,4,20,0.02,1.3,750,700,275,2800,275,04:00,14:00,0,2.0,true,15,0.3,0,20,false,5.0,30,true,0.2,0
r11_00543,150,120,80,220,360,7,70,0.02,1.5,325,2800,175,2200,700,01:00,21:00,0,0,true,6,0.3,0,70,true,3.0,20,true,0.2,0
r11_00544,70,180,100,300,260,2,80,0.02,1.4,100,1300,125,2400,375,00:00,21:00,1800,0,true,15,0.2,2400,10,true,6.0,60,false,0.1,1400
r11_00545,50,170,120,220,260,5,30,0.02,1.4,325,200,525,300,325,00:00,12:00,2100,1.0,true,6,100,0,100,false,5.0,20,false,0.2,0
r11_00546,60,170,240,260,220,6,120,0.02,1.2,525,1200,150,2600,800,00:00,21:00,1900,1.5,true,10,100,1500,50,false,2.0,20,false,0.2,0
r11_00547,40,140,260,100,120,9,80,0.02,1.5,525,2400,450,2500,50,07:00,19:00,1600,3.0,true,0,100,900,100,false,4.0,30,true,0.2,0
r11_00548,140,150,170,280,240,8,100,0.02,1.4,125,1000,375,400,0,04:00,15:00,800,1.0,true,3,2.0,1300,20,false,6.0,20,true,0.2,0
r11_00549,50,170,80,80,140,3,30,0.02,1.15,500,2100,225,1000,600,00:00,20:00,1400,0,true,5,100,0,20,true,6.0,20,true,0.1,0
r11_00550,40,160,120,300,140,8,110,0.02,1.3,525,700,125,2400,675,09:00,16:00,800,2.0,true,10,100,400,100,true,2.0,60,false,10,0
r11_00551,70,90,230,140,100,2,40,0.02,1.05,250,2300,450,2600,0,03:00,18:00,1600,1.5,true,0,100,500,50,false,3.0,10,false,0.5,0
r11_00552,40,180,250,200,220,4,70,0.02,1.0,100,200,400,2500,425,10:00,16:00,3400,3.0,true,0,1.2,2200,10,false,4.0,10,false,0.5,0
r11_00553,90,130,220,240,360,7,50,0.02,1.3,425,800,500,2500,0,03:00,15:00,2400,0,true,3,100,2600,70,true,5.0,20,false,0.05,0
r11_00554,60,110,210,280,120,2,120,0.02,1.1,800,2500,600,2200,200,00:00,17:00,0,6.0,true,0,0.3,0,30,true,6.0,30,true,0.1,0
r11_00555,30,170,180,320,320,7,30,0.02,1.0,325,2300,150,400,175,00:00,12:00,3500,4.0,true,4,0.3,0,20,false,2.0,60,false,0.08,2900
r11_00556,40,150,230,200,260,2,80,0.02,1.5,200,1600,175,1700,350,04:00,12:00,0,1.0,true,12,0.2,600,70,true,5.0,20,true,0.05,0
r11_00557,100,160,150,200,160,2,40,0.02,1.0,300,2800,100,500,700,04:00,12:00,600,2.0,true,3,0.5,1500,10,false,6.0,30,false,0.05,1000
r11_00558,60,60,170,220,140,4,90,0.02,1.5,450,3000,500,1100,650,00:00,12:00,3600,0,true,12,0.5,3500,70,false,6.0,30,false,0.5,0
r11_00559,130,140,70,100,360,6,80,0.02,1.05,50,1200,350,1500,125,04:00,18:00,0,1.5,true,3,100,0,70,false,8.0,30,false,0.5,2200
r11_00560,60,110,240,300,300,2,80,0.02,1.15,225,300,600,1200,750,08:00,21:00,0,0,true,6,100,1900,20,false,5.0,20,true,10,0
r11_00561,60,210,70,140,160,4,100,0.02,1.0,725,700,550,2100,250,09:00,19:00,0,2.0,true,3,1.2,2400,100,true,5.0,60,false,0.08,0
r11_00562,150,130,140,100,180,3,70,0.02,1.05,200,2700,225,1200,625,10:00,13:00,3500,1.5,true,0,0.2,0,100,true,3.0,30,false,0.05,2800
r11_00563,90,220,200,160,280,10,50,0.02,1.5,400,2900,350,1900,725,02:00,12:00,4000,6.0,true,5,0.5,3600,20,false,4.0,45,true,0.5,0
r11_00564,130,80,170,140,180,9,90,0.02,1.5,625,400,175,1200,75,04:00,16:00,3500,3.0,true,10,0.3,0,30,true,2.0,30,false,10,3500
r11_00565,140,60,250,280,340,2,50,0.02,1.05,475,600,175,1800,450,10:00,13:00,0,3.0,true,0,0.5,0,20,true,4.0,10,true,0.2,0
r11_00566,160,80,80,80,120,3,70,0.02,1.5,75,1800,475,1000,275,10:00,16:00,900,2.5,true,4,0.8,1000,20,false,6.0,20,true,10,0
r11_00567,40,150,130,120,240,2,110,0.02,1.4,625,2900,75,1500,0,07:00,21:00,2400,1.0,true,4,100,700,20,false,2.0,30,true,0.2,0
r11_00568,60,100,70,180,360,5,50,0.02,1.2,700,2200,350,1600,475,09:00,15:00,0,6.0,true,0,100,0,100,true,2.0,45,false,0.1,0
r11_00569,60,120,190,300,180,10,80,0.02,1.15,700,1600,125,2400,0,08:00,14:00,3500,4.0,true,3,100,1100,20,false,8.0,10,true,10,1300
r11_00570,160,200,50,180,280,3,100,0.02,1.2,625,3000,500,1100,0,09:00,12:00,0,1.0,true,10,2.0,1600,70,false,6.0,20,false,0.5,0
r11_00571,80,100,100,100,200,10,50,0.02,1.0,175,3000,575,3000,750,07:00,19:00,1700,0,true,6,0.3,400,100,true,3.0,60,false,0.05,1700
r11_00572,40,180,90,160,200,7,110,0.02,1.0,250,1900,225,400,700,06:00,14:00,0,1.5,true,8,0.5,3900,70,false,2.0,20,false,10,0
r11_00573,100,70,260,280,80,9,40,0.02,1.3,225,2100,250,900,50,10:00,21:00,3700,1.0,true,5,2.0,900,10,false,4.0,60,true,10,0
r11_00574,70,50,200,220,240,5,120,0.02,1.2,175,1700,250,1100,750,01:00,18:00,1100,3.0,true,4,100,1600,20,true,5.0,20,false,0.5,0
r11_00575,130,60,150,160,320,8,20,0.02,1.15,500,500,525,500,0,08:00,16:00,2300,4.0,true,0,0.8,0,10,false,2.0,20,true,0.1,2600
r11_00576,90,100,120,140,140,2,70,0.02,1.2,100,300,450,2500,0,00:00,16:00,2600,6.0,true,8,2.0,1800,70,true,3.0,60,false,10,0
r11_00577,70,180,190,120,180,6,30,0.02,1.05,150,2400,400,1800,600,02:00,19:00,0,3.0,true,6,0.2,3600,10,true,3.0,60,false,10,3500
r11_00578,160,60,50,240,280,6,60,0.02,1.05,575,700,50,2200,0,10:00,15:00,1300,0,true,0,100,400,20,true,6.0,30,true,0.05,300
r11_00579,30,50,200,260,340,3,80,0.02,1.2,600,2800,550,1500,400,01:00,20:00,400,6.0,true,0,0.2,0,100,false,4.0,20,false,0.1,300
r11_00580,60,100,100,80,220,6,70,0.02,1.15,275,200,325,1900,250,05:00,18:00,3600,2.5,true,5,1.2,700,70,false,4.0,20,false,0.2,3200
r11_00581,30,50,210,260,160,3,20,0.02,1.3,675,400,275,500,75,01:00,12:00,0,2.0,true,10,0.2,3200,50,true,3.0,45,true,0.5,2900
r11_00582,90,180,160,300,80,9,120,0.02,1.0,275,2800,200,2100,600,07:00,12:00,2900,2.5,true,12,1.2,1200,10,true,3.0,30,true,0.5,0
r11_00583,80,220,180,280,200,8,90,0.02,1.05,50,2400,400,2600,0,10:00,16:00,3300,1.0,true,12,100,1200,20,false,6.0,45,false,0.05,0
r11_00584,130,220,170,120,220,3,120,0.02,1.3,725,2900,175,1800,125,05:00,17:00,2400,0,true,3,0.5,1500,100,true,8.0,30,false,10,0
r11_00585,40,80,120,100,180,10,90,0.02,1.5,450,3000,400,3000,225,10:00,20:00,3000,0,true,10,100,0,30,false,2.0,60,false,0.1,0
r11_00586,150,60,260,160,320,2,30,0.02,1.5,525,1600,400,2800,450,06:00,21:00,3900,3.0,true,5,2.0,3200,30,false,3.0,30,true,0.2,3900
r11_00587,140,70,200,180,200,7,100,0.02,1.05,225,900,300,300,725,06:00,14:00,0,1.5,true,3,1.2,0,50,false,6.0,30,false,10,0
r11_00588,70,90,210,280,80,8,60,0.02,1.15,400,3000,500,900,650,04:00,14:00,2200,3.0,true,5,0.5,0,10,true,8.0,30,false,0.2,0
r11_00589,150,100,170,140,180,5,30,0.02,1.1,625,2300,350,2800,800,04:00,13:00,3500,2.5,true,7,0.2,1100,10,false,3.0,20,true,0.05,3800
r11_00590,110,100,100,240,160,3,80,0.02,1.05,75,200,550,2400,325,07:00,14:00,2900,1.0,true,10,0.3,400,20,false,3.0,20,false,0.05,0
r11_00591,110,60,50,260,300,6,80,0.02,1.4,550,500,100,2500,200,01:00,20:00,0,1.0,true,3,2.0,1500,70,true,8.0,60,true,0.1,0
r11_00592,160,180,130,200,300,7,90,0.02,1.1,400,2500,450,400,700,08:00,12:00,700,6.0,true,0,1.2,0,10,true,6.0,45,false,10,0
r11_00593,70,140,120,320,180,6,110,0.02,1.2,325,1300,250,1700,500,09:00,12:00,2900,6.0,true,5,100,1500,20,true,4.0,10,false,0.08,1400
r11_00594,100,70,90,280,200,5,80,0.02,1.15,625,1400,350,2000,325,05:00,19:00,2200,2.0,true,0,100,0,100,true,3.0,10,false,0.08,0
r11_00595,80,150,210,160,300,8,80,0.02,1.05,425,2300,600,2000,700,07:00,13:00,700,4.0,true,6,100,0,50,false,2.0,30,true,0.2,2500
r11_00596,90,170,170,300,160,10,80,0.02,1.15,125,2900,375,500,0,09:00,15:00,800,4.0,true,0,2.0,0,10,false,3.0,45,true,0.2,300
r11_00597,140,200,80,240,180,10,20,0.02,1.05,125,1600,225,1600,800,01:00,20:00,2200,2.0,true,4,1.2,0,100,false,4.0,20,true,10,3200
r11_00598,30,50,260,260,100,10,110,0.02,1.3,200,300,150,500,425,03:00,20:00,0,0,true,8,1.2,3400,70,true,2.0,45,true,0.08,0
r11_00599,80,70,180,280,260,3,70,0.02,1.2,575,2500,350,1800,100,09:00,16:00,0,4.0,true,15,1.2,0,100,true,3.0,20,false,0.08,0
r11_00600,70,100,250,280,260,6,90,0.02,1.0,575,200,275,2700,275,02:00,18:00,2000,0,true,6,100,0,30,false,3.0,30,false,0.08,1300
r11_00601,100,80,50,200,260,10,50,0.02,1.5,125,2500,50,2600,400,01:00,21:00,800,1.5,true,4,2.0,2600,100,true,6.0,30,true,10,0
r11_00602,70,140,210,260,200,8,30,0.02,1.0,400,2900,425,700,600,02:00,12:00,0,1.0,true,3,0.5,0,50,true,6.0,10,false,10,2600
r11_00603,160,120,190,240,240,6,110,0.02,1.15,325,2600,575,2800,0,07:00,18:00,0,1.5,true,6,100,0,70,true,4.0,20,false,10,1900
r11_00604,140,80,200,160,260,6,40,0.02,1.1,475,1200,575,2900,300,03:00,13:00,2500,2.0,true,12,100,2600,10,false,3.0,30,true,10,700
r11_00605,50,130,240,220,360,10,100,0.02,1.5,500,2900,50,1100,675,10:00,14:00,0,1.5,true,10,0.8,0,70,true,5.0,10,true,0.08,0
r11_00606,110,150,190,260,120,7,20,0.02,1.3,175,3000,450,2300,775,09:00,15:00,1200,4.0,true,4,2.0,1400,20,true,2.0,45,false,10,900
r11_00607,150,80,240,320,260,4,70,0.02,1.3,500,600,475,1500,0,00:00,17:00,2400,2.5,true,5,0.5,0,10,false,8.0,60,false,0.05,2600
r11_00608,110,210,190,140,320,9,40,0.02,1.1,575,500,275,800,325,00:00,17:00,2900,4.0,true,5,0.2,2700,20,true,6.0,10,false,10,2000
r11_00609,50,210,120,140,80,6,50,0.02,1.0,275,1900,525,500,600,01:00,18:00,1500,0,true,3,0.3,0,70,true,5.0,45,true,10,0
r11_00610,120,200,160,80,260,3,40,0.02,1.15,675,2300,150,1500,725,05:00,18:00,2800,1.5,true,8,1.2,1800,100,true,6.0,10,true,0.5,0
r11_00611,130,60,210,260,140,6,50,0.02,1.3,575,900,350,2900,325,05:00,18:00,2600,0,true,3,100,0,70,true,3.0,30,false,0.5,0
r11_00612,40,220,210,100,120,8,20,0.02,1.3,450,400,425,1100,350,09:00,15:00,0,4.0,true,0,0.3,1500,70,true,4.0,20,true,10,3800
r11_00613,50,170,50,100,220,10,90,0.02,1.4,600,1100,425,1300,675,09:00,12:00,1800,0,true,0,0.5,0,10,true,2.0,60,true,10,0
r11_00614,60,150,220,260,240,10,40,0.02,1.5,800,500,200,2100,50,10:00,17:00,2000,2.5,true,7,0.5,3500,50,false,6.0,60,true,0.2,3500
r11_00615,90,190,200,320,120,9,50,0.02,1.05,375,2200,350,1000,175,00:00,13:00,1600,0,true,12,100,0,100,false,4.0,45,true,10,0
r11_00616,30,100,110,140,140,4,60,0.02,1.3,525,700,225,2800,775,00:00,16:00,0,6.0,true,0,100,3900,50,true,8.0,45,true,10,0
r11_00617,140,100,90,220,220,4,110,0.02,1.3,325,900,325,600,475,09:00,14:00,0,1.0,true,5,0.3,1800,70,false,3.0,20,true,10,1800
r11_00618,50,70,250,220,200,8,40,0.02,1.4,75,2500,400,700,125,07:00,12:00,0,4.0,true,4,1.2,2000,70,true,2.0,30,true,0.1,0
r11_00619,30,180,230,160,200,8,20,0.02,1.05,75,2900,600,2200,375,09:00,17:00,1700,0,true,0,0.5,3400,20,false,4.0,30,false,10,0
r11_00620,40,150,130,220,180,6,80,0.02,1.15,275,800,325,2000,650,07:00,18:00,0,0,true,4,0.8,2700,70,true,4.0,20,false,0.08,2100
r11_00621,80,200,60,140,280,4,120,0.02,1.2,650,1900,100,2600,475,07:00,16:00,1600,3.0,true,0,0.2,0,10,false,4.0,30,true,10,0
r11_00622,130,120,210,280,280,4,40,0.02,1.2,175,1200,100,1700,125,08:00,15:00,3400,2.5,true,8,2.0,0,10,false,6.0,60,true,10,1300
r11_00623,80,50,230,220,220,10,100,0.02,1.0,275,600,200,500,175,03:00,18:00,0,2.0,true,12,2.0,0,10,false,8.0,20,false,0.05,0
r11_00624,50,220,100,200,340,4,60,0.02,1.4,100,400,275,1500,725,03:00,20:00,3100,6.0,true,15,2.0,1900,10,false,2.0,20,true,0.08,0
r11_00625,50,180,110,100,240,5,20,0.02,1.1,75,1900,525,2400,650,06:00,14:00,0,0,true,8,0.3,0,70,true,2.0,45,false,0.2,1400
r11_00626,70,160,250,240,100,7,50,0.02,1.15,675,1100,325,2800,725,07:00,19:00,3700,0,true,8,0.3,3700,100,true,5.0,10,true,0.5,1500
r11_00627,140,180,160,320,280,9,30,0.02,1.0,625,1100,275,1700,350,00:00,19:00,2400,1.5,true,6,100,0,10,false,2.0,20,true,0.1,0
r11_00628,140,120,260,80,280,3,30,0.02,1.4,125,300,400,2200,775,03:00,20:00,2500,1.5,true,8,2.0,0,10,false,4.0,45,false,0.05,3600
r11_00629,60,180,80,200,240,6,60,0.02,1.3,325,2200,100,1500,525,10:00,20:00,1900,3.0,true,7,100,0,50,false,2.0,60,false,0.5,0
r11_00630,50,70,220,160,300,7,30,0.02,1.2,650,500,425,2700,650,05:00,12:00,3300,2.5,true,3,0.5,3300,70,true,8.0,60,true,0.2,1100
r11_00631,150,100,90,80,220,8,110,0.02,1.3,350,3000,125,1600,300,05:00,12:00,0,1.0,true,6,1.2,800,50,true,5.0,60,false,10,0
r11_00632,30,210,110,280,100,6,60,0.02,1.3,50,2300,250,2200,700,10:00,15:00,1300,3.0,true,3,0.2,2500,20,false,2.0,20,false,0.5,0
r11_00633,60,90,140,200,300,6,50,0.02,1.4,275,1300,325,2200,225,08:00,13:00,1100,1.0,true,0,0.3,3000,50,true,3.0,20,true,0.08,2500
r11_00634,50,220,240,100,160,2,70,0.02,1.1,700,1000,500,900,0,02:00,15:00,3000,0,true,3,100,0,70,false,4.0,10,false,0.2,0
r11_00635,120,140,190,320,360,3,120,0.02,1.0,325,1500,400,2600,175,02:00,17:00,2000,2.0,true,0,100,0,50,false,5.0,45,false,10,0
r11_00636,110,180,200,200,160,6,100,0.02,1.05,675,2700,275,2800,575,08:00,12:00,0,2.5,true,0,100,0,70,false,8.0,20,false,0.05,2800
r11_00637,130,160,90,200,340,2,30,0.02,1.0,75,2500,150,1000,0,00:00,20:00,0,1.0,true,0,0.2,0,100,true,4.0,20,false,0.1,1300
r11_00638,150,70,100,260,100,9,40,0.02,1.1,275,2600,225,1000,350,02:00,16:00,3500,2.5,true,0,0.3,1500,20,true,2.0,20,false,10,1500
r11_00639,140,110,200,320,240,7,70,0.02,1.5,425,2900,550,800,500,01:00,15:00,1500,2.0,true,8,100,400,50,false,6.0,45,true,0.05,2600
r11_00640,60,140,90,140,140,2,100,0.02,1.2,125,2000,250,1100,475,03:00,15:00,700,1.5,true,6,0.2,1100,70,false,8.0,30,false,0.08,400
r11_00641,30,220,90,120,100,7,60,0.02,1.05,325,2700,75,2900,775,09:00,14:00,400,1.0,true,12,0.5,0,20,false,3.0,45,false,0.2,200
r11_00642,160,160,140,280,320,3,20,0.02,1.5,600,2700,350,2300,300,10:00,19:00,3500,0,true,7,0.8,1200,30,false,5.0,20,false,10,3300
r11_00643,140,200,90,120,100,8,90,0.02,1.5,750,1000,275,1500,150,06:00,21:00,2500,0,true,4,100,1500,70,true,8.0,20,false,0.2,0
r11_00644,40,220,120,140,340,8,80,0.02,1.3,100,1000,75,300,800,01:00,14:00,3600,4.0,true,5,2.0,0,20,true,3.0,60,true,0.08,1200
r11_00645,120,160,220,260,100,8,30,0.02,1.05,400,2300,275,1600,700,10:00,14:00,1100,2.5,true,12,2.0,3600,50,true,8.0,45,true,0.5,0
r11_00646,80,60,120,300,240,8,80,0.02,1.0,500,1300,600,2600,375,02:00,15:00,0,4.0,true,15,0.8,300,30,true,2.0,10,false,0.08,0
r11_00647,50,80,70,280,360,9,90,0.02,1.3,325,700,150,2000,375,06:00,17:00,1500,3.0,true,8,100,900,30,true,3.0,45,true,0.1,0
r11_00648,120,140,100,140,240,3,80,0.02,1.15,125,2200,375,1700,725,01:00,16:00,0,4.0,true,8,0.8,300,20,false,2.0,45,false,0.2,2100
r11_00649,130,110,130,280,220,7,20,0.02,1.1,725,2500,525,1300,125,08:00,19:00,0,1.5,true,3,0.3,0,100,false,8.0,10,true,0.2,2800
r11_00650,140,100,80,320,240,7,20,0.02,1.3,650,300,400,2300,0,06:00,16:00,3000,1.5,true,0,0.5,1100,50,false,8.0,30,false,0.5,3500
r11_00651,80,200,150,300,240,5,60,0.02,1.05,800,2700,400,1300,400,05:00,16:00,0,0,true,3,2.0,1400,70,true,6.0,45,false,0.05,0
r11_00652,130,220,60,280,320,5,120,0.02,1.4,600,1000,350,1900,100,03:00,16:00,0,2.5,true,3,100,1300,100,false,5.0,20,true,10,500
r11_00653,60,80,150,320,260,10,80,0.02,1.05,525,800,350,600,750,07:00,21:00,1500,2.5,true,0,0.2,1900,30,true,8.0,30,true,0.2,0
r11_00654,140,210,70,80,360,7,120,0.02,1.2,700,2800,250,1400,0,08:00,16:00,2300,4.0,true,8,1.2,700,30,false,8.0,10,true,0.1,0
r11_00655,140,180,130,240,180,3,20,0.02,1.5,700,500,350,2800,575,02:00,21:00,2300,2.0,true,10,0.3,0,10,false,6.0,45,false,10,3000
r11_00656,80,210,60,120,120,6,40,0.02,1.05,275,2100,325,1000,400,08:00,12:00,3800,0,true,10,1.2,0,20,true,8.0,60,true,0.1,0
r11_00657,30,180,140,280,120,9,110,0.02,1.1,475,300,525,300,600,09:00,21:00,1100,0,true,6,0.8,1300,20,true,8.0,45,false,10,0
r11_00658,100,210,210,120,360,9,70,0.02,1.1,750,2900,125,1700,500,04:00,14:00,300,1.5,true,0,100,2900,10,false,6.0,45,true,0.05,0
r11_00659,70,60,50,260,280,2,20,0.02,1.3,175,500,600,1700,475,09:00,18:00,700,1.0,true,15,0.3,1400,10,true,8.0,60,false,0.1,2300
r11_00660,60,200,160,320,100,6,70,0.02,1.4,775,2500,250,800,150,07:00,18:00,2300,0,true,15,1.2,0,10,true,3.0,30,false,0.5,0
r11_00661,50,50,240,160,80,10,60,0.02,1.05,75,1300,500,1300,0,05:00,18:00,1000,3.0,true,4,0.5,0,100,true,3.0,10,false,10,0
r11_00662,140,120,160,160,340,8,110,0.02,1.15,375,1000,125,2700,200,01:00,20:00,3200,1.0,true,8,100,1200,30,false,6.0,60,false,10,0
r11_00663,80,120,80,320,260,10,70,0.02,1.2,400,800,400,1200,425,10:00,16:00,1900,3.0,true,8,100,0,20,false,2.0,10,true,0.5,0
r11_00664,110,190,260,80,200,6,120,0.02,1.5,275,600,450,1400,250,01:00,18:00,2300,0,true,5,2.0,0,100,true,2.0,20,true,0.1,200
r11_00665,160,90,130,180,220,2,30,0.02,1.1,150,1800,525,2900,725,02:00,13:00,0,0,true,15,1.2,0,30,false,5.0,30,true,0.08,300
r11_00666,100,100,150,100,180,10,20,0.02,1.5,200,1400,550,1800,400,02:00,15:00,1500,4.0,true,7,100,0,70,true,2.0,60,true,10,0
r11_00667,150,100,100,260,100,5,40,0.02,1.4,625,2500,175,700,500,09:00,13:00,2800,0,true,10,0.2,0,10,true,6.0,10,true,0.08,0
r11_00668,140,90,210,200,360,5,90,0.02,1.15,50,600,150,2000,725,02:00,14:00,0,1.0,true,5,0.2,0,100,false,5.0,20,true,10,0
r11_00669,50,110,150,300,120,6,60,0.02,1.0,100,1500,500,2000,0,10:00,16:00,1000,2.0,true,3,0.8,0,30,false,8.0,45,false,10,0
r11_00670,80,170,260,100,320,8,100,0.02,1.4,500,2500,325,1300,425,06:00,14:00,0,1.0,true,7,100,2700,30,false,5.0,20,false,0.5,0
r11_00671,120,170,140,140,120,9,50,0.02,1.15,475,2600,225,2000,800,00:00,17:00,1500,3.0,true,5,100,1300,70,false,2.0,45,true,0.2,0
r11_00672,50,80,170,80,240,2,50,0.02,1.15,350,700,125,2900,0,09:00,19:00,0,0,true,12,0.2,0,50,false,4.0,20,false,0.1,0
r11_00673,140,180,160,80,100,9,110,0.02,1.2,250,1600,350,1100,675,07:00,15:00,0,1.0,true,7,1.2,0,30,true,2.0,10,false,0.08,4000
r11_00674,80,70,130,280,120,5,120,0.02,1.0,700,2700,150,1600,750,08:00,17:00,3300,3.0,true,4,0.2,0,30,false,4.0,20,true,0.05,0
r11_00675,30,110,60,240,240,9,40,0.02,1.2,475,2900,75,900,150,02:00,15:00,3100,1.0,true,3,0.2,0,70,false,4.0,45,false,0.08,0
r11_00676,40,50,190,300,160,6,80,0.02,1.2,275,600,200,600,700,10:00,12:00,2900,0,true,6,0.8,0,20,false,4.0,45,true,0.08,0
r11_00677,80,150,160,200,120,10,100,0.02,1.15,525,600,275,700,150,01:00,14:00,0,4.0,true,0,100,0,50,true,5.0,20,true,10,0
r11_00678,110,130,200,300,200,9,30,0.02,1.05,600,2200,425,1700,500,04:00,17:00,3900,1.5,true,7,1.2,0,100,false,8.0,20,true,10,0
r11_00679,50,140,110,180,120,8,20,0.02,1.2,550,2600,600,500,700,04:00,12:00,0,6.0,true,12,0.8,1100,10,true,3.0,10,false,0.1,0
r11_00680,40,120,240,100,160,4,90,0.02,1.05,375,2000,275,400,0,05:00,14:00,1700,4.0,true,7,1.2,0,30,true,8.0,10,false,0.05,0
r11_00681,150,100,100,100,320,5,120,0.02,1.3,700,2200,225,700,400,10:00,16:00,0,0,true,5,100,0,30,false,6.0,10,false,0.05,0
r11_00682,110,100,240,160,360,9,70,0.02,1.3,125,2000,400,2500,375,03:00,20:00,1800,1.0,true,7,0.3,2100,10,true,4.0,30,true,0.08,800
r11_00683,100,100,250,240,320,4,30,0.02,1.3,100,600,475,1000,0,00:00,12:00,0,4.0,true,6,100,0,10,false,8.0,30,true,0.08,900
r11_00684,40,170,170,300,320,9,60,0.02,1.05,750,700,275,1600,0,04:00,14:00,0,0,true,5,0.5,2400,50,false,5.0,60,true,0.08,2800
r11_00685,70,190,210,100,220,5,60,0.02,1.05,525,900,500,3000,375,05:00,13:00,0,0,true,12,100,0,30,true,8.0,30,true,10,0
r11_00686,80,50,130,100,200,2,30,0.02,1.15,150,400,200,2300,800,09:00,12:00,0,0,true,12,100,2400,20,true,3.0,45,false,0.05,0
r11_00687,30,140,250,300,260,6,40,0.02,1.3,450,1200,475,1400,475,09:00,15:00,1500,2.0,true,5,0.5,0,100,true,2.0,45,true,0.5,0
r11_00688,160,220,210,200,180,3,30,0.02,1.05,800,2400,525,1000,675,02:00,21:00,2000,2.5,true,12,100,0,30,false,4.0,60,false,0.1,1200
r11_00689,110,210,100,100,240,3,70,0.02,1.15,750,700,150,2600,0,02:00,15:00,0,6.0,true,4,100,0,30,false,2.0,45,true,0.08,0
r11_00690,30,200,170,100,240,2,100,0.02,1.5,75,400,550,2200,450,07:00,18:00,2200,3.0,true,0,0.2,2000,10,false,4.0,30,true,0.2,0
r11_00691,80,140,190,80,200,4,30,0.02,1.5,75,2600,525,600,200,04:00,19:00,1600,4.0,true,10,2.0,0,10,true,2.0,20,false,0.1,1400
r11_00692,60,100,200,240,280,2,90,0.02,1.2,350,2900,450,1900,350,04:00,16:00,2600,4.0,true,0,2.0,0,20,true,2.0,45,false,0.05,0
r11_00693,110,50,60,240,100,9,100,0.02,1.3,600,2700,225,800,125,05:00,15:00,0,4.0,true,6,0.3,2000,20,false,4.0,20,true,0.08,0
r11_00694,40,60,140,320,120,4,90,0.02,1.5,575,700,200,2100,375,05:00,17:00,3700,0,true,0,0.8,1500,70,false,4.0,20,false,0.1,0
r11_00695,60,120,210,300,260,3,40,0.02,1.1,650,1500,550,2600,750,03:00,12:00,3700,0,true,7,0.2,2700,20,false,3.0,60,true,0.05,0
r11_00696,150,130,230,120,360,9,20,0.02,1.5,550,1500,300,1300,650,07:00,13:00,2600,2.0,true,3,2.0,3900,70,true,2.0,20,true,0.5,0
r11_00697,150,210,230,300,200,9,70,0.02,1.2,725,1100,275,2400,475,09:00,21:00,3400,1.5,true,15,0.3,2000,100,false,4.0,45,false,10,0
r11_00698,160,90,80,180,260,9,30,0.02,1.1,625,800,200,1800,200,06:00,15:00,700,2.5,true,4,100,0,20,false,5.0,10,true,0.2,0
r11_00699,160,140,180,300,200,3,50,0.02,1.4,625,2900,100,1500,525,09:00,20:00,3800,6.0,true,7,0.2,0,70,false,3.0,10,true,10,2000
r11_00700,90,120,180,180,140,7,100,0.02,1.4,225,1100,600,1100,150,09:00,16:00,0,1.0,true,4,0.2,2600,100,true,6.0,30,true,10,400
r11_00701,150,200,100,120,240,10,40,0.02,1.3,575,1500,600,900,650,08:00,19:00,2200,1.5,true,7,0.2,0,70,false,6.0,30,true,0.5,0
r11_00702,150,120,140,180,120,4,110,0.02,1.3,675,2100,400,2900,625,04:00,14:00,0,1.0,true,3,1.2,1100,100,true,4.0,20,false,0.05,2700
r11_00703,130,70,130,280,340,5,120,0.02,1.15,225,200,500,2900,800,07:00,12:00,0,0,true,8,100,0,20,true,8.0,60,false,0.08,3800
r11_00704,130,100,90,80,300,2,40,0.02,1.4,275,2900,225,2100,675,05:00,15:00,500,1.0,true,15,2.0,3000,10,true,2.0,30,false,0.1,0
r11_00705,120,130,70,120,180,8,20,0.02,1.5,525,2800,150,2100,450,01:00,13:00,0,1.5,true,12,100,0,50,false,3.0,20,true,0.05,2600
r11_00706,80,170,90,240,300,3,110,0.02,1.0,650,2700,150,2200,425,09:00,21:00,3400,2.0,true,0,2.0,0,100,true,3.0,20,false,0.2,0
r11_00707,110,110,60,120,320,7,50,0.02,1.3,350,1000,600,2000,700,08:00,12:00,1900,1.5,true,6,0.2,3000,20,true,5.0,45,true,10,0
r11_00708,60,120,210,180,200,5,60,0.02,1.5,325,1200,150,2600,0,09:00,15:00,1800,2.5,true,6,0.5,3300,50,false,4.0,10,false,0.2,0
r11_00709,50,70,90,260,80,6,40,0.02,1.5,700,2900,475,2800,0,01:00,16:00,2600,2.0,true,5,0.5,3200,10,false,3.0,20,false,0.08,0
r11_00710,100,200,220,200,180,10,30,0.02,1.5,425,1900,300,2500,700,09:00,15:00,0,4.0,true,5,0.2,0,20,false,4.0,30,false,0.5,0
r11_00711,140,220,210,260,320,10,30,0.02,1.5,725,1000,600,2600,375,05:00,14:00,0,4.0,true,10,1.2,2300,10,true,6.0,60,false,0.1,2700
r11_00712,60,50,70,240,160,9,60,0.02,1.1,800,2200,125,500,750,09:00,21:00,0,0,true,6,0.2,0,20,false,6.0,20,false,0.5,0
r11_00713,110,170,260,300,120,6,90,0.02,1.5,250,1900,475,2300,50,00:00,15:00,3700,1.0,true,3,2.0,3900,20,true,2.0,30,true,0.05,3800
r11_00714,90,120,220,300,100,9,20,0.02,1.4,525,1400,400,2100,50,00:00,16:00,0,3.0,true,5,0.5,0,50,false,3.0,45,true,10,0
r11_00715,100,200,90,260,260,5,30,0.02,1.2,500,300,100,900,375,08:00,16:00,0,2.0,true,0,0.5,0,50,true,5.0,60,true,0.08,1100
r11_00716,40,150,50,160,320,6,100,0.02,1.15,125,2300,300,2500,225,03:00,12:00,3000,1.5,true,15,100,0,50,false,4.0,60,false,10,0
r11_00717,80,170,50,300,240,10,50,0.02,1.4,800,2500,375,2000,175,08:00,15:00,1500,0,true,0,100,0,70,true,6.0,30,false,0.05,0
r11_00718,70,210,110,120,120,2,70,0.02,1.3,700,800,325,1000,175,06:00,20:00,2100,6.0,true,3,100,2900,50,true,3.0,60,true,0.1,0
r11_00719,110,90,260,260,340,2,40,0.02,1.0,300,1100,100,700,175,05:00,17:00,0,2.5,true,12,0.3,0,100,false,4.0,20,true,0.5,3000
r11_00720,150,170,160,300,260,5,30,0.02,1.5,250,1500,150,2800,0,10:00,13:00,0,6.0,true,15,0.8,0,100,true,3.0,10,true,0.1,3900
r11_00721,150,100,50,120,360,4,90,0.02,1.1,675,2200,300,2400,125,06:00,14:00,3800,0,true,4,1.2,4000,30,false,2.0,45,true,0.1,700
r11_00722,120,130,70,120,360,4,60,0.02,1.2,75,200,50,500,625,00:00,15:00,2200,1.0,true,5,0.2,0,30,false,5.0,20,true,0.2,0
r11_00723,70,150,80,160,320,3,20,0.02,1.05,550,2000,150,1100,125,05:00,12:00,500,0,true,12,100,2700,70,false,4.0,20,false,0.08,0
r11_00724,50,210,140,160,340,8,60,0.02,1.2,325,2300,275,1200,375,04:00,15:00,0,6.0,true,3,1.2,0,100,true,2.0,20,true,0.08,3700
r11_00725,120,150,240,240,120,4,120,0.02,1.5,250,1900,600,600,725,10:00,17:00,0,6.0,true,10,2.0,2700,20,true,6.0,20,false,0.2,1600
r11_00726,30,120,240,180,220,9,60,0.02,1.05,650,2100,50,2500,575,04:00,15:00,1700,0,true,15,1.2,0,10,false,8.0,10,false,0.1,0
r11_00727,60,90,110,240,240,5,50,0.02,1.2,425,1000,300,2900,0,08:00,21:00,1200,1.5,true,7,0.2,0,50,false,3.0,10,false,10,0
r11_00728,140,210,240,240,320,9,20,0.02,1.15,175,2000,450,2400,550,04:00,21:00,0,6.0,true,5,0.2,0,30,true,3.0,20,true,0.2,0
r11_00729,160,150,60,160,340,10,40,0.02,1.5,750,2900,225,1600,750,09:00,17:00,600,3.0,true,4,0.2,2900,50,true,2.0,45,false,0.5,1600
r11_00730,60,120,190,160,340,7,30,0.02,1.2,575,2100,600,2600,525,07:00,21:00,0,0,true,6,2.0,1700,100,false,6.0,20,true,0.08,0
r11_00731,70,100,50,120,80,2,90,0.02,1.05,400,2500,450,800,0,05:00,20:00,0,2.5,true,8,0.2,300,10,true,5.0,10,true,0.05,1400
r11_00732,30,140,50,200,220,8,110,0.02,1.15,550,2300,375,900,725,07:00,14:00,3400,1.0,true,6,0.2,700,70,false,4.0,20,false,0.1,3700
r11_00733,30,150,100,260,100,6,20,0.02,1.15,400,3000,125,2000,75,00:00,12:00,0,1.5,true,5,1.2,2100,100,false,3.0,60,false,0.05,0
r11_00734,40,100,260,140,220,4,50,0.02,1.0,775,2700,550,2100,300,03:00,15:00,0,3.0,true,7,100,3500,70,false,2.0,30,false,0.08,0
r11_00735,160,130,150,260,80,5,100,0.02,1.05,725,1900,400,800,275,08:00,15:00,0,0,true,0,0.2,2700,50,false,2.0,60,false,0.1,0
r11_00736,70,210,70,240,120,8,60,0.02,1.3,425,2700,325,1500,225,04:00,21:00,2700,2.0,true,0,100,3000,100,false,6.0,20,true,0.5,0
r11_00737,110,150,120,320,220,9,90,0.02,1.4,650,2900,125,1100,400,05:00,18:00,2100,0,true,15,0.5,2200,100,true,8.0,60,true,0.08,0
r11_00738,50,200,70,140,120,7,60,0.02,1.2,150,1500,475,800,325,07:00,17:00,1000,2.0,true,10,0.8,2300,20,true,8.0,60,false,0.1,0
r11_00739,70,170,110,160,280,4,60,0.02,1.2,350,300,150,2200,625,02:00,21:00,1300,0,true,3,1.2,0,10,true,4.0,45,true,0.05,800
r11_00740,80,210,140,320,220,5,40,0.02,1.0,150,2500,500,300,0,08:00,20:00,0,4.0,true,10,100,4000,10,false,4.0,20,true,10,2700
r11_00741,40,180,130,200,340,3,80,0.02,1.05,425,2900,375,2300,775,10:00,17:00,1100,3.0,true,3,0.3,3100,30,true,8.0,20,true,10,0
r11_00742,140,110,60,280,260,2,120,0.02,1.4,575,1300,150,600,775,10:00,21:00,800,2.0,true,0,1.2,3900,70,false,5.0,45,false,0.1,2300
r11_00743,100,220,60,220,100,8,30,0.02,1.5,500,1900,550,1200,500,07:00,21:00,0,2.0,true,0,0.5,3300,30,true,6.0,20,true,0.08,700
r11_00744,100,200,210,280,220,8,80,0.02,1.5,325,1800,375,1700,775,01:00,20:00,3200,3.0,true,4,0.2,0,50,true,5.0,30,true,10,0
r11_00745,150,110,230,320,180,3,120,0.02,1.2,525,1200,175,500,500,09:00,15:00,1000,1.0,true,5,2.0,3200,100,false,4.0,60,true,0.1,0
r11_00746,50,50,200,100,220,9,70,0.02,1.05,275,2000,100,800,625,09:00,21:00,0,1.0,true,6,100,0,100,true,2.0,30,false,10,4000
r11_00747,140,210,170,240,180,4,60,0.02,1.0,425,3000,475,2000,475,05:00,20:00,2300,2.5,true,3,100,2200,50,false,3.0,45,true,0.1,200
r11_00748,100,100,160,220,160,8,120,0.02,1.5,50,800,600,1700,325,09:00,19:00,0,3.0,true,0,0.8,1600,10,false,4.0,20,false,10,700
r11_00749,140,170,90,100,200,2,90,0.02,1.05,75,600,100,800,125,02:00,14:00,0,1.5,true,0,0.3,3300,70,false,3.0,20,true,0.1,0
r11_00750,30,200,190,160,80,2,60,0.02,1.15,350,1400,425,1800,500,09:00,16:00,700,2.0,true,0,0.5,0,10,true,4.0,60,true,0.1,3100
r11_00751,130,120,190,180,100,7,50,0.02,1.2,725,300,175,1600,400,03:00,13:00,2900,3.0,true,15,1.2,0,100,false,6.0,60,true,10,0
r11_00752,40,50,100,80,340,5,50,0.02,1.4,325,300,475,400,400,00:00,14:00,0,4.0,true,10,0.5,0,30,false,3.0,60,false,10,3800
r11_00753,60,110,140,280,140,4,20,0.02,1.3,425,200,450,1000,400,01:00,19:00,0,3.0,true,7,0.5,2600,50,true,3.0,20,false,0.08,0
r11_00754,90,180,110,220,100,4,60,0.02,1.4,750,1000,475,400,475,01:00,15:00,0,1.0,true,12,0.3,0,70,false,6.0,60,true,0.1,0
r11_00755,50,130,140,180,80,10,120,0.02,1.05,250,500,275,1600,200,00:00,13:00,3900,1.5,true,3,100,2500,10,true,3.0,30,false,0.5,0
r11_00756,120,70,70,160,340,8,20,0.02,1.0,425,2500,375,1800,400,01:00,18:00,1400,0,true,10,1.2,3200,50,false,5.0,45,true,0.08,2200
r11_00757,50,130,260,120,260,8,80,0.02,1.0,175,1800,325,2100,425,04:00,17:00,600,3.0,true,12,0.5,3400,10,false,4.0,10,true,0.1,2300
r11_00758,140,60,90,120,100,9,70,0.02,1.2,625,3000,500,2800,500,10:00,16:00,0,3.0,true,6,0.2,1600,30,true,4.0,20,true,10,0
r11_00759,160,50,150,140,240,4,20,0.02,1.0,350,1600,225,1000,700,05:00,15:00,2500,2.0,true,6,2.0,0,30,false,8.0,45,false,0.5,0
r11_00760,130,160,190,180,100,8,60,0.02,1.05,150,1300,475,1700,0,01:00,12:00,0,0,true,15,0.2,0,50,true,2.0,30,false,10,0
r11_00761,140,200,260,260,200,9,30,0.02,1.4,625,600,300,2000,750,10:00,19:00,400,0,true,5,0.8,0,70,true,5.0,10,false,0.5,900
r11_00762,100,110,230,120,200,6,120,0.02,1.3,275,1100,325,3000,0,00:00,16:00,800,0,true,5,0.2,3000,100,true,4.0,20,false,0.08,1600
r11_00763,160,180,130,120,260,6,110,0.02,1.5,250,400,550,2200,475,00:00,12:00,0,3.0,true,3,0.5,0,30,false,4.0,20,false,0.5,0
r11_00764,160,100,50,100,120,2,30,0.02,1.2,775,700,400,900,75,07:00,14:00,0,0,true,10,2.0,3000,70,true,2.0,10,false,0.08,0
r11_00765,130,100,120,320,200,10,60,0.02,1.0,100,1400,425,700,150,09:00,16:00,1100,1.0,true,0,100,1500,100,true,5.0,45,true,0.08,800
r11_00766,140,130,150,260,220,6,110,0.02,1.0,650,2700,450,1500,0,00:00,18:00,2100,1.0,true,5,100,600,70,false,6.0,20,false,10,3900
r11_00767,40,170,180,260,220,8,50,0.02,1.05,250,1900,225,700,425,09:00,18:00,3900,1.0,true,5,1.2,3900,70,true,8.0,10,true,0.08,3100
r11_00768,30,60,160,180,160,4,110,0.02,1.3,175,900,325,1700,0,05:00,15:00,0,0,true,4,1.2,0,100,true,6.0,30,false,0.1,0
r11_00769,120,140,170,320,280,3,30,0.02,1.5,475,900,375,2300,625,08:00,18:00,0,0,true,12,0.5,3000,100,false,4.0,20,true,0.05,1300
r11_00770,100,140,60,320,300,5,20,0.02,1.0,100,800,300,1000,525,07:00,13:00,0,4.0,true,10,1.2,2900,70,true,5.0,60,false,0.1,500
r11_00771,30,150,190,160,320,6,60,0.02,1.15,525,2700,525,1600,0,05:00,16:00,3500,0,true,0,0.8,3200,50,false,3.0,20,true,10,0
r11_00772,130,120,100,240,300,10,100,0.02,1.5,550,2400,400,2000,0,02:00,21:00,1200,4.0,true,4,2.0,800,20,true,6.0,45,false,10,0
r11_00773,130,200,120,260,160,2,100,0.02,1.0,775,2900,175,1500,175,00:00,21:00,0,1.5,true,12,0.5,0,50,false,2.0,20,true,0.5,3200
r11_00774,150,190,90,300,300,2,30,0.02,1.2,750,1400,250,1200,575,07:00,20:00,2800,0,true,3,0.2,0,100,false,2.0,30,true,0.08,3100
r11_00775,110,200,120,140,160,5,50,0.02,1.3,275,1500,450,2500,0,00:00,15:00,0,3.0,true,12,0.5,0,50,false,5.0,10,false,0.1,0
r11_00776,40,140,120,180,280,8,110,0.02,1.2,75,2000,475,2700,0,05:00,13:00,0,0,true,6,1.2,3900,70,true,8.0,20,false,0.08,0
r11_00777,50,180,50,260,140,7,90,0.02,1.2,325,1400,150,2200,150,05:00,20:00,3300,3.0,true,5,0.5,0,100,false,5.0,10,false,0.05,0
r11_00778,150,220,170,300,300,3,50,0.02,1.15,675,600,525,600,0,01:00,17:00,0,2.5,true,12,0.2,0,30,false,2.0,30,true,0.1,2300
r11_00779,70,120,140,140,180,9,120,0.02,1.15,125,1900,125,300,275,01:00,13:00,300,3.0,true,3,0.5,800,10,false,2.0,10,true,10,0
r11_00780,70,90,120,180,100,7,60,0.02,1.3,150,2500,50,2100,0,10:00,18:00,2400,1.5,true,15,100,0,50,false,5.0,20,false,0.5,0
r11_00781,110,160,110,320,200,2,60,0.02,1.15,275,1600,75,1300,50,08:00,15:00,0,3.0,true,8,0.3,0,100,false,4.0,30,true,0.08,3800
r11_00782,160,190,210,100,280,3,20,0.02,1.4,350,2000,450,800,150,07:00,19:00,0,1.0,true,15,0.2,600,20,true,8.0,10,false,0.08,0
r11_00783,80,180,200,100,140,4,30,0.02,1.3,500,300,300,600,400,03:00,19:00,1000,3.0,true,5,0.2,500,100,true,5.0,60,true,10,0
r11_00784,150,130,250,320,360,5,40,0.02,1.1,175,2300,125,700,275,06:00,17:00,0,4.0,true,3,0.3,1200,70,false,4.0,20,true,10,0
r11_00785,120,100,80,120,200,3,40,0.02,1.05,550,2200,325,600,250,09:00,17:00,3900,1.5,true,8,1.2,1700,100,false,3.0,30,false,0.05,0
r11_00786,40,130,50,200,300,10,50,0.02,1.05,750,300,250,2000,775,02:00,15:00,0,3.0,true,4,0.3,0,10,false,8.0,20,false,0.05,0
r11_00787,130,60,170,220,140,4,20,0.02,1.15,350,1500,300,1300,500,06:00,12:00,0,0,true,0,0.5,2900,100,false,8.0,45,true,0.5,2300
r11_00788,80,170,230,260,100,3,80,0.02,1.0,300,500,125,600,775,09:00,15:00,500,0,true,12,0.2,0,50,true,2.0,45,true,0.5,2700
r11_00789,140,210,220,200,220,5,80,0.02,1.05,275,400,375,2700,750,02:00,18:00,1000,0,true,0,0.3,500,30,false,6.0,20,false,0.05,3600
r11_00790,120,140,170,320,360,10,70,0.02,1.2,475,500,50,2100,475,09:00,14:00,900,1.0,true,8,0.5,0,70,true,5.0,60,true,10,0
r11_00791,80,60,230,140,80,5,20,0.02,1.0,625,800,350,3000,400,04:00,13:00,0,0,true,4,0.2,2500,50,false,4.0,20,false,0.08,1700
r11_00792,140,90,180,300,80,4,20,0.02,1.4,50,1800,600,700,600,05:00,16:00,2700,1.5,true,15,100,2000,100,false,5.0,45,true,0.1,700
r11_00793,30,190,260,240,120,5,70,0.02,1.4,700,2500,175,400,225,01:00,15:00,0,4.0,true,0,0.3,3500,30,true,2.0,60,true,0.08,0
r11_00794,110,60,160,140,140,6,70,0.02,1.2,325,2700,425,1600,750,02:00,12:00,0,1.0,true,4,100,0,20,true,8.0,20,false,0.05,0
r11_00795,60,100,170,220,120,2,110,0.02,1.3,425,2500,300,500,725,08:00,18:00,3100,1.5,true,5,1.2,0,70,false,6.0,30,true,10,1300
r11_00796,50,140,220,220,140,10,50,0.02,1.4,275,1700,300,2900,300,01:00,16:00,0,4.0,true,4,0.3,2600,100,true,6.0,10,false,10,0
r11_00797,90,150,110,260,140,8,100,0.02,1.4,775,2600,400,2400,75,02:00,13:00,3100,0,true,12,2.0,3000,70,false,8.0,10,false,0.08,0
r11_00798,50,160,190,260,200,5,70,0.02,1.5,225,1900,350,2200,0,04:00,19:00,400,4.0,true,15,2.0,2900,10,true,8.0,10,false,0.2,0
r11_00799,50,210,130,180,180,10,120,0.02,1.5,575,300,600,2900,700,10:00,20:00,0,3.0,true,15,100,300,30,false,3.0,60,false,0.5,300
r11_00800,100,110,180,100,300,10,80,0.02,1.15,200,200,300,2200,350,07:00,18:00,2500,4.0,true,3,0.8,0,30,true,4.0,20,false,10,0
r11_00801,130,90,220,240,100,2,30,0.02,1.5,600,2400,525,2000,50,05:00,19:00,400,2.5,true,7,0.3,1200,30,true,6.0,60,true,0.08,0
r11_00802,120,70,220,80,180,2,90,0.02,1.4,450,1100,225,2400,0,04:00,20:00,0,6.0,true,5,100,0,30,true,3.0,60,false,0.1,1900
r11_00803,30,110,190,220,320,7,90,0.02,1.0,500,500,450,1800,500,10:00,17:00,2300,3.0,true,8,0.5,1700,30,false,8.0,20,true,0.2,0
r11_00804,40,50,190,200,160,2,20,0.02,1.2,500,2300,450,2200,0,10:00,14:00,0,1.0,true,6,100,0,30,false,3.0,20,false,0.2,0
r11_00805,30,190,170,320,200,5,20,0.02,1.05,775,1600,475,2200,800,08:00,21:00,3800,2.0,true,8,100,0,50,false,5.0,20,true,0.1,2300
r11_00806,30,220,160,320,220,7,120,0.02,1.4,550,2900,125,1300,650,08:00,18:00,0,6.0,true,15,0.2,0,20,true,3.0,20,true,0.05,3200
r11_00807,70,220,200,200,260,2,100,0.02,1.0,775,700,275,1100,475,06:00,14:00,600,0,true,0,0.2,3000,70,true,3.0,45,false,0.05,0
r11_00808,100,120,90,300,340,10,120,0.02,1.05,800,2800,325,2100,775,02:00,15:00,0,2.5,true,0,0.3,0,20,false,4.0,10,false,10,2800
r11_00809,40,170,210,260,120,6,70,0.02,1.2,775,1100,450,500,175,03:00,12:00,900,1.0,true,0,100,4000,100,true,4.0,30,false,0.08,0
r11_00810,40,130,220,140,300,5,60,0.02,1.2,750,1800,425,300,375,03:00,16:00,1100,4.0,true,6,2.0,0,10,false,4.0,20,false,10,0
r11_00811,50,130,130,100,340,6,120,0.02,1.05,400,1300,375,900,525,05:00,16:00,0,0,true,10,0.3,0,70,true,6.0,60,true,0.2,0
r11_00812,50,130,80,240,280,4,120,0.02,1.5,400,2400,400,1200,725,10:00,21:00,800,6.0,true,12,0.5,1600,100,false,2.0,45,false,0.5,0
r11_00813,70,140,140,140,160,5,120,0.02,1.2,775,1000,350,600,500,09:00,13:00,2100,4.0,true,0,0.2,3500,70,false,4.0,45,true,0.08,3400
r11_00814,80,210,210,180,280,9,20,0.02,1.3,700,1900,375,400,50,06:00,14:00,1800,0,true,15,0.8,3400,50,true,4.0,20,true,0.05,1100
r11_00815,100,70,240,140,260,4,120,0.02,1.4,175,200,375,1100,475,05:00,19:00,3100,2.5,true,15,0.3,0,10,true,6.0,60,true,10,0
r11_00816,50,60,200,160,140,9,120,0.02,1.05,200,900,400,400,0,04:00,15:00,2400,2.5,true,8,0.5,1500,50,false,4.0,20,false,0.05,0
r11_00817,30,180,70,300,340,6,60,0.02,1.2,75,1000,75,300,175,04:00,14:00,500,2.0,true,10,0.2,2200,100,true,8.0,30,false,0.05,0
r11_00818,140,110,210,240,260,2,90,0.02,1.0,275,800,325,2100,575,05:00,21:00,1100,3.0,true,3,100,0,70,false,4.0,45,false,0.1,2800
r11_00819,50,170,100,220,200,10,100,0.02,1.4,700,2500,575,2400,175,09:00,16:00,0,0,true,6,2.0,0,10,true,3.0,45,true,0.08,800
r11_00820,120,130,260,180,260,3,50,0.02,1.1,350,1100,350,1100,50,06:00,19:00,0,2.0,true,5,1.2,2400,30,false,5.0,30,false,10,4000
r11_00821,40,80,50,260,360,5,80,0.02,1.1,700,2000,500,1300,525,09:00,17:00,2700,0,true,7,0.3,2900,10,true,2.0,60,false,10,0
r11_00822,130,170,180,260,300,5,70,0.02,1.3,525,2700,450,900,800,09:00,18:00,3000,0,true,3,0.3,2300,20,true,2.0,20,true,0.1,2400
r11_00823,120,170,160,280,180,8,120,0.02,1.15,625,2700,175,2800,0,00:00,18:00,3800,2.5,true,3,0.2,1700,100,true,4.0,60,true,0.5,1700
r11_00824,30,170,140,140,160,4,100,0.02,1.5,350,1500,100,1100,550,02:00,13:00,0,1.0,true,3,1.2,400,50,false,4.0,20,true,0.08,0
r11_00825,50,210,140,100,220,10,50,0.02,1.4,550,1200,475,2700,650,10:00,18:00,300,2.0,true,6,0.3,2900,100,false,8.0,30,true,0.5,0
r11_00826,50,200,140,120,280,3,20,0.02,1.5,775,300,575,1900,0,00:00,15:00,0,1.0,true,0,0.3,0,100,false,3.0,30,false,0.08,1000
r11_00827,100,120,80,300,100,6,100,0.02,1.3,400,1600,425,1100,700,05:00,16:00,3700,3.0,true,3,0.3,2200,20,true,6.0,60,false,0.1,0
r11_00828,60,90,260,260,340,7,80,0.02,1.05,275,2000,425,2300,400,03:00,17:00,3100,0,true,3,0.5,3300,70,false,6.0,10,false,0.5,3800
r11_00829,160,90,240,120,160,2,40,0.02,1.05,300,1000,275,1800,0,08:00,18:00,3600,1.5,true,8,0.3,0,30,false,6.0,60,false,0.1,0
r11_00830,150,160,170,120,320,3,30,0.02,1.3,375,1300,325,500,425,10:00,13:00,1500,4.0,true,3,0.2,900,20,false,8.0,60,false,0.05,0
r11_00831,100,90,210,140,240,2,50,0.02,1.05,550,200,425,1000,325,02:00,16:00,2100,4.0,true,6,0.3,800,70,true,6.0,10,false,0.05,0
r11_00832,50,140,190,280,300,5,20,0.02,1.5,750,2000,325,2100,425,07:00,21:00,0,2.0,true,0,0.2,0,100,true,4.0,60,false,10,0
r11_00833,90,190,90,160,140,9,70,0.02,1.5,800,600,200,1000,750,01:00,15:00,0,0,true,10,0.3,0,70,true,3.0,20,true,0.2,900
r11_00834,160,220,230,200,280,9,60,0.02,1.1,100,500,500,1600,250,04:00,12:00,600,0,true,12,0.2,0,100,false,8.0,20,true,10,0
r11_00835,100,170,110,200,340,4,60,0.02,1.0,550,1000,150,1900,175,02:00,21:00,0,3.0,true,7,1.2,0,50,true,4.0,30,false,10,0
r11_00836,80,220,70,80,260,8,50,0.02,1.05,275,300,325,1200,300,03:00,19:00,500,1.0,true,8,1.2,0,70,true,3.0,20,false,0.5,0
r11_00837,130,170,220,240,320,5,60,0.02,1.15,500,400,75,700,475,08:00,12:00,0,3.0,true,15,0.5,2600,10,false,2.0,20,false,0.2,0
r11_00838,90,210,180,120,240,3,30,0.02,1.5,550,2600,125,1200,525,01:00,13:00,0,1.0,true,3,0.5,3600,100,true,8.0,20,false,0.08,2300
r11_00839,80,170,100,80,320,10,90,0.02,1.0,150,1100,550,2100,0,04:00,14:00,2100,4.0,true,0,100,1100,100,true,4.0,60,false,0.2,1000
r11_00840,70,80,250,140,300,3,70,0.02,1.05,175,700,150,2900,700,07:00,17:00,0,2.0,true,6,0.3,0,20,false,3.0,20,true,0.2,0
r11_00841,60,80,50,300,280,4,80,0.02,1.2,275,1000,375,2700,200,07:00,18:00,0,0,true,10,0.5,2000,10,true,3.0,10,true,0.1,0
r11_00842,120,180,60,120,360,10,20,0.02,1.05,300,600,500,2100,500,06:00,17:00,3900,2.5,true,6,100,1700,30,true,3.0,45,false,0.05,0
r11_00843,50,70,260,140,220,9,100,0.02,1.05,325,1800,125,800,200,09:00,14:00,3400,1.0,true,8,1.2,3800,50,true,4.0,20,true,0.5,2400
r11_00844,160,110,250,280,180,10,100,0.02,1.5,725,1500,150,1500,225,08:00,19:00,0,2.0,true,12,0.8,3600,30,false,2.0,45,false,0.08,0
r11_00845,60,100,130,280,200,3,100,0.02,1.4,425,2500,400,2500,675,07:00,19:00,0,0,true,7,2.0,0,30,false,2.0,20,true,0.1,0
r11_00846,30,60,180,100,240,8,50,0.02,1.3,750,1700,150,2500,800,00:00,15:00,2900,2.5,true,0,0.3,2700,20,false,6.0,60,true,0.08,0
r11_00847,50,130,170,80,120,7,70,0.02,1.2,625,2400,250,2700,0,07:00,14:00,3100,6.0,true,10,100,0,50,true,2.0,10,true,0.2,0
r11_00848,40,110,180,200,200,7,120,0.02,1.0,500,1800,575,1500,350,02:00,18:00,0,6.0,true,12,0.3,0,70,false,5.0,20,true,0.05,300
r11_00849,60,200,210,200,240,6,70,0.02,1.5,200,600,350,2000,325,04:00,21:00,0,2.5,true,3,0.3,700,20,false,3.0,60,false,0.2,0
r11_00850,80,60,60,280,300,2,30,0.02,1.0,325,2200,225,1800,0,06:00,21:00,800,0,true,0,0.5,0,20,true,6.0,20,true,0.1,2400
r11_00851,80,60,100,300,360,10,80,0.02,1.0,225,900,525,1300,250,10:00,14:00,0,2.5,true,0,100,3000,100,false,4.0,60,false,0.05,2300
r11_00852,60,90,190,240,300,6,20,0.02,1.5,275,2600,475,1800,200,04:00,19:00,2700,2.5,true,15,0.8,2900,100,false,6.0,60,false,0.5,0
r11_00853,150,160,230,160,200,7,120,0.02,1.3,600,2900,175,700,200,01:00,19:00,0,4.0,true,5,0.2,0,10,false,4.0,20,true,10,0
r11_00854,80,120,230,160,80,8,120,0.02,1.0,650,1500,425,1200,100,04:00,19:00,0,1.0,true,0,1.2,0,30,true,4.0,30,false,10,0
r11_00855,130,110,120,260,100,9,60,0.02,1.5,725,2500,200,2000,450,06:00,17:00,3400,0,true,12,1.2,3500,10,true,6.0,45,true,0.08,0
r11_00856,70,170,220,300,240,4,100,0.02,1.5,800,2700,300,1800,625,08:00,16:00,0,2.0,true,0,0.2,0,20,true,5.0,10,true,0.08,900
r11_00857,140,190,100,120,140,6,100,0.02,1.3,100,1100,350,900,450,05:00,14:00,0,6.0,true,0,100,1400,70,true,8.0,45,true,0.08,1500
r11_00858,50,70,70,240,220,4,110,0.02,1.5,750,1200,50,3000,325,07:00,14:00,1800,2.0,true,7,0.5,0,100,true,8.0,30,true,0.2,0
r11_00859,90,70,60,180,240,2,90,0.02,1.05,300,1700,525,1000,350,05:00,13:00,0,4.0,true,15,0.2,600,20,true,4.0,60,false,0.5,0
r11_00860,150,90,200,180,320,2,120,0.02,1.2,350,2900,550,2400,0,06:00,21:00,0,0,true,5,0.5,700,70,true,2.0,60,true,0.2,3500
r11_00861,130,110,150,280,360,6,50,0.02,1.3,800,1700,250,2800,50,08:00,17:00,0,4.0,true,5,0.5,0,50,true,4.0,60,false,0.08,0
r11_00862,70,170,240,300,360,7,50,0.02,1.5,425,700,600,2800,775,08:00,21:00,1400,2.5,true,0,0.5,0,30,false,6.0,10,true,0.08,0
r11_00863,140,160,130,160,340,7,50,0.02,1.5,75,500,250,300,175,06:00,20:00,3100,2.5,true,15,0.3,1100,100,false,2.0,20,true,0.2,800
r11_00864,50,210,150,200,340,9,30,0.02,1.5,325,1500,350,3000,500,09:00,17:00,0,3.0,true,12,100,0,70,true,6.0,45,false,10,1700
r11_00865,110,60,250,140,120,9,60,0.02,1.5,400,2400,475,600,275,01:00,13:00,900,1.0,true,5,1.2,0,100,true,4.0,60,false,10,3300
r11_00866,80,160,50,120,340,2,90,0.02,1.2,400,2300,75,1000,50,01:00,17:00,1600,6.0,true,10,0.3,0,100,false,2.0,10,false,0.2,0
r11_00867,130,160,60,160,100,10,50,0.02,1.2,175,2600,475,2100,800,03:00,12:00,1400,0,true,10,2.0,0,70,false,8.0,30,false,0.1,0
r11_00868,80,70,210,140,180,6,120,0.02,1.1,450,300,300,3000,800,02:00,14:00,0,2.0,true,5,0.2,1600,30,true,3.0,60,false,0.2,0
r11_00869,100,110,170,120,320,10,50,0.02,1.3,50,1600,275,2100,125,08:00,20:00,3500,6.0,true,0,0.3,1400,30,false,2.0,60,false,0.2,0
r11_00870,90,210,130,260,160,7,40,0.02,1.15,175,2300,375,800,750,00:00,18:00,2800,1.5,true,3,0.3,300,100,false,4.0,10,false,0.2,600
r11_00871,30,190,170,160,240,9,90,0.02,1.4,650,3000,150,700,700,00:00,18:00,3300,6.0,true,7,100,0,70,true,5.0,60,true,0.1,2900
r11_00872,140,90,90,140,220,2,50,0.02,1.4,125,700,550,2300,325,08:00,19:00,3900,2.0,true,12,100,2000,50,true,3.0,10,true,0.2,200
r11_00873,80,110,160,200,80,10,80,0.02,1.05,225,500,300,1400,575,10:00,15:00,3400,0,true,0,100,0,20,true,8.0,10,true,10,0
r11_00874,50,190,100,80,360,5,30,0.02,1.5,650,900,125,1000,650,06:00,12:00,3800,6.0,true,3,100,2800,20,true,8.0,60,true,10,3400
r11_00875,80,140,100,300,140,7,60,0.02,1.0,650,2600,75,2600,0,08:00,13:00,0,1.0,true,15,1.2,0,30,false,6.0,30,false,10,3000
r11_00876,130,110,190,180,200,7,80,0.02,1.1,775,800,50,2700,250,01:00,19:00,2900,0,true,0,100,900,100,false,6.0,10,false,10,0
r11_00877,130,210,170,120,160,5,40,0.02,1.1,725,2200,275,1500,525,07:00,13:00,2700,2.5,true,4,100,0,30,false,5.0,20,false,0.5,0
r11_00878,130,130,50,180,260,4,100,0.02,1.3,100,2700,600,2700,200,10:00,12:00,0,1.5,true,5,2.0,3900,30,false,2.0,30,true,10,0
r11_00879,120,120,220,320,100,5,120,0.02,1.4,625,900,75,2200,675,07:00,13:00,0,2.5,true,4,0.8,700,50,false,3.0,30,true,0.1,2900
r11_00880,150,180,190,260,280,3,60,0.02,1.3,125,1100,200,2800,0,10:00,21:00,0,6.0,true,6,100,0,100,true,5.0,30,true,0.5,200
r11_00881,130,120,60,160,340,8,20,0.02,1.3,325,1600,600,1900,650,03:00,17:00,900,1.0,true,8,0.5,0,10,true,3.0,45,false,0.5,0
r11_00882,150,130,240,160,120,8,90,0.02,1.1,675,1200,50,900,375,05:00,13:00,800,3.0,true,12,0.5,0,50,true,5.0,20,true,0.05,0
r11_00883,50,190,200,120,80,4,30,0.02,1.15,700,2400,525,1800,650,07:00,21:00,2700,0,true,6,0.5,3600,20,true,5.0,45,false,10,1700
r11_00884,130,50,250,240,160,8,80,0.02,1.4,175,1000,575,700,0,05:00,17:00,3100,1.5,true,12,0.5,3100,20,false,8.0,30,true,10,300
r11_00885,30,150,70,260,360,9,80,0.02,1.05,75,2800,375,600,475,07:00,17:00,0,2.5,true,8,2.0,3300,100,true,8.0,60,true,10,0
r11_00886,90,150,70,200,300,4,20,0.02,1.0,575,2700,125,1900,475,05:00,18:00,1200,1.0,true,6,0.8,3600,10,false,4.0,30,false,0.05,2000
r11_00887,130,100,120,260,340,7,60,0.02,1.3,800,900,175,2300,50,08:00,14:00,0,1.5,true,0,2.0,300,100,false,4.0,60,true,0.05,0
r11_00888,160,150,70,180,180,5,110,0.02,1.0,400,300,600,800,200,05:00,17:00,0,3.0,true,10,0.2,0,50,false,8.0,45,false,0.2,0
r11_00889,120,180,170,160,120,10,60,0.02,1.15,250,1600,125,2500,250,02:00,13:00,2700,2.5,true,0,100,2900,100,false,3.0,10,false,0.1,1600
r11_00890,40,160,190,180,120,7,120,0.02,1.2,325,900,425,2500,0,03:00,21:00,3300,2.5,true,3,100,0,50,false,8.0,10,true,10,0
r11_00891,120,120,160,240,200,3,50,0.02,1.05,250,1300,575,500,700,07:00,17:00,500,1.5,true,0,0.3,3700,70,false,5.0,10,true,10,3500
r11_00892,30,80,110,140,360,6,110,0.02,1.05,750,3000,350,2300,425,01:00,17:00,1700,2.5,true,7,0.8,0,70,false,3.0,20,false,0.05,3400
r11_00893,90,200,160,140,240,3,100,0.02,1.0,600,2600,275,2000,50,00:00,12:00,300,2.0,true,8,0.2,2000,50,false,6.0,30,true,0.05,0
r11_00894,40,80,230,220,320,5,50,0.02,1.4,575,2200,350,1300,500,06:00,19:00,0,1.0,true,15,0.5,300,50,false,5.0,10,false,0.5,4000
r11_00895,60,80,160,300,240,7,90,0.02,1.2,675,1800,450,1300,125,09:00,16:00,1400,2.5,true,15,100,900,50,true,2.0,20,false,0.2,0
r11_00896,30,130,240,100,280,8,50,0.02,1.2,550,200,450,500,300,08:00,18:00,3700,1.0,true,8,100,1000,30,true,8.0,60,false,0.2,0
r11_00897,120,100,70,100,360,7,40,0.02,1.1,250,2800,300,800,550,10:00,12:00,2500,2.5,true,8,0.2,0,70,true,3.0,20,true,10,0
r11_00898,100,120,100,120,320,7,110,0.02,1.2,600,400,350,1300,700,03:00,13:00,3800,1.0,true,8,0.5,0,100,true,4.0,10,true,0.05,1900
r11_00899,30,120,100,280,320,9,70,0.02,1.1,225,300,50,2400,675,08:00,19:00,1800,0,true,8,0.8,3000,10,true,6.0,30,true,0.5,700
r11_00900,150,200,100,120,280,5,100,0.02,1.05,625,2800,450,1500,475,10:00,21:00,3200,1.0,true,12,0.2,0,30,false,5.0,10,false,10,3100
r11_00901,100,60,220,160,120,4,40,0.02,1.15,350,500,425,1900,0,10:00,12:00,1500,2.0,true,0,0.8,2400,20,true,5.0,20,false,0.5,3800
r11_00902,80,210,220,280,200,2,90,0.02,1.2,525,3000,575,2900,0,09:00,16:00,1400,6.0,true,3,0.2,1200,30,false,2.0,30,false,10,1000
r11_00903,120,220,100,160,240,6,80,0.02,1.1,800,900,525,2000,400,01:00,15:00,0,6.0,true,10,0.8,1400,50,true,5.0,20,false,10,3100
r11_00904,90,80,70,220,320,3,120,0.02,1.05,800,2000,100,300,100,10:00,17:00,1900,0,true,12,100,300,100,true,6.0,60,true,0.05,0
r11_00905,30,180,130,300,360,7,30,0.02,1.1,575,900,500,1200,400,10:00,19:00,0,4.0,true,3,1.2,3200,100,true,6.0,45,false,0.2,0
r11_00906,60,90,160,180,360,2,40,0.02,1.2,125,2400,150,1000,0,06:00,18:00,1300,0,true,0,0.3,1100,70,true,3.0,30,false,0.05,0
r11_00907,150,140,150,180,140,3,110,0.02,1.5,650,2800,325,1400,800,01:00,14:00,0,0,true,4,0.8,3300,20,true,5.0,45,true,10,1400
r11_00908,80,180,260,200,80,9,100,0.02,1.0,125,700,375,2300,350,10:00,19:00,0,1.0,true,0,100,0,50,false,4.0,20,true,0.2,0
r11_00909,30,70,120,320,120,6,70,0.02,1.5,775,3000,525,1600,275,04:00,17:00,0,3.0,true,15,2.0,2800,100,true,2.0,20,true,0.05,0
r11_00910,90,180,260,260,200,9,20,0.02,1.4,625,1500,325,2900,225,10:00,15:00,700,6.0,true,12,0.3,1600,70,true,3.0,10,false,0.08,500
r11_00911,150,160,200,200,120,4,40,0.02,1.15,525,2100,275,2000,775,07:00,14:00,2900,0,true,0,0.2,1800,30,true,3.0,45,false,0.05,0
r11_00912,120,200,100,160,100,2,60,0.02,1.5,225,700,375,1900,550,02:00,21:00,1200,3.0,true,4,0.3,700,30,false,5.0,60,true,0.1,900
r11_00913,90,90,80,160,340,9,60,0.02,1.05,325,2700,450,1200,0,04:00,14:00,0,2.0,true,6,0.3,0,100,true,2.0,45,true,0.5,2300
r11_00914,40,200,240,280,280,3,70,0.02,1.05,700,2200,200,2700,125,02:00,20:00,2700,2.5,true,0,2.0,0,20,true,4.0,20,true,0.05,0
r11_00915,120,170,90,280,80,8,120,0.02,1.5,200,1900,175,2900,525,07:00,21:00,900,4.0,true,15,100,3500,100,false,3.0,30,true,10,2700
r11_00916,140,120,130,260,300,10,80,0.02,1.0,700,400,575,2600,100,06:00,19:00,0,0,true,0,0.2,1800,30,false,3.0,10,false,0.5,0
r11_00917,110,140,160,280,80,4,100,0.02,1.3,625,2800,600,2500,425,03:00,15:00,1500,1.0,true,15,1.2,3800,50,true,5.0,20,false,0.05,0
r11_00918,90,50,230,200,340,4,40,0.02,1.3,250,2600,400,1000,0,01:00,18:00,3900,3.0,true,10,100,3600,50,false,6.0,30,true,0.05,0
r11_00919,100,160,160,280,220,10,60,0.02,1.3,50,1000,425,400,50,01:00,14:00,1100,3.0,true,3,0.5,2100,30,false,3.0,10,true,10,0
r11_00920,30,80,240,140,260,9,110,0.02,1.15,75,2500,450,2300,325,09:00,18:00,0,6.0,true,6,0.8,0,30,true,6.0,20,true,0.1,1100
r11_00921,160,100,240,320,220,3,50,0.02,1.2,425,2600,450,2000,500,01:00,14:00,400,0,true,4,0.5,0,20,true,4.0,30,true,0.08,700
r11_00922,130,110,60,100,340,10,50,0.02,1.5,250,2800,275,1000,550,09:00,18:00,1300,0,true,0,0.2,900,10,false,2.0,45,true,0.05,0
r11_00923,40,120,180,260,320,6,90,0.02,1.2,425,1800,575,1800,350,05:00,19:00,0,2.0,true,12,100,0,70,true,3.0,10,false,0.1,0
r11_00924,60,50,140,160,340,4,90,0.02,1.05,625,2200,525,500,350,06:00,13:00,0,2.0,true,0,0.5,1300,100,true,4.0,45,false,10,0
r11_00925,80,200,150,120,140,5,20,0.02,1.05,775,1900,400,2100,0,02:00,18:00,0,6.0,true,12,0.3,0,30,false,6.0,60,false,0.08,0
r11_00926,90,70,150,200,200,2,110,0.02,1.5,100,1100,600,2000,600,09:00,16:00,1000,0,true,7,0.3,1400,70,true,4.0,45,false,0.2,0
r11_00927,140,150,130,280,300,3,50,0.02,1.2,175,2700,350,1000,725,10:00,14:00,1900,1.5,true,7,100,0,30,false,5.0,10,false,0.2,2100
r11_00928,130,50,120,100,200,6,30,0.02,1.15,200,3000,200,1400,725,01:00,19:00,3100,0,true,8,100,300,30,true,4.0,60,true,0.2,0
r11_00929,40,60,160,160,120,3,30,0.02,1.05,450,300,225,1600,0,07:00,12:00,3500,6.0,true,0,0.8,1200,100,false,4.0,45,false,0.5,3200
r11_00930,150,150,120,180,100,7,60,0.02,1.3,675,2500,350,2100,525,04:00,19:00,0,2.0,true,7,100,0,100,false,2.0,30,true,10,0
r11_00931,130,110,90,240,260,3,110,0.02,1.05,425,1000,300,2100,350,03:00,21:00,2500,6.0,true,8,0.3,2800,70,true,8.0,30,false,0.08,0
r11_00932,70,140,230,140,180,4,120,0.02,1.5,600,1600,525,1200,775,04:00,19:00,3900,6.0,true,10,1.2,0,20,true,8.0,20,false,0.5,0
r11_00933,50,210,110,240,220,4,60,0.02,1.4,575,2200,75,2900,350,07:00,20:00,3700,4.0,true,10,0.2,900,70,false,5.0,20,true,0.1,0
r11_00934,130,120,200,120,140,8,40,0.02,1.5,475,400,500,2700,600,01:00,18:00,1900,1.5,true,4,1.2,2400,10,true,4.0,30,true,0.05,1400
r11_00935,160,80,250,280,140,6,90,0.02,1.05,200,1600,175,1300,625,09:00,17:00,2900,6.0,true,6,0.3,0,100,false,2.0,45,true,10,2800
r11_00936,30,150,60,200,160,2,50,0.02,1.4,200,1000,225,1000,200,08:00,19:00,0,1.5,true,6,1.2,600,70,true,8.0,45,false,0.2,0
r11_00937,80,100,240,260,180,8,100,0.02,1.05,600,1400,150,2400,175,07:00,13:00,500,1.0,true,0,0.2,3800,30,true,4.0,30,true,0.08,0
r11_00938,30,150,80,180,180,10,30,0.02,1.1,125,2000,475,1900,150,00:00,20:00,0,0,true,10,0.2,400,10,false,4.0,45,true,0.05,0
r11_00939,100,80,260,120,340,4,70,0.02,1.1,275,1900,550,1800,500,08:00,20:00,0,2.0,true,15,0.3,0,100,false,2.0,20,true,0.2,0
r11_00940,150,120,170,160,260,9,30,0.02,1.3,550,300,275,400,550,00:00,15:00,1000,3.0,true,10,100,500,10,true,3.0,20,true,0.05,1800
r11_00941,160,150,160,180,180,8,30,0.02,1.15,350,1600,300,1000,175,01:00,17:00,3700,6.0,true,6,2.0,3900,50,true,8.0,60,false,0.08,0
r11_00942,40,60,240,160,140,3,30,0.02,1.5,150,1300,525,2000,775,05:00,19:00,3600,3.0,true,0,0.8,0,70,false,3.0,30,false,0.08,2200
r11_00943,130,70,170,140,320,6,80,0.02,1.2,75,2000,325,2700,725,10:00,19:00,300,0,true,10,100,1300,70,true,8.0,60,false,0.5,3000
r11_00944,60,190,100,240,320,6,50,0.02,1.0,100,300,600,300,125,02:00,16:00,0,2.0,true,0,0.2,300,20,false,2.0,20,true,0.08,1700
r11_00945,60,110,90,140,140,7,60,0.02,1.2,325,1500,325,2800,0,05:00,12:00,0,0,true,8,100,2600,100,false,3.0,20,false,10,0
r11_00946,90,150,220,280,160,8,40,0.02,1.4,575,1100,50,2400,0,02:00,12:00,1500,6.0,true,4,0.2,0,70,false,8.0,60,true,10,0
r11_00947,120,110,100,160,80,9,30,0.02,1.3,200,3000,275,2600,0,06:00,21:00,0,4.0,true,15,2.0,3900,50,true,5.0,30,true,0.5,3300
r11_00948,120,150,50,280,80,6,100,0.02,1.2,75,1000,250,2900,625,01:00,15:00,3000,1.5,true,12,100,2400,50,true,5.0,10,false,10,0
r11_00949,80,130,190,120,280,5,70,0.02,1.0,125,2000,250,2400,675,00:00,13:00,2500,4.0,true,12,100,2900,20,true,2.0,45,true,0.2,2700
r11_00950,100,220,200,80,340,4,60,0.02,1.0,575,1200,325,2600,650,03:00,15:00,3200,3.0,true,4,0.2,0,30,false,4.0,20,false,0.5,0
r11_00951,120,90,190,320,280,5,60,0.02,1.5,500,2200,175,600,500,06:00,13:00,1300,2.0,true,4,0.5,1900,30,true,3.0,30,true,0.5,1800
r11_00952,70,160,150,200,120,2,30,0.02,1.2,725,2400,425,1100,500,05:00,21:00,0,3.0,true,7,0.5,3300,20,false,3.0,45,true,10,0
r11_00953,140,220,160,120,120,2,30,0.02,1.05,150,900,250,1900,225,10:00,20:00,3000,1.0,true,3,0.5,3200,70,false,2.0,45,false,0.2,0
r11_00954,70,110,200,80,140,6,60,0.02,1.2,750,1700,175,800,175,07:00,19:00,2300,1.5,true,3,2.0,0,100,false,5.0,20,false,0.08,0
r11_00955,130,190,150,300,300,4,60,0.02,1.1,400,1900,275,2700,200,08:00,12:00,1400,1.5,true,0,1.2,3900,100,false,4.0,30,false,0.5,3700
r11_00956,140,140,240,220,340,3,20,0.02,1.2,750,2900,500,1700,575,00:00,15:00,2900,4.0,true,6,0.5,700,20,true,2.0,10,true,0.05,0
r11_00957,40,70,70,180,220,4,50,0.02,1.2,550,2000,525,400,675,07:00,21:00,2200,2.5,true,12,0.8,3800,10,true,4.0,30,true,0.5,0
r11_00958,90,130,130,220,140,4,60,0.02,1.3,400,1300,175,700,300,01:00,13:00,800,1.0,true,0,0.8,0,50,false,2.0,45,true,0.5,700
r11_00959,100,190,260,260,220,10,60,0.02,1.0,375,1400,50,1700,225,04:00,18:00,2800,1.0,true,10,0.3,1400,10,false,2.0,30,false,0.08,0
r11_00960,140,170,210,80,360,10,20,0.02,1.2,775,2300,75,3000,475,03:00,19:00,0,0,true,15,2.0,400,10,false,2.0,45,false,0.1,0
r11_00961,50,210,230,140,100,7,120,0.02,1.2,725,2300,200,2800,50,10:00,16:00,3400,3.0,true,3,100,2900,50,false,3.0,20,false,0.5,3100
r11_00962,40,170,160,280,340,8,80,0.02,1.15,75,600,225,1400,725,10:00,16:00,3700,2.0,true,5,2.0,0,30,true,2.0,45,false,0.08,2900
r11_00963,150,140,240,200,140,9,110,0.02,1.1,250,1900,250,800,700,09:00,16:00,0,3.0,true,5,0.5,0,100,true,2.0,45,true,0.5,1300
r11_00964,30,150,260,320,160,2,60,0.02,1.2,425,2600,200,600,100,08:00,12:00,0,4.0,true,7,2.0,3100,50,false,5.0,10,false,0.05,0
r11_00965,110,90,50,240,300,2,30,0.02,1.4,675,1500,350,900,100,08:00,21:00,2300,3.0,true,5,2.0,3600,10,true,4.0,10,false,0.1,1400
r11_00966,120,80,180,260,300,4,40,0.02,1.15,625,3000,275,1300,800,01:00,12:00,3400,4.0,true,8,2.0,1100,70,true,3.0,45,true,0.1,1500
r11_00967,90,170,90,100,160,8,30,0.02,1.05,600,1800,75,1400,275,08:00,18:00,300,2.0,true,0,100,4000,70,true,2.0,20,false,0.1,2600
r11_00968,30,110,150,160,200,8,20,0.02,1.4,75,1300,600,2300,0,02:00,17:00,2300,3.0,true,5,2.0,0,100,true,8.0,10,true,10,0
r11_00969,70,140,150,260,160,7,50,0.02,1.5,550,1500,250,1400,375,01:00,15:00,0,6.0,true,12,100,0,50,true,8.0,30,true,0.1,0
r11_00970,30,100,130,160,260,4,30,0.02,1.15,350,900,250,300,100,07:00,20:00,300,2.5,true,10,0.8,2100,10,false,3.0,60,true,10,0
r11_00971,140,190,150,260,180,9,30,0.02,1.2,550,2500,425,1400,75,09:00,20:00,3400,2.5,true,10,2.0,1700,30,true,3.0,60,false,10,0
r11_00972,150,120,250,240,360,9,110,0.02,1.05,650,2100,100,2300,700,01:00,21:00,0,1.0,true,3,100,0,10,true,8.0,20,false,10,2900
r11_00973,90,110,120,240,80,5,70,0.02,1.05,125,3000,600,400,475,00:00,14:00,0,3.0,true,3,0.3,0,70,false,5.0,20,false,0.08,3300
r11_00974,90,120,210,180,120,5,70,0.02,1.2,600,2900,375,3000,325,02:00,14:00,0,6.0,true,0,0.8,0,30,true,3.0,30,true,10,0
r11_00975,120,80,200,320,220,10,110,0.02,1.5,800,1800,500,1900,0,06:00,13:00,0,0,true,7,0.5,2700,30,false,2.0,20,false,10,600
r11_00976,100,110,140,260,260,9,80,0.02,1.0,100,900,325,800,625,00:00,14:00,0,2.0,true,7,0.2,0,50,false,5.0,10,false,0.08,300
r11_00977,80,130,70,140,320,6,60,0.02,1.3,400,1400,525,900,550,09:00,19:00,2000,2.5,true,3,0.8,0,30,false,5.0,45,true,0.08,0
r11_00978,120,110,60,160,360,4,20,0.02,1.5,125,1500,425,400,75,06:00,18:00,0,1.0,true,7,100,1500,100,true,5.0,10,false,0.2,0
r11_00979,130,70,80,180,220,4,110,0.02,1.2,125,500,450,1300,0,03:00,14:00,1600,0,true,10,0.5,1800,20,false,8.0,30,true,0.2,0
r11_00980,100,210,130,200,240,8,30,0.02,1.15,250,2500,300,2800,225,00:00,15:00,0,4.0,true,10,100,3600,10,true,5.0,30,true,10,0
r11_00981,110,180,90,260,200,7,90,0.02,1.2,150,800,425,700,250,03:00,20:00,0,6.0,true,12,100,0,30,false,3.0,60,false,0.5,0
r11_00982,70,150,220,320,200,3,110,0.02,1.4,425,1400,500,2000,650,06:00,12:00,3500,2.0,true,0,0.8,1300,20,false,5.0,20,false,0.1,0
r11_00983,120,190,160,280,360,7,20,0.02,1.2,725,300,450,2700,575,08:00,19:00,0,3.0,true,7,0.3,0,50,true,5.0,10,false,0.1,0
r11_00984,130,120,140,100,220,5,20,0.02,1.05,200,1700,100,2100,0,10:00,17:00,3900,4.0,true,0,0.3,800,50,false,6.0,20,true,0.08,3400
r11_00985,150,150,150,80,120,6,90,0.02,1.1,700,2500,300,600,250,01:00,18:00,0,3.0,true,4,0.8,0,50,false,3.0,30,false,10,2200
r11_00986,90,210,160,80,180,4,110,0.02,1.2,800,2900,450,800,50,02:00,14:00,0,6.0,true,15,1.2,0,20,true,2.0,45,true,10,1900
r11_00987,70,150,70,200,140,3,70,0.02,1.3,250,1400,400,1400,325,08:00,14:00,0,2.5,true,12,100,3400,30,false,2.0,20,true,10,200
r11_00988,140,210,250,320,140,3,30,0.02,1.3,500,1500,175,2500,700,03:00,19:00,0,3.0,true,0,2.0,0,10,true,2.0,60,true,0.5,1000
r11_00989,90,150,120,180,280,9,80,0.02,1.0,100,700,175,1400,675,02:00,17:00,3500,6.0,true,3,0.2,300,10,false,8.0,10,true,0.1,1000
r11_00990,70,70,60,260,200,5,60,0.02,1.0,275,2300,325,700,475,02:00,20:00,2600,1.5,true,3,0.5,0,10,false,6.0,60,false,0.05,0
r11_00991,140,110,120,300,300,4,80,0.02,1.0,400,1800,550,600,375,10:00,17:00,3100,0,true,6,0.8,0,50,true,8.0,60,true,0.5,0
r11_00992,90,150,80,160,80,8,110,0.02,1.2,250,1900,600,1800,725,08:00,18:00,1800,6.0,true,0,2.0,2400,70,true,8.0,10,true,0.05,2100
r11_00993,140,210,160,120,100,7,40,0.02,1.05,400,1600,200,700,500,02:00,15:00,2800,1.0,true,5,100,1500,20,true,5.0,10,false,0.2,1900
r11_00994,120,140,90,100,200,9,90,0.02,1.15,550,200,475,1400,300,04:00,14:00,0,1.5,true,0,100,1600,70,false,4.0,60,true,0.1,1300
r11_00995,40,100,100,120,340,7,40,0.02,1.4,350,1400,425,2300,75,02:00,18:00,2500,2.0,true,4,1.2,0,70,false,8.0,30,false,10,1900
r11_00996,40,200,210,300,140,2,40,0.02,1.5,175,2900,350,1100,0,10:00,19:00,3300,2.5,true,5,100,0,100,false,8.0,60,false,0.2,3400
r11_00997,60,80,110,320,360,5,20,0.02,1.1,275,1700,500,1800,475,07:00,16:00,0,0,true,15,0.3,0,10,false,4.0,20,true,0.05,0
r11_00998,50,110,200,300,260,8,120,0.02,1.15,150,400,225,1300,650,04:00,21:00,3100,4.0,true,6,1.2,500,20,false,6.0,20,true,0.05,0
r11_00999,60,60,210,220,240,7,110,0.02,1.3,250,1600,100,400,250,05:00,19:00,3900,1.0,true,10,100,1900,70,true,4.0,30,true,0.5,0
r11_01000,40,50,240,160,280,5,40,0.02,1.15,275,500,125,2100,725,03:00,14:00,3100,6.0,true,7,0.5,600,10,true,3.0,30,true,10,1000
r11_01001,140,140,180,300,180,4,20,0.02,1.3,300,500,550,2500,325,03:00,13:00,2600,0,true,10,0.2,2700,30,true,8.0,10,true,0.05,0
r11_01002,140,50,150,240,80,7,100,0.02,1.4,750,200,500,600,425,06:00,15:00,3800,6.0,true,12,0.2,2400,30,false,5.0,45,true,0.1,0
r11_01003,110,200,260,200,260,7,20,0.02,1.15,225,1200,425,2400,725,02:00,15:00,0,1.0,true,10,0.2,3500,30,false,5.0,10,true,0.08,0
r11_01004,60,140,200,180,100,6,60,0.02,1.3,800,300,150,800,750,06:00,17:00,0,3.0,true,10,0.3,700,30,false,5.0,20,false,0.08,2200
r11_01005,150,80,160,280,220,5,50,0.02,1.1,300,1900,50,2400,775,00:00,15:00,3900,2.0,true,0,100,600,30,true,6.0,20,false,10,0
r11_01006,50,50,180,80,140,6,20,0.02,1.2,500,400,550,1500,0,01:00,15:00,800,4.0,true,0,0.8,1100,50,true,6.0,20,true,0.2,3400
r11_01007,30,130,100,220,280,4,60,0.02,1.1,275,3000,575,2400,650,08:00,16:00,3900,1.5,true,10,100,0,50,false,4.0,10,true,0.05,0
r11_01008,90,100,60,80,260,10,60,0.02,1.05,500,1800,125,1500,0,00:00,18:00,2300,3.0,true,7,100,1500,10,false,3.0,45,false,0.5,1600
r11_01009,80,70,150,260,360,4,70,0.02,1.05,275,1100,600,400,725,06:00,15:00,0,4.0,true,10,0.2,3400,50,false,4.0,30,false,10,0
r11_01010,70,120,60,260,360,3,80,0.02,1.4,250,3000,400,2100,750,09:00,12:00,0,4.0,true,7,2.0,0,20,true,5.0,30,false,0.2,2800
r11_01011,150,90,80,240,280,9,70,0.02,1.05,650,2400,550,2000,600,07:00,20:00,800,1.0,true,0,100,2700,10,false,8.0,20,true,0.05,1000
r11_01012,30,50,210,300,300,5,90,0.02,1.2,400,700,50,1300,725,06:00,13:00,2800,3.0,true,8,0.2,3700,20,false,8.0,20,true,0.08,2700
r11_01013,40,190,50,320,360,6,110,0.02,1.3,75,1300,350,600,0,04:00,18:00,3000,4.0,true,0,1.2,3300,20,false,8.0,60,true,0.5,0
r11_01014,100,50,170,320,160,2,40,0.02,1.3,450,1600,350,1400,475,10:00,15:00,3200,6.0,true,5,0.2,400,20,false,6.0,10,false,0.2,1700
r11_01015,140,150,220,260,160,4,60,0.02,1.15,125,1500,350,900,775,07:00,16:00,0,0,true,15,1.2,0,30,true,4.0,10,true,10,0
r11_01016,100,210,200,160,300,10,30,0.02,1.5,350,800,450,300,100,01:00,12:00,3500,2.5,true,0,100,2900,10,true,6.0,30,true,0.05,0
r11_01017,30,50,240,120,340,9,40,0.02,1.05,325,800,75,2000,275,08:00,12:00,0,1.5,true,6,0.8,3200,100,false,8.0,10,true,0.08,0
r11_01018,130,70,180,140,180,4,90,0.02,1.2,650,400,325,2200,800,06:00,19:00,1700,0,true,10,0.5,3300,20,false,8.0,20,false,0.2,1500
r11_01019,60,180,240,240,260,6,80,0.02,1.05,275,800,175,2900,0,09:00,14:00,2800,1.5,true,7,100,300,50,false,5.0,60,false,10,2600
r11_01020,130,50,160,80,260,3,110,0.02,1.0,175,1000,75,300,625,01:00,17:00,0,2.5,true,15,100,2400,30,true,4.0,10,false,0.1,0
r11_01021,90,100,260,100,100,3,110,0.02,1.0,150,3000,200,900,350,09:00,21:00,0,2.0,true,6,0.2,0,20,true,6.0,30,false,0.5,0
r11_01022,40,90,210,220,300,10,120,0.02,1.4,400,800,225,1100,675,02:00,21:00,0,3.0,true,6,0.5,0,10,true,8.0,30,true,0.5,200
r11_01023,100,100,50,140,320,10,30,0.02,1.2,50,2800,325,3000,0,09:00,14:00,2600,0,true,3,0.2,3700,20,false,2.0,30,true,0.2,0
r11_01024,140,70,150,140,160,7,70,0.02,1.5,425,1400,200,500,150,06:00,21:00,0,6.0,true,0,100,0,30,false,8.0,45,false,0.08,0
r11_01025,160,80,160,180,220,4,50,0.02,1.1,625,2100,525,3000,0,01:00,13:00,0,0,true,3,100,3600,20,true,8.0,10,false,0.05,700
r11_01026,160,80,150,100,280,9,50,0.02,1.5,500,2600,300,500,0,03:00,17:00,300,3.0,true,8,0.5,900,30,false,8.0,20,false,0.5,0
r11_01027,140,50,160,220,80,7,30,0.02,1.2,450,1400,175,2600,0,05:00,18:00,0,4.0,true,15,0.3,0,50,false,6.0,20,true,0.2,0
r11_01028,40,200,150,240,80,3,30,0.02,1.1,325,1900,150,1700,0,07:00,14:00,400,1.5,true,6,0.5,0,50,false,4.0,20,false,0.1,0
r11_01029,70,70,140,320,200,8,20,0.02,1.0,200,1500,150,2100,600,04:00,13:00,3700,6.0,true,3,0.2,0,50,true,2.0,10,false,10,0
r11_01030,30,140,210,180,300,5,70,0.02,1.15,50,1700,100,700,175,01:00,15:00,0,0,true,10,100,1200,100,true,2.0,30,false,0.1,0
r11_01031,140,90,70,300,100,7,90,0.02,1.0,150,2400,275,2200,0,04:00,21:00,0,0,true,4,0.5,0,20,false,4.0,60,true,10,1300
r11_01032,50,210,250,160,180,8,70,0.02,1.05,200,1900,150,2600,375,01:00,15:00,0,0,true,4,100,0,10,false,5.0,30,true,0.5,0
r11_01033,50,190,110,200,360,6,110,0.02,1.05,375,2700,75,3000,650,04:00,18:00,1900,0,true,0,0.8,2900,10,true,6.0,30,true,10,3600
r11_01034,100,50,200,280,360,6,110,0.02,1.0,450,2700,350,2300,625,08:00,19:00,1000,2.0,true,0,2.0,2600,70,false,5.0,45,false,0.05,0
r11_01035,30,80,80,140,140,8,100,0.02,1.05,700,1600,100,1800,375,04:00,21:00,3500,6.0,true,15,1.2,0,30,true,3.0,30,false,10,0
r11_01036,140,120,200,160,300,8,40,0.02,1.15,500,1300,275,3000,250,01:00,21:00,0,3.0,true,3,1.2,2300,20,true,6.0,10,false,10,0
r11_01037,150,130,180,320,300,4,30,0.02,1.5,250,2800,600,800,775,06:00,12:00,2900,4.0,true,4,100,3200,10,false,6.0,60,false,0.5,0
r11_01038,110,70,210,280,320,7,120,0.02,1.0,750,400,500,1100,525,01:00,15:00,2100,4.0,true,10,0.8,300,70,true,6.0,20,true,0.08,2500
r11_01039,90,70,60,200,100,8,90,0.02,1.4,325,2500,325,1100,100,06:00,15:00,0,2.0,true,4,100,3800,70,false,8.0,60,true,10,0
r11_01040,130,220,160,80,100,5,40,0.02,1.15,550,500,225,1900,725,05:00,19:00,500,4.0,true,4,2.0,1800,20,false,6.0,45,true,0.1,0
r11_01041,40,210,220,80,300,9,70,0.02,1.4,350,1800,150,1700,325,07:00,12:00,0,3.0,true,6,0.2,1200,100,true,6.0,60,false,0.05,0
r11_01042,70,150,130,260,160,6,20,0.02,1.05,500,1900,350,1900,225,01:00,16:00,2200,4.0,true,4,0.3,700,50,false,2.0,20,false,0.08,0
r11_01043,50,60,80,180,280,3,40,0.02,1.2,675,200,125,700,425,07:00,15:00,3500,2.5,true,10,0.8,2700,30,false,6.0,45,false,0.1,3400
r11_01044,80,150,100,220,160,4,20,0.02,1.15,500,2600,200,2300,625,07:00,19:00,0,0,true,15,100,2800,10,false,3.0,10,true,10,0
r11_01045,140,200,240,300,120,6,30,0.02,1.1,725,200,100,1200,475,01:00,18:00,900,3.0,true,8,1.2,0,30,true,4.0,60,false,0.08,3100
r11_01046,70,180,140,280,300,10,40,0.02,1.4,400,200,350,2300,200,09:00,15:00,800,1.5,true,3,1.2,300,70,true,3.0,30,true,0.08,2400
r11_01047,120,100,190,120,160,2,120,0.02,1.5,450,300,50,1000,575,09:00,16:00,0,2.0,true,5,0.2,2800,70,true,5.0,10,false,0.05,2200
r11_01048,110,210,50,300,200,5,30,0.02,1.2,750,1500,250,2700,650,01:00,14:00,0,0,true,4,0.5,0,30,false,3.0,10,false,0.2,1200
r11_01049,110,160,140,200,220,3,30,0.02,1.3,75,1800,550,1700,575,09:00,20:00,2200,1.0,true,3,0.2,3500,20,false,8.0,30,true,0.5,0
r11_01050,130,190,50,280,300,2,120,0.02,1.3,275,2700,150,1000,200,05:00,16:00,3400,1.5,true,3,0.3,2500,20,false,4.0,60,true,0.08,500
r11_01051,120,180,80,120,300,10,50,0.02,1.15,225,300,575,2800,0,08:00,17:00,300,1.5,true,8,1.2,0,70,false,8.0,30,false,0.2,0
r11_01052,110,220,200,220,260,4,90,0.02,1.05,775,1700,125,700,225,00:00,21:00,0,4.0,true,4,100,0,30,false,3.0,30,false,0.2,0
r11_01053,160,70,190,300,140,6,50,0.02,1.3,800,400,600,2500,525,01:00,16:00,3000,1.0,true,8,100,1800,50,true,4.0,60,false,0.2,3200
r11_01054,120,100,110,100,100,7,70,0.02,1.2,525,2300,275,1500,100,09:00,15:00,0,1.0,true,0,0.5,3000,50,false,8.0,20,false,0.2,0
r11_01055,140,140,170,120,100,8,100,0.02,1.0,300,2800,375,400,0,09:00,20:00,0,2.5,true,0,100,3600,30,true,3.0,45,true,0.2,2200
r11_01056,50,110,60,180,100,2,90,0.02,1.0,325,2800,75,1400,250,03:00,20:00,1800,2.5,true,0,0.8,0,20,true,4.0,30,false,0.05,0
r11_01057,50,160,110,80,180,8,60,0.02,1.2,175,300,175,1000,300,07:00,19:00,0,1.5,true,4,100,0,10,true,8.0,10,true,0.05,0
r11_01058,30,100,80,160,300,5,110,0.02,1.0,450,500,525,700,750,10:00,12:00,0,2.5,true,12,0.5,0,100,false,2.0,30,false,0.5,3500
r11_01059,80,150,230,180,100,8,60,0.02,1.5,275,900,550,2200,350,04:00,17:00,2000,3.0,true,8,1.2,400,10,false,6.0,20,true,0.5,2100
r11_01060,150,170,160,220,240,5,120,0.02,1.15,700,600,100,1500,175,01:00,15:00,0,1.0,true,10,0.5,300,10,false,8.0,45,true,0.5,0
r11_01061,50,60,110,240,100,3,90,0.02,1.3,375,2500,50,2400,200,04:00,18:00,0,2.5,true,7,0.2,1600,50,false,3.0,60,true,0.5,300
r11_01062,100,50,230,220,100,9,40,0.02,1.05,200,2600,225,1100,150,06:00,12:00,3600,1.5,true,4,100,2700,10,false,3.0,45,true,0.05,0
r11_01063,90,180,140,160,240,7,40,0.02,1.5,300,1000,350,1200,0,09:00,20:00,2500,2.5,true,0,0.8,0,20,true,5.0,60,false,10,1400
r11_01064,60,210,100,80,120,8,80,0.02,1.1,500,1200,600,3000,475,06:00,16:00,1100,3.0,true,7,2.0,800,30,true,5.0,30,false,0.5,0
r11_01065,140,70,140,140,240,3,30,0.02,1.15,500,800,525,2900,450,09:00,13:00,0,3.0,true,6,0.8,600,30,false,8.0,45,false,0.08,400
r11_01066,110,60,170,320,100,7,80,0.02,1.1,275,1500,225,2600,425,10:00,20:00,2800,0,true,7,1.2,0,20,false,4.0,10,false,0.05,0
r11_01067,40,90,170,220,360,8,80,0.02,1.15,375,2100,225,2200,0,09:00,21:00,1100,2.5,true,0,2.0,0,100,true,2.0,20,true,10,0
r11_01068,100,120,220,180,180,10,70,0.02,1.1,375,1500,350,1400,175,03:00,17:00,0,0,true,8,2.0,300,10,true,5.0,10,false,0.1,2700
r11_01069,100,160,230,320,280,6,110,0.02,1.15,625,1500,50,2800,0,00:00,15:00,0,0,true,0,0.2,2900,100,true,8.0,10,false,0.1,0
r11_01070,130,140,120,200,320,9,120,0.02,1.5,425,400,325,300,450,06:00,21:00,0,1.5,true,0,0.5,0,20,true,8.0,20,false,0.1,0
r11_01071,110,60,70,160,340,6,120,0.02,1.05,250,2200,100,2600,225,08:00,17:00,0,3.0,true,7,100,800,50,false,4.0,30,false,0.08,0
r11_01072,100,60,170,200,140,7,80,0.02,1.5,325,2900,325,2500,325,08:00,17:00,300,1.5,true,3,0.5,300,20,true,4.0,60,false,0.1,0
r11_01073,90,90,130,180,340,5,70,0.02,1.4,475,900,600,2900,600,08:00,21:00,4000,3.0,true,4,100,3700,50,false,8.0,30,false,0.2,0
r11_01074,80,170,50,320,240,9,70,0.02,1.1,375,1100,125,400,425,01:00,19:00,0,6.0,true,3,0.3,1200,100,true,8.0,10,false,10,0
r11_01075,110,70,200,300,200,7,40,0.02,1.3,800,1700,375,2700,525,01:00,16:00,1600,1.5,true,12,100,0,10,true,6.0,20,true,0.1,0
r11_01076,140,130,260,160,80,2,100,0.02,1.3,525,900,375,3000,0,01:00,17:00,2700,3.0,true,12,0.5,1700,70,true,8.0,20,false,10,0
r11_01077,120,70,160,220,220,2,80,0.02,1.15,375,2100,500,1300,625,01:00,13:00,800,2.5,true,3,0.2,3300,20,true,5.0,10,true,0.1,700
r11_01078,160,140,120,200,220,2,80,0.02,1.0,500,700,600,800,725,01:00,15:00,0,0,true,12,0.3,1300,10,false,8.0,10,false,10,0
r11_01079,120,210,160,320,180,7,80,0.02,1.1,450,1000,200,2000,200,09:00,13:00,3600,2.5,true,4,0.5,2900,50,false,8.0,45,true,0.05,3700
r11_01080,140,100,50,140,180,8,110,0.02,1.5,350,200,75,1300,675,04:00,15:00,2900,0,true,10,2.0,0,20,true,3.0,20,true,10,0
r11_01081,120,210,140,80,340,2,30,0.02,1.05,625,1900,375,1600,625,10:00,17:00,2300,3.0,true,8,0.8,1300,10,false,2.0,10,true,10,1800
r11_01082,70,160,170,100,240,5,50,0.02,1.4,150,1700,425,2500,325,07:00,15:00,500,2.5,true,7,0.5,1700,30,true,8.0,20,true,0.08,0
r11_01083,70,90,100,160,120,9,50,0.02,1.1,775,2700,575,300,450,07:00,19:00,2500,3.0,true,7,1.2,2400,10,true,3.0,10,false,10,1400
r11_01084,150,150,210,260,140,7,90,0.02,1.4,500,3000,500,2300,150,02:00,12:00,2400,2.0,true,12,100,1600,30,false,4.0,30,false,0.2,0
r11_01085,130,190,190,160,280,10,50,0.02,1.4,250,600,325,1500,275,03:00,16:00,0,1.0,true,7,100,600,70,false,4.0,30,true,0.1,0
r11_01086,80,50,250,100,280,2,110,0.02,1.1,75,500,500,2700,475,07:00,20:00,800,3.0,true,0,0.8,0,30,false,5.0,60,false,0.05,500
r11_01087,90,120,80,120,100,8,60,0.02,1.1,150,1900,350,500,425,10:00,17:00,0,6.0,true,0,0.5,0,20,true,3.0,10,true,0.1,0
r11_01088,110,220,70,220,220,9,110,0.02,1.15,525,2300,200,700,725,07:00,14:00,0,0,true,3,1.2,0,100,false,5.0,30,false,10,3900
r11_01089,70,210,230,80,80,10,50,0.02,1.15,700,1200,600,2200,475,06:00,13:00,1700,2.5,true,12,2.0,3500,20,true,8.0,60,true,0.1,0
r11_01090,70,190,60,300,240,3,20,0.02,1.1,725,300,200,500,725,05:00,21:00,0,2.0,true,0,0.2,0,70,false,6.0,30,true,0.1,0
r11_01091,30,160,100,240,300,8,70,0.02,1.15,150,1100,300,2000,225,06:00,13:00,3300,6.0,true,4,0.5,0,50,true,3.0,20,true,0.5,0
r11_01092,80,140,150,100,180,9,20,0.02,1.4,400,1000,350,900,0,05:00,18:00,0,1.5,true,6,0.3,2200,100,false,3.0,20,false,0.5,3400
r11_01093,150,80,230,260,280,10,100,0.02,1.1,625,1700,600,500,350,00:00,20:00,0,0,true,8,100,1400,30,false,2.0,10,false,0.2,3100
r11_01094,120,190,220,180,280,5,120,0.02,1.15,750,200,400,2800,650,06:00,19:00,0,0,true,5,100,3700,20,false,6.0,10,false,0.08,0
r11_01095,100,80,50,160,360,8,90,0.02,1.3,700,1900,100,1400,275,09:00,12:00,0,0,true,0,0.8,0,30,false,6.0,30,false,0.1,0
r11_01096,30,220,90,160,320,6,80,0.02,1.5,625,2800,425,1900,525,00:00,21:00,2000,6.0,true,15,100,0,20,true,3.0,45,true,0.08,2300
r11_01097,130,220,120,220,120,9,30,0.02,1.5,50,400,350,1800,100,07:00,13:00,2900,1.5,true,3,100,2200,10,true,2.0,10,false,0.08,0
r11_01098,40,160,140,300,160,8,20,0.02,1.4,500,200,475,2800,175,00:00,14:00,0,4.0,true,6,0.3,500,50,true,6.0,20,false,0.2,0
r11_01099,70,210,200,300,320,4,50,0.02,1.0,800,1900,425,2300,175,03:00,19:00,0,3.0,true,4,0.5,0,30,false,8.0,45,false,0.08,1100
r11_01100,60,180,80,220,360,2,30,0.02,1.5,225,2100,200,1100,625,00:00,13:00,0,1.5,true,7,2.0,800,10,true,3.0,45,true,0.1,3300
r11_01101,50,60,120,80,320,8,30,0.02,1.15,50,600,425,2900,150,03:00,14:00,3800,1.0,true,5,1.2,0,10,true,6.0,10,true,10,0
r11_01102,60,110,170,80,100,6,90,0.02,1.4,425,900,350,1200,600,02:00,13:00,0,4.0,true,7,100,3900,30,false,4.0,45,true,0.05,1000
r11_01103,150,140,260,180,280,5,60,0.02,1.5,475,2600,225,1900,225,08:00,19:00,3800,4.0,true,10,0.2,3600,10,true,5.0,10,true,10,0
r11_01104,130,160,110,100,280,3,20,0.02,1.05,75,2900,150,2900,150,02:00,12:00,0,2.5,true,5,0.5,3200,10,true,8.0,30,true,10,0
r11_01105,130,120,120,200,80,8,50,0.02,1.4,75,1200,175,2000,0,03:00,15:00,1400,4.0,true,7,0.8,1600,50,false,5.0,30,false,0.5,1300
r11_01106,90,90,150,240,120,4,50,0.02,1.05,500,1700,325,1700,275,09:00,18:00,1700,3.0,true,3,0.3,2200,100,true,6.0,20,true,10,1700
r11_01107,120,180,120,80,200,10,110,0.02,1.4,450,1300,225,1800,700,02:00,20:00,1200,4.0,true,12,100,2300,70,false,2.0,10,true,0.05,400
r11_01108,110,190,260,180,100,6,50,0.02,1.1,350,1100,325,1300,550,02:00,15:00,0,1.0,true,0,2.0,0,30,true,6.0,60,true,0.05,0
r11_01109,130,60,130,220,280,4,120,0.02,1.3,500,1100,350,2300,525,09:00,12:00,2200,6.0,true,10,0.5,0,30,false,6.0,10,false,0.1,0
r11_01110,30,130,260,320,180,3,100,0.02,1.05,575,800,500,1800,75,08:00,17:00,0,2.5,true,5,0.2,1900,70,true,2.0,45,false,0.2,0
r11_01111,120,140,240,160,200,6,40,0.02,1.05,350,1000,325,2400,375,07:00,19:00,1900,6.0,true,7,2.0,600,10,false,8.0,45,false,0.2,0
r11_01112,90,200,120,280,120,5,60,0.02,1.05,300,1400,350,2200,100,04:00,15:00,0,0,true,10,2.0,800,100,true,5.0,20,false,10,0
r11_01113,80,50,70,280,360,7,60,0.02,1.2,425,500,325,1000,650,01:00,17:00,3600,0,true,15,0.2,3500,50,true,3.0,60,false,10,0
r11_01114,120,130,190,80,360,7,60,0.02,1.3,275,2200,250,500,525,04:00,17:00,1900,1.0,true,10,100,0,10,false,3.0,20,true,10,0
r11_01115,80,120,220,100,140,8,50,0.02,1.4,100,2700,475,1800,750,06:00,17:00,2500,2.0,true,3,0.8,0,20,false,6.0,60,false,0.1,3300
r11_01116,90,200,240,160,140,6,90,0.02,1.15,425,2600,575,1800,0,06:00,18:00,0,0,true,0,100,4000,30,true,5.0,20,false,0.05,0
r11_01117,160,70,220,180,120,5,40,0.02,1.05,600,1800,300,700,0,01:00,18:00,3600,0,true,10,100,2000,10,false,6.0,60,true,10,3200
r11_01118,60,70,90,300,280,6,90,0.02,1.05,375,2800,125,1600,600,07:00,19:00,2600,2.5,true,15,1.2,300,50,true,8.0,45,true,10,0
r11_01119,130,90,170,160,140,7,50,0.02,1.1,575,2800,75,400,500,03:00,13:00,1600,2.0,true,3,0.5,0,10,true,8.0,60,false,0.05,0
r11_01120,140,150,90,80,280,7,40,0.02,1.1,775,2900,275,1300,325,03:00,20:00,0,2.0,true,10,0.2,0,10,true,3.0,30,true,10,2000
r11_01121,110,60,260,200,140,9,50,0.02,1.1,450,2000,275,1300,400,09:00,16:00,3400,2.5,true,0,0.2,0,70,false,5.0,45,false,10,0
r11_01122,40,100,60,120,120,5,90,0.02,1.4,175,1800,450,900,0,04:00,19:00,700,2.5,true,8,0.8,2900,10,true,8.0,60,false,0.05,0
r11_01123,140,220,110,180,300,5,110,0.02,1.1,400,1500,250,2000,725,10:00,15:00,0,2.5,true,10,2.0,0,50,false,3.0,30,false,0.5,0
r11_01124,40,200,110,240,140,9,80,0.02,1.2,200,1400,275,1000,0,03:00,13:00,0,1.0,true,3,100,1300,100,true,8.0,10,false,0.05,0
r11_01125,160,220,200,120,160,10,60,0.02,1.05,625,200,400,2900,675,00:00,12:00,4000,2.0,true,8,0.5,300,70,true,6.0,10,false,0.2,0
r11_01126,30,90,90,280,360,2,70,0.02,1.05,400,1800,175,800,425,09:00,18:00,1300,2.0,true,8,2.0,0,100,false,8.0,30,false,10,0
r11_01127,110,90,70,120,260,7,110,0.02,1.15,275,1500,550,2100,300,00:00,20:00,300,1.0,true,12,0.5,3300,100,false,4.0,10,false,10,0
r11_01128,40,80,230,160,140,5,70,0.02,1.3,425,600,200,1000,750,00:00,19:00,0,3.0,true,5,1.2,2800,10,true,6.0,60,true,10,1000
r11_01129,40,190,250,240,80,9,120,0.02,1.1,150,2400,175,1400,200,07:00,16:00,1400,2.5,true,0,1.2,2700,10,false,4.0,10,false,10,0
r11_01130,60,140,160,160,260,2,70,0.02,1.3,350,500,550,1600,100,02:00,15:00,900,0,true,12,0.3,0,10,false,2.0,20,false,0.2,3800
r11_01131,100,120,160,240,80,6,90,0.02,1.1,275,800,400,2900,125,03:00,18:00,1500,0,true,4,0.5,0,30,true,6.0,60,false,10,1600
r11_01132,50,120,50,140,240,8,60,0.02,1.1,425,2100,275,600,475,06:00,20:00,3400,0,true,8,2.0,0,50,true,2.0,30,false,0.2,0
r11_01133,150,200,190,300,100,5,120,0.02,1.4,575,1800,575,1300,325,09:00,18:00,3400,0,true,4,0.8,0,50,true,2.0,45,true,0.5,3000
r11_01134,60,130,60,160,360,2,70,0.02,1.5,525,1200,425,1800,0,06:00,17:00,1600,4.0,true,12,0.8,3700,100,false,2.0,30,false,0.1,0
r11_01135,100,120,140,120,200,6,20,0.02,1.2,75,2200,275,600,550,05:00,15:00,700,6.0,true,10,100,3600,100,true,6.0,20,false,0.08,0
r11_01136,100,120,100,300,300,5,60,0.02,1.5,650,1000,350,2100,475,09:00,19:00,0,2.5,true,10,100,0,100,true,6.0,30,true,0.05,0
r11_01137,150,210,100,260,280,8,60,0.02,1.0,225,900,500,900,600,02:00,18:00,3500,2.5,true,5,0.2,0,50,false,2.0,20,false,0.08,0
r11_01138,130,190,200,120,100,5,40,0.02,1.15,75,2200,175,2000,700,03:00,19:00,3200,6.0,true,3,0.3,1300,50,true,4.0,30,true,10,1600
r11_01139,140,160,140,120,160,10,70,0.02,1.0,475,1900,250,300,375,09:00,15:00,2800,0,true,6,0.3,900,100,false,2.0,30,true,0.05,2300
r11_01140,60,50,170,280,80,9,80,0.02,1.5,175,1600,50,1100,0,02:00,12:00,3200,0,true,15,1.2,1700,100,true,3.0,20,true,10,1700
r11_01141,60,80,130,120,280,2,30,0.02,1.3,750,1200,75,1200,550,03:00,15:00,0,6.0,true,15,0.8,0,50,true,2.0,20,false,0.2,0
r11_01142,30,150,130,120,160,6,20,0.02,1.15,75,1500,450,2300,0,05:00,16:00,0,2.0,true,7,2.0,1200,70,true,3.0,10,true,0.1,0
r11_01143,50,150,230,160,100,6,40,0.02,1.0,275,2300,450,1000,550,04:00,12:00,0,6.0,true,0,2.0,0,100,true,6.0,20,true,0.08,500
r11_01144,110,210,60,200,200,3,60,0.02,1.5,150,1400,600,2600,450,06:00,18:00,3100,1.5,true,3,1.2,400,10,false,8.0,20,true,0.08,0
r11_01145,140,110,230,240,300,3,60,0.02,1.3,525,2100,450,2500,0,10:00,18:00,3500,6.0,true,0,100,600,30,false,6.0,60,true,0.05,0
r11_01146,130,190,100,160,80,4,120,0.02,1.3,175,1800,575,1300,0,08:00,14:00,2700,6.0,true,4,0.8,2200,100,true,5.0,60,false,10,3200
r11_01147,100,170,140,220,200,9,50,0.02,1.1,150,2300,450,1700,200,07:00,12:00,3400,0,true,5,100,0,50,false,6.0,30,true,0.5,2000
r11_01148,90,100,210,300,160,5,60,0.02,1.15,600,700,175,1000,500,00:00,15:00,0,0,true,3,0.3,3600,100,false,4.0,45,true,10,1300
r11_01149,140,210,100,120,280,3,50,0.02,1.0,675,200,150,1400,775,04:00,16:00,300,1.0,true,3,2.0,3900,20,false,6.0,30,false,0.2,0
r11_01150,160,140,250,260,360,4,70,0.02,1.05,550,900,550,3000,0,09:00,12:00,0,2.5,true,7,0.5,0,100,true,2.0,10,false,0.05,0
r11_01151,110,190,240,240,320,2,120,0.02,1.1,350,2200,200,2300,50,06:00,19:00,2200,2.0,true,12,100,3100,100,false,4.0,20,true,10,1300
r11_01152,150,100,160,260,240,9,40,0.02,1.0,75,1300,150,2400,725,04:00,16:00,2400,0,true,6,0.8,2700,30,true,6.0,45,false,0.05,0
r11_01153,50,220,150,300,320,5,90,0.02,1.4,725,1300,225,2900,650,07:00,14:00,3300,2.5,true,10,0.8,3700,20,false,4.0,10,false,0.1,0
r11_01154,120,180,250,320,200,9,30,0.02,1.2,300,1600,100,1300,575,05:00,18:00,0,0,true,5,0.3,0,70,false,8.0,20,false,10,2700
r11_01155,90,140,150,200,80,4,80,0.02,1.0,125,2200,325,2000,300,06:00,20:00,3300,3.0,true,12,2.0,0,100,false,2.0,45,false,0.5,2400
r11_01156,60,130,250,100,160,10,20,0.02,1.05,100,1400,150,1200,625,10:00,15:00,1700,4.0,true,8,0.8,3500,10,true,5.0,60,true,0.2,0
r11_01157,80,100,230,320,320,2,30,0.02,1.15,400,2900,475,500,800,01:00,20:00,2500,0,true,8,0.3,0,30,true,2.0,20,false,10,800
r11_01158,30,90,250,180,120,5,50,0.02,1.5,700,1300,575,2200,0,04:00,15:00,0,2.0,true,0,1.2,0,10,false,5.0,60,false,10,3400
r11_01159,50,190,190,160,160,3,110,0.02,1.5,125,900,525,2600,0,07:00,20:00,3700,1.0,true,7,0.2,300,20,true,2.0,10,false,0.05,2400
r11_01160,110,220,190,240,140,4,90,0.02,1.4,550,1600,75,300,400,10:00,21:00,3600,0,true,5,100,3200,50,false,5.0,45,true,0.05,0
r11_01161,90,80,240,140,300,4,100,0.02,1.0,575,2400,325,300,250,05:00,14:00,2200,2.5,true,5,0.5,2000,10,false,5.0,30,false,0.05,3000
r11_01162,30,150,180,260,140,9,110,0.02,1.5,300,1800,300,700,150,07:00,17:00,300,4.0,true,7,2.0,3100,30,false,2.0,60,false,10,0
r11_01163,70,110,150,160,80,3,110,0.02,1.05,150,200,375,3000,550,00:00,19:00,0,1.0,true,6,100,0,70,true,5.0,45,true,0.05,3200
r11_01164,130,180,180,320,360,10,50,0.02,1.2,450,900,125,1200,275,10:00,13:00,1300,0,true,5,100,0,50,false,5.0,45,false,10,0
r11_01165,150,220,180,220,300,7,30,0.02,1.0,200,1300,375,1100,0,01:00,21:00,2300,2.5,true,8,0.8,0,20,true,8.0,10,false,0.1,0
r11_01166,50,90,240,300,240,4,110,0.02,1.2,725,500,75,1900,325,05:00,16:00,2300,2.5,true,3,0.3,0,10,true,5.0,45,false,10,0
r11_01167,120,50,50,320,120,3,110,0.02,1.15,750,2500,600,2200,400,00:00,16:00,1300,4.0,true,15,0.5,3700,50,false,4.0,10,true,0.5,0
r11_01168,150,140,160,260,140,7,60,0.02,1.3,625,1700,225,2600,125,01:00,20:00,0,6.0,true,15,100,2900,10,true,2.0,20,false,0.05,700
r11_01169,160,140,120,200,280,10,60,0.02,1.5,200,2700,125,2600,225,07:00,14:00,1400,1.0,true,6,2.0,0,70,false,6.0,20,true,0.05,0
r11_01170,160,60,80,300,260,3,120,0.02,1.1,375,1200,325,2200,800,02:00,14:00,1800,3.0,true,12,0.8,0,10,false,4.0,30,false,0.2,0
r11_01171,110,100,150,120,120,2,100,0.02,1.1,575,1100,100,2200,375,07:00,15:00,3900,1.0,true,15,100,3500,100,false,6.0,20,false,0.5,0
r11_01172,40,90,170,200,140,5,60,0.02,1.3,150,2900,50,2000,0,10:00,12:00,500,2.5,true,0,0.5,0,10,false,8.0,30,false,0.05,0
r11_01173,160,90,220,140,120,5,70,0.02,1.0,275,3000,375,1400,625,09:00,15:00,400,2.5,true,15,2.0,900,50,false,4.0,10,true,10,2100
r11_01174,160,90,120,300,80,7,110,0.02,1.2,375,2600,400,1200,0,10:00,12:00,0,1.0,true,12,0.3,0,50,false,3.0,10,true,10,2800
r11_01175,60,120,120,80,360,7,80,0.02,1.15,325,500,550,1400,325,00:00,20:00,0,1.5,true,4,100,0,50,true,8.0,45,true,0.1,0
r11_01176,30,90,230,80,320,9,110,0.02,1.3,650,600,250,800,0,02:00,13:00,3500,2.5,true,10,0.5,0,70,false,6.0,45,false,10,2400
r11_01177,80,90,120,80,360,8,20,0.02,1.4,425,200,550,1300,0,03:00,21:00,400,2.5,true,15,0.2,2500,50,false,2.0,10,false,0.08,0
r11_01178,160,210,230,120,160,6,20,0.02,1.15,775,900,350,1600,450,10:00,17:00,2100,2.0,true,0,100,1200,50,false,5.0,45,false,0.08,2200
r11_01179,80,100,170,300,320,4,70,0.02,1.4,325,700,50,400,0,05:00,20:00,0,2.0,true,5,0.3,0,50,false,2.0,10,true,10,0
r11_01180,100,150,250,120,80,2,30,0.02,1.05,300,1100,350,2700,325,09:00,16:00,3100,0,true,12,100,0,20,true,5.0,10,true,0.2,0
r11_01181,30,130,100,80,100,7,30,0.02,1.05,500,1900,575,800,0,10:00,18:00,1400,0,true,7,0.8,0,10,false,3.0,20,true,10,0
r11_01182,80,120,200,80,320,4,90,0.02,1.5,775,1300,175,1400,350,09:00,17:00,0,0,true,4,100,3200,10,false,3.0,60,false,0.1,0
r11_01183,30,140,120,100,300,7,100,0.02,1.15,400,900,300,1200,600,02:00,21:00,1600,2.0,true,10,0.8,1500,10,true,5.0,20,true,0.5,0
r11_01184,50,130,240,280,100,6,100,0.02,1.3,375,2600,175,1600,0,08:00,20:00,3000,1.5,true,12,100,0,100,false,4.0,30,false,0.5,3800
r11_01185,50,70,180,140,120,7,90,0.02,1.1,775,1700,150,900,375,03:00,18:00,1100,2.0,true,0,2.0,500,20,false,2.0,45,true,0.05,0
r11_01186,110,60,220,300,320,3,90,0.02,1.1,600,1000,525,1700,200,01:00,20:00,0,2.0,true,0,1.2,1900,10,false,3.0,45,false,0.2,0
r11_01187,50,140,120,320,220,2,50,0.02,1.05,575,2000,125,2400,0,09:00,15:00,0,2.5,true,10,0.3,1900,50,true,3.0,10,false,0.1,1200
r11_01188,150,160,90,160,160,10,30,0.02,1.1,450,1300,550,2400,775,01:00,20:00,1500,2.5,true,0,1.2,0,70,true,5.0,30,false,10,2500
r11_01189,130,130,220,260,180,9,50,0.02,1.3,650,1900,350,2200,0,01:00,20:00,0,2.0,true,3,0.3,2600,50,true,8.0,10,false,0.05,400
r11_01190,150,60,250,240,280,9,70,0.02,1.0,775,600,300,300,775,07:00,20:00,0,2.5,true,12,2.0,3700,30,true,4.0,30,true,10,0
r11_01191,140,170,200,220,240,4,20,0.02,1.4,775,1600,500,500,250,05:00,16:00,3600,3.0,true,0,0.5,3900,30,false,4.0,60,true,0.2,0
r11_01192,30,110,160,300,180,10,60,0.02,1.4,225,200,300,1500,575,00:00,19:00,2400,6.0,true,12,0.5,0,70,false,6.0,60,true,0.2,0
r11_01193,60,180,80,320,240,5,60,0.02,1.4,575,1400,350,2800,775,07:00,18:00,700,0,true,12,100,1100,70,false,8.0,45,false,10,0
r11_01194,120,160,130,200,160,9,120,0.02,1.3,350,1200,200,1600,100,00:00,15:00,300,1.5,true,0,0.8,1200,50,true,6.0,60,true,0.08,3200
r11_01195,80,160,50,200,220,7,120,0.02,1.4,100,800,325,1600,200,10:00,12:00,2400,0,true,10,0.2,3000,10,false,3.0,10,false,10,600
r11_01196,90,150,100,220,360,2,50,0.02,1.4,475,1600,50,2500,700,07:00,21:00,900,6.0,true,0,2.0,1600,70,false,8.0,30,true,10,3700
r11_01197,50,210,150,120,280,4,20,0.02,1.15,675,2000,225,1400,275,08:00,16:00,2300,0,true,3,0.2,0,20,false,2.0,30,false,0.2,1900
r11_01198,30,60,250,180,340,4,90,0.02,1.4,650,1700,325,2100,600,07:00,12:00,600,1.5,true,8,0.2,1400,10,true,5.0,20,true,10,3100
r11_01199,110,180,100,300,360,10,90,0.02,1.1,325,1500,575,2200,525,05:00,16:00,3700,0,true,4,0.3,0,20,true,6.0,60,false,0.2,0
r11_01200,140,100,120,160,140,8,100,0.02,1.4,50,2800,300,1500,0,04:00,19:00,0,6.0,true,3,0.2,300,30,false,4.0,20,false,0.05,0
r11_01201,150,210,260,220,260,10,60,0.02,1.15,75,1100,50,2600,800,02:00,15:00,2800,1.5,true,8,100,0,50,true,2.0,10,false,0.2,3200
r11_01202,90,160,210,180,360,7,50,0.02,1.0,775,2500,150,1100,200,08:00,20:00,0,0,true,4,0.3,600,100,true,4.0,60,false,0.2,2500
r11_01203,100,160,130,220,340,8,100,0.02,1.15,350,2800,100,2000,425,01:00,13:00,1600,3.0,true,5,0.8,600,50,true,8.0,10,false,0.5,2500
r11_01204,140,90,250,320,140,2,50,0.02,1.0,450,1700,475,1100,0,02:00,20:00,0,0,true,0,0.3,0,50,false,5.0,20,true,0.05,3200
r11_01205,50,150,130,320,320,3,80,0.02,1.15,600,2300,300,400,125,07:00,20:00,3500,0,true,15,0.3,3300,50,true,3.0,60,false,0.08,700
r11_01206,50,50,90,260,80,10,20,0.02,1.15,575,2800,525,1800,625,03:00,21:00,0,3.0,true,10,100,3900,100,false,2.0,20,false,10,0
r11_01207,40,210,230,100,180,5,40,0.02,1.2,375,1300,475,300,400,04:00,15:00,3400,2.0,true,10,0.2,600,20,true,8.0,10,true,10,0
r11_01208,110,110,80,100,220,10,80,0.02,1.4,625,2600,125,500,275,09:00,15:00,800,3.0,true,0,100,0,30,false,2.0,10,false,10,400
r11_01209,110,160,150,140,140,7,60,0.02,1.4,225,2900,475,1400,200,05:00,13:00,2100,0,true,0,100,0,50,false,6.0,20,false,0.5,900
r11_01210,100,180,180,180,280,7,80,0.02,1.05,250,2800,75,2400,0,08:00,20:00,3800,0,true,15,2.0,3600,70,true,6.0,45,false,10,0
r11_01211,130,190,80,200,300,8,20,0.02,1.15,300,1800,500,2100,650,04:00,18:00,0,6.0,true,8,100,2600,50,false,2.0,30,true,0.2,0
r11_01212,70,60,240,100,140,2,80,0.02,1.1,450,2000,200,2600,450,00:00,17:00,0,1.0,true,0,0.3,3600,50,false,6.0,45,true,0.5,0
r11_01213,140,50,60,280,360,6,70,0.02,1.5,625,1700,200,2300,725,08:00,13:00,0,6.0,true,0,100,0,10,true,8.0,45,true,10,0
r11_01214,90,60,190,80,160,7,70,0.02,1.05,125,900,50,2900,250,03:00,20:00,0,0,true,12,0.3,0,10,false,2.0,60,true,10,0
r11_01215,70,210,120,300,240,7,20,0.02,1.0,125,1100,100,1700,525,00:00,18:00,0,1.5,true,0,0.8,2700,100,false,5.0,20,true,0.2,0
r11_01216,80,50,160,240,200,3,70,0.02,1.3,475,300,100,1900,275,10:00,12:00,0,6.0,true,0,0.2,700,20,true,4.0,45,false,0.5,500
r11_01217,140,90,170,260,240,3,20,0.02,1.3,775,800,475,2900,725,10:00,18:00,0,4.0,true,3,1.2,3700,50,false,5.0,60,false,0.5,0
r11_01218,80,50,120,120,280,3,20,0.02,1.1,275,1900,125,400,625,04:00,14:00,4000,0,true,8,0.5,2100,20,false,4.0,60,false,10,0
r11_01219,90,190,170,200,240,3,120,0.02,1.2,425,900,575,2500,700,07:00,21:00,3200,3.0,true,4,100,3200,100,true,5.0,20,true,10,900
r11_01220,150,90,110,240,360,5,50,0.02,1.4,725,700,100,2500,300,02:00,20:00,0,1.5,true,0,0.2,0,30,true,2.0,20,true,10,0
r11_01221,70,110,230,80,160,3,70,0.02,1.05,675,2800,400,3000,800,09:00,17:00,4000,6.0,true,10,1.2,3100,20,false,5.0,20,true,10,3500
r11_01222,30,60,120,200,100,2,100,0.02,1.4,250,2600,550,2700,325,03:00,21:00,1800,4.0,true,3,100,0,50,true,5.0,20,true,10,0
r11_01223,90,210,210,320,260,10,110,0.02,1.0,775,2000,375,1000,700,06:00,12:00,0,1.5,true,6,0.2,0,100,true,4.0,60,false,0.5,300
r11_01224,60,50,130,300,140,5,70,0.02,1.3,600,1400,425,1000,225,02:00,16:00,1200,1.5,true,12,0.2,0,70,false,8.0,45,true,10,500
r11_01225,50,60,60,320,260,9,20,0.02,1.4,525,2800,275,2600,750,03:00,13:00,1000,2.0,true,7,0.3,3700,30,true,8.0,20,false,0.1,0
r11_01226,160,220,70,220,200,4,70,0.02,1.1,450,2100,475,500,600,04:00,16:00,4000,3.0,true,6,0.3,2100,20,false,4.0,45,false,10,700
r11_01227,80,110,120,220,160,3,110,0.02,1.0,550,1600,525,2500,575,01:00,17:00,400,1.5,true,7,0.8,0,70,true,2.0,45,true,0.1,0
r11_01228,90,190,140,80,80,3,50,0.02,1.3,700,200,300,2800,275,02:00,19:00,4000,1.0,true,8,100,3600,10,false,3.0,20,false,10,400
r11_01229,90,120,110,80,360,8,110,0.02,1.0,575,400,525,1100,175,06:00,14:00,2200,0,true,7,2.0,700,20,true,3.0,45,false,0.2,0
r11_01230,30,50,250,260,200,9,90,0.02,1.0,400,1400,425,2000,0,04:00,13:00,0,0,true,0,1.2,0,10,true,8.0,60,false,10,0
r11_01231,160,140,70,100,280,4,80,0.02,1.1,725,1100,375,2700,650,00:00,20:00,0,2.5,true,12,0.8,2500,20,false,4.0,30,false,0.08,0
r11_01232,120,90,50,200,340,9,80,0.02,1.15,700,500,600,1500,300,08:00,20:00,1200,3.0,true,8,1.2,0,30,true,5.0,20,false,10,3700
r11_01233,70,210,220,120,280,2,110,0.02,1.3,150,2800,125,2500,0,06:00,19:00,2100,6.0,true,3,100,3400,70,false,8.0,20,false,0.5,0
r11_01234,100,170,160,120,200,4,70,0.02,1.05,500,1400,425,300,675,09:00,19:00,0,0,true,15,0.8,1700,100,false,4.0,10,true,0.08,2700
r11_01235,130,70,90,320,340,9,50,0.02,1.2,200,2500,550,1600,350,00:00,16:00,300,1.0,true,7,2.0,2100,10,true,5.0,30,false,0.08,1100
r11_01236,140,150,100,80,320,4,20,0.02,1.15,250,1600,125,2200,0,09:00,20:00,2400,2.0,true,0,0.5,2400,30,true,6.0,10,true,0.1,0
r11_01237,150,140,150,260,160,9,60,0.02,1.1,775,1600,350,300,0,02:00,16:00,0,1.5,true,5,100,3000,100,true,5.0,60,true,0.5,0
r11_01238,160,90,200,240,320,5,50,0.02,1.2,525,2200,475,1400,375,10:00,18:00,1300,6.0,true,7,100,0,20,true,6.0,20,false,0.2,0
r11_01239,70,60,180,240,180,5,80,0.02,1.2,250,400,125,1000,150,10:00,19:00,1900,2.0,true,0,0.8,900,100,false,6.0,30,true,0.08,0
r11_01240,160,110,200,160,240,9,60,0.02,1.05,475,1900,325,2900,0,10:00,16:00,1700,0,true,15,0.8,3400,10,false,3.0,30,false,0.5,0
r11_01241,140,80,120,280,360,2,90,0.02,1.3,725,2700,400,1100,775,02:00,19:00,1200,0,true,8,1.2,0,30,false,4.0,60,false,0.5,3600
r11_01242,140,120,70,300,180,9,30,0.02,1.0,225,1800,475,600,675,01:00,18:00,0,0,true,3,0.8,300,20,true,4.0,60,true,0.05,0
r11_01243,60,130,130,300,100,8,100,0.02,1.2,250,1500,250,2900,450,09:00,18:00,1500,2.0,true,10,0.8,1600,20,false,5.0,20,false,0.2,2900
r11_01244,70,180,250,260,320,9,20,0.02,1.0,350,3000,525,1600,300,10:00,17:00,0,0,true,0,1.2,0,50,false,6.0,45,true,0.08,0
r11_01245,140,110,60,320,300,8,50,0.02,1.5,525,1700,200,400,200,08:00,19:00,1600,2.5,true,5,0.3,700,50,true,3.0,60,false,10,0
r11_01246,120,220,190,220,180,6,30,0.02,1.4,500,500,300,1200,150,06:00,20:00,0,2.0,true,0,0.2,2100,20,false,8.0,30,false,0.1,0
r11_01247,160,220,90,140,320,4,50,0.02,1.4,800,2900,300,1700,575,03:00,19:00,0,6.0,true,12,100,300,70,true,5.0,60,false,10,3600
r11_01248,120,90,110,220,240,10,60,0.02,1.0,100,2200,175,1400,450,01:00,14:00,2500,0,true,7,0.3,0,70,true,8.0,30,false,10,0
r11_01249,100,140,110,200,280,7,20,0.02,1.3,650,1700,475,700,250,06:00,20:00,0,3.0,true,6,0.5,0,50,true,4.0,10,true,0.2,0
r11_01250,130,140,170,200,220,2,50,0.02,1.3,650,2900,325,2200,0,07:00,19:00,1900,1.5,true,0,100,3800,10,false,3.0,45,false,0.05,0
r11_01251,50,170,220,160,320,6,50,0.02,1.0,700,1100,300,1900,50,06:00,21:00,800,2.0,true,8,0.3,2200,10,true,8.0,10,true,0.5,0
r11_01252,80,120,230,280,220,8,80,0.02,1.05,150,1500,575,1500,625,08:00,18:00,4000,0,true,6,0.8,400,10,false,5.0,10,false,0.5,0
r11_01253,30,100,210,100,220,7,40,0.02,1.05,150,2100,400,2800,225,02:00,13:00,3900,0,true,8,100,0,50,true,4.0,45,false,10,0
r11_01254,50,200,260,300,140,6,20,0.02,1.2,650,1700,550,300,175,10:00,19:00,2300,1.5,true,15,0.5,0,100,false,5.0,10,false,0.5,0
r11_01255,90,170,160,80,80,2,110,0.02,1.3,200,1700,100,800,475,00:00,21:00,0,1.5,true,15,0.5,3500,20,true,8.0,20,true,0.5,2300
r11_01256,160,50,60,280,120,2,110,0.02,1.1,775,2900,400,2500,0,03:00,12:00,3200,0,true,0,100,0,50,false,2.0,10,true,0.2,0
r11_01257,30,50,110,100,260,6,110,0.02,1.0,275,3000,50,700,775,07:00,20:00,0,3.0,true,8,1.2,2800,70,true,6.0,20,true,10,1800
r11_01258,70,190,110,80,340,4,90,0.02,1.0,675,2700,575,2700,100,09:00,20:00,0,2.5,true,10,1.2,0,100,false,2.0,60,true,10,0
r11_01259,80,50,130,180,140,2,20,0.02,1.1,300,2000,525,2700,500,02:00,14:00,3800,1.0,true,0,1.2,2000,70,true,4.0,60,true,0.05,0
r11_01260,40,60,160,200,360,8,30,0.02,1.0,400,500,300,1600,50,01:00,16:00,1600,4.0,true,10,0.5,1800,70,true,3.0,20,true,0.08,0
r11_01261,30,110,210,300,260,9,90,0.02,1.15,75,2600,600,2100,450,07:00,17:00,0,6.0,true,12,0.2,0,100,false,3.0,45,false,0.05,0
r11_01262,130,60,230,240,100,2,120,0.02,1.3,125,1800,425,2000,625,09:00,21:00,4000,1.5,true,0,2.0,0,30,true,5.0,30,false,10,0
r11_01263,70,90,120,320,140,6,100,0.02,1.4,675,900,250,1000,50,03:00,20:00,0,1.5,true,7,100,1400,30,true,2.0,10,false,0.5,0
r11_01264,120,160,200,120,100,3,60,0.02,1.05,575,1900,100,2500,0,01:00,21:00,0,1.5,true,5,0.3,400,20,true,5.0,20,true,0.2,0
r11_01265,50,170,260,120,360,2,110,0.02,1.15,500,2100,375,400,425,04:00,14:00,3100,0,true,0,0.5,0,70,false,5.0,45,false,0.2,0
r11_01266,160,210,210,160,80,7,60,0.02,1.2,75,900,350,2800,575,04:00,13:00,0,0,true,10,0.8,1900,100,false,8.0,20,true,0.2,0
r11_01267,90,190,80,200,280,7,30,0.02,1.4,200,1800,125,2900,0,04:00,12:00,3600,0,true,7,0.2,1200,50,false,5.0,60,true,0.08,3100
r11_01268,60,70,250,220,340,7,40,0.02,1.5,325,900,325,1700,150,09:00,17:00,2600,6.0,true,15,0.5,2000,10,true,8.0,30,true,10,0
r11_01269,70,130,220,300,160,4,40,0.02,1.2,50,600,500,1300,775,08:00,14:00,0,3.0,true,7,1.2,3400,20,true,3.0,10,false,10,700
r11_01270,50,110,250,240,140,9,80,0.02,1.4,375,1000,450,800,125,10:00,16:00,2200,4.0,true,6,0.3,0,100,false,5.0,10,true,0.2,1100
r11_01271,160,50,230,100,360,5,80,0.02,1.15,675,2400,525,2900,100,08:00,12:00,1100,2.0,true,7,0.8,0,100,false,5.0,45,false,0.1,0
r11_01272,120,190,150,80,240,10,40,0.02,1.2,775,1700,400,500,325,07:00,18:00,1000,0,true,15,0.8,0,20,true,8.0,20,false,0.05,0
r11_01273,60,100,190,260,360,8,110,0.02,1.3,800,1400,225,1300,0,03:00,16:00,0,0,true,7,2.0,2600,20,true,6.0,10,false,0.05,0
r11_01274,90,60,200,220,120,5,50,0.02,1.5,325,2000,575,2200,200,06:00,12:00,3200,1.5,true,8,100,0,10,false,2.0,45,true,10,2700
r11_01275,110,60,180,280,280,3,100,0.02,1.1,425,1200,600,2200,0,08:00,17:00,3300,2.0,true,8,100,0,30,false,4.0,10,true,0.5,2600
r11_01276,110,190,120,140,320,4,60,0.02,1.05,750,400,575,600,300,00:00,16:00,0,2.5,true,7,0.8,3100,50,false,8.0,10,false,10,0
r11_01277,40,130,120,280,260,8,30,0.02,1.15,500,3000,125,2300,750,00:00,12:00,0,3.0,true,0,0.5,3000,20,true,3.0,10,false,0.08,0
r11_01278,40,160,260,200,320,8,110,0.02,1.0,325,3000,175,2200,400,03:00,17:00,1400,0,true,7,2.0,4000,30,true,8.0,45,true,10,0
r11_01279,50,110,250,260,180,9,90,0.02,1.5,600,2600,75,1000,775,03:00,17:00,300,0,true,8,2.0,2600,100,false,5.0,30,true,10,1000
r11_01280,30,190,80,100,300,9,50,0.02,1.3,75,2400,225,1700,600,03:00,21:00,2500,1.5,true,4,0.3,0,100,true,4.0,45,false,0.2,2100
r11_01281,100,170,210,120,200,4,20,0.02,1.4,725,2200,100,2700,775,01:00,17:00,0,4.0,true,15,1.2,800,10,false,4.0,20,true,0.1,0
r11_01282,160,120,120,220,180,10,30,0.02,1.05,200,2400,75,2500,0,09:00,21:00,900,0,true,4,1.2,2100,20,true,5.0,10,false,10,0
r11_01283,160,130,180,80,160,3,70,0.02,1.3,450,700,275,1100,625,09:00,17:00,0,6.0,true,0,0.5,0,100,false,5.0,20,false,0.1,0
r11_01284,40,80,170,260,360,3,100,0.02,1.2,525,2800,575,2400,175,10:00,13:00,1200,2.5,true,12,0.5,800,70,false,6.0,10,true,0.08,0
r11_01285,70,70,150,100,140,2,30,0.02,1.1,700,3000,525,1300,125,07:00,12:00,1500,0,true,6,100,0,70,false,8.0,10,false,0.2,3700
r11_01286,130,150,260,120,300,2,80,0.02,1.1,500,900,125,2600,200,05:00,18:00,0,2.5,true,15,1.2,0,100,false,2.0,10,false,0.1,0
r11_01287,140,200,170,100,260,10,40,0.02,1.15,125,1700,275,400,75,02:00,21:00,0,2.0,true,10,0.5,600,100,false,2.0,10,true,10,800
r11_01288,110,200,110,320,300,3,80,0.02,1.2,700,2800,400,1800,650,08:00,14:00,0,1.0,true,5,100,1100,70,false,4.0,60,true,10,0
r11_01289,50,80,90,160,280,7,20,0.02,1.5,625,700,275,2600,750,02:00,21:00,0,2.0,true,10,100,1000,20,true,6.0,10,true,0.5,1300
r11_01290,70,170,100,260,120,7,40,0.02,1.05,425,1000,150,2300,100,04:00,16:00,3700,1.5,true,3,100,3900,20,false,2.0,30,true,0.5,1400
r11_01291,80,220,160,160,300,10,50,0.02,1.15,550,2300,600,2200,0,04:00,15:00,0,4.0,true,8,0.2,2100,30,false,2.0,30,true,0.05,1800
r11_01292,160,160,80,180,280,10,60,0.02,1.1,725,2100,600,1400,700,00:00,21:00,0,6.0,true,6,0.5,0,100,true,4.0,45,false,0.2,0
r11_01293,90,70,190,220,180,8,120,0.02,1.2,500,900,175,1200,200,02:00,13:00,600,3.0,true,0,0.2,0,100,false,4.0,30,true,10,400
r11_01294,110,70,180,320,240,10,40,0.02,1.2,625,2100,400,300,725,00:00,19:00,3500,2.5,true,10,0.3,600,20,true,2.0,30,true,0.5,600
r11_01295,120,110,70,300,160,5,50,0.02,1.5,325,2300,350,2400,0,06:00,12:00,800,6.0,true,12,0.2,2400,20,true,4.0,60,true,10,2900
r11_01296,60,130,260,140,300,2,110,0.02,1.15,325,1300,200,1300,775,05:00,13:00,1900,6.0,true,8,1.2,1800,10,false,4.0,20,false,0.08,0
r11_01297,120,80,200,160,300,2,120,0.02,1.05,650,2800,525,1600,525,04:00,21:00,0,1.5,true,15,1.2,0,10,true,2.0,10,true,0.1,0
r11_01298,60,130,130,160,160,10,70,0.02,1.15,500,2800,100,1100,775,06:00,19:00,2300,4.0,true,12,2.0,0,70,true,5.0,30,false,0.1,0
r11_01299,120,60,60,160,80,5,120,0.02,1.15,600,1600,500,2200,325,08:00,17:00,3400,2.5,true,8,0.8,0,30,false,6.0,45,false,0.08,2900
r11_01300,50,100,130,300,300,2,100,0.02,1.3,575,1300,400,3000,0,08:00,18:00,0,6.0,true,15,1.2,600,30,true,8.0,20,false,10,0
r11_01301,80,90,100,160,80,7,110,0.02,1.3,275,2700,275,1200,125,01:00,21:00,2900,0,true,7,0.8,0,100,true,5.0,30,true,0.05,0
r11_01302,110,60,80,100,220,10,120,0.02,1.3,775,700,550,1500,675,05:00,17:00,600,0,true,0,0.2,3200,50,true,6.0,60,true,10,3300
r11_01303,70,160,260,120,220,10,40,0.02,1.0,600,3000,575,400,675,06:00,21:00,1800,1.5,true,5,0.8,0,30,true,4.0,30,true,0.1,0
r11_01304,40,50,50,200,100,5,60,0.02,1.0,75,1700,250,900,0,07:00,17:00,0,0,true,6,0.8,0,20,false,6.0,45,true,0.05,2100
r11_01305,160,220,100,140,200,3,80,0.02,1.5,300,2800,500,1800,250,03:00,20:00,0,3.0,true,4,1.2,1600,20,true,8.0,60,true,10,3700
r11_01306,160,100,260,240,120,3,30,0.02,1.2,575,500,225,2200,175,08:00,21:00,1800,0,true,0,100,1800,10,false,4.0,10,false,0.1,3800
r11_01307,50,180,140,100,280,3,20,0.02,1.4,800,2900,550,1100,0,08:00,14:00,3500,2.0,true,3,1.2,3600,20,false,4.0,20,true,0.2,0
r11_01308,40,100,220,120,160,8,120,0.02,1.15,375,900,125,1000,425,07:00,12:00,2500,0,true,6,1.2,1700,50,false,2.0,30,false,0.2,0
r11_01309,80,130,260,240,80,6,110,0.02,1.3,525,1700,75,800,250,06:00,16:00,0,2.0,true,5,0.3,2100,20,false,8.0,60,false,0.5,3100
r11_01310,130,160,200,140,220,4,50,0.02,1.0,325,1100,500,1500,325,08:00,19:00,3900,1.0,true,6,0.5,1600,100,false,2.0,10,false,0.1,0
r11_01311,140,150,190,200,200,5,110,0.02,1.0,650,600,375,3000,50,04:00,21:00,0,1.0,true,4,2.0,3800,10,true,4.0,20,true,0.2,2000
r11_01312,70,100,60,300,220,3,30,0.02,1.1,700,700,50,700,0,03:00,13:00,2500,1.0,true,12,0.8,1600,30,true,4.0,30,true,0.2,1400
r11_01313,150,150,50,320,200,10,100,0.02,1.5,625,2600,150,300,0,05:00,21:00,2100,2.5,true,12,1.2,2900,70,true,2.0,20,false,0.5,0
r11_01314,40,60,190,80,180,8,110,0.02,1.15,225,1700,500,900,575,09:00,13:00,3700,1.5,true,10,0.2,0,20,false,5.0,45,false,0.05,1500
r11_01315,160,200,70,280,200,10,90,0.02,1.15,650,500,75,300,75,04:00,14:00,1400,4.0,true,8,0.5,3000,20,true,4.0,60,true,10,500
r11_01316,30,50,170,120,320,8,120,0.02,1.5,550,2700,275,1000,0,01:00,17:00,2900,4.0,true,7,100,3000,70,true,2.0,30,true,0.1,3900
r11_01317,120,220,260,200,180,6,20,0.02,1.2,525,800,475,1200,375,10:00,21:00,0,4.0,true,8,1.2,1300,100,true,4.0,45,true,10,4000
r11_01318,40,150,90,280,340,7,80,0.02,1.0,350,2000,400,2100,0,00:00,21:00,3600,3.0,true,0,100,3400,70,true,8.0,30,false,0.05,2400
r11_01319,130,70,250,240,80,6,70,0.02,1.4,425,1900,350,1600,0,06:00,20:00,0,1.5,true,12,100,3700,70,false,4.0,10,false,10,2300
r11_01320,60,160,260,300,240,4,80,0.02,1.15,325,3000,400,700,175,08:00,14:00,3400,1.0,true,7,0.2,300,100,false,8.0,45,false,0.05,0
r11_01321,80,90,120,220,360,7,120,0.02,1.5,600,2400,550,1600,725,03:00,17:00,0,6.0,true,15,0.8,1200,10,false,5.0,10,true,0.2,2300
r11_01322,150,220,250,240,140,9,90,0.02,1.4,450,2500,75,1200,0,00:00,17:00,0,3.0,true,5,0.8,0,30,false,5.0,30,false,0.1,0
r11_01323,110,90,180,160,340,5,50,0.02,1.5,100,2300,350,2400,300,04:00,20:00,3700,2.5,true,10,100,1400,10,false,6.0,30,false,0.2,0
r11_01324,130,110,110,180,320,10,100,0.02,1.5,175,400,350,2500,0,04:00,18:00,0,3.0,true,0,100,500,50,false,4.0,20,true,10,0
r11_01325,100,100,140,120,300,8,80,0.02,1.05,750,1200,200,1700,275,09:00,14:00,0,6.0,true,0,0.2,700,30,false,5.0,45,false,0.05,2400
r11_01326,140,120,170,160,160,3,90,0.02,1.15,275,600,375,2600,150,01:00,16:00,0,2.0,true,10,100,0,30,true,5.0,10,false,0.5,3600
r11_01327,150,150,230,220,340,10,120,0.02,1.4,525,2500,550,1600,275,02:00,16:00,0,2.0,true,8,100,1800,20,false,6.0,60,true,0.2,3300
r11_01328,80,100,240,300,340,7,60,0.02,1.4,400,1900,350,300,50,03:00,20:00,0,0,true,12,0.3,2900,100,false,2.0,60,true,0.5,2800
r11_01329,160,220,170,320,140,5,100,0.02,1.1,200,700,50,2800,575,10:00,19:00,3800,2.0,true,10,1.2,3600,70,true,2.0,30,false,0.5,0
r11_01330,150,220,90,200,80,9,110,0.02,1.4,525,800,200,2100,0,07:00,21:00,3000,1.0,true,3,1.2,0,10,false,4.0,10,false,0.05,2000
r11_01331,70,120,50,300,260,6,20,0.02,1.5,500,2600,400,2600,650,00:00,17:00,2300,0,true,3,0.2,0,20,true,2.0,30,false,10,800
r11_01332,120,160,190,240,80,6,90,0.02,1.2,100,1400,275,2000,725,02:00,15:00,2800,2.5,true,6,0.5,3200,100,true,8.0,20,false,10,2400
r11_01333,150,60,130,280,280,4,50,0.02,1.15,350,2800,100,2300,700,02:00,15:00,500,2.5,true,4,0.8,3500,10,false,4.0,10,false,10,2800
r11_01334,150,150,250,140,340,8,70,0.02,1.4,675,1900,500,1800,650,02:00,12:00,0,1.5,true,12,100,300,20,true,3.0,45,true,0.5,1800
r11_01335,60,170,220,160,280,8,120,0.02,1.0,800,800,75,2700,475,04:00,20:00,0,0,true,15,100,0,30,true,8.0,10,true,0.5,3900
r11_01336,110,210,210,320,80,7,20,0.02,1.2,750,2800,350,2700,0,00:00,14:00,0,2.5,true,6,100,2600,70,false,8.0,60,true,10,1500
r11_01337,60,50,220,220,240,2,120,0.02,1.3,350,700,350,400,750,05:00,14:00,500,6.0,true,7,100,0,50,false,3.0,10,true,0.05,0
r11_01338,90,80,260,100,300,6,120,0.02,1.1,250,2300,50,2700,450,02:00,13:00,3200,2.0,true,12,0.2,0,100,true,3.0,20,false,0.1,0
r11_01339,140,140,250,200,260,4,80,0.02,1.5,700,1900,100,2400,425,02:00,18:00,2100,2.0,true,12,0.2,1600,70,false,6.0,60,true,0.2,0
r11_01340,80,140,130,240,220,5,80,0.02,1.1,625,2000,75,2000,125,03:00,13:00,0,3.0,true,12,1.2,0,70,true,8.0,30,true,0.08,600
r11_01341,160,60,80,220,220,9,90,0.02,1.0,750,1400,425,1600,550,06:00,15:00,0,2.5,true,0,1.2,1300,30,true,2.0,30,true,0.2,0
r11_01342,60,110,50,80,240,2,110,0.02,1.3,625,2500,525,900,425,07:00,20:00,2300,4.0,true,8,0.3,0,30,true,5.0,30,true,0.5,0
r11_01343,140,160,260,300,240,4,30,0.02,1.2,250,3000,225,900,800,09:00,16:00,2400,4.0,true,4,0.3,0,20,true,2.0,30,true,0.08,0
r11_01344,90,170,130,280,300,10,20,0.02,1.2,675,2400,475,600,0,04:00,15:00,0,6.0,true,12,0.3,0,10,false,3.0,20,true,10,0
r11_01345,140,110,240,120,340,10,70,0.02,1.1,350,2200,425,2900,325,09:00,21:00,1300,2.0,true,15,100,3800,100,false,8.0,60,true,10,2300
r11_01346,140,210,210,240,360,7,110,0.02,1.4,575,2200,550,1700,450,02:00,13:00,1200,1.5,true,6,0.8,0,30,true,2.0,10,false,0.05,2600
r11_01347,140,170,160,180,140,10,120,0.02,1.3,375,900,225,600,725,00:00,21:00,700,6.0,true,4,0.2,0,50,true,4.0,10,false,0.1,3400
r11_01348,150,180,160,120,280,10,40,0.02,1.05,450,800,325,2300,350,10:00,15:00,900,2.5,true,15,0.3,3400,70,true,8.0,30,false,0.2,1100
r11_01349,130,60,70,280,220,5,90,0.02,1.05,450,1100,125,1900,250,10:00,16:00,0,1.5,true,15,2.0,3600,100,false,8.0,10,true,0.1,900
r11_01350,80,210,250,320,200,4,30,0.02,1.2,275,1100,325,2900,250,10:00,12:00,1900,2.5,true,15,100,3900,30,true,4.0,30,false,10,1200
r11_01351,110,150,130,80,80,9,70,0.02,1.3,350,2800,225,600,275,06:00,16:00,3900,6.0,true,0,100,1400,20,true,2.0,30,false,0.05,0
r11_01352,150,100,200,220,220,4,80,0.02,1.3,400,1900,150,1200,550,08:00,18:00,3800,2.0,true,3,0.2,3700,70,false,3.0,10,false,10,0
r11_01353,120,80,50,120,240,3,40,0.02,1.1,650,400,475,700,0,02:00,16:00,3500,6.0,true,7,1.2,0,70,false,6.0,60,true,0.2,2400
r11_01354,130,100,50,100,200,4,60,0.02,1.5,50,2500,575,2400,350,04:00,14:00,0,2.0,true,10,100,1200,30,true,4.0,45,true,0.2,500
r11_01355,80,80,200,180,200,3,110,0.02,1.15,275,1200,50,2500,75,02:00,18:00,1000,0,true,7,0.5,3300,10,false,6.0,10,false,0.5,0
r11_01356,160,120,220,260,120,5,60,0.02,1.1,175,1300,100,2100,0,02:00,17:00,1900,3.0,true,4,100,2700,50,true,3.0,45,true,10,2600
r11_01357,50,220,60,100,240,10,50,0.02,1.05,525,1900,200,2200,475,06:00,21:00,3300,0,true,10,1.2,0,70,true,3.0,30,true,10,300
r11_01358,110,120,170,280,80,6,20,0.02,1.15,50,1900,425,400,75,07:00,17:00,2500,2.5,true,8,0.5,1700,70,true,2.0,60,true,0.2,0
r11_01359,30,150,110,120,80,4,120,0.02,1.1,175,1600,600,1200,725,10:00,20:00,0,2.0,true,0,100,3100,10,true,4.0,45,false,0.05,0
r11_01360,30,70,180,280,200,8,110,0.02,1.5,450,2600,600,2700,550,05:00,13:00,800,2.5,true,4,100,0,70,false,8.0,10,true,0.05,200
r11_01361,80,180,260,100,100,4,90,0.02,1.2,250,700,525,900,575,10:00,16:00,2800,4.0,true,5,100,2000,100,true,2.0,30,false,0.2,3700
r11_01362,50,160,190,200,320,4,110,0.02,1.05,800,1800,125,400,250,03:00,21:00,3600,3.0,true,12,0.3,0,100,true,5.0,10,false,10,0
r11_01363,70,90,190,220,280,2,90,0.02,1.05,50,1400,600,2000,300,09:00,20:00,0,0,true,0,1.2,0,30,true,4.0,20,true,10,0
r11_01364,80,140,50,160,280,5,100,0.02,1.15,625,1600,275,2600,325,03:00,14:00,0,1.0,true,15,100,3800,100,false,8.0,60,true,10,2700
r11_01365,50,220,160,140,280,7,40,0.02,1.0,725,900,375,1300,575,09:00,18:00,2800,1.0,true,10,2.0,0,50,false,5.0,30,true,0.5,400
r11_01366,90,200,170,120,120,6,50,0.02,1.1,175,1700,600,1500,0,07:00,16:00,0,2.0,true,15,2.0,2800,50,true,3.0,10,false,0.1,0
r11_01367,130,60,170,140,140,8,100,0.02,1.05,525,2000,100,1400,350,07:00,16:00,3500,6.0,true,6,2.0,0,30,true,4.0,45,false,10,0
r11_01368,70,90,200,220,80,7,90,0.02,1.05,650,1800,300,2300,650,08:00,16:00,3200,2.0,true,0,0.3,0,20,true,3.0,60,true,0.05,1800
r11_01369,60,110,60,240,360,4,30,0.02,1.4,425,1900,425,1800,350,02:00,17:00,300,2.0,true,3,0.3,0,10,true,5.0,45,false,10,2100
r11_01370,140,130,260,180,140,9,70,0.02,1.1,650,600,175,2200,0,05:00,19:00,2900,2.5,true,5,0.2,0,100,false,4.0,60,true,10,300
r11_01371,110,130,160,120,160,3,60,0.02,1.2,225,2400,375,1800,300,10:00,13:00,2000,1.5,true,0,2.0,0,50,false,2.0,10,false,0.1,0
r11_01372,40,160,140,120,220,3,120,0.02,1.5,250,500,525,2300,725,01:00,20:00,400,1.5,true,8,0.3,0,20,false,2.0,60,true,0.05,0
r11_01373,60,190,100,240,100,5,20,0.02,1.5,75,2300,275,1800,775,09:00,15:00,0,4.0,true,7,0.5,0,30,false,4.0,60,false,10,0
r11_01374,60,120,240,280,280,7,50,0.02,1.0,100,1400,400,900,600,04:00,16:00,2400,1.0,true,5,0.3,0,10,false,6.0,20,true,10,0
r11_01375,140,90,80,260,340,4,70,0.02,1.05,575,2100,75,2300,675,01:00,15:00,0,2.5,true,5,0.5,0,70,false,8.0,20,false,0.05,2700
r11_01376,160,150,240,80,280,9,30,0.02,1.4,100,1800,525,500,425,09:00,13:00,0,0,true,7,0.8,3900,50,true,2.0,20,false,0.08,1400
r11_01377,130,160,220,320,80,10,30,0.02,1.4,125,1800,100,800,750,05:00,19:00,2700,4.0,true,6,0.8,1200,100,true,4.0,60,false,10,3500
r11_01378,110,80,260,220,120,2,100,0.02,1.15,350,1100,500,2900,425,06:00,18:00,3200,0,true,3,0.5,1800,70,true,3.0,20,false,10,0
r11_01379,60,190,160,240,80,7,30,0.02,1.5,675,2700,525,2200,750,09:00,15:00,0,6.0,true,15,2.0,0,10,true,6.0,60,true,10,3500
r11_01380,90,90,210,320,220,5,70,0.02,1.4,150,1400,150,1600,750,05:00,21:00,0,1.5,true,5,0.8,500,30,false,2.0,30,true,0.1,1500
r11_01381,40,140,50,100,280,8,110,0.02,1.5,50,200,275,2000,350,02:00,13:00,0,4.0,true,10,2.0,3100,30,true,2.0,20,true,0.1,2800
r11_01382,70,160,170,80,340,9,100,0.02,1.1,75,2100,225,2100,75,05:00,14:00,0,3.0,true,6,2.0,1700,10,false,8.0,30,true,0.5,700
r11_01383,110,90,170,100,80,3,80,0.02,1.3,550,500,475,2200,650,06:00,17:00,800,2.5,true,0,0.3,400,10,false,6.0,30,false,0.2,2800
r11_01384,100,80,140,100,320,3,100,0.02,1.0,650,1300,125,2600,425,03:00,21:00,400,2.5,true,0,0.3,1000,30,false,2.0,45,false,0.05,3300
r11_01385,70,170,200,200,80,4,70,0.02,1.1,150,700,50,1600,775,01:00,17:00,1500,4.0,true,8,0.8,3500,20,true,5.0,20,false,10,0
r11_01386,40,170,240,80,120,10,100,0.02,1.05,275,2500,475,1500,350,06:00,12:00,0,1.5,true,4,0.5,1800,30,false,8.0,10,true,0.5,0
r11_01387,140,220,100,220,120,2,70,0.02,1.2,700,2600,75,1700,200,06:00,18:00,400,0,true,12,1.2,0,10,false,4.0,45,false,10,0
r11_01388,160,190,120,140,160,5,50,0.02,1.05,550,1200,400,600,800,02:00,18:00,1500,2.0,true,0,0.8,1000,30,true,3.0,45,true,0.1,300
r11_01389,40,50,80,140,300,6,120,0.02,1.0,575,2900,600,2100,0,09:00,21:00,0,0,true,6,2.0,0,10,true,8.0,10,false,0.05,2800
r11_01390,150,100,230,180,160,3,80,0.02,1.4,100,900,500,500,525,10:00,14:00,2500,0,true,6,1.2,1000,100,true,5.0,60,false,0.08,0
r11_01391,160,140,90,180,360,7,40,0.02,1.1,200,800,575,1000,525,03:00,20:00,3100,4.0,true,12,100,0,30,true,4.0,60,true,0.5,0
r11_01392,150,130,110,220,340,10,80,0.02,1.0,675,600,450,2100,625,09:00,14:00,1000,1.5,true,4,0.3,3400,100,true,2.0,60,true,0.2,600
r11_01393,40,150,240,100,120,2,120,0.02,1.3,275,2500,200,400,350,03:00,12:00,0,2.5,true,5,100,0,30,false,2.0,20,false,0.08,300
r11_01394,90,140,230,120,360,10,70,0.02,1.4,100,1200,475,800,0,04:00,12:00,1800,0,true,0,0.3,2400,10,false,5.0,45,false,0.2,0
r11_01395,80,60,240,200,180,4,110,0.02,1.1,625,500,75,2400,450,06:00,14:00,0,3.0,true,0,100,700,100,true,8.0,20,false,10,0
r11_01396,90,220,140,320,180,10,40,0.02,1.0,400,700,400,600,500,03:00,18:00,2000,1.5,true,12,2.0,0,10,true,4.0,20,true,0.2,1400
r11_01397,40,50,220,140,280,10,120,0.02,1.0,775,1400,50,1300,700,10:00,20:00,0,4.0,true,10,100,0,10,true,2.0,10,true,0.08,700
r11_01398,70,210,80,220,300,5,80,0.02,1.15,625,1000,50,1300,200,06:00,15:00,600,2.0,true,15,0.8,4000,70,false,8.0,60,true,0.08,900
r11_01399,100,130,80,160,260,8,30,0.02,1.05,100,400,550,500,0,07:00,18:00,3500,4.0,true,6,0.2,1400,100,true,2.0,20,false,0.1,0
r11_01400,30,190,180,200,120,9,50,0.02,1.05,650,2400,300,700,525,08:00,15:00,300,1.5,true,7,2.0,1400,30,true,6.0,30,true,0.2,2700
r11_01401,80,200,110,240,160,4,40,0.02,1.15,650,1400,275,2900,700,10:00,17:00,0,6.0,true,5,1.2,0,20,false,3.0,60,true,0.08,600
r11_01402,110,60,210,300,120,2,70,0.02,1.3,725,2400,425,2500,475,03:00,21:00,0,0,true,10,0.3,0,20,true,6.0,60,false,0.2,0
r11_01403,80,190,250,240,180,10,90,0.02,1.3,525,300,175,1100,200,04:00,12:00,300,1.5,true,0,0.3,3000,30,false,5.0,45,true,0.05,3300
r11_01404,50,200,60,220,220,9,110,0.02,1.1,600,200,575,2100,350,04:00,15:00,2700,1.5,true,0,0.2,1300,10,false,5.0,45,true,0.08,3500
r11_01405,80,150,180,240,80,4,120,0.02,1.3,325,400,575,1600,0,05:00,14:00,0,1.0,true,8,100,1600,100,false,5.0,30,false,0.08,0
r11_01406,80,50,210,320,220,6,80,0.02,1.3,175,1800,425,2900,0,07:00,13:00,0,0,true,15,0.3,1000,70,true,5.0,10,false,0.08,0
r11_01407,60,50,70,240,360,7,70,0.02,1.05,550,2100,225,2600,0,08:00,20:00,2200,3.0,true,0,0.3,1500,10,true,5.0,45,true,0.1,0
r11_01408,140,160,180,320,320,10,60,0.02,1.1,575,1300,525,2800,175,06:00,21:00,0,4.0,true,3,100,0,50,false,4.0,60,true,0.1,0
r11_01409,160,130,100,220,340,8,50,0.02,1.0,425,2700,125,2700,500,01:00,19:00,2500,1.5,true,0,1.2,0,20,false,4.0,45,true,0.05,0
r11_01410,80,190,190,180,300,3,60,0.02,1.15,600,1300,350,1600,525,07:00,18:00,0,4.0,true,5,0.3,600,70,true,8.0,10,false,0.1,2900
r11_01411,50,60,240,100,120,7,100,0.02,1.0,350,300,225,1800,175,10:00,13:00,0,0,true,7,0.5,0,70,true,2.0,30,true,10,0
r11_01412,30,90,100,280,240,9,120,0.02,1.5,800,2400,125,300,475,02:00,20:00,2300,1.0,true,12,0.5,2600,70,false,8.0,30,true,0.1,0
r11_01413,160,180,220,180,360,5,100,0.02,1.2,375,1900,550,1700,125,07:00,20:00,0,1.0,true,4,2.0,1800,70,false,6.0,30,true,0.05,0
r11_01414,60,170,260,100,360,6,70,0.02,1.2,225,2500,125,2400,725,04:00,14:00,300,0,true,5,2.0,2200,30,false,6.0,10,true,10,0
r11_01415,90,120,250,120,180,4,50,0.02,1.2,350,2700,50,2700,50,08:00,15:00,300,0,true,3,0.5,2600,10,false,3.0,60,false,0.05,2100
r11_01416,50,210,80,320,80,10,120,0.02,1.3,400,1100,500,700,525,04:00,17:00,0,2.5,true,7,100,600,20,false,6.0,60,false,10,0
r11_01417,150,50,80,120,120,9,100,0.02,1.2,575,3000,300,1600,350,01:00,17:00,4000,3.0,true,6,2.0,2600,10,true,6.0,60,true,0.08,0
r11_01418,70,160,190,120,200,7,120,0.02,1.3,350,1900,125,1800,300,10:00,16:00,2100,2.5,true,8,0.3,2700,30,false,5.0,20,false,0.05,0
r11_01419,50,170,180,320,100,3,100,0.02,1.5,100,200,150,1100,100,08:00,20:00,2800,1.5,true,10,0.3,0,50,false,6.0,45,true,0.1,0
r11_01420,50,180,80,300,360,8,40,0.02,1.15,300,700,350,1300,50,09:00,13:00,0,4.0,true,0,0.5,0,50,false,4.0,10,false,0.1,0
r11_01421,140,190,130,280,220,3,20,0.02,1.4,550,900,425,1400,575,05:00,13:00,1300,1.0,true,8,2.0,400,100,false,6.0,45,false,0.05,0
r11_01422,120,100,220,140,140,5,40,0.02,1.3,725,2300,175,3000,100,03:00,21:00,0,2.5,true,3,0.3,600,100,true,3.0,10,true,0.2,3800
r11_01423,30,110,100,80,280,5,40,0.02,1.0,200,400,275,1900,300,03:00,17:00,0,6.0,true,0,0.3,700,20,true,2.0,10,true,0.08,0
r11_01424,50,180,250,260,280,10,100,0.02,1.1,750,2800,375,2700,0,03:00,15:00,0,2.5,true,0,2.0,0,70,true,4.0,20,false,0.2,0
r11_01425,160,90,180,220,200,6,30,0.02,1.0,400,2900,50,1000,375,03:00,17:00,1300,6.0,true,8,100,0,70,true,2.0,10,false,0.2,0
r11_01426,40,150,200,160,300,10,80,0.02,1.4,75,1100,225,1900,400,02:00,17:00,0,3.0,true,6,100,3000,10,true,8.0,10,true,0.2,0
r11_01427,100,220,120,240,240,2,70,0.02,1.0,225,1500,575,400,0,05:00,19:00,3200,2.5,true,0,0.2,3700,30,false,8.0,10,false,10,0
r11_01428,60,130,250,140,280,7,80,0.02,1.5,75,2000,200,2800,0,10:00,13:00,2600,2.0,true,12,100,1900,30,false,5.0,60,true,0.05,3800
r11_01429,90,190,150,100,340,7,60,0.02,1.0,425,2500,125,2600,100,08:00,17:00,400,2.5,true,6,0.8,3900,20,false,5.0,30,true,10,0
r11_01430,80,190,50,240,240,9,30,0.02,1.05,800,1000,400,2400,325,02:00,14:00,3700,1.0,true,6,0.5,0,50,false,4.0,20,true,0.08,0
r11_01431,60,170,230,100,80,8,30,0.02,1.5,575,2200,150,2200,450,02:00,15:00,2500,3.0,true,15,100,0,30,false,6.0,45,true,10,0
r11_01432,140,190,120,300,160,8,90,0.02,1.2,375,1400,575,2600,375,05:00,19:00,3200,0,true,12,1.2,2500,70,true,4.0,60,false,10,0
r11_01433,100,220,70,200,200,6,50,0.02,1.3,100,800,550,900,450,09:00,19:00,2900,1.5,true,8,100,3400,70,true,5.0,10,false,10,0
r11_01434,50,110,170,320,300,2,30,0.02,1.5,100,800,350,300,600,02:00,20:00,600,1.0,true,4,0.3,1100,70,false,2.0,60,false,0.05,0
r11_01435,40,150,100,300,160,7,110,0.02,1.0,100,2600,450,1500,350,02:00,12:00,0,0,true,15,0.5,3900,30,true,2.0,45,true,0.2,0
r11_01436,30,220,80,120,340,2,100,0.02,1.1,650,1000,375,1500,0,01:00,14:00,600,0,true,0,0.8,2900,30,true,5.0,30,false,0.5,0
r11_01437,130,170,220,140,200,6,110,0.02,1.15,725,1000,150,2800,225,02:00,15:00,0,0,true,0,2.0,2900,20,true,6.0,30,true,0.1,1300
r11_01438,160,90,140,220,240,5,40,0.02,1.15,275,1100,125,2800,500,04:00,21:00,3700,0,true,0,100,2500,50,true,5.0,10,false,0.5,0
r11_01439,40,80,150,200,180,2,20,0.02,1.0,625,2100,550,1100,600,08:00,13:00,1600,0,true,0,100,2900,70,true,3.0,60,true,0.1,1700
r11_01440,50,180,240,320,200,3,40,0.02,1.05,525,1200,375,600,425,08:00,12:00,2100,0,true,15,100,0,70,true,4.0,45,false,0.1,3200
r11_01441,60,210,220,100,300,7,50,0.02,1.05,250,2400,575,300,625,08:00,15:00,4000,3.0,true,0,0.8,2700,50,true,4.0,10,true,0.05,0
r11_01442,50,220,100,120,100,4,100,0.02,1.3,200,3000,325,2600,675,04:00,12:00,2300,0,true,15,2.0,0,10,true,8.0,30,false,0.5,2800
r11_01443,70,160,100,220,80,2,40,0.02,1.3,400,2400,375,2800,50,00:00,12:00,3800,6.0,true,8,2.0,0,20,false,2.0,30,true,0.1,800
r11_01444,110,170,260,260,280,4,120,0.02,1.5,175,300,550,500,0,01:00,21:00,500,1.0,true,7,0.2,3500,10,true,4.0,30,true,0.1,1200
r11_01445,80,200,240,200,180,9,90,0.02,1.1,525,2900,475,1400,125,00:00,16:00,0,0,true,10,2.0,0,50,true,4.0,10,true,0.2,1400
r11_01446,150,80,150,160,320,4,80,0.02,1.3,700,500,550,2400,350,05:00,14:00,1000,2.0,true,12,0.5,2300,20,false,2.0,45,false,0.2,3700
r11_01447,160,80,200,260,200,5,120,0.02,1.2,350,2000,125,1300,75,08:00,19:00,3300,2.0,true,5,0.8,0,20,false,5.0,45,false,10,1500
r11_01448,40,120,80,220,100,10,70,0.02,1.3,625,2300,350,400,125,10:00,17:00,1100,1.5,true,0,1.2,0,10,true,8.0,30,false,10,3200
r11_01449,50,180,60,300,340,8,40,0.02,1.05,450,1400,225,1800,750,09:00,21:00,0,4.0,true,7,0.5,2000,70,false,2.0,60,true,10,0
r11_01450,100,190,150,100,360,2,60,0.02,1.2,325,900,325,2100,600,02:00,17:00,500,2.0,true,0,1.2,700,20,false,4.0,30,false,0.08,0
r11_01451,150,220,150,100,200,6,40,0.02,1.15,150,1700,325,500,75,09:00,12:00,1300,3.0,true,4,2.0,0,30,false,5.0,30,false,0.05,3400
r11_01452,130,220,100,260,240,6,50,0.02,1.2,375,2300,500,1500,175,04:00,15:00,800,2.5,true,12,100,2800,30,true,3.0,45,true,0.5,0
r11_01453,140,130,90,280,240,7,30,0.02,1.05,725,1400,500,1900,650,09:00,13:00,3600,3.0,true,10,0.2,0,70,false,4.0,20,false,0.05,2600
r11_01454,160,70,80,180,240,5,60,0.02,1.15,675,2000,475,2300,625,01:00,15:00,1900,1.0,true,5,0.3,1200,50,false,8.0,20,true,0.2,0
r11_01455,40,90,80,200,200,10,20,0.02,1.15,100,700,300,2300,325,07:00,17:00,0,2.0,true,4,0.3,900,70,true,6.0,30,true,0.1,0
r11_01456,70,90,230,200,120,3,50,0.02,1.0,275,1800,500,1600,450,02:00,16:00,0,4.0,true,8,0.8,2600,20,true,5.0,20,false,0.08,0
r11_01457,90,180,160,160,340,9,90,0.02,1.4,325,2400,500,2700,175,10:00,12:00,1200,2.0,true,3,100,0,20,false,6.0,10,true,0.08,0
r11_01458,40,50,260,120,320,2,40,0.02,1.5,450,1300,575,900,500,00:00,13:00,2400,6.0,true,7,0.8,0,70,true,6.0,30,false,10,0
r11_01459,120,80,210,120,200,5,110,0.02,1.0,650,200,300,2200,725,03:00,18:00,0,2.0,true,12,0.5,3800,70,true,8.0,45,true,0.1,0
r11_01460,140,210,70,300,200,7,110,0.02,1.0,225,1200,300,300,325,03:00,12:00,2100,2.5,true,15,0.5,1300,70,false,8.0,60,true,0.1,0
r11_01461,130,90,100,220,220,4,110,0.02,1.3,500,1000,200,2900,475,10:00,16:00,2500,6.0,true,3,100,1000,70,true,3.0,30,false,0.5,600
r11_01462,100,110,220,200,280,3,90,0.02,1.5,125,1100,225,1300,250,08:00,18:00,0,0,true,5,1.2,3900,50,false,2.0,60,true,0.2,2900
r11_01463,120,70,100,260,180,2,50,0.02,1.15,725,2900,475,1700,650,06:00,13:00,1100,0,true,0,0.5,0,70,false,3.0,30,false,10,1400
r11_01464,130,60,110,300,80,2,90,0.02,1.2,725,2600,275,1200,700,06:00,19:00,0,0,true,7,0.8,2900,30,true,3.0,30,true,10,0
r11_01465,130,150,190,200,100,2,20,0.02,1.4,300,2400,350,2200,675,00:00,13:00,1900,4.0,true,7,100,0,20,true,4.0,20,true,0.2,2600
r11_01466,110,130,80,300,80,6,60,0.02,1.5,375,200,200,1400,75,05:00,12:00,3900,1.5,true,0,100,3400,30,false,2.0,60,false,10,3600
r11_01467,130,60,110,120,220,2,110,0.02,1.15,700,2700,500,1000,150,00:00,19:00,0,4.0,true,0,2.0,2300,20,false,8.0,60,true,0.2,0
r11_01468,40,180,220,100,280,8,110,0.02,1.2,275,700,350,1300,325,02:00,12:00,3200,0,true,6,100,0,50,true,4.0,30,true,10,0
r11_01469,60,50,260,280,160,2,90,0.02,1.3,425,2500,475,500,0,03:00,19:00,2500,1.0,true,5,1.2,2200,70,false,8.0,10,true,0.1,0
r11_01470,160,160,150,140,260,5,100,0.02,1.2,150,1000,450,1900,0,08:00,17:00,3900,2.0,true,15,0.3,0,10,false,2.0,60,false,10,1500
r11_01471,60,160,70,320,260,10,70,0.02,1.05,475,1100,100,2500,150,06:00,21:00,2100,0,true,8,1.2,3400,10,false,2.0,60,false,0.08,3200
r11_01472,130,180,230,120,220,10,90,0.02,1.4,625,1100,400,500,550,09:00,20:00,400,2.5,true,12,0.3,1200,30,false,8.0,20,true,10,3000
r11_01473,30,140,240,160,260,6,90,0.02,1.0,100,1900,75,1300,100,00:00,15:00,1700,0,true,6,0.3,0,50,false,5.0,20,true,0.08,0
r11_01474,40,50,60,120,140,8,30,0.02,1.15,200,1200,75,2100,750,04:00,20:00,2700,6.0,true,4,0.8,0,20,false,3.0,45,false,10,2100
r11_01475,150,70,50,140,180,2,60,0.02,1.5,800,700,350,1700,775,02:00,17:00,3600,0,true,0,0.3,0,20,false,5.0,20,true,10,2100
r11_01476,40,190,170,120,340,4,70,0.02,1.5,175,1900,400,1800,225,01:00,15:00,1700,4.0,true,7,100,0,20,false,5.0,10,true,10,0
r11_01477,80,110,140,320,220,6,70,0.02,1.15,50,2900,300,700,225,10:00,20:00,1700,6.0,true,0,100,1300,50,false,5.0,20,false,0.2,2800
r11_01478,90,140,210,120,320,9,20,0.02,1.3,300,1800,600,800,75,09:00,18:00,700,2.5,true,15,0.2,0,70,true,8.0,30,true,0.05,0
r11_01479,70,220,200,300,340,4,30,0.02,1.3,300,2700,375,700,175,02:00,17:00,1900,0,true,4,2.0,0,70,false,2.0,30,false,0.05,1600
r11_01480,110,60,70,240,160,4,40,0.02,1.4,600,1200,250,1600,625,01:00,16:00,0,2.5,true,15,0.3,1300,20,false,8.0,20,false,0.1,0
r11_01481,40,190,180,160,120,8,80,0.02,1.3,100,500,100,1900,775,08:00,17:00,3100,3.0,true,6,0.5,0,10,false,8.0,45,false,10,0
r11_01482,160,80,140,100,360,3,100,0.02,1.0,600,2300,450,1300,350,00:00,13:00,0,1.0,true,3,0.5,0,10,false,4.0,30,false,10,0
r11_01483,80,70,180,160,240,4,100,0.02,1.2,100,1100,425,2100,275,00:00,15:00,3900,2.5,true,10,100,0,10,true,6.0,45,false,0.2,0
r11_01484,70,80,50,120,280,8,40,0.02,1.05,600,400,300,2000,800,10:00,20:00,0,1.5,true,4,1.2,4000,50,false,2.0,30,true,0.2,2000
r11_01485,100,150,110,280,200,6,110,0.02,1.15,300,1300,50,700,475,01:00,17:00,3800,0,true,10,1.2,1500,30,false,8.0,10,false,0.08,600
r11_01486,30,60,80,300,220,10,110,0.02,1.3,675,1200,450,2100,525,05:00,18:00,1400,0,true,10,0.2,2800,20,false,3.0,20,false,0.5,0
r11_01487,70,90,120,180,100,3,70,0.02,1.1,300,1800,200,900,550,04:00,15:00,0,1.0,true,8,100,3800,70,false,2.0,10,true,0.5,0
r11_01488,130,60,110,260,160,5,30,0.02,1.15,225,200,475,1300,125,06:00,12:00,0,4.0,true,12,100,1800,50,false,8.0,45,true,0.08,0
r11_01489,160,100,90,260,300,7,120,0.02,1.5,300,2700,525,3000,650,09:00,18:00,2600,4.0,true,3,100,2000,50,true,4.0,10,true,0.1,0
r11_01490,70,50,130,220,140,4,90,0.02,1.1,350,2800,175,2500,200,03:00,21:00,3200,0,true,8,0.2,2800,50,false,8.0,60,true,0.1,900
r11_01491,130,160,180,320,300,5,20,0.02,1.0,350,200,450,700,500,08:00,12:00,2100,1.5,true,6,0.8,2200,30,true,6.0,10,true,0.5,0
r11_01492,40,160,220,80,240,8,60,0.02,1.0,225,700,225,2200,800,09:00,21:00,1300,0,true,6,100,300,10,true,6.0,60,true,10,1000
r11_01493,150,90,130,200,240,8,100,0.02,1.3,775,2500,250,500,550,10:00,14:00,2900,3.0,true,0,1.2,3000,50,true,6.0,20,false,0.5,0
r11_01494,40,140,100,240,80,9,70,0.02,1.3,125,600,375,2800,175,00:00,14:00,0,6.0,true,0,0.3,1700,70,false,5.0,20,true,10,0
r11_01495,140,80,190,140,320,5,120,0.02,1.15,375,1800,225,1700,625,08:00,20:00,2800,2.0,true,8,100,0,20,false,8.0,45,true,0.2,1900
r11_01496,60,100,80,300,160,3,50,0.02,1.15,100,1900,125,1000,575,03:00,14:00,1300,0,true,3,1.2,3100,20,true,2.0,45,true,0.2,1200
r11_01497,140,120,50,100,140,10,70,0.02,1.15,625,2700,575,1900,175,00:00,13:00,2300,0,true,0,100,0,50,false,6.0,60,true,0.05,0
r11_01498,60,70,210,100,280,9,40,0.02,1.5,125,1300,175,1000,175,04:00,13:00,1800,2.5,true,0,0.3,3200,30,true,3.0,45,false,0.1,1100
r11_01499,120,80,150,240,220,4,30,0.02,1.0,100,2500,300,600,725,05:00,15:00,3100,4.0,true,0,0.3,0,100,false,3.0,20,false,0.05,0
